channel,source_day,pass_index,normalized:,pollutant_offsets,t_-5.000,t_-4.500,t_-4.000,t_-3.500,t_-3.000,t_-2.500,t_-2.000,t_-1.500,t_-1.000,t_-0.500,t_0.000,t_0.500,t_1.000,t_1.500,t_2.000,t_2.500,t_3.000,t_3.500,t_4.000,t_4.500,t_5.000,t_5.500,t_6.000,t_6.500,t_7.000,t_7.500,t_8.000,t_8.500,t_9.000,t_9.500,t_10.000,t_10.500,t_11.000,t_11.500,t_12.000,t_12.500,t_13.000,t_13.500,t_14.000,t_14.500,t_15.000,t_15.500,t_16.000,t_16.500,t_17.000,t_17.500,t_18.000,t_18.500,t_19.000,t_19.500
BC_TUG_BCT1,2021-09-26,8,False,0,1.06142,0.10142,0.69642,1.06742,1.13142,1.35642,4.06042,8.30342,9.89542,12.7194,14.7754,15.0124,12.1934,9.21342,7.44842,6.47242,5.94942,4.77042,3.11242,3.05642,3.99042,3.28542,4.09042,5.14042,5.55742,4.27542,3.56442,3.68542,4.53942,4.40242,4.36342,4.20242,4.44242,4.39342,3.84042,3.43942,1.91642,1.75642,2.08142,1.61842,2.23642,2.85942,3.48442,3.39842,3.34842,3.15442,3.07142,2.89542,2.83142,1.79342
BC_TUG_BCT1,2021-09-26,17,False,1,0.93132,1.16532,2.65432,2.42732,2.25732,0.75132,1.13132,2.00332,2.08232,2.91932,3.51032,2.52532,1.96232,1.40432,0.76432,1.11132,1.10432,1.40532,1.50832,1.79132,2.01432,1.97632,1.76332,1.79232,1.55232,1.29232,1.31732,1.73632,2.56832,1.70632,0.94132,1.31532,0.85732,-0.35568,0.91732,0.94632,0.86532,0.51932,0.21032,0.76632,1.04732,1.08332,1.51132,1.31632,1.37532,0.75032,0.61732,0.51732,1.36232,1.71832
BC_TUG_BCT1,2021-09-26,52,False,-1,0.51252,0.40552,0.16252,0.26852,0.63252,0.65852,0.27452,-0.68748,0.66252,2.80752,4.27952,3.86152,3.22752,2.33052,2.16552,1.86452,1.38452,1.08052,1.76552,2.16652,2.26552,2.96652,2.28152,2.32052,2.49552,2.49752,2.35552,2.52752,2.77152,2.30652,1.86952,1.54552,1.22152,0.98552,0.66152,0.91752,1.77852,1.72552,1.14252,1.28552,1.21852,2.16652,1.37652,1.62152,1.97252,1.52452,1.44952,1.55252,0.63652,0.64852
BC_TUG_BCT1,2021-09-26,70,False,-1,1.32408,1.59808,1.20808,0.73008,2.08408,2.11408,2.22408,2.82708,6.63308,11.3761,13.6631,13.5531,11.3771,8.94808,7.34508,6.24208,4.91508,5.02308,5.28308,2.71908,1.97208,2.60408,2.95308,3.33208,3.32908,2.77408,2.53508,2.74908,3.46008,3.06008,2.54508,2.53508,1.59008,1.11308,1.97008,2.61508,1.92208,1.61908,1.61108,1.28708,0.99108,1.33908,1.66008,1.65208,1.08708,1.57008,1.42008,0.98908,0.54208,1.40208
BC_TUG_BCT1,2021-09-26,105,False,8,14.7939,20.5219,23.3229,23.8259,22.6419,18.0339,19.5909,23.2569,21.7959,26.8709,27.2669,21.6279,20.7629,10.9489,8.96294,6.47394,4.75894,3.89094,4.62094,2.81094,1.99894,2.18894,1.84894,1.56494,2.00294,2.48194,2.30194,1.56694,1.85794,2.13794,2.05094,2.65794,3.54294,3.41994,1.99094,2.17194,1.30294,1.17394,1.81094,1.82494,1.72594,0.77494,1.83694,3.07894,2.46694,0.99894,1.47194,2.12694,2.62894,2.10194
BC_TUG_BCT1,2021-09-26,106,False,-2,1.29464,0.68664,0.84264,1.31664,0.68764,0.99164,2.32764,6.69664,5.75564,13.0116,17.4916,15.5636,15.3976,15.1196,14.5596,12.5086,12.3206,11.0526,10.3366,8.57264,8.46064,8.05464,7.10764,6.20964,5.68264,7.00364,6.37064,5.73964,6.05064,5.98464,5.99764,6.52064,6.61464,6.72664,6.77564,6.53164,6.17264,5.42764,5.47864,5.71664,5.65964,4.68264,4.11564,5.51764,5.25364,5.16964,5.43564,4.78564,4.78664,4.79064
BC_TUG_BCT1,2021-09-26,141,False,1,0.47656,0.55656,1.36556,1.43656,1.72356,5.76556,16.6276,16.5756,30.2556,31.5566,36.3706,36.1116,24.6796,23.1736,11.8786,9.12056,5.36056,6.03056,3.38856,2.46256,2.42556,2.04656,1.36356,0.77956,0.96656,2.77256,2.01956,1.17556,0.89856,1.25256,1.72456,2.03256,1.45956,1.37856,0.88356,0.99056,2.27956,2.17756,1.06856,0.98056,2.10356,2.34656,1.31556,0.86956,1.62756,2.32256,2.04056,2.25756,1.47956,1.46856
BC_TUG_BCT1,2021-09-26,144,False,0,2.24954,1.25254,0.71454,1.22654,1.64854,1.29954,2.88254,6.29854,3.74954,6.72854,8.10554,6.25254,5.17254,2.02254,1.96354,1.43854,1.34454,1.76454,1.82454,1.29254,1.10154,1.16454,1.04654,0.87954,2.23154,0.80054,0.20054,0.20754,-0.45746,0.29454,1.16054,1.08154,0.69654,0.45654,0.48754,0.93154,1.03554,1.40354,1.42654,1.48154,0.80054,0.00254,0.67554,1.03854,1.08454,1.44254,2.09254,2.33354,2.07054,1.30754
BC_TUG_BCT1,2021-09-26,173,False,1,1.2313,1.3443,1.3633,1.1053,1.0273,1.8813,3.2153,5.8353,10.1413,12.3543,12.1203,11.2453,10.5653,10.4613,9.4713,7.4313,6.3333,5.2283,4.7093,4.8523,4.7533,5.2243,5.0913,4.5863,3.2233,3.7373,4.8133,3.9423,3.2763,2.4203,2.3063,2.4773,2.2023,2.0763,1.4843,1.0253,1.2863,1.9783,2.7513,1.9163,1.8893,2.4773,2.2233,0.9723,0.6743,0.9123,1.1753,1.7043,1.3053,1.5183
BC_TUG_BCT1,2021-09-26,447,False,3,5.22462,5.03962,4.94962,5.80562,6.02062,5.64362,5.80062,5.70062,6.41362,6.98362,6.95662,6.94462,5.97062,4.92662,3.65662,4.53962,4.21362,4.27962,3.77562,2.87262,2.28762,2.10862,2.36562,2.04462,1.51762,1.17562,1.80862,2.28262,3.05362,2.35662,1.53062,1.00262,0.76262,0.96562,0.61562,0.95962,1.47262,2.17162,1.99462,1.04262,0.95762,2.30062,1.36262,1.04062,1.25562,0.78462,0.74362,0.29262,0.00062,1.08462
BC_TUG_BCT1,2021-09-26,850,False,0,1.41796,1.17196,0.75496,1.33896,1.47396,1.14496,0.65496,1.42696,7.25496,22.043,29.674,27.864,22.085,21.229,21.547,17.235,10.768,5.82296,3.66396,3.38096,2.62296,3.24996,2.67896,1.33296,1.43296,1.61596,1.40496,0.95496,0.46496,1.11396,1.53496,1.38496,0.73896,0.37096,1.18196,1.65896,1.65396,1.49396,1.76596,1.17496,0.79496,1.28996,1.50996,2.26796,1.70096,1.78496,1.72596,2.20296,2.67096,2.66896
BC_TUG_BCT1,2021-09-26,863,False,1,15.834,15.06,16.379,19.74,22.777,25.991,29.119,33.383,38.472,40.79,41.05,39.938,35.167,25.845,16.824,10.004,6.73,4.272,4.145,3.656,2.684,2.165,1.507,1.862,2.787,2.508,1.528,1.047,1.47,1.797,2.125,1.615,1.547,1.781,1.992,1.385,1.497,1.627,1.663,1.953,2.156,2.13,1.891,1.957,2.381,2.934,2.835,2.605,2.637,3.003
BC_TUG_BCT1,2021-09-26,929,False,-1,2.24344,2.07444,1.40044,1.21144,1.71944,1.64944,2.85344,2.09644,2.06744,2.92744,3.01744,3.27944,1.67944,1.59344,3.08244,3.01044,2.45744,1.90744,1.53344,2.07544,2.22844,1.95344,1.84144,1.44044,0.80944,1.77244,1.56844,1.03544,1.44344,1.73644,1.93744,2.47144,2.48544,1.71644,2.21844,2.68544,2.30744,2.09144,1.63744,1.20744,1.53144,1.25744,1.31644,1.58944,1.85744,1.62844,0.77844,0.88244,1.87444,1.67944
BC_TUG_BCT1,2021-09-26,1784,False,6,2.57954,2.03254,1.82354,2.77654,1.74054,0.75654,0.35254,0.78354,2.19554,2.81654,3.40654,2.77854,2.02954,1.89754,1.41454,0.96754,0.26154,-0.19746,1.33854,2.45354,1.67954,1.41854,1.63054,2.08754,2.10054,2.20654,2.59454,2.40054,2.19754,1.87854,1.39054,0.87054,1.20154,1.24154,0.75154,0.23854,0.56354,0.92154,0.97054,1.47654,1.31954,1.38654,1.62554,1.15754,1.15254,1.75854,1.14254,1.37554,1.53754,1.18354
BC_TUG_BCT1,2021-09-26,1791,False,0,1.25416,1.63316,1.62416,3.02016,6.53216,10.5432,11.2372,12.3042,15.0372,17.6482,19.6872,18.8252,15.4392,10.2762,6.91516,5.53216,4.83316,4.56616,5.36416,6.05816,5.04016,5.00416,5.44116,5.08416,2.26616,0.95716,1.96816,2.71716,1.83216,1.87216,2.03216,1.87716,2.22416,1.75716,1.63116,1.74516,2.25916,1.87216,1.13516,0.56616,0.53116,0.98816,1.04616,1.11916,1.61316,1.19516,0.63116,0.80316,0.78616,0.37616
BC_TUG_BCT1,2021-09-26,1818,False,-4,0.57274,1.05274,0.60174,0.93274,0.81974,0.82074,0.77274,1.39974,2.78674,5.55474,6.25274,5.08674,4.48674,5.91774,5.09174,4.24674,3.62574,2.96374,3.10474,3.80774,4.67574,3.99574,2.47374,1.79174,2.20574,2.35374,1.73274,1.39674,1.82074,1.39174,1.27674,1.03674,1.07874,1.24374,1.25574,2.75274,1.69674,1.77574,1.17274,0.66774,1.17474,1.23274,1.04674,1.66574,1.70074,0.98074,0.96074,1.10674,1.22674,0.95774
BC_TUG_BCT1,2021-09-26,1828,False,0,0.43526,-0.27874,0.29226,0.98426,1.06226,1.71726,3.76226,4.40326,4.62526,8.00626,9.36326,6.33926,4.00226,3.89526,3.98426,5.10626,4.55526,3.94726,4.41726,4.32826,4.75526,3.32026,3.35726,3.49526,3.60726,3.29226,3.17526,2.85826,1.21526,1.35126,1.11726,1.08426,0.45826,0.82626,1.01326,0.73126,0.04126,0.79426,1.65326,1.18926,0.74026,0.94226,1.11226,1.55426,1.23526,1.29626,1.81126,1.42126,0.98326,0.86126
BC_TUG_BCT1,2021-09-26,1862,False,0,2.2033,1.8683,1.4703,1.2233,1.5983,0.9673,0.3493,0.0173,0.2993,1.8993,3.1403,2.7613,1.4133,1.0173,1.0153,0.9083,0.9893,1.6603,1.4253,1.7483,1.6873,1.6713,2.2853,1.0673,0.7503,0.5873,0.6623,0.8843,1.0573,1.4203,1.5293,1.5503,1.7363,1.8813,1.6613,1.1993,0.0093,0.0023,0.8003,1.5243,1.6933,1.7313,1.5613,1.0153,0.8393,0.3403,0.4563,0.8123,1.4363,1.8093
BC_TUG_BCT1,2021-09-27,3,False,5,4.9442,22.5472,71.9222,120.314,164.09,199.5,196.591,172.541,171.223,217.999,251.805,224.155,170.79,150.466,153.964,184.913,197.192,191.644,180.695,171.804,134.946,93.2812,77.9972,45.8622,23.8162,15.7152,10.2552,8.4542,8.8932,9.7992,6.1912,2.6172,2.2802,2.5832,3.0882,3.7282,3.4812,2.8762,2.7272,2.5382,2.5722,2.1512,1.6162,1.9192,1.9132,2.1292,1.6532,2.1992,1.7592,1.7792
BC_TUG_BCT1,2021-09-27,4,False,1,2.3805,1.5885,2.5545,2.8685,2.5025,2.5025,3.4415,3.6915,3.7735,4.5445,4.2825,4.0465,3.3485,2.3755,2.7155,2.4535,2.7625,2.7705,2.4385,3.0215,3.8475,3.1015,2.3125,2.3175,2.4045,3.1915,3.2385,2.0335,1.7615,2.1135,2.2865,2.5375,2.6475,2.6835,2.2595,2.3235,2.0835,2.0405,1.6475,1.9565,2.1015,2.1425,3.4595,2.2455,2.5275,2.5855,2.6895,2.3815,2.4455,2.6485
BC_TUG_BCT1,2021-09-27,33,False,0,2.2504,2.3984,2.3814,2.6144,2.2944,2.1874,3.4204,4.2984,4.6304,4.6644,5.7654,4.8894,4.0754,4.2274,4.4084,4.5334,3.5584,2.3154,2.1994,2.1304,1.3014,0.7084,0.0714,0.7684,1.3224,1.6964,1.0954,1.5854,1.2404,0.9134,1.2434,1.0544,0.6884,0.5224,1.7694,1.3854,1.2434,0.6264,0.2494,0.3404,0.6254,0.8104,1.1274,0.9294,1.1474,1.2304,0.9514,0.8004,0.6614,1.1754
BC_TUG_BCT1,2021-09-27,49,False,-1,1.46848,1.91048,0.87848,0.63448,2.28548,7.96048,12.0235,13.1895,14.8965,16.6845,17.2895,16.6345,15.2765,14.4315,13.4655,10.5275,8.49648,8.68548,9.53348,9.44448,7.34648,5.36248,5.34848,5.44748,5.03448,5.10648,5.46148,5.08648,4.25748,4.60448,5.48648,5.02048,3.94448,3.24548,2.83448,2.29548,1.79548,2.39648,2.53648,1.71648,0.96248,2.09848,1.76748,1.22048,0.55448,0.44548,1.67048,1.81148,1.43648,1.29148
BC_TUG_BCT1,2021-09-27,64,False,4,4.93212,3.48812,2.71912,2.18212,3.02112,6.20412,8.40412,9.25412,9.38812,9.51512,9.97112,9.79512,9.07412,8.28312,8.32012,9.20912,8.93712,9.25512,9.46812,7.29612,7.61212,9.50212,9.63912,7.46712,5.90712,5.52712,5.49512,5.99112,5.37012,3.21312,1.90012,2.39312,2.07712,1.62612,1.07312,0.84812,1.40812,1.78112,1.02712,0.64512,1.05812,1.68612,1.59012,0.53612,-0.06288,0.36012,0.29512,-0.18188,-0.26388,0.75612
BC_TUG_BCT1,2021-09-27,75,False,-1,15.9083,21.9173,21.3293,16.6393,17.2723,25.2613,33.4393,36.8283,38.9673,43.8813,50.0083,49.7243,41.1643,30.0023,21.6403,15.3703,10.1643,6.66834,5.03134,3.53434,5.24434,7.25534,7.34434,8.04534,7.72734,7.61734,7.33934,6.45234,5.53934,5.17134,5.71334,5.95334,6.09134,5.44434,4.57034,4.73834,5.47934,5.91034,5.91034,5.94934,6.23334,5.77034,5.23034,4.89134,4.32134,3.86134,3.42734,3.77834,3.56834,3.75834
BC_TUG_BCT1,2021-09-27,161,False,-1,2.78242,2.57342,2.65742,2.94642,3.70642,3.88642,3.92142,3.45942,4.71242,6.15842,5.95042,5.59642,4.51342,4.90442,3.71642,2.66942,1.66942,2.18242,2.17242,2.16742,1.69742,2.08442,2.08342,2.25542,2.58442,2.37242,2.73942,2.43542,2.68342,2.63542,2.72042,2.40742,2.67942,3.27042,3.09042,3.11042,3.00042,2.92542,2.52842,1.73842,1.78542,2.40242,2.72442,2.41442,1.48342,1.32942,1.74042,2.17342,2.30742,1.44642
BC_TUG_BCT1,2021-09-27,220,False,2,1.50868,1.19968,1.34268,1.53768,1.48768,1.29168,2.41368,2.77768,3.23868,3.47568,3.48768,3.24668,2.72568,2.00468,2.48668,2.24568,2.11268,2.26868,3.00268,2.57168,1.58868,1.60868,1.63168,1.86268,1.62868,2.18668,2.84468,2.62868,2.16768,1.54668,1.66968,2.21268,2.79968,3.03968,2.44468,1.80668,1.17268,1.54968,0.45068,1.04468,1.67168,2.08868,2.74268,1.96268,1.59068,1.99368,2.22668,1.90168,2.58568,2.43468
BC_TUG_BCT1,2021-09-27,368,False,2,1.07778,1.60678,1.57078,2.39278,4.07278,4.98978,5.29078,5.23078,5.13678,5.67178,5.61378,5.30878,4.57178,3.07578,3.38778,2.97078,1.98678,0.91978,1.81978,2.29778,2.33178,2.79878,2.92778,2.74478,1.99178,2.66078,3.32778,3.05978,2.49578,2.47178,2.75878,2.76178,3.18578,2.94478,2.36778,2.39578,2.23378,2.04978,1.84878,2.14078,2.22278,1.58878,1.26578,1.47778,1.72178,2.59278,3.34578,2.79278,1.24578,1.44878
BC_TUG_BCT1,2021-09-27,397,False,-3,1.25272,1.52672,1.45272,1.83572,1.11372,1.20972,1.39272,1.40872,2.09072,3.38472,3.79072,3.19772,2.83572,2.85772,3.08272,2.85472,2.59872,2.51472,2.74172,2.92172,2.24372,2.33172,2.53872,3.27872,2.86972,2.54372,1.96272,1.51272,1.83172,3.51572,2.40372,1.40172,1.80972,2.01872,1.91572,1.48372,1.48972,1.76272,1.51172,1.39272,1.41172,2.43272,2.40972,2.09572,1.73772,2.04272,1.13772,0.59072,1.38972,1.95872
BC_TUG_BCT1,2021-09-27,485,False,-1,2.2704,2.8994,3.2354,3.8944,3.8054,3.5464,3.7754,3.4714,3.2714,5.5374,6.5314,6.0804,5.0844,3.7654,2.9114,2.8504,3.4524,3.6704,3.5914,3.0974,2.5134,2.0454,2.0844,2.8284,2.4804,2.3904,2.0304,1.9444,2.1694,2.8634,1.7904,1.2364,2.0124,2.4404,2.4954,1.9194,1.3874,0.7054,0.2094,1.2044,1.3304,0.4224,0.0304,-0.2476,0.0764,0.7744,0.8114,0.6624,0.7924,1.1504
BC_TUG_BCT1,2021-09-27,623,False,1,2.06168,2.39968,2.69668,2.38568,2.79368,4.84368,22.0757,55.9857,65.0317,63.0207,68.9027,64.1727,42.0397,24.9437,12.3827,5.13468,3.39668,3.33968,3.41668,3.40668,2.83768,2.77068,3.02268,3.31568,3.68468,3.83568,3.52268,3.09568,3.10268,2.95968,3.36968,4.00368,3.87568,3.20768,2.50868,2.37768,2.10268,2.48868,2.12168,1.76468,3.00068,3.94668,3.21068,3.22368,2.70368,2.62368,2.70668,3.24368,3.95668,2.82868
BC_TUG_BCT1,2021-09-27,860,False,0,0.84756,1.50556,1.34056,2.16456,1.97356,1.78656,1.71656,2.02756,3.02656,4.27956,5.72456,5.36156,3.16856,2.44956,1.14256,0.84256,1.75256,1.95156,1.88056,0.90056,1.26256,1.26356,1.40156,1.33156,1.53656,1.83856,1.57856,1.13756,0.79856,1.05756,0.57656,0.72456,1.26556,1.41956,2.20156,2.41856,2.14956,2.31956,1.78156,0.80256,1.14656,1.46456,1.30256,0.91056,0.53956,1.19456,0.80356,0.91156,1.46256,1.33356
BC_TUG_BCT1,2021-09-27,999,False,8,0.6038,0.5238,0.2898,0.6258,0.4848,0.6798,1.3738,1.4138,1.4928,2.6338,3.4438,2.7908,2.2308,2.2888,2.4898,2.2018,2.2538,2.5448,1.4168,0.7308,1.7498,1.9728,1.3868,1.5988,1.5188,1.0278,0.8188,1.0328,1.4538,1.8198,1.0128,1.4398,1.4968,1.1768,1.1168,1.8138,2.4118,2.2598,0.9298,0.4748,1.1388,0.3168,0.4728,0.0278,0.1338,0.4158,0.4988,0.6688,0.8538,1.2338
BC_TUG_BCT1,2021-09-27,1241,False,-1,1.6222,2.1292,0.5542,0.6442,0.4052,0.3722,0.4602,0.7692,1.5162,2.9682,4.3472,3.1562,1.1572,0.7712,0.7192,0.9162,0.5772,0.2592,0.8922,0.8832,2.0962,1.2372,0.5422,0.2442,0.0082,0.5082,1.5372,1.2162,1.7032,1.3772,0.2632,0.4342,0.6322,1.1482,1.6792,1.5812,0.9452,0.9842,0.8002,0.1722,0.8292,1.2492,1.0982,0.6222,0.2182,0.1602,0.5612,0.3402,0.2582,0.2482
BC_TUG_BCT1,2021-09-27,1900,False,-4,0.2809,2.2249,1.1869,0.9039,0.5179,0.5229,1.2899,1.6419,2.9259,3.0449,3.0239,3.6169,2.7199,2.3709,2.4699,1.9519,1.5909,0.5549,0.3879,1.9639,2.1259,1.4609,0.9959,1.1139,1.6329,1.6759,1.3899,0.1169,0.3889,1.8749,1.8529,1.2259,2.1509,2.3039,1.3669,0.8259,1.3899,1.2889,1.1869,2.2569,1.2559,-0.1421,0.7919,1.1169,1.0829,1.3119,1.5029,1.6659,1.9789,1.5599
BC_TUG_BCT1,2021-09-27,1969,False,6,2.62806,2.38506,1.94506,1.72106,0.29406,0.95706,1.36706,1.61306,2.07606,3.14406,2.98006,2.95806,1.68106,1.79006,1.40506,1.55906,2.24006,2.60006,2.40806,1.79206,1.26906,2.21206,2.52606,1.82906,0.47006,0.89606,0.96106,1.52006,1.57206,1.75006,2.26106,2.08206,1.50506,1.50006,2.27806,2.06106,0.86806,0.44106,0.85006,1.44306,1.89106,1.12606,1.30006,2.40206,2.84906,2.37706,1.67906,1.89606,2.12806,2.72106
BC_TUG_BCT1,2021-09-27,2050,False,1,3.05498,3.46998,2.85098,2.50398,2.48498,1.60798,1.48798,1.20098,1.51798,2.78598,4.80698,3.97098,2.45798,2.06398,2.88098,2.60798,2.12898,1.64498,2.08098,2.16998,3.13098,4.14098,2.14098,1.39098,1.90198,2.59598,2.60298,2.07798,2.24998,2.12898,1.93898,2.75398,2.42698,1.81898,2.00998,2.84898,2.90798,2.74798,3.00998,2.25898,2.45098,1.70798,1.05198,1.35798,1.59898,2.12198,1.68298,0.60398,1.34198,2.38498
BC_TUG_BCT1,2021-09-27,2071,False,-1,2.46308,1.70608,2.28608,2.73608,2.02608,1.37708,1.49208,0.53808,1.53008,2.34708,3.86108,3.80608,1.99408,1.06508,1.24408,1.49008,2.23208,1.86308,0.92708,1.53208,2.54808,1.80408,0.98208,0.99008,-0.22992,-0.00392,1.97608,2.82908,2.90708,3.12508,1.83808,2.05708,2.36608,1.93008,2.21508,2.28308,1.49108,2.13908,2.29408,2.91708,2.72208,2.16408,1.02408,2.07708,2.99708,2.48808,1.66008,1.27708,1.13908,1.77108
BC_TUG_BCT1,2021-09-27,2155,False,2,1.56838,2.55838,2.40538,1.50938,2.41838,2.74138,2.26038,2.75238,3.12038,4.72038,5.32838,5.40438,3.05838,2.32238,3.12938,3.09038,2.98238,2.33138,2.92238,2.75438,2.48638,1.92638,1.76238,2.85338,3.22138,2.63038,3.47138,3.56938,3.36638,2.70538,2.28338,2.79638,2.87038,2.64438,1.92038,3.97938,3.34738,3.07738,2.16938,2.80138,2.46638,2.47338,2.76638,3.43438,3.64138,3.37438,2.90538,1.73938,0.83338,1.47838
BC_TUG_BCT1,2021-09-27,2224,False,5,2.53612,2.41512,1.75512,0.96912,0.87512,1.62312,2.69412,3.36012,2.99912,4.74212,4.34612,2.92012,1.77212,2.02812,3.72512,3.40312,2.26312,2.61312,3.20912,2.52612,2.55812,3.24512,3.80712,2.78212,2.27512,1.60012,1.35812,2.15612,3.73212,3.06012,2.62912,2.62712,2.61512,2.92912,2.53712,1.48912,-0.05488,0.48212,0.18912,0.00112,0.32812,1.66712,2.82312,3.26612,2.47512,1.16112,0.50912,1.72012,1.92712,3.78012
BC_TUG_BCT1,2021-09-27,2265,False,-1,1.77274,2.12174,2.01674,1.33374,1.31374,0.90074,0.44674,0.68574,2.51374,9.03674,15.6637,13.7307,10.4207,8.66074,6.37574,5.14074,4.56974,3.52874,3.16874,4.26674,4.60174,4.17174,4.41074,5.27374,5.46774,5.94474,5.24874,5.85474,5.38074,4.83674,6.25274,5.91274,4.66874,4.56774,3.89974,3.99774,3.73774,2.90974,1.62774,1.71274,3.17074,2.48874,2.21274,2.68874,2.47474,2.40274,1.70974,1.70574,0.73274,0.76574
BC_TUG_BCT1,2021-09-27,2269,False,4,1.89184,1.59984,1.45984,1.30984,2.31684,1.07184,1.80684,1.20284,1.03184,3.31284,4.00784,3.37884,2.31884,2.17684,3.15384,3.07684,3.66484,1.69584,1.86384,1.49784,1.36084,0.56084,0.66884,1.26984,1.02084,1.23984,0.81184,0.96384,1.03684,0.07584,0.01584,0.65084,1.33384,0.39284,-0.05516,0.18284,0.41384,-0.04116,0.53684,1.00984,1.19784,0.49784,0.96984,2.18284,2.41784,1.69684,1.27384,0.31884,0.04284,1.20484
BC_TUG_BCT1,2021-09-27,2302,False,6,1.48156,0.89356,0.90556,1.47256,2.46856,2.20056,2.56456,2.68256,2.49456,3.46856,4.23156,2.94656,1.82256,1.32956,2.05956,2.03056,1.31756,1.40256,1.70356,1.29856,1.74456,1.83056,1.16856,1.58656,2.01556,1.83256,2.54556,2.16356,1.01456,0.60556,1.63456,1.83556,1.24356,1.47756,1.14956,1.11256,1.97056,1.79856,1.10056,1.90756,2.68756,2.21656,1.18556,1.43056,1.43456,1.37856,1.58656,1.63156,1.51456,-0.07644
BC_TUG_BCT1,2021-09-27,2307,False,7,1.671,1.983,2.486,2.421,2.626,2.213,1.771,2.073,2.533,3.422,3.378,3,2.806,2.459,1.779,2.181,4.019,2.957,2.571,2.595,2.515,2.991,2.955,2.217,1.653,1.811,1.587,1.274,1.146,2.28,2.227,2.483,1.518,1.438,1.997,2.211,2.175,1.603,1.139,0.922,1.31,1.188,0.696,0.467,1.112,2.308,1.476,1.144,1.42,1.001
BC_TUG_BCT1,2021-09-27,2334,False,3,2.30854,2.96754,1.32254,0.27654,0.84454,1.62154,1.88354,2.18454,0.95854,2.71854,3.41754,2.72054,1.98154,2.12954,1.42954,1.28754,1.46554,1.59754,1.22754,0.52954,0.74254,1.68454,1.83754,1.56754,1.77054,1.38954,0.43354,0.03854,-0.07546,0.80654,1.89854,2.11654,1.98654,2.30054,1.75954,1.76554,2.10654,1.83354,1.00454,0.00754,-0.27946,0.34354,1.21954,1.78754,1.25154,1.56054,1.50054,1.62554,1.00654,1.13954
BC_TUG_BCT1,2021-09-27,2347,False,1,2.07542,1.87642,1.56842,1.61442,1.83242,1.10542,1.05242,1.36442,2.15542,3.17642,3.63542,2.74042,2.38342,2.00742,1.58842,1.61642,1.60842,1.57242,2.18842,2.51442,2.90542,2.36842,2.79042,2.38142,1.79142,1.46042,1.28242,0.09142,0.95542,2.15042,2.45742,2.24742,1.16742,1.69342,2.41842,2.80642,3.15842,2.71642,2.26342,2.76842,2.23542,2.38942,2.89842,2.91242,2.61542,2.14642,0.94142,1.07542,1.23342,1.88442
BC_TUG_BCT1,2021-09-28,14,False,5,1.13898,1.58498,1.52798,2.53298,3.70498,3.41598,2.96998,3.03498,2.35698,5.51098,4.11998,2.66698,1.49298,2.22198,1.33198,2.59898,3.80398,3.19598,3.62998,2.61998,1.23398,1.31798,1.12598,2.11398,2.35598,3.26798,1.99898,1.49298,1.31598,1.23498,1.03498,1.83498,1.05398,2.28898,3.15198,3.25098,3.43798,2.19798,0.90298,0.47098,1.81798,1.51898,1.16098,0.52398,0.95398,1.66098,1.03398,1.01498,0.34598,0.51798
BC_TUG_BCT1,2021-09-28,56,False,-1,1.93932,2.76532,3.17232,3.26132,3.20132,3.27632,2.53332,1.91632,2.37232,4.12132,6.54532,6.16932,4.45732,3.52632,3.38132,2.54232,2.31932,2.21032,1.69432,0.89232,1.09732,1.93332,1.41532,0.87632,1.42332,1.53132,1.80132,0.75232,0.33532,0.84332,1.83132,1.91132,1.11332,0.78632,1.13132,1.24632,0.62532,1.14532,1.73532,1.81732,2.35732,2.36532,1.38132,1.20432,1.97132,1.90632,1.34032,1.46932,1.83832,0.29032
BC_TUG_BCT1,2021-09-28,854,False,2,1.14322,0.58822,0.80722,1.50922,1.49122,1.67522,2.00422,3.67822,4.56522,6.17622,6.95922,6.01922,4.29122,4.34222,2.36122,1.29522,1.06622,1.16022,0.49322,1.24222,1.42122,0.97322,1.43322,1.28522,0.96522,1.72222,2.06022,1.47322,0.94222,1.27822,1.16222,1.25122,1.28822,0.45122,-0.24978,0.02122,0.41422,0.64422,0.72722,1.01022,1.02322,0.76322,0.39122,0.23322,0.31522,1.29922,1.78422,2.14922,1.80722,2.20222
BC_TUG_BCT1,2021-09-28,1373,False,-1,1.60762,1.26462,1.08662,0.85262,1.02862,1.30662,0.98362,4.19662,20.0196,48.8116,55.6776,48.0156,39.2366,26.0736,17.4366,12.8706,10.1956,8.70562,7.22062,6.50662,5.59262,9.18062,8.55562,5.18662,3.46862,1.44562,1.13462,3.13862,4.20262,2.18662,1.21462,1.96562,1.97362,3.21662,3.47762,2.06562,0.72362,0.46862,0.62762,3.03762,2.34862,-0.03038,0.00062,2.13562,2.15462,2.45462,1.61062,2.24862,1.84562,1.77762
BC_TUG_BCT1,2021-09-28,1408,False,4,4.15992,4.35392,1.02792,0.22092,2.04392,2.58492,3.32192,3.98792,2.61792,3.17892,4.64392,3.23492,2.49692,2.33492,1.99292,0.13492,0.59892,1.30092,1.02992,2.51092,3.36392,3.13192,0.83392,0.64692,0.11892,0.81292,1.79992,0.33792,1.06692,3.34192,2.43292,1.13892,0.79992,2.85192,1.60592,1.71192,0.64992,0.74992,0.82992,2.07992,3.00092,2.75992,1.39792,1.40292,2.52192,0.80592,-0.45408,-0.50208,-0.04508,1.04792
BC_TUG_BCT1,2021-09-28,1468,False,-1,0.94536,0.20936,0.47036,0.85536,0.12936,0.58136,1.56436,1.12236,1.53236,2.96036,4.04136,3.88436,2.42236,2.42236,1.37436,2.23036,0.96236,1.37336,1.07636,1.31136,0.61836,1.19836,1.08836,0.29936,0.22336,-0.02064,0.66436,0.38136,0.59436,0.62936,1.82836,1.98136,0.69136,0.41536,0.00036,0.74836,1.94136,1.17536,1.75436,2.34936,3.31536,3.19236,1.73936,1.43836,2.69036,4.00136,3.91836,2.70236,2.51736,2.23736
BC_TUG_BCT1,2021-09-28,2099,False,0,1.81966,2.06166,2.15866,2.39066,2.06866,1.67666,2.18966,2.26866,2.86866,3.96066,4.39566,4.87466,3.28066,2.95566,1.82866,0.25866,0.08566,0.25766,0.30266,0.18866,0.76466,1.79766,1.56266,1.48066,2.93066,2.55266,2.08966,2.43066,2.83166,1.61066,2.13466,1.55866,1.42066,1.70866,2.03566,1.07866,0.53766,0.50766,0.54866,0.94866,0.64766,1.56066,1.81866,1.06566,0.78166,1.77566,1.98966,0.84866,0.88966,0.72866
BC_TUG_BCT1,2021-09-28,2176,False,-1,1.34616,1.36616,1.88416,2.08716,2.03716,2.23916,1.56416,1.41716,1.06816,2.05016,4.59116,3.48116,1.23116,1.85016,1.98916,1.47616,1.96716,2.63716,2.39516,1.40816,1.23016,0.55316,0.82116,1.95016,2.71416,1.96616,1.22616,1.57916,2.37316,1.45216,0.40616,0.88616,1.03116,2.03016,2.70116,1.38716,1.55316,1.74416,2.60716,2.38716,1.93516,1.76616,1.10816,1.10416,1.28516,1.57416,2.27216,1.29716,0.64316,1.49416
BC_TUG_BCT1,2021-09-28,2353,False,0,1.21062,0.53762,0.92062,1.17062,0.86862,0.88462,1.18762,3.38462,13.1046,20.7456,19.6976,16.3936,10.4206,5.35962,2.30362,0.97862,1.35162,2.98362,2.73262,1.93062,1.93962,2.02262,3.17262,3.02362,4.18662,5.75962,4.70862,4.20262,3.89362,3.97562,3.24162,3.66062,4.28362,3.43362,3.22962,3.85262,5.00162,5.62462,4.70162,5.57962,6.74262,6.19162,5.89362,7.00362,7.08562,4.91162,5.12862,5.29062,5.93062,5.88162
BC_TUG_BCT1,2021-09-29,0,False,-1,1.10892,-0.01408,0.75692,22.7889,96.0089,142.904,130.837,114.588,128.3,173.437,199.612,192.543,181.944,175.388,153.775,120.585,109.557,116.41,108.726,81.7229,68.5849,66.9789,66.5009,64.1739,59.1969,55.7919,51.0789,39.3239,28.6069,21.8269,20.4759,19.9059,22.7779,29.0809,31.1239,26.7119,22.4939,20.2089,21.1909,25.4039,28.2799,29.2299,29.9929,29.0209,27.1049,26.7649,27.2699,22.4969,16.2799,13.5909
BC_TUG_BCT1,2021-09-29,40,False,1,1.3521,1.4621,1.5771,1.3611,0.5371,2.0491,5.1751,5.4021,5.5241,6.3411,6.4891,5.4251,3.7361,3.1861,2.7151,3.9701,4.0901,3.9391,3.0971,3.4621,3.4771,2.6341,1.3341,1.4791,2.3111,2.4021,2.7491,2.1681,1.9421,1.9541,1.4861,0.1631,0.7791,0.8301,1.2281,2.4011,2.2331,2.5711,1.5061,1.1091,0.3331,0.5361,0.5161,-0.5489,-0.1029,0.3761,0.4441,0.4601,0.1351,0.9681
BC_TUG_BCT1,2021-09-29,44,False,-1,1.2356,1.7126,2.2706,2.0036,1.6316,1.6936,1.4406,1.7276,3.2116,5.1606,5.2716,5.2556,4.9426,2.9446,2.1706,1.9536,1.4956,2.2896,3.7096,4.2836,2.1786,0.8706,0.6786,0.2976,0.4806,0.2956,1.7856,1.6836,1.9336,1.5216,2.3746,1.6996,1.0436,1.3286,1.8906,0.5246,0.4406,0.9066,0.7086,1.7576,2.2586,1.8946,1.7326,1.7916,1.6966,1.1126,1.1406,1.5376,2.1286,2.7596
BC_TUG_BCT1,2021-09-29,53,False,-1,1.53634,1.84234,1.42734,0.54234,0.78734,1.15134,1.01834,1.43034,1.94234,3.66934,7.76234,6.90734,3.29234,1.77034,1.75834,3.05134,3.34334,2.65634,2.60234,2.30034,2.43534,2.68334,3.22334,2.99134,2.84534,1.57934,1.56134,1.17034,0.51934,1.43234,2.35334,2.45334,2.43934,1.09034,1.18134,1.52734,2.36034,2.32434,1.53034,1.53834,1.16534,1.96134,1.49734,0.93434,1.99234,1.60534,0.93734,0.72734,0.09634,0.44834
BC_TUG_BCT1,2021-09-29,66,False,-1,1.12426,0.44626,0.44026,0.89526,0.78626,1.68426,2.77126,2.42126,7.46926,28.3733,39.4393,25.6613,16.0753,13.3573,8.21326,7.20126,8.49126,7.17326,4.68026,3.06826,2.43626,2.51226,2.38826,2.19226,3.53026,3.17226,1.86026,1.22726,1.97526,2.11826,1.70426,1.87026,1.24926,0.03626,-0.34674,0.68726,1.39126,0.81726,0.84626,1.43026,1.74726,1.64426,0.62826,0.22626,-0.11974,0.00226,0.30826,0.40626,0.07526,0.13926
BC_TUG_BCT1,2021-09-29,191,False,6,2.2158,1.3418,1.9818,3.2408,3.0458,2.6588,1.8028,1.9678,2.6088,3.4808,3.2298,3.1318,1.8578,0.8238,0.5828,0.8728,2.6688,3.0908,2.5598,2.9678,1.4458,0.2888,1.1698,1.0078,0.6578,1.0488,1.4238,1.3358,1.3928,1.2948,1.9478,1.2218,1.6778,2.6238,0.5568,0.4008,1.7338,1.4558,1.8268,1.7408,1.9038,1.2198,1.2978,2.2558,2.3198,1.5728,1.7758,0.9538,1.3018,2.4398
BC_TUG_BCT1,2021-09-29,247,False,1,0.20178,0.25178,2.23278,1.65478,1.10078,1.40578,1.46778,1.81078,3.11278,3.83778,3.79678,3.54578,3.03478,2.31678,1.14078,0.87378,1.73678,1.16978,0.53978,1.15178,0.84678,0.33278,1.40378,1.45178,1.96978,1.53278,1.26778,2.02978,1.95478,2.04578,2.76478,4.05378,1.33478,-0.15522,0.63578,2.01778,3.15678,2.69378,2.62078,1.75478,1.18278,1.18278,2.60078,2.66978,1.98078,2.72278,2.60678,2.51078,1.78778,0.88078
BC_TUG_BCT1,2021-09-29,383,False,3,2.23142,1.79842,1.17242,0.94842,1.73842,2.22742,1.82042,1.28542,1.67942,3.80742,3.73242,1.52742,0.37842,0.31742,1.10642,1.68542,1.74942,1.59442,1.06342,0.30542,1.35342,2.09942,1.80442,1.43742,1.13342,0.61942,0.55142,0.59242,1.24242,1.20742,0.08242,-0.17758,0.54642,0.67642,0.39342,0.72242,1.40642,0.95342,1.20242,2.25642,2.07242,1.61842,0.72142,0.69042,1.60242,1.47442,0.91142,0.83942,2.02942,1.43542
BC_TUG_BCT1,2021-09-29,404,False,0,0.94198,1.40798,2.03798,2.91698,3.32698,3.26798,2.43398,2.95198,4.44798,5.33398,5.48998,5.93598,4.90698,3.59298,5.06198,4.57298,3.77298,3.45198,3.04698,2.59598,2.31998,2.59798,2.21998,1.92798,1.03398,1.22798,1.80198,2.43398,1.68398,2.08698,2.12798,2.13198,1.21398,1.61598,1.32198,1.89198,2.37998,2.53198,1.55098,1.60998,2.07598,1.85098,2.47398,2.56898,2.35498,1.59998,1.87698,1.96398,1.15098,1.67698
BC_TUG_BCT1,2021-09-29,1412,False,1,1.08878,1.22478,0.28878,0.78678,1.06078,2.03978,2.39178,2.94578,3.00778,4.48278,4.59078,4.87678,4.42478,3.70378,3.74078,4.32878,4.80878,3.89578,3.02878,2.28778,2.68678,3.08878,3.26878,2.01278,1.73478,2.00478,2.74878,2.62978,2.05178,2.31278,2.76178,2.74478,2.06978,2.02978,1.93478,1.73478,2.29778,2.61078,2.30378,2.07978,1.76778,1.84578,2.41478,2.06178,1.70778,1.65578,2.15378,1.79478,2.09278,2.06778
BC_TUG_BCT1,2021-09-29,1516,False,6,4.44206,4.47806,3.28006,3.49506,3.36806,3.35406,4.07806,4.09606,4.49006,4.88606,5.34606,5.22506,4.44406,4.04406,4.14206,4.57406,4.50706,5.20206,4.22706,3.39806,4.10506,4.26306,4.47106,3.69706,2.99806,2.92806,3.60106,3.81606,3.07306,2.08006,2.07706,3.33506,3.37106,3.31106,3.54006,3.47606,3.00506,2.67306,2.50106,2.08706,1.54506,1.31706,2.06406,2.24606,2.35906,1.41406,1.74306,1.49406,1.13406,1.45006
BC_TUG_BCT1,2021-09-29,1747,False,0,0.18516,0.08816,3.22616,13.9912,21.9182,16.8042,9.85316,18.9662,47.4862,63.1382,61.6042,54.0842,44.1462,35.4492,30.8732,28.3612,26.7372,26.5512,27.4742,25.9762,19.7322,14.9802,12.4002,13.2412,16.7412,19.6302,19.1082,16.7132,15.8272,16.0132,15.8142,15.1132,13.4212,12.1242,10.8752,10.5932,8.85316,6.91016,7.09316,8.35316,8.74016,7.00416,6.13816,7.08816,7.78516,9.51116,9.97816,12.0522,14.9802,14.5572
BC_TUG_BCT1,2021-09-29,2296,False,2,4.83312,3.26912,3.87512,4.10212,4.34212,4.80712,6.25412,7.22612,7.66112,8.56912,8.31612,7.92712,7.43712,7.15912,6.95912,6.21312,7.06012,7.95912,7.67712,7.51712,7.12912,7.83212,8.30512,6.37312,4.85312,4.40512,4.31612,4.60112,4.45512,4.37812,4.22812,4.53312,2.97812,2.36112,3.06912,3.56212,2.86212,3.11912,2.96812,1.62312,0.68212,0.08712,-0.08288,0.98412,2.45212,1.49712,1.63212,1.78512,1.69012,2.44712
BC_TUG_BCT1,2021-09-29,2367,False,-1,0.9609,0.8109,1.0399,3.1979,10.3579,17.6969,15.6889,17.2819,27.6049,39.5039,43.4149,41.0679,34.1899,23.7929,18.9659,15.9499,11.4229,8.8449,8.6999,7.6709,5.7889,4.9949,6.1869,6.7259,5.1929,3.9739,3.5189,3.9219,3.9999,5.0199,5.2159,5.0039,4.9369,5.0429,5.5699,5.4449,5.0859,4.8649,4.1189,3.5659,4.3679,5.0589,5.8939,5.4789,3.9889,4.0259,4.9499,4.5749,3.0319,2.7069
BC_TUG_BCT1,2021-09-29,2428,False,-1,1.65178,6.48278,6.85778,5.75078,8.06378,10.0018,14.5488,20.0848,23.5948,29.5848,32.6498,30.2508,19.7168,11.5508,8.45978,5.39578,4.32078,6.30678,6.81978,7.20078,8.69378,8.83678,6.99378,5.14178,5.49478,5.16278,4.20678,4.37778,4.48578,4.13178,3.02378,0.78078,0.84778,1.66778,0.88378,0.68278,0.24678,-0.08722,0.88578,1.32578,1.00378,0.08678,1.44178,2.32978,3.24478,4.44078,4.78178,4.40278,4.54278,4.11978
BC_TUG_BCT1,2021-09-29,2449,False,-2,1.26392,0.57092,0.82092,1.69592,3.67492,4.12892,4.95392,11.9109,27.8859,35.5949,37.3339,38.1039,36.7309,36.1119,33.7669,30.7969,29.6569,27.7579,26.4509,25.6059,25.7429,25.9699,26.7419,26.3029,25.8269,25.6469,25.0599,24.6519,23.0749,20.1249,17.1209,14.5359,9.27392,5.65692,5.80092,5.88492,5.87392,6.15192,6.41392,8.16992,9.84892,10.6939,11.4319,11.4959,11.1979,11.0569,9.99592,9.37492,8.29492,6.93792
BC_TUG_BCT1,2021-09-29,2454,False,0,0.336,0.928,1.373,1.002,0.753,1.146,1.505,3.399,14.164,35.86,37.513,17.695,6.856,5.559,4.682,3.107,1.904,1.039,0.944,1.222,1.123,1.199,1.241,1.174,2.218,1.644,0.706,0.326,0.628,0.141,0.487,1.235,1.106,1.09,2.301,1.435,0.744,0.899,1.183,0.554,0.424,0.393,0.131,0.531,0.534,0.031,0.776,1.293,0.762,0.211
BC_TUG_BCT1,2021-09-30,8,False,0,-0.20994,1.28706,1.39406,1.04506,0.00406,0.60906,4.43706,43.1481,177.554,322.826,377.668,340.814,232.24,147.378,115.745,106.086,96.1761,81.1981,73.0211,66.2651,45.4411,22.2671,8.92706,4.71506,4.21006,8.65406,15.2301,18.3261,19.8451,18.3701,15.2521,11.6551,8.54206,4.54106,1.90606,1.30306,1.73206,1.68806,2.08106,1.31306,0.81206,1.15606,0.65006,1.17306,1.42706,0.88906,0.54806,0.60606,0.57506,0.52706
BC_TUG_BCT1,2021-09-30,73,False,-1,1.01034,1.54434,1.26334,1.07834,0.35534,0.73834,0.47034,0.72634,3.43334,12.3333,18.7413,13.0403,5.61134,4.77034,5.73934,4.64034,3.36334,2.41034,2.33834,1.53234,1.20734,1.06234,0.52434,0.35934,1.24734,1.64234,1.35034,1.60734,1.83534,1.27134,1.47034,1.82434,1.72734,1.15934,2.23034,1.87734,1.67134,1.37434,1.13734,1.07134,1.20534,0.82534,0.04234,0.40834,0.74834,0.97334,0.97134,0.81234,1.10634,0.43234
BC_TUG_BCT1,2021-09-30,87,False,-1,-0.0609,0.1801,0.6191,0.3011,0.4601,0.9481,0.8651,0.8311,3.5421,9.9331,12.1481,10.6441,8.6181,6.7691,5.7671,5.7771,6.4101,7.4111,6.4791,5.7341,5.4981,4.8671,3.4981,3.9831,4.8101,5.7741,5.4851,5.0691,5.2211,5.4821,5.3101,4.5041,3.5771,2.6771,2.6881,2.0251,1.9001,1.6431,2.1021,2.1091,1.4751,0.8331,0.3641,0.1841,0.0761,0.0601,0.8581,1.4551,1.1031,0.6491
BC_TUG_BCT1,2021-09-30,839,False,1,0.832,1.06,1.222,1.734,2.006,2.115,1.67,1.924,2.358,2.412,3.561,3.045,2.051,1.789,2.032,1.972,1.708,1.915,1.45,1.268,1.664,2.078,2.588,1.972,1.228,0.449,1.171,1.67,1.556,1.786,1.854,1.857,1.892,2.139,2.388,2.878,2.169,1.884,2.067,1.834,1.98,2.194,1.928,1.327,1.698,2.178,1.474,0.842,0.753,1.441
BC_TUG_BCT1,2021-09-30,1444,False,2,1.53992,2.45392,3.48692,3.24892,2.47092,2.88392,3.22192,3.25192,2.89792,3.35892,3.50692,3.20592,2.44992,2.16992,2.58392,1.62292,1.42392,1.45292,1.24192,0.77792,1.04592,1.41292,1.44392,0.97592,1.60792,1.62492,0.49292,0.73492,1.44092,0.62792,0.74792,1.20792,1.33492,1.09592,1.79392,1.29992,0.89692,1.03792,0.83692,0.68392,1.18092,1.22892,1.66892,1.17592,1.06392,1.17892,1.43092,1.88792,1.65592,1.34392
BC_TUG_BCT1,2021-09-30,2251,False,-1,0.55506,0.60106,1.31306,1.69406,1.53806,1.64706,1.64106,2.12406,4.37406,7.51506,9.17006,8.55306,7.61506,7.40006,7.42306,8.05106,7.56906,5.66206,4.56506,4.57406,4.83606,4.38306,3.66506,2.03606,2.21406,2.65406,2.56106,2.75306,3.23006,3.37706,2.41906,2.57706,3.25806,2.65206,2.27906,2.68306,2.22506,1.18006,1.16306,1.74506,1.67906,1.80106,1.36406,1.24706,1.66406,2.15006,2.76806,2.39306,2.30406,2.12206
BC_TUG_BCT1,2021-09-30,2353,False,2,0.9703,1.4663,0.9163,0.3243,0.6743,1.1093,0.3823,-0.9287,-0.1617,2.8423,3.2893,1.7183,0.2713,-0.3227,-0.4397,0.0873,1.0393,1.4143,0.7633,0.8683,0.7863,0.5653,0.4873,0.3253,0.9893,2.2233,1.4233,0.6223,0.8783,0.4153,0.5553,1.0273,1.4233,1.9473,0.6203,0.4173,0.6913,1.2763,1.0963,0.6493,0.6493,1.1103,1.1523,0.9473,1.9033,1.2803,0.9173,0.4933,0.2843,0.3783
BC_TUG_BCT1,2021-09-30,2550,False,1,2.09372,2.40972,1.89972,2.85872,5.88072,10.7857,12.1687,11.2227,11.7527,13.8317,14.4027,11.9327,8.05372,5.34672,5.31272,5.41372,3.76172,2.53172,2.78472,2.57572,2.86372,2.40072,2.99272,3.00472,3.03272,3.11272,3.38572,3.90372,3.76572,3.72572,2.79072,1.14572,2.49672,2.13672,1.98472,1.02072,1.03172,1.60872,1.48872,1.73572,1.41172,1.71472,1.58372,1.61072,1.06772,0.96972,0.92872,0.20372,-0.03528,-0.29528
BC_TUG_BCT1,2021-09-30,2554,False,-1,-0.20776,-0.42976,0.01924,1.03824,1.24224,2.06324,4.93324,13.0252,18.8602,22.4722,26.1632,23.8692,20.5752,17.5542,13.2052,10.8742,10.5532,9.18324,7.33424,5.87124,5.19524,5.16124,5.79724,5.89924,5.56424,4.43724,4.50324,3.98324,2.65724,3.07924,4.28324,4.52224,3.70524,3.81624,3.76524,3.23324,3.21124,3.01024,2.56224,2.76524,2.46224,1.29124,1.61824,1.90724,1.33124,1.74224,2.02124,2.40324,2.37024,1.72724
BC_TUG_BCT1,2021-10-01,8,False,0,0.61734,4.16934,17.8473,32.3933,44.4033,62.9363,62.6123,59.5163,71.6653,83.8833,82.5433,74.6213,66.3783,63.8983,64.1803,64.5783,60.6653,47.1473,35.9133,32.8793,33.4483,33.0783,27.9453,21.6653,16.9883,14.8213,14.6483,12.8023,11.1303,10.8693,10.3493,8.73834,10.3213,9.72834,4.68234,2.02634,1.88534,1.95134,1.98234,2.02934,2.34934,1.86134,0.69534,0.92034,1.15034,0.92534,1.25934,1.48734,1.16934,0.53134
BC_TUG_BCT1,2021-10-01,52,False,-1,1.2738,2.1378,0.6128,0.0318,-0.2942,0.1128,2.9878,40.4448,209.232,482.587,634.217,577.783,460.081,296.484,128.301,47.8148,28.6178,19.6808,12.1128,9.1908,7.5198,4.9228,4.1378,3.2498,1.9678,1.1918,1.0888,1.7508,1.6548,1.1528,0.7508,0.9188,0.5268,0.3978,0.2678,0.3638,0.7088,0.3648,0.7528,0.7968,1.2328,0.7798,0.7528,0.5998,0.2068,0.2768,0.1658,0.3938,0.3588,-0.0622
BC_TUG_BCT1,2021-10-01,113,False,-2,0.42362,0.28662,0.34962,1.26262,0.80062,0.23962,0.46862,1.10762,1.39862,2.68162,3.65562,2.91962,2.33362,1.26962,1.99162,2.51962,1.88462,1.39262,1.68962,2.36462,1.71062,1.43662,1.19662,1.50962,0.83362,0.88162,0.66562,0.60962,0.48362,0.57162,1.09962,1.58762,1.87262,1.35462,0.56462,0.45362,0.73462,0.75962,1.56962,1.78162,1.86262,1.74362,1.45962,1.14762,0.41062,1.10762,1.70862,1.01462,1.24362,2.08062
BC_TUG_BCT1,2021-10-01,134,False,6,2.27504,2.42004,2.21604,1.32404,0.64004,1.10304,1.78204,1.66504,2.09504,2.93504,2.61904,2.35904,1.58004,0.83304,1.41504,1.11604,1.24104,0.63004,0.38504,1.12004,1.62804,1.52004,1.60704,0.94904,0.38404,0.69404,0.94304,1.47204,2.25204,2.04904,2.00004,1.51304,1.58404,1.65904,1.83004,0.28204,-0.67096,0.84304,1.69504,0.76104,1.11304,1.27304,1.14904,1.04804,1.20204,1.66904,2.14504,1.64804,1.68304,2.02604
BC_TUG_BCT1,2021-10-01,1166,False,-1,0.5534,0.5914,0.7254,0.9604,0.9354,0.2884,4.0484,51.6094,223.486,416.261,501.801,429.615,366.219,385.881,354.904,223.953,114.919,81.8944,99.6514,101.916,63.1714,30.2714,19.2834,26.0834,30.0204,25.6564,21.9594,21.4184,26.7464,27.0694,23.8274,20.5964,16.2414,14.2734,13.1974,9.1624,6.3934,5.7494,5.0314,4.7094,3.5734,2.3774,1.8264,1.8694,0.5554,0.8694,0.4914,0.4964,0.9244,0.4244
BC_TUG_BCT1,2021-10-01,1515,False,0,0.5815,0.7625,0.8745,1.1555,1.4415,1.0895,1.5675,2.7465,4.2945,6.4465,6.5735,5.3965,5.0355,5.2845,4.8465,3.7555,3.3085,3.2295,2.3805,2.0635,1.9955,1.7215,1.2685,0.6075,0.7435,0.8045,0.9065,0.6225,0.6965,0.6425,0.3785,0.9195,0.6725,0.4185,0.6225,1.8925,2.6305,2.2945,1.5065,1.0025,0.9665,1.2385,1.4425,1.4395,0.8055,0.5785,0.9305,0.8635,0.3515,0.3865
BC_TUG_BCT1,2021-10-01,2001,False,-4,1.83628,1.72028,2.22928,2.22428,2.10328,1.75828,1.07928,1.24628,1.84028,3.12028,3.97928,3.19928,2.76128,2.40828,2.65528,3.39128,2.94828,2.09228,2.25228,2.08328,1.86028,1.41728,1.84628,2.15328,1.41028,1.72528,2.06828,2.41628,2.75328,1.99328,1.58428,1.33028,1.47028,1.26628,1.42028,1.39028,1.60128,1.84728,1.56028,1.29628,1.69828,1.32128,0.92828,1.61728,1.38228,1.50228,0.80928,0.59528,1.38228,2.39028
BC_TUG_BCT1,2021-10-01,2323,False,0,3.72624,3.75924,3.82124,2.06924,1.52024,1.73524,3.96824,4.24824,4.04524,5.38424,5.17724,4.59424,4.01924,3.55224,3.42124,4.11924,4.98224,4.57124,2.90724,2.90524,2.79124,3.01524,3.27824,4.32824,4.37724,3.65824,3.25124,2.89724,2.82724,3.04824,2.57924,1.97224,1.90724,1.57824,1.44524,1.70724,1.85024,1.59124,0.81024,0.78524,0.67824,0.98024,1.04024,0.58424,0.42724,1.54524,1.71324,1.94224,1.98924,1.67624
BC_TUG_BCT1,2021-10-01,2536,False,-1,1.01716,1.13716,0.63316,0.68916,0.94716,2.04916,3.03916,2.97216,1.89416,3.15316,3.35516,3.79516,2.54516,2.66516,2.02916,1.87016,2.55816,2.83916,2.27016,2.24316,2.66916,2.25516,1.67016,2.63116,2.94916,2.83716,3.33116,2.62316,1.71716,1.59916,1.91316,2.87416,1.21416,-0.09284,1.27516,1.92916,1.36716,0.52316,0.48816,1.04516,1.37516,1.82716,1.98816,2.05916,1.96416,1.27116,1.64716,1.93416,1.44416,1.15716
BC_TUG_BCT1,2021-10-01,2579,False,8,1.65224,2.02224,1.26524,1.91624,1.57224,1.80324,1.20524,0.93224,1.44124,1.83424,3.12124,2.96824,1.89224,1.98424,2.09424,1.06524,1.09424,1.26824,1.74924,2.26224,2.16424,1.97924,1.25124,1.31624,1.40924,1.68424,2.10824,1.87624,1.49324,1.55324,1.74824,1.18224,1.62124,2.70824,1.95124,1.55124,1.14924,0.69724,0.41524,1.08124,1.34124,1.32924,1.63424,1.75224,1.86424,2.45224,2.52024,1.43624,1.16224,1.12824
BC_TUG_BCT1,2021-10-01,2598,False,3,1.34222,0.81222,0.83122,0.19522,0.58922,1.15122,1.32122,1.67122,1.69522,2.74622,3.07122,2.39122,1.50422,1.71522,2.30322,1.60422,0.52022,0.78922,0.40222,0.68722,0.69922,1.35022,1.56822,1.42522,1.15622,1.09122,1.86022,1.60922,1.37822,0.91722,0.32022,1.06022,1.25522,0.42722,0.73222,1.56422,1.99222,2.19322,2.08222,1.16522,1.23222,0.55022,0.19922,-0.01078,0.93422,1.83222,2.26522,1.55622,1.65022,2.41922
BC_TUG_BCT1,2021-10-01,2713,False,-1,0.17444,1.05344,0.93244,0.42644,0.27344,0.00144,0.27444,0.24344,-0.25756,4.70444,18.5304,8.91844,2.96744,0.78944,0.64044,1.32444,1.77644,1.89744,1.70844,1.17744,0.88044,1.32844,1.58144,1.79544,0.73644,0.22344,0.41644,0.66244,0.43944,0.65844,0.87944,0.58344,1.47644,0.64244,0.10344,0.11744,0.84444,1.78544,1.14544,0.23444,0.23844,1.31944,2.32144,1.41544,0.21544,0.55744,1.96744,1.49344,0.96844,0.86144
BC_TUG_BCT1,2021-10-01,2741,False,-1,0.58836,0.64636,0.95336,0.62936,1.78636,1.34636,0.70036,2.17736,5.04536,8.57536,9.39036,9.23636,7.73536,7.54636,7.18736,5.20436,3.21036,2.58836,3.48236,2.42936,1.96036,1.96336,1.19136,1.27036,1.26436,1.10736,1.33336,1.54336,0.97036,1.08636,1.49036,1.06436,0.52636,1.22336,1.05736,1.22336,1.97336,2.31136,1.84436,1.64136,1.30636,1.39636,1.66436,0.91736,1.46836,1.21036,1.55936,2.21236,2.70236,1.43036
BC_TUG_BCT1,2021-10-01,2751,False,-1,0.72136,0.64736,1.81336,1.85536,1.76136,0.75836,0.51036,0.96836,4.45536,7.86136,7.29536,5.58336,5.38036,5.02236,3.93236,3.83536,3.50836,3.01836,2.49736,2.23736,2.37936,2.04736,0.30536,0.92236,0.19236,0.90236,2.00036,2.56236,1.84836,1.24936,1.02836,1.59936,2.84436,1.66036,1.17936,1.39536,1.60036,0.68636,0.73736,0.61536,1.27336,1.34236,1.14336,0.94336,0.30036,0.58736,2.06136,1.07036,0.24036,1.11836
BC_TUG_BCT1,2021-10-02,10,False,-1,0.93202,0.95802,1.43302,1.66002,0.67902,0.93002,1.11502,1.14402,1.69502,4.00902,4.41302,3.77202,2.74602,2.29902,1.29502,1.18902,1.40002,1.50002,1.51502,1.83502,1.70802,1.87102,2.00002,0.88302,1.27602,1.36902,0.74102,0.26102,0.52202,0.63102,0.66302,1.72202,2.37702,1.66802,1.42802,1.44502,2.07102,2.32502,1.73502,2.12102,1.10902,0.75202,0.85702,2.01402,1.83102,1.74302,1.38302,0.76202,1.20202,1.13902
BC_TUG_BCT1,2021-10-02,20,False,-4,1.1316,0.5606,0.9606,1.6426,2.1376,1.5556,1.4146,1.5696,2.0896,2.8686,4.1056,2.8936,1.9136,2.8906,3.5176,2.7496,2.1646,2.6816,2.1356,2.0796,1.5376,1.5046,1.8696,1.7996,1.8726,0.8756,0.0006,0.8336,1.2086,1.0046,1.2136,1.4476,1.4826,0.6706,0.5456,1.1836,1.8856,1.4976,1.5866,1.3756,1.7336,2.0316,2.0016,2.4186,1.8816,1.5596,1.4846,1.5266,1.3576,1.1356
BC_TUG_BCT1,2021-10-02,71,False,-1,0.848,-0.074,-0.158,1.166,1.407,1.244,0.73,0.767,1.017,2.679,3.472,2.387,0.872,1.421,1.235,1.862,1.938,2.413,2.745,1.964,1.883,1.744,1.864,1.071,1.706,2.243,2.473,2.161,1.761,1.663,1.464,1.636,1.541,2.068,2.149,2.277,2.402,1.893,1.41,1.859,2.073,1.53,1.112,1.706,1.34,1.581,1.651,1.363,1.798,1.622
BC_TUG_BCT1,2021-10-02,85,False,0,1.9451,0.9611,0.6721,1.4011,1.4151,0.8821,1.2291,2.4071,1.6591,1.8181,3.2531,2.6751,1.0401,0.4351,0.1751,1.2581,1.0271,0.7881,0.8991,0.9201,1.2101,1.1831,1.4941,1.0841,0.9571,1.5541,0.5641,0.0901,0.6781,1.1631,1.1501,0.5411,0.4531,0.8091,1.0161,0.8471,0.1261,0.2911,0.3071,0.5671,0.2351,0.2221,0.4051,0.7941,0.9581,0.0021,0.0951,0.4741,0.7091,1.1591
BC_TUG_BCT1,2021-10-02,92,False,-1,2.1832,1.2542,0.9352,2.1312,1.6752,1.0712,2.9432,33.5482,169.856,354.609,414.346,388.111,316.542,272.437,338.542,395.91,348.38,320.302,354.165,320.347,219.283,122.249,60.6432,35.6252,19.4072,12.5412,11.3202,9.7432,11.7422,14.8252,14.8282,15.4272,11.9702,6.8242,5.6652,8.2742,9.7712,10.3422,11.1282,11.2202,11.1152,9.9302,7.4392,6.9402,6.9722,6.6462,6.6932,6.5402,5.7152,5.3202
BC_TUG_BCT1,2021-10-02,98,False,-1,0.56328,-0.01372,0.44828,0.80728,1.13728,1.18128,1.26228,2.11728,12.1553,39.6003,55.1103,51.0323,38.4343,23.2353,11.8283,9.02728,10.8733,10.9793,11.3293,11.0563,9.23228,6.87728,6.58328,6.51428,6.46528,5.13828,4.15928,3.83628,4.08328,4.26128,3.54028,2.05428,1.46428,1.89528,2.66628,3.19828,1.54828,1.64728,2.18228,1.68228,1.43728,2.30028,2.72028,0.90128,0.83328,2.13728,1.16128,1.25528,1.31028,1.21728
BC_TUG_BCT1,2021-10-02,110,False,0,1.33126,1.37826,0.89326,0.83326,0.35426,0.40226,0.23726,1.85126,4.49526,6.30526,6.53926,4.96926,3.45926,3.30126,2.55326,2.58826,2.52526,1.90926,1.69026,1.67926,1.94226,0.89926,0.75126,1.15326,1.07326,0.58326,0.51026,0.42826,0.39826,0.89926,0.97626,0.86226,0.93826,1.24126,1.51126,1.98826,1.39926,0.26426,0.23126,1.31326,0.69426,0.52126,0.35626,0.03226,0.21826,0.36426,0.62326,0.75826,0.01026,0.70226
BC_TUG_BCT1,2021-10-02,120,False,-1,1.1413,0.5653,0.0003,0.7703,1.0303,1.2773,2.1143,10.6593,37.7273,65.9143,69.8363,58.3863,49.5303,45.8293,43.5183,41.6373,41.0613,40.3363,33.3413,23.6123,15.2743,15.8683,20.2753,18.5903,14.3553,9.7293,5.0113,3.7693,4.1683,3.8583,3.7743,5.4203,6.6003,6.4163,5.3233,5.8503,6.9663,6.7183,6.9123,6.3903,4.9833,4.0463,4.2543,4.4303,4.8313,6.0163,6.6863,5.2383,5.0703,4.9183
BC_TUG_BCT1,2021-10-02,126,False,-1,0.88158,-0.02842,0.85858,1.90758,3.02358,3.33558,3.11658,2.95758,4.41058,8.00758,9.77458,9.23858,6.49958,4.54158,4.82258,5.86558,6.54958,6.62558,5.04358,3.62458,3.71258,3.83258,3.75858,3.62658,3.48558,2.82258,3.32158,3.35758,3.37158,3.47758,3.14358,2.79658,3.33958,3.49558,4.15858,3.80458,2.92758,3.19158,4.00858,3.64658,3.02358,3.15458,4.14458,3.59058,2.79858,2.96658,3.91358,3.34158,3.36058,3.38058
BC_TUG_BCT1,2021-10-02,129,False,0,0.6886,0.6306,0.2006,0.5106,0.8866,1.6036,2.4136,6.3666,16.8266,25.0216,24.3086,19.3736,15.9286,14.2666,12.8686,13.0686,11.2686,6.7416,4.1836,3.5896,3.3816,3.2286,4.1046,3.5326,2.1746,1.6956,2.0086,1.3746,1.3066,1.7606,2.0066,1.2986,0.9436,0.7546,1.5956,1.4566,2.4146,2.1696,1.4146,0.8976,1.0476,1.0356,1.3656,1.2496,1.3506,1.3276,1.0676,0.7646,1.2266,1.1046
BC_TUG_BCT1,2021-10-02,136,False,-1,-0.05488,-0.10388,0.21212,0.48412,0.01012,0.45612,0.74812,1.21512,2.67812,4.22412,4.30712,3.81712,3.45912,3.34712,3.04012,2.15912,2.06312,1.43012,0.89712,0.89912,0.14012,1.04012,1.47412,1.33512,1.16012,0.74812,0.75012,0.35412,0.11612,0.00012,0.64612,0.82112,0.48312,0.56312,0.90912,1.41112,1.27012,0.91312,0.75412,1.63112,0.83112,0.64012,1.01612,0.75212,1.47012,1.06812,0.29912,0.34012,0.74412,0.74312
BC_TUG_BCT1,2021-10-02,294,False,-1,0.66896,1.11596,1.83396,0.68396,0.46096,0.72796,0.61596,0.00096,0.98996,2.28296,2.65796,2.95396,2.12296,2.07096,2.17896,1.83996,1.12396,0.98396,1.07096,0.99596,1.49996,2.52796,2.23996,1.67696,1.14196,0.89396,1.57896,2.07796,2.07296,0.86496,0.93596,1.11096,1.18396,1.73096,1.74496,1.52096,0.94196,1.05796,1.39296,1.20396,1.66296,2.12296,2.88396,1.85796,1.21996,0.65496,0.22596,0.51296,0.92896,0.71096
BC_TUG_BCT1,2021-10-02,385,False,-1,0.21406,0.46106,1.06106,0.00206,-0.10094,0.45806,1.01206,0.95706,1.58806,7.42006,13.5451,7.69006,2.69606,1.31406,0.79106,1.34006,1.56506,1.44406,1.11006,0.88006,1.14506,1.50506,1.60906,0.35806,0.21406,0.76606,1.22206,2.05606,1.31906,0.36706,0.12106,0.58206,0.70006,0.32906,0.51606,1.06406,0.82506,1.09406,1.29806,1.35106,1.32306,1.40706,0.64206,0.20806,1.12806,1.67706,2.01606,2.19706,2.26206,1.16606
BC_TUG_BCT1,2021-10-02,792,False,5,1.9741,1.7721,0.8041,1.2301,1.7221,2.1281,2.9471,2.5891,2.5511,2.5141,2.9341,2.9071,2.3621,1.9471,1.7061,1.7711,2.2911,2.0581,0.7961,0.9871,1.4491,0.8971,0.8691,1.7091,1.9311,1.4071,1.7161,1.5971,1.5781,1.1461,1.1271,0.6281,1.3191,1.0301,0.8321,1.2191,1.3081,1.6861,1.2391,1.2241,1.2791,1.5021,1.9341,1.8931,1.5741,1.2501,0.4641,0.4451,0.7451,1.0601
BC_TUG_BCT1,2021-10-02,1218,False,-1,1.6844,1.7194,1.2114,0.7524,0.3274,0.2644,0.9134,1.5404,5.3584,16.8174,27.4234,22.8374,11.3284,4.5904,2.9814,2.4034,1.3104,1.4324,1.3864,0.5874,0.0034,0.1974,1.0604,1.3494,0.6474,0.5304,0.9984,1.2784,1.3994,1.1524,0.9304,0.0714,0.6334,1.4404,1.1294,0.0584,0.0984,0.3374,0.4074,0.8644,1.3074,0.9304,1.0644,1.0934,0.5464,0.9734,1.4704,1.8994,2.6614,2.2694
BC_TUG_BCT1,2021-10-02,1416,False,-3,2.71156,1.61156,1.05656,2.24456,1.89756,1.25656,1.11356,1.27256,2.59156,3.04356,3.93956,3.68756,3.00756,2.67256,1.55556,2.71756,2.94156,2.69656,2.14556,2.56356,3.71756,2.80456,1.98456,1.75856,1.87756,1.46256,1.05756,1.15256,1.20856,1.26356,1.09656,1.25456,1.05456,1.03956,0.87556,1.11356,1.28156,1.29956,1.38256,1.65156,1.12556,0.69956,0.76756,1.13156,1.60256,1.23656,1.76856,2.21456,1.61056,1.18656
BC_TUG_BCT1,2021-10-02,2443,False,4,1.68518,2.48018,3.60318,4.54718,5.39018,5.80318,5.87818,5.58118,5.68718,6.20218,7.16118,6.33818,5.12318,5.41818,5.43218,4.07118,3.85118,4.17918,3.95118,3.55818,3.66018,4.67518,4.92218,4.79218,4.72918,4.21318,3.08318,3.11118,2.85118,2.13618,1.64518,1.44318,1.17618,1.15118,0.92218,0.75118,0.85218,1.97018,2.85718,2.70918,2.81818,2.32618,1.76218,1.38318,1.47418,0.71918,0.69318,0.27818,0.55218,1.11218
BC_TUG_BCT1,2021-10-02,2504,False,-1,0.39516,4.61116,25.4122,64.3652,66.9922,62.7232,42.7572,39.1642,78.2942,102.222,98.2792,91.2202,77.7412,71.6432,69.9272,63.8242,57.9092,47.6822,36.4312,38.5802,34.7172,21.3252,11.5262,7.38916,3.72216,1.61816,0.86216,2.21416,5.62616,7.07916,6.85516,7.88116,11.5392,12.5692,9.37116,7.39016,6.14716,9.33216,17.7922,24.5122,26.7982,18.9222,8.93216,3.82016,5.37016,8.06816,9.27416,9.30516,9.14616,7.62316
BC_TUG_BCT1,2021-10-02,2505,False,-1,0.2726,-0.0144,0.3806,0.5886,0.1646,0.2986,0.5206,0.0796,0.8636,2.9026,4.0556,2.8436,1.2836,1.3846,1.7176,2.1106,2.2936,1.9776,1.9506,1.9556,1.6896,1.3206,1.1216,1.2546,0.8826,1.8326,1.5286,0.8606,0.8306,0.9846,0.9946,1.1946,0.6326,0.4056,0.9466,1.3296,1.0876,1.3786,1.5216,1.1156,1.0136,0.8206,0.8486,0.7686,1.2736,0.6476,1.5156,2.6886,2.0906,1.2006
BC_TUG_BCT1,2021-10-03,89,False,-3,1.52238,1.48638,1.94838,2.25538,3.03038,3.88338,3.51838,3.04538,2.75538,4.37338,5.54738,5.16638,3.83038,3.03338,2.90038,3.39238,4.37338,3.75038,2.59538,2.57938,2.99238,3.28538,2.81038,2.64938,1.46238,1.33138,1.73838,2.19038,1.76638,2.52938,2.31338,2.15038,1.88538,2.00438,2.35438,1.69838,1.61638,2.42038,1.44138,1.68338,1.72538,0.86838,2.57938,2.09738,1.73438,1.74238,1.02438,1.11338,1.23638,1.31638
BC_TUG_BCT1,2021-10-03,450,False,4,1.50354,1.79254,1.21454,0.91954,1.72554,1.58954,1.97254,1.31754,1.30354,2.96154,2.43154,2.04354,1.75454,1.34654,1.12154,1.10454,1.44054,1.70254,2.40654,1.64854,1.15054,1.89654,1.43054,0.87954,1.23254,0.66154,0.90954,1.47654,1.05754,0.81054,0.57354,0.46354,1.00254,0.93054,1.03254,0.91554,1.21854,1.45754,0.64254,0.45454,0.78254,0.95554,1.29654,1.48154,1.82754,2.24254,0.99354,0.58254,0.80354,1.31654
BC_TUG_BCT1,2021-10-03,492,False,-1,1.5841,0.5151,0.6661,1.0071,0.9021,0.6431,2.1551,6.1571,91.0481,367.207,456.508,347.425,295.294,257.32,195.108,146.862,99.4961,55.9311,34.4441,26.2011,19.4121,12.5211,8.3151,6.2461,5.4971,5.8651,7.3431,7.4861,7.9001,8.3101,8.0321,8.4991,8.6321,9.7781,10.1681,9.5791,8.6201,7.9651,6.6401,3.7131,1.5041,1.7131,2.2241,2.5231,2.9091,3.0341,2.2361,1.1751,1.3071,2.1581
BC_TUG_BCT1,2021-10-03,854,False,8,0.85948,2.29548,2.18148,1.64048,1.75648,1.44448,0.38048,0.91348,1.20348,1.80948,3.16248,2.78948,1.48748,1.20448,1.39148,1.28848,1.51748,1.28048,1.19348,1.31748,1.65348,1.11148,1.39548,0.86348,0.95548,1.34548,1.43948,1.34648,1.51048,0.91548,0.55248,0.92448,1.62148,1.46048,1.30948,1.05248,0.66448,1.10848,0.87048,0.93248,2.41648,1.49248,1.00048,0.90748,1.04548,1.67448,1.62348,1.34748,0.93248,0.93748
BC_TUG_BCT1,2021-10-03,1023,False,0,1.13352,1.15652,1.23752,1.02852,0.97552,0.53152,0.00052,0.41252,1.80252,2.72852,2.86552,2.62952,2.55952,2.50352,2.36452,2.01652,1.62252,2.05752,1.90652,1.49652,1.99652,2.25952,1.66752,1.24852,1.42252,2.11252,1.92252,1.45652,0.75152,1.23152,1.34852,0.82852,1.21952,1.07552,0.90352,0.80952,1.43852,2.02852,1.05552,1.51552,2.04652,1.29152,0.75252,0.48752,1.11352,1.76052,1.11652,1.04452,1.20852,0.42052
BC_TUG_BCT1,2021-10-03,1562,False,-3,0.86846,1.19046,1.15746,0.86346,1.25246,2.25646,1.90346,1.71346,1.22146,2.05746,2.96046,2.00746,1.24846,0.95746,1.09246,1.06846,1.83846,1.87846,1.19546,0.87146,1.03046,1.02646,1.30746,1.25846,0.94846,0.93646,1.59446,1.85146,1.40646,1.32346,1.14846,0.92946,0.33346,0.37746,0.31746,0.58746,1.75046,1.76046,0.40546,0.85246,0.68746,0.25446,0.65746,1.08646,1.57046,1.19146,0.96446,0.57446,0.87346,0.68446
BC_TUG_BCT1,2021-10-03,1852,False,-1,0.19582,0.82382,1.11482,0.97682,1.11182,1.63582,0.66982,0.44382,3.28082,5.97482,6.07982,4.67682,3.40482,2.28382,2.66982,2.84782,3.14282,2.95682,2.99982,2.58782,1.93282,2.14882,2.61982,2.83682,2.76782,3.27782,3.39582,1.67582,1.44582,1.98382,1.78482,1.68982,1.73682,2.17882,1.22682,1.60982,2.18382,2.66982,1.61582,0.79082,1.21482,1.89482,1.21782,1.14382,1.64482,1.86282,1.40682,1.20982,1.31182,1.51982
BC_TUG_BCT1,2021-10-03,1955,False,1,1.3351,0.8481,1.0871,1.0861,0.9071,1.1551,0.5771,0.2041,0.4561,1.8021,3.2351,2.1231,1.5101,1.1671,0.5721,0.1541,0.3621,0.4591,1.3771,1.9771,1.4841,2.0521,2.0991,0.6821,0.0281,0.9881,2.1811,0.8261,0.2921,0.7391,0.4031,0.4101,0.3011,0.4811,0.8581,0.7361,1.7881,1.3911,0.0001,0.2811,1.3771,1.1301,1.0081,0.3871,0.6881,0.3591,0.6231,0.6571,0.5991,0.4101
BC_TUG_BCT1,2021-10-03,1986,False,-3,1.25158,0.92858,1.02858,1.30658,1.04858,0.81558,0.83958,1.65658,1.85858,2.71458,2.80358,2.09958,1.52358,1.29758,1.59058,1.13258,0.65358,1.01458,1.16258,0.05258,0.51558,1.68458,1.80258,1.49758,1.34458,2.19258,2.18458,1.74758,0.84058,0.22958,-0.15342,0.00158,0.28458,0.33958,1.54458,2.18058,1.98558,1.22258,0.56058,0.49358,0.63858,0.32158,1.09158,1.54858,1.56658,1.66458,1.13358,1.06758,1.03858,0.90258
BC_TUG_BCT1,2021-10-03,1989,False,2,1.0916,1.7246,2.5756,2.1526,1.7126,1.3716,1.7016,1.9496,1.8156,2.8976,4.0936,3.1606,1.7806,1.5696,1.2926,1.8846,1.7786,1.4126,0.4556,0.5556,0.9366,0.0766,1.4066,2.5326,2.1856,2.2806,2.0376,1.7696,1.0086,0.5266,0.5176,0.4796,1.1906,0.6616,1.2406,1.7696,1.6516,1.8476,0.8876,1.6776,2.4556,2.4456,1.8076,1.5536,1.6956,1.7696,0.8826,0.5846,1.1326,1.2076
BC_TUG_BCT1,2021-10-03,2055,False,-2,14.3728,9.53578,10.9748,14.0898,20.5768,26.5288,31.0928,36.7368,43.5128,52.1508,56.2608,55.7628,52.7178,52.4408,52.7648,51.7538,49.9968,47.6888,43.9928,41.0498,39.3628,39.3078,43.3108,45.5868,44.7148,42.5888,40.3228,37.9178,34.0708,30.4948,28.6998,29.0948,29.3258,27.4398,21.6158,19.0038,17.3268,15.9528,14.1818,13.3998,12.6988,11.7628,12.9128,13.9978,12.1238,8.56178,7.58978,8.93178,9.50678,7.56778
BC_TUG_BCT1,2021-10-03,2066,False,-2,1.92396,2.08996,2.77296,2.38296,2.58196,2.28496,1.92496,1.29696,1.63296,3.33496,3.42396,2.42496,1.62696,2.10996,2.79196,2.71496,2.69796,2.85196,2.40696,1.70896,2.70296,2.29096,2.10896,2.41796,2.46196,2.41996,2.37796,2.65796,3.12896,2.65196,1.93096,1.13196,1.35996,1.35196,1.11996,1.35896,0.70696,0.76196,0.72496,0.54896,1.22696,1.69396,0.60996,-0.24404,0.00296,0.39196,0.68096,0.89596,0.59996,0.75696
BC_TUG_BCT1,2021-10-04,45,False,0,1.94142,2.53142,3.09742,3.59442,2.92942,2.54842,2.14342,2.17842,5.19342,6.50542,6.04742,6.14442,5.52142,5.23542,6.24442,6.37342,5.10242,5.01142,4.44042,4.60642,3.66342,3.00842,3.34142,3.73342,3.61342,3.78242,4.22042,2.73142,1.08142,1.09942,1.57442,1.67642,1.40442,0.96242,1.02942,0.79542,1.11042,1.14842,0.54742,0.67442,0.44242,0.27742,1.96542,1.03142,0.72642,0.66142,0.83242,1.03542,1.38842,2.39042
BC_TUG_BCT1,2021-10-04,66,False,1,1.14408,0.24408,1.26508,1.33108,1.48808,1.57608,0.98008,0.76408,0.71308,1.83908,2.62508,2.29108,1.54608,1.39408,1.21408,1.29408,0.50908,0.02408,0.43508,0.65008,0.79908,0.70408,0.33908,0.57508,1.26308,2.06508,1.74808,0.85108,0.33008,0.40108,0.86308,1.60408,1.20608,1.11908,1.11308,0.77108,0.97308,1.08108,0.92708,0.81408,0.86808,1.36508,1.39708,1.16008,0.32708,0.00308,0.55108,0.62308,0.46108,0.65208
BC_TUG_BCT1,2021-10-04,277,False,3,1.73016,2.28516,1.71816,2.05816,1.91116,0.93716,1.32116,1.72816,2.31116,3.18616,3.44016,2.76316,1.53116,1.21716,0.80216,0.98416,1.23616,0.75416,0.54116,2.09016,1.26516,0.52516,0.43216,0.94616,2.34816,1.58416,1.33616,1.41916,1.87416,1.74416,1.19516,0.50516,1.08316,1.18616,0.58416,0.00016,0.36516,0.62516,1.36516,1.29016,1.45116,1.49016,1.14616,1.31016,0.63216,0.32516,1.20716,2.04516,1.84216,2.32116
BC_TUG_BCT1,2021-10-04,390,False,0,1.59324,1.03824,0.94124,1.28024,0.23624,0.63324,1.06924,2.05224,2.89424,2.61424,3.09624,2.75824,1.84424,1.50124,0.90524,0.92224,1.50124,1.27424,1.47824,2.18424,1.37624,1.03724,1.48924,1.32524,0.95124,1.61124,1.60424,1.49124,1.35424,1.65024,1.79124,2.01424,1.57624,1.86424,2.44924,1.68324,1.44124,1.97624,1.86524,1.38824,1.33324,1.01924,0.97824,1.35524,1.72924,1.28324,0.77624,1.15124,1.21224,1.18224
BC_TUG_BCT1,2021-10-04,899,False,3,0.93856,0.73256,0.59556,0.63356,0.10456,0.44556,0.78356,0.44056,0.46456,1.58156,2.72156,2.69656,1.32956,1.02056,1.24756,1.29556,0.53256,0.26356,0.92856,1.65056,1.56756,0.83156,0.71556,1.33956,0.86656,0.28056,-0.06744,0.05556,0.66656,0.55656,1.30256,2.02656,1.02156,1.55956,1.27256,0.65856,0.17456,0.57256,0.53756,0.44256,0.41956,-0.02644,0.30156,0.87856,0.42556,0.56656,1.16356,1.06256,0.49856,0.38856
BC_TUG_BCT1,2021-10-04,909,False,0,0.73048,1.11348,1.30048,0.92648,0.80148,1.02248,1.20848,1.39048,1.32748,2.02548,2.68348,2.25048,1.58648,1.08848,1.27748,2.10948,2.45948,2.03648,1.52448,1.51048,2.05748,1.86648,1.53848,0.81648,0.76848,1.08348,1.12748,1.62148,0.84348,0.58248,0.13048,0.71048,1.94448,2.13348,1.06748,0.99148,1.15448,1.43948,0.96848,0.83748,1.36548,0.65948,0.63448,0.87648,0.85048,0.49748,1.20148,1.65548,1.23948,0.89348
BC_TUG_BCT1,2021-10-04,989,False,-3,0.30988,0.72088,0.65388,0.38688,2.56288,5.61088,6.85688,7.70988,8.54488,9.87488,11.0069,10.4269,9.96488,9.49488,8.98688,9.24188,9.21688,9.42688,9.42388,9.58088,9.17188,8.36288,7.89588,6.61988,6.25688,6.39888,6.52988,6.54688,6.40888,6.68488,7.44188,7.28588,6.57688,6.71788,6.47388,5.37888,5.20088,6.10488,6.41688,5.55988,6.60888,7.16188,6.30588,5.89088,5.73788,4.41588,4.31388,3.63188,4.22388,5.55888
BC_TUG_BCT1,2021-10-04,1091,False,-1,1.26518,2.24718,1.65418,0.17818,-0.71782,0.67018,0.98018,1.38318,1.69818,2.97418,3.85518,3.08818,1.74018,1.10118,1.82718,1.90918,1.75318,1.87018,1.53618,0.73318,0.63218,0.80118,1.34518,1.04618,1.34918,1.35118,0.80018,0.58718,0.79618,1.35018,0.98818,0.91718,0.83218,0.71718,0.73318,1.04918,1.00718,1.31118,1.11418,0.88118,0.40518,0.88318,1.37918,0.99318,0.92418,-0.00882,-0.52882,1.34318,1.56718,0.94418
BC_TUG_BCT1,2021-10-04,1689,False,0,0.95302,0.94202,1.74402,1.01302,0.90402,1.36202,1.70602,2.45602,2.40202,2.89402,3.02602,2.96302,2.14602,1.19002,0.89102,0.94002,0.84802,0.59502,0.44502,0.36202,0.44302,-0.04998,0.14802,0.99602,1.28102,0.56102,0.53602,0.73002,1.00402,0.71402,0.58702,0.59702,1.29102,1.22202,0.76402,0.33202,0.28502,0.27602,0.79002,0.83002,0.96402,1.24302,0.90302,0.06802,0.66802,1.36202,0.35002,0.95202,0.95202,0.97902
BC_TUG_BCT1,2021-10-04,2292,False,1,0.54282,0.66582,1.10682,0.61282,0.58882,2.67282,12.5108,27.6908,38.9928,48.1508,47.1138,39.8348,29.4648,18.3248,16.5168,16.7708,11.4308,6.45282,6.56882,7.24082,5.94182,3.64082,1.26382,1.72482,3.42882,4.06682,4.08382,3.49482,2.87282,2.33782,2.39782,2.24882,2.30882,1.04182,0.78382,0.12582,0.37182,0.13782,0.70582,1.17882,1.79082,1.69882,2.67482,2.79182,3.05582,2.72982,2.27982,2.21082,1.77982,1.87482
BC_TUG_BCT1,2021-10-05,0,False,-1,0.12656,0.66756,0.10656,0.12656,0.34756,0.38956,0.78556,1.21056,1.09156,1.53056,2.29756,2.40556,1.36756,1.14456,1.16956,1.05156,1.27756,1.40556,1.07456,1.05856,0.85556,1.01556,0.92156,1.33056,0.70356,0.11056,0.46256,1.16156,1.47856,1.54656,1.35456,1.10756,0.69556,1.21256,1.28456,1.29556,0.81256,0.56056,0.66556,0.73556,0.27756,0.88256,0.54556,0.25756,0.72456,0.87156,0.81956,0.40956,0.19456,0.65556
BC_TUG_BCT1,2021-10-05,45,False,0,1.75248,0.51948,0.37748,0.90348,0.67748,0.64148,0.36148,-0.04452,2.08548,8.99348,10.5785,7.74548,6.21048,5.52448,4.24948,3.32348,2.75648,2.88348,3.39148,3.51448,2.63348,2.21548,2.27048,1.97648,1.43848,0.70248,0.41648,0.10448,0.21348,0.36648,1.08848,1.71148,1.64648,0.92048,0.87048,0.88548,1.21948,1.47448,0.74648,0.99948,1.25948,1.25848,0.64048,0.35448,1.19448,1.42848,0.83848,0.17148,0.08548,0.64748
BC_TUG_BCT1,2021-10-05,72,False,-1,1.42208,1.48008,1.59908,1.24308,1.28508,0.89308,0.50808,0.79808,1.00808,1.93508,2.64808,2.00708,1.18508,0.81408,0.80908,0.74508,0.35708,0.71108,1.33808,1.52408,1.37308,1.83508,1.85908,1.58008,1.53508,1.31008,1.40408,2.13608,2.35508,1.65508,1.41708,0.93308,0.36708,-0.00392,0.97408,1.30708,1.15208,1.12808,0.47308,1.07008,2.06208,2.12008,1.74608,0.89208,0.89608,0.71708,1.23908,1.08608,1.02408,1.16908
BC_TUG_BCT1,2021-10-05,141,False,1,0.42142,0.09642,0.56342,0.77642,1.94742,2.87042,2.26042,1.67142,1.09442,1.72842,3.11642,2.33242,1.56742,0.97242,1.28942,1.66442,1.80942,1.97142,1.99442,1.66642,1.10042,1.65742,1.55642,1.49042,1.07442,1.42342,1.75242,2.06342,1.70542,0.97942,1.03542,1.59942,1.25342,1.53942,2.01242,2.37842,1.80942,1.28642,1.33842,1.12042,1.41042,1.38142,1.28442,0.62542,0.98242,1.14342,1.17542,1.85942,1.95642,1.91042
BC_TUG_BCT1,2021-10-05,468,False,-1,0.799,0.672,0.51,0.805,1.2,1.542,0.724,1.022,6.346,14.619,18.489,18.739,15.929,13.54,11.258,9.805,9.979,9.994,8.848,6.759,5.091,3.427,4.22,3.24,3.526,2.952,3.209,3.822,3.928,3.485,4.555,5.862,6.104,5.174,3.932,3.748,2.702,3.185,3.693,2.918,1.652,1.277,0.976,0.758,1.026,1.183,1.199,0.174,0.349,1.163
BC_TUG_BCT1,2021-10-05,881,False,0,12.5815,19.1955,20.6725,15.8255,11.2075,11.9865,19.0655,23.1975,23.7865,26.6195,27.7965,25.7665,23.5055,21.7435,20.4375,20.5275,16.7995,12.5855,7.35948,3.68748,2.16748,3.33248,5.19748,6.44048,6.24048,4.52948,3.33248,3.40448,2.83548,2.30548,1.99048,2.29448,3.64948,5.46348,5.86548,3.82748,3.90648,4.14248,4.28748,3.98148,3.08648,2.65148,2.43348,2.15548,2.14448,1.71948,1.37348,0.68448,0.99848,0.38248
BC_TUG_BCT1,2021-10-05,1034,False,2,0.6745,0.8715,0.6555,1.0485,1.8275,1.5205,1.3195,1.0395,1.2315,1.8675,2.4335,2.0185,1.3565,0.9495,0.9115,1.6055,1.9455,0.9015,0.4905,0.7685,0.8215,1.2155,1.6905,2.0495,1.8075,1.7705,0.8485,0.2485,0.4705,1.4065,1.3365,1.5095,1.4245,1.4325,1.8595,1.7675,1.2535,1.3225,1.2885,1.5075,0.7845,0.6965,1.0865,1.1865,0.8485,1.3185,1.3745,1.3455,1.4015,1.3955
BC_TUG_BCT1,2021-10-05,1075,False,8,1.0634,0.8504,1.0634,1.8284,2.4034,2.0304,1.5284,1.0914,0.9754,1.9894,3.2134,2.6384,1.8664,2.2724,2.5434,2.0364,1.6914,2.3834,2.4084,1.6564,1.4254,1.7524,2.4874,2.0174,2.0744,3.0424,2.9024,1.9574,1.4404,1.1834,1.2974,1.5334,1.4574,1.6814,1.7194,0.9424,0.9484,1.0534,1.3944,1.5434,1.1964,1.5104,1.7844,1.9584,1.5794,1.5544,1.5044,1.6404,1.4544,1.1904
BC_TUG_BCT1,2021-10-05,1302,False,0,0.40072,0.45872,-0.04028,0.53672,0.85872,2.16572,11.5767,32.2487,48.4787,57.0767,57.3777,51.1427,41.2107,31.3777,25.1187,20.5537,17.7177,16.3307,14.8917,14.6567,15.9897,15.7127,14.6207,10.7487,7.81872,7.89272,8.04472,7.80872,6.84472,4.87372,4.48472,4.56972,4.04872,5.14572,7.64972,7.63972,6.55872,8.02472,9.90772,10.7597,9.67972,7.32372,5.94072,5.47972,5.07072,4.46872,3.19672,2.17672,1.73872,1.34672
BC_TUG_BCT1,2021-10-05,1526,False,0,0.39722,-0.00078,0.68622,0.76222,0.51822,0.70422,0.62022,1.18122,9.48822,29.1182,35.2152,27.3822,17.8422,10.1682,6.91322,6.17522,9.87722,11.1452,9.17022,7.77522,4.48022,1.84622,0.93422,1.13222,1.90422,2.97922,2.94522,2.35622,1.78022,1.00422,1.32722,1.08422,0.57122,0.28722,0.86222,1.66822,1.39022,1.38722,1.24822,0.68922,0.19322,0.14822,0.72922,1.26922,2.23322,2.31022,0.97122,0.38622,0.04922,0.68022
BC_TUG_BCT1,2021-10-05,1844,False,-1,1.1954,1.6654,1.1964,0.9624,0.5944,1.7674,1.1494,0.6354,1.0834,2.3724,2.5014,1.4794,0.9544,1.2054,1.5974,1.3664,0.6564,0.0724,0.4004,0.8174,1.1484,0.8794,0.2574,0.1274,0.1594,0.3364,0.9554,1.0784,0.7134,0.4074,0.8624,1.0744,1.4004,1.3754,0.9134,1.5714,0.7744,0.2684,0.6734,0.0904,-0.2156,0.3114,0.2924,0.3964,1.0304,1.6324,1.1524,1.7544,1.1244,0.5884
BC_TUG_BCT1,2021-10-05,1876,False,-4,1.30076,1.22676,0.91176,0.87476,0.72776,0.80076,0.71076,0.91476,1.36076,1.94176,2.32676,2.25176,1.68276,1.40476,1.95776,1.44376,1.48976,1.00676,1.13976,1.64976,1.20076,0.71076,0.33876,0.55576,0.58876,0.66476,0.52976,0.58176,0.64076,0.68676,0.53876,1.06776,0.70476,0.55376,0.65476,1.01776,0.46976,0.79376,1.20776,1.01176,1.02876,1.13376,0.82576,0.96476,1.60576,2.08276,1.44876,0.65176,0.77476,0.55676
BC_TUG_BCT1,2021-10-05,1877,False,-1,0.81006,0.31306,0.52406,0.68206,0.19106,0.16206,0.72106,1.46806,6.23206,28.6421,54.0141,45.1891,24.2171,15.5711,12.9761,10.9611,9.35406,7.17506,5.89606,5.68806,5.58406,5.88206,5.57206,6.21106,9.27506,9.79906,9.48606,9.62306,9.79806,11.3051,10.9381,6.87106,3.51506,2.74206,2.16606,1.56706,0.75706,1.44306,2.85406,3.11706,3.47106,3.58006,3.88806,3.45006,1.99206,0.68606,0.61406,0.82906,1.10306,0.78106
BC_TUG_BCT1,2021-10-05,2124,False,3,2.05502,1.44402,0.57102,0.93202,1.36502,0.50002,1.53602,2.42902,2.17202,2.51302,3.01302,2.11302,1.54902,2.28402,2.03202,1.36702,1.54502,1.06902,1.08702,1.44902,1.31502,0.27802,0.86002,1.02202,0.33302,1.57702,1.84602,1.05002,1.48002,1.61102,1.23402,1.23402,1.53002,2.48702,2.06902,1.80902,2.02902,1.85002,1.65302,1.77302,1.33802,0.93502,0.85802,1.14702,1.25802,1.44502,1.92002,2.25802,1.44802,1.40902
BC_TUG_BCT1,2021-10-05,2247,False,0,1.33624,1.87624,1.62524,0.98224,2.80424,12.5212,29.1452,38.3412,51.3992,61.7152,62.2702,54.8952,38.3772,31.0432,29.5612,29.3542,27.8142,23.1572,22.8752,24.8712,26.7132,23.6452,13.2522,4.85724,2.16124,0.76524,0.97624,1.42624,1.32124,0.82124,1.06824,1.38824,1.77124,1.96624,2.67324,1.42424,1.16224,0.82524,1.04524,1.60824,1.65224,1.41524,0.80924,0.90924,1.45324,1.53424,0.77924,0.74324,0.58924,0.53524
BC_TUG_BCT1,2021-10-05,2248,False,6,1.67748,1.62848,1.12748,0.13548,1.20448,1.08448,1.15848,0.50448,0.22448,1.61748,2.98548,2.18548,0.87848,1.04648,1.21048,1.65448,1.41948,1.06148,1.42148,1.29248,1.10648,1.55348,2.33148,1.41848,0.79048,0.79148,1.98548,1.40548,1.39748,1.12748,1.11948,0.75848,1.12448,1.08548,0.86548,1.00948,0.99248,1.21448,1.30048,0.71348,0.42048,0.00248,0.27648,0.55148,0.79548,1.55248,1.70648,1.02948,0.70148,0.67748
BC_TUG_BCT1,2021-10-05,2310,False,0,1.21074,1.34174,1.65874,1.73374,1.91174,2.29874,3.37674,4.48274,4.86674,5.27374,5.60974,5.23274,5.09874,4.44674,3.61574,3.07874,3.07074,3.42474,3.40774,3.51574,2.54074,1.45174,2.15974,2.48574,2.42274,2.73074,2.35874,2.33574,2.21374,2.55674,2.31174,2.38374,2.09574,1.69374,2.53174,2.84474,2.42874,2.01774,2.20174,1.84774,1.68274,1.78274,2.45174,2.10774,1.76474,2.20874,1.67374,1.53274,1.43074,1.35574
BC_TUG_BCT1,2021-10-05,2312,False,-3,0.7919,1.0299,1.1859,0.9219,0.9109,1.1759,4.4519,9.7099,12.9839,14.5539,14.9969,14.4169,13.3039,12.4569,9.7069,5.1789,2.2059,0.8779,1.0559,2.7069,3.6609,4.4489,5.3499,4.6729,2.8209,3.3339,4.5459,3.8599,2.7999,2.6209,2.4219,2.0219,1.4259,1.7859,2.6419,2.0189,1.3089,1.4899,1.4139,1.4489,1.7139,2.3269,2.5119,2.5569,2.3649,2.3799,2.7689,3.0379,2.5419,1.5829
BC_TUG_BCT1,2021-10-05,2319,False,8,0.49676,0.40576,0.22176,-0.06624,0.46776,0.39276,0.60276,0.67976,1.09976,2.00176,2.41176,2.01576,0.88576,1.33376,1.79376,1.67276,0.56876,0.26376,0.42176,0.82276,1.26176,1.50776,1.24776,0.68876,0.85876,1.57676,1.92976,0.74876,1.17176,0.65476,0.28676,0.62776,1.97376,1.89476,1.91076,2.20276,1.62376,1.36476,0.84476,1.16076,0.06776,-0.15224,0.58076,1.29776,0.98076,1.33276,1.33276,0.46576,1.51076,1.81376
BC_TUG_BCT1,2021-10-05,2324,False,0,0.92702,0.67702,-0.04998,0.65002,0.76202,0.48902,0.79302,0.96602,4.09902,11.37,11.965,7.21402,3.39002,1.57502,1.41402,2.28902,1.74802,1.58702,1.78102,2.46202,3.76402,3.63202,1.58502,1.46802,1.56202,1.62202,1.72102,1.72702,1.93102,1.58402,1.44502,0.65102,0.13702,-0.01098,0.50702,0.91302,0.47502,0.77302,0.92502,0.79302,1.50602,2.50302,1.96502,2.04502,1.57802,1.55102,1.35002,1.32002,1.44002,1.43402
BC_TUG_BCT1,2021-10-05,2333,False,-4,0.9851,1.0281,1.1901,1.1331,0.9911,0.5311,0.7171,1.1131,1.7451,2.3381,2.6441,2.5881,2.0771,2.1821,1.4411,1.2881,1.4901,1.7271,1.0161,1.4911,1.7681,1.7531,2.6571,2.1661,1.2161,1.0261,0.9701,0.7121,1.0941,0.7461,0.4141,0.6031,1.3441,0.9971,0.6401,0.7241,0.9961,0.1041,-0.0349,0.9271,1.8081,1.0041,0.8501,1.0451,0.7041,0.8271,1.0161,0.4171,0.0001,0.7651
BC_TUG_BCT1,2021-10-05,2347,False,-1,0.83352,0.12052,-0.02548,0.40352,1.12152,0.83752,0.72852,1.36852,8.27952,27.3235,36.2155,29.5705,20.1375,16.1755,14.8465,14.4285,12.4035,10.8975,9.11152,8.07152,8.98452,9.51452,8.79252,8.26952,7.30452,6.62052,6.00452,6.39252,6.87852,6.47452,5.97752,6.09752,6.27552,6.35252,7.25652,7.81352,6.76352,6.13252,6.12952,6.30952,5.86952,4.58652,3.39052,3.22552,3.22252,3.23052,3.74752,2.26552,1.88552,2.23652
BC_TUG_BCT1,2021-10-05,2389,False,3,0.32246,0.74046,0.60646,0.96646,1.29946,0.73646,0.31746,0.29546,0.84746,2.04146,2.69746,2.10946,1.29846,0.81746,0.74046,0.84046,0.34946,0.45346,1.13946,2.18146,1.97646,1.19746,0.75946,1.08246,1.49246,1.54346,1.24846,0.67946,1.16446,0.46846,0.31246,0.56446,1.43546,1.53146,1.63546,0.66246,0.29946,0.58546,0.61646,0.59046,1.04046,1.38846,0.84446,0.96146,1.07646,0.53346,-0.03354,0.03846,0.25446,0.63946
BC_TUG_BCT1,2021-10-06,7,False,-1,1.43888,0.82088,0.32688,1.02988,1.66688,1.86988,1.49988,1.13588,2.04388,4.54788,5.83888,5.48588,4.98488,4.14188,3.14088,3.58888,3.29588,2.91088,3.19588,3.56588,3.14488,2.02388,2.34088,1.89588,1.62288,1.72488,2.01388,1.99288,1.81188,2.36088,2.23088,1.43688,1.56288,1.92788,1.60388,1.49688,2.38088,2.83188,2.17288,1.43388,1.55588,1.72688,2.03888,2.73788,1.58088,1.13988,1.04888,1.51788,1.11888,1.27388
BC_TUG_BCT1,2021-10-06,37,False,0,21.2028,23.6448,30.4178,36.7638,38.4198,42.6298,48.6448,54.1748,59.0428,63.3738,65.3548,64.6248,64.4338,63.3808,63.6428,63.7508,62.8028,62.7058,63.7758,62.5488,59.2668,55.3128,49.0998,41.8738,35.4218,30.1378,26.2778,23.6128,21.9008,21.5248,20.4588,19.3518,18.0198,16.9518,14.2008,11.4878,9.77884,7.03084,6.31584,5.70084,5.05984,5.03384,4.59984,4.03284,4.07084,3.91784,4.41884,4.40384,3.89484,3.75684
BC_TUG_BCT1,2021-10-06,54,False,0,1.2452,0.7592,0.3832,0.6002,1.2612,1.0862,1.4142,3.9852,17.7282,38.0232,44.2432,39.4082,29.5282,18.9442,10.7772,8.5062,10.4692,15.4802,17.8412,17.1622,15.5482,14.5812,13.2242,13.3142,13.7852,11.3752,8.0572,5.6562,4.9902,5.0982,4.9812,4.6632,3.4852,2.9722,2.7032,2.5042,1.8632,1.9632,1.6242,1.6742,1.9122,1.0292,1.0082,1.5982,1.6682,1.9162,1.8702,1.6452,1.6772,1.7802
BC_TUG_BCT1,2021-10-06,55,False,4,2.2519,2.5309,3.3999,3.9159,3.6049,3.7109,4.1769,4.6399,4.2269,4.9159,5.5489,4.8539,3.8109,3.6679,3.9379,2.1309,0.8409,1.2209,2.2699,2.2509,1.5859,1.5499,1.7499,1.7059,1.6169,1.4639,1.1799,1.0939,1.5519,2.2269,1.7549,1.9429,2.0529,1.4309,1.1309,1.0599,1.1589,0.8549,1.2779,1.5989,1.2329,0.2319,0.7369,1.4309,0.1249,-0.0681,0.3289,0.6559,0.5029,1.1859
BC_TUG_BCT1,2021-10-06,58,False,-1,1.24618,2.25018,1.32618,0.55618,-0.02382,1.20718,1.97918,1.26818,0.67018,1.29318,2.75118,2.95418,1.07218,0.42318,0.06118,0.37418,1.18318,1.48318,1.44118,1.38918,0.52218,0.76718,1.44318,1.77318,1.39218,0.87818,0.85518,0.90118,1.38618,1.27518,1.35618,1.78318,0.70118,0.63718,1.28118,1.93018,1.35418,1.21618,1.42618,1.19718,1.06418,0.83818,0.89218,1.10618,1.23718,1.29418,1.20018,1.05818,1.31318,1.12218
BC_TUG_BCT1,2021-10-06,89,False,0,3.13052,6.04552,9.02252,10.2225,13.1115,15.6155,16.2865,15.8845,20.1635,22.8775,23.6905,22.4495,20.9265,20.9055,21.5795,21.6025,20.2315,17.6045,14.1995,11.5465,11.2215,11.2165,11.5295,12.0715,11.8855,10.5855,8.41152,6.54952,3.78452,1.34852,0.40752,0.84952,0.74952,1.05452,1.32352,1.28552,1.12852,1.11552,1.24352,1.15152,0.81452,0.61052,1.04952,1.62752,1.49552,0.62152,0.27352,0.56452,0.83652,1.86452
BC_TUG_BCT1,2021-10-06,111,False,0,1.60716,1.56516,1.11916,1.20916,2.19116,2.97516,2.75316,2.61616,2.52616,4.55416,4.72616,4.62916,4.41316,3.94216,3.49016,2.96116,4.11516,4.57716,3.38816,2.63416,2.55216,2.80416,3.18916,4.01316,4.08116,3.10016,3.30116,2.97116,2.76616,3.72816,3.96416,4.00216,3.63016,3.41116,4.59316,6.02416,5.79516,6.18516,6.51516,6.74816,6.55416,6.91316,6.91916,6.96316,7.20116,7.75116,8.07616,8.52816,8.50516,7.88616
BC_TUG_BCT1,2021-10-06,140,False,2,1.23678,1.34878,0.57578,1.06278,1.68378,1.52078,1.73278,2.79778,4.13178,5.29178,5.18278,5.08678,4.29178,4.36478,5.02278,4.43078,3.70578,2.89078,2.56178,3.05178,2.49178,1.98378,1.14578,0.94278,0.99078,0.69578,0.81378,0.34578,-0.26322,0.46878,0.33978,0.73978,1.08478,1.19778,1.55378,1.41678,1.75878,1.81778,1.16678,0.89578,0.87978,1.04678,1.07778,1.74278,2.12078,1.99878,1.92878,1.45078,1.35478,1.56978
BC_TUG_BCT1,2021-10-06,225,False,2,0.57918,1.34118,2.75918,2.28918,1.58118,1.35218,1.77118,2.25318,2.03318,2.60218,2.62718,3.11918,1.86318,1.81218,1.36218,1.79018,2.36618,1.46718,1.22218,2.01618,1.77518,2.18018,1.41218,0.05518,0.74418,1.22118,0.74918,1.01718,1.11218,0.92318,1.20818,1.19618,0.96318,1.29018,1.48918,1.06718,0.84118,0.81318,0.48918,0.04618,0.97518,0.88518,0.97318,1.62318,1.18518,0.96018,0.98518,1.35318,1.00518,0.59918
BC_TUG_BCT1,2021-10-06,448,False,0,0.2848,0.4318,0.3248,0.0588,0.4518,0.4998,0.6648,2.5228,7.8998,16.2868,23.4308,19.7738,10.8168,4.2538,2.5548,4.0418,3.9098,3.0338,4.0558,6.2348,7.4648,6.5728,4.9498,4.3838,5.3128,5.0768,5.5928,5.9658,5.5688,3.5778,2.2378,2.3708,1.8558,2.0528,2.6418,2.6528,3.6388,3.4948,2.9408,3.6888,4.2238,4.0268,2.8728,1.7268,1.3238,1.5878,1.3428,0.9138,0.7788,1.4778
BC_TUG_BCT1,2021-10-06,609,False,0,1.49074,2.18674,1.61474,0.77774,0.41874,0.71474,1.64574,2.35874,2.31074,3.20874,3.80374,3.24074,2.74074,2.56274,2.32574,1.48774,1.12974,1.07174,0.80174,1.62774,1.24874,0.74374,1.46174,2.30974,2.16574,1.99674,1.20274,1.22874,1.49874,1.71674,1.35274,1.03774,1.18574,1.53874,1.40574,0.79174,0.32574,0.30174,0.83874,1.54674,0.73074,0.21474,0.39374,0.48174,0.83274,0.00774,0.33974,1.32874,1.04374,1.07374
BC_TUG_BCT1,2021-10-06,789,False,0,0.56138,1.98738,1.38238,0.49138,0.71938,0.47338,1.24438,4.35338,10.1004,12.4924,12.4264,12.3594,12.0754,10.6964,9.20938,9.40438,9.06638,5.27538,3.90938,4.17038,4.21238,3.41838,2.38438,1.25538,1.19438,2.16938,1.72938,0.92838,1.72738,0.85238,1.11138,1.49338,1.32538,1.44938,1.50838,1.49838,1.26538,1.07238,1.03138,0.10238,0.42338,0.53938,0.90738,1.37138,1.41238,1.41738,1.52738,1.52138,1.28438,0.73938
BC_TUG_BCT1,2021-10-06,849,False,0,0.7486,0.0686,0.9636,7.7356,24.3866,25.4366,21.3656,19.1056,19.5566,24.6376,27.7286,24.8846,19.7736,12.9246,8.2596,5.7806,3.6606,3.0866,2.4356,1.7276,1.9246,2.6436,3.6106,4.4016,5.1986,4.7526,5.1496,5.6476,6.0766,6.6946,7.1156,6.3716,5.4356,5.4326,4.0926,3.7566,3.4076,3.0396,3.2246,3.0606,3.0506,3.6976,3.6336,2.8446,2.4846,2.5416,2.4346,2.6926,2.7986,2.4736
BC_TUG_BCT1,2021-10-06,907,False,4,1.46788,1.63488,1.09388,1.98888,2.23188,2.81388,3.04188,2.66488,3.22788,3.75688,4.28288,3.50788,3.13188,2.80488,2.90388,2.86688,3.11488,3.78088,3.93788,3.45388,3.15788,2.80488,2.26988,2.69388,2.58688,2.10088,2.63288,2.50488,2.29288,3.12288,2.31288,1.96288,2.01988,2.74688,2.51088,2.86888,3.74888,3.60888,3.12988,3.17588,3.59488,3.47988,3.19988,3.33888,3.18288,3.57588,4.58188,4.82988,5.01688,5.78888
BC_TUG_BCT1,2021-10-06,1035,False,-1,-0.15596,0.48804,0.83104,0.67304,0.59304,1.22004,2.63204,8.77704,28.588,50.097,56.037,52.951,44.387,34.269,29.676,28.674,27.462,24.532,21.827,19.48,17.68,16.728,14.36,13.877,13.689,10.326,5.31804,3.34704,3.37904,4.38004,4.61504,4.96604,7.58604,9.44404,10.274,10.533,11.2,11.328,9.49904,7.02204,7.25004,9.57404,10.646,7.81504,4.98504,3.57804,2.51204,1.07904,0.73704,0.95904
BC_TUG_BCT1,2021-10-06,1294,False,-1,0.56806,0.65106,0.78906,1.12706,1.26006,0.43906,0.30206,0.99006,1.87506,3.44906,3.13306,2.16906,1.31906,0.91906,0.96706,0.58406,1.19006,0.39706,0.54006,0.94706,1.25806,1.23706,0.95806,1.64306,1.51306,0.83806,0.09506,0.42206,1.08806,1.28506,1.61106,1.70706,2.33106,0.74206,0.92306,1.36606,1.41706,1.94706,1.92606,1.77206,1.99506,1.94306,1.92506,1.70306,2.34806,1.58006,0.25206,1.72706,2.11106,1.60806
BC_TUG_BCT1,2021-10-06,1355,False,-4,0.51646,-0.14954,0.73746,1.02646,1.06746,1.19346,1.50146,1.16946,1.53946,2.57246,4.51046,3.20046,1.45846,1.45546,1.95246,1.52746,1.31646,1.66546,1.36746,0.68446,0.04346,0.02146,0.80446,1.14646,-0.10854,0.25146,0.25146,-0.09554,0.00146,0.60546,1.20346,1.89446,2.16846,2.16946,1.55546,0.99046,0.89246,1.14146,1.63946,0.88046,1.25346,1.72446,1.67246,1.28046,1.25246,0.84246,0.87546,1.47846,1.48546,1.55246
BC_TUG_BCT1,2021-10-06,1374,False,-1,0.39116,0.42116,0.68016,1.19416,1.73616,2.63316,7.87416,14.6212,16.1562,19.1722,20.8942,17.1552,14.4682,12.9192,11.5162,12.0252,9.53616,6.02716,5.80216,6.52016,6.45116,6.23016,3.64716,2.97416,2.45716,1.55716,1.80816,1.73816,2.02316,3.20416,3.19116,3.74116,4.03716,3.84616,3.13316,1.43116,0.97616,1.25416,1.77516,1.27516,0.41016,1.11216,1.71316,1.16816,0.94816,1.44816,2.22316,2.08116,2.13016,1.47316
BC_TUG_BCT1,2021-10-06,1508,False,-4,0.9029,-0.2551,0.0009,0.5149,0.6969,0.9809,0.8759,1.3899,1.4109,1.9909,3.7199,3.1649,1.8309,1.6079,1.6479,2.0499,1.5319,1.4369,1.6149,1.2249,1.1879,1.2129,0.9729,0.9459,0.9279,0.9799,1.8229,1.6189,1.6169,1.4609,0.8219,1.0829,1.1689,1.8269,1.8879,1.1339,1.4419,1.7189,1.0829,0.7619,1.1909,1.4869,2.0199,1.8109,1.7449,1.5499,1.1629,0.7559,0.3389,1.2499
BC_TUG_BCT1,2021-10-06,1843,False,5,0.39114,0.17514,2.13414,2.37114,2.19714,1.80814,1.26714,1.40714,2.50514,3.09514,2.99914,3.26114,3.01014,2.70814,2.80814,2.67714,2.08114,1.23614,0.77814,1.47514,2.01414,1.99914,1.86414,1.36614,0.72514,0.93814,1.12614,1.31814,1.14614,1.18014,1.15314,1.47814,0.77114,0.61214,1.09314,1.51314,2.00914,2.24714,1.95614,1.54014,1.73314,1.24614,1.11514,1.72614,1.55714,1.22014,0.95314,0.98314,0.68714,0.94214
BC_TUG_BCT1,2021-10-06,1900,False,7,0.88446,0.81746,0.96246,1.28246,1.32746,1.37846,1.80846,2.33446,2.49546,3.18246,3.45646,2.59346,2.12446,1.90446,2.15346,2.82446,1.06246,1.50946,2.67546,3.06246,2.18346,2.12546,2.54046,1.77446,1.35146,1.91246,2.05646,1.60346,1.62846,1.91646,2.05046,2.02346,1.71646,1.97646,1.25446,0.81346,1.34046,2.15346,2.30046,1.85146,1.79446,1.27946,0.00146,0.21446,0.82746,1.32446,1.25846,1.01346,1.10346,1.08046
BC_TUG_BCT1,2021-10-06,1915,False,-1,1.82728,1.70428,2.48628,6.56128,15.5393,24.0413,29.0633,29.0683,28.8903,31.5173,33.3723,28.1113,21.9053,16.2033,12.7323,11.4573,11.1923,11.5903,11.5173,10.7683,7.38828,5.17028,5.35428,6.07928,7.08428,7.75328,7.90128,8.65728,9.81128,9.61428,8.40028,8.56028,9.22528,9.36528,10.4383,9.72128,9.46728,9.21228,9.23528,9.95128,9.36628,7.83428,5.51928,4.63528,3.64228,3.51928,3.24928,3.20128,2.18128,1.72528
BC_TUG_BCT1,2021-10-06,1937,False,5,2.92056,2.59956,2.04756,2.32756,2.77256,3.02556,1.75856,1.15456,2.33056,3.93656,3.53756,2.71256,1.68056,1.96756,2.61056,2.17456,2.87056,3.16756,2.28156,1.97156,1.79656,2.30156,1.70556,1.31056,1.53256,1.63956,2.11856,2.30156,2.20756,2.34756,2.59456,2.25156,1.86156,2.36656,2.36856,2.52156,2.89156,2.86956,2.87256,2.06056,2.30256,2.68856,2.82856,2.61456,2.52656,2.31556,2.24056,1.55456,1.87356,2.61956
BC_TUG_BCT1,2021-10-06,2209,False,-1,1.12052,0.99052,1.29352,1.86752,1.70252,1.50452,0.42452,0.74852,1.62452,2.64052,2.90052,2.66652,1.91652,2.04952,1.57052,1.27952,1.32652,1.83452,1.45952,1.25152,0.85952,0.24352,1.35252,1.68252,0.89752,0.38552,0.60152,1.01952,1.36752,1.71952,1.59752,1.39552,0.86152,0.91552,0.71552,1.13652,1.08352,0.91452,1.12252,1.69452,2.03152,0.95052,0.47652,0.54852,1.30552,1.05152,1.16352,1.24652,0.82252,0.66152
BC_TUG_BCT1,2021-10-06,2291,False,8,1.45506,1.67606,1.56206,0.97606,0.31506,0.61806,1.42006,1.53406,1.59406,3.19506,3.00406,1.94206,1.16406,1.06006,1.16006,1.29406,1.43306,1.70906,1.66806,1.29006,1.11306,2.05906,1.22706,0.80406,0.92306,1.34506,1.22706,0.82106,1.07106,1.21606,1.11406,0.25306,6e-05,-0.06994,0.82006,1.72906,1.78406,2.14806,1.62606,1.83806,2.51306,1.93306,1.72306,1.72906,1.79906,2.50906,2.90306,2.16706,1.96306,1.49306
BC_TUG_BCT1,2021-10-06,2371,False,0,0.71648,0.53548,0.91748,0.79448,0.83848,1.12848,0.85748,0.72748,1.10948,2.02848,2.53148,2.69148,1.26548,1.42048,2.17848,1.97848,1.57748,1.88148,1.27548,0.82048,0.68948,-0.32252,0.09348,0.97248,0.84948,1.10248,1.48648,1.47848,1.00548,0.20848,0.53548,1.02248,0.52348,0.45848,0.77448,0.73348,0.55748,0.80048,1.70648,1.67448,1.30348,1.14248,0.98148,0.74148,1.61948,1.90148,2.00648,1.46448,1.19848,0.88348
BC_TUG_BCT1,2021-10-06,2400,False,-1,0.3913,1.1413,1.3523,1.0053,0.2633,0.4453,0.6963,1.4293,7.6733,18.2923,24.1203,17.8263,10.9963,8.3243,7.8353,7.0493,6.5383,5.3233,5.9633,5.8213,4.3713,2.9463,2.9443,3.1533,2.3033,1.5763,2.1593,2.6603,2.3963,1.9793,1.8413,1.5203,1.3753,1.9323,2.3793,1.7673,0.7423,0.1903,0.4013,1.6593,1.4303,1.6583,1.6393,0.6823,0.6623,1.3173,1.6813,1.7283,1.7133,1.2023
BC_TUG_BCT1,2021-10-06,2403,False,0,2.26238,4.09438,5.92838,6.09438,5.49438,4.33538,3.66638,4.83038,7.19738,9.58338,11.8804,11.6214,7.54038,5.29838,4.74238,3.53138,3.14838,2.60238,2.44938,2.37738,2.34738,2.50438,2.24738,1.95038,1.99438,2.28838,1.79638,2.11538,3.23038,3.49138,3.50938,2.49838,2.50838,1.73638,2.78138,3.07338,2.62138,1.80338,1.73238,2.28538,3.07138,3.33938,3.42938,3.49538,3.18038,3.19538,2.62938,2.26838,2.16838,2.56338
BC_TUG_BCT1,2021-10-06,2417,False,0,0.2246,-0.0934,-0.4704,0.0586,0.2606,0.2506,0.2576,5.4926,76.4486,308.155,426.259,242.74,69.2626,48.5226,129.586,171.933,154.02,124.186,81.3436,50.3496,45.9836,44.3266,47.0116,53.2266,50.6856,45.0406,47.4636,53.4846,52.4386,41.4526,28.7476,22.3526,18.3016,14.7376,12.7826,13.7696,18.9816,26.8846,35.1936,40.5916,42.5926,37.7256,30.4466,22.3896,18.1286,17.6256,18.3796,21.0966,20.8286,15.6676
BC_TUG_BCT1,2021-10-06,2418,False,-2,1.51918,1.61818,1.65318,1.52218,2.31818,2.83618,2.84318,3.47518,3.69318,3.78518,3.88518,3.80318,2.74618,2.83118,3.82518,3.89518,3.51718,2.80918,2.28318,2.92318,2.87018,2.66818,2.51418,2.31018,1.30118,0.49618,-0.00882,1.05318,1.65318,2.21518,2.51818,1.63318,0.64318,1.05518,2.00018,0.96818,0.99218,1.70618,1.35118,1.64918,1.65318,0.43418,0.20118,1.10418,1.43118,1.21918,1.27518,1.26018,1.45518,1.88618
BC_TUG_BCT1,2021-10-07,39,False,-1,0.19698,0.91098,0.67698,0.02198,0.16698,0.82098,0.68398,1.15298,4.14798,9.31398,9.96898,8.86398,7.17198,6.03998,4.48398,3.28198,2.72598,3.25498,3.97398,3.10198,3.22298,3.89098,3.68598,3.22298,3.24998,3.67098,3.85498,3.59898,3.05198,2.42998,2.23398,2.75098,2.92698,1.48298,0.77298,2.08798,1.92898,0.76298,1.69098,1.71498,1.58998,1.60898,1.65598,1.19398,1.01598,0.96198,1.66498,1.77898,1.34798,1.79998
BC_TUG_BCT1,2021-10-07,41,False,1,1.7109,2.2429,2.1149,2.0759,1.8409,0.9669,1.0389,1.3569,1.8389,2.6579,2.9109,2.5749,2.6289,2.2679,2.0859,1.9239,1.9679,1.8079,1.8909,1.1019,0.6299,1.1679,1.4369,1.3329,1.4349,1.0599,1.0909,1.7389,2.1659,2.3819,1.2759,0.8539,0.9819,1.1439,1.9839,2.4059,0.9489,0.6679,0.6329,1.7819,2.3939,1.9549,1.8989,1.5179,1.5109,1.5719,1.5909,1.3549,1.1119,0.2049
BC_TUG_BCT1,2021-10-07,43,False,1,0.86458,1.16358,1.58158,3.11058,4.59558,3.86358,3.74658,4.28958,4.62058,5.21158,5.22658,4.55058,3.91258,3.52458,3.85958,3.34158,2.98258,2.89858,2.23458,1.02458,1.10658,1.04058,0.96258,1.21158,1.66158,1.06558,1.35258,1.54158,1.72258,2.02558,1.83958,1.46658,1.92158,2.63658,2.36958,2.30258,1.45958,0.55658,0.31958,-0.02942,0.39858,0.65158,0.74258,1.13958,1.30858,0.75558,0.20858,0.22158,0.79758,0.99758
BC_TUG_BCT1,2021-10-07,53,False,-1,0.84664,0.59564,1.47064,2.20164,3.59164,7.72464,14.7676,22.0916,26.8016,30.0356,31.6626,29.5686,29.7016,30.6826,26.5256,21.5296,16.8126,13.9116,14.8596,16.8486,17.0256,15.9426,15.0686,12.8956,9.99864,7.22264,7.79264,6.80364,6.57564,7.07864,6.64464,6.02964,5.04164,5.70464,6.74664,6.22464,5.66064,5.12264,5.39364,6.40364,8.13964,8.78064,9.19764,9.19664,8.04164,7.37564,7.30964,7.56664,7.66364,7.68964
BC_TUG_BCT1,2021-10-07,64,False,0,0.26834,1.11934,2.11534,1.11734,0.95434,1.53434,1.29734,0.95734,3.26734,6.58234,6.38434,5.40934,4.25334,4.29034,4.19034,3.11034,2.88234,3.12234,3.01634,3.01234,2.65634,3.24834,3.51434,3.91934,4.17634,3.30334,2.85134,2.31334,1.73634,1.43934,2.76834,1.79434,1.58534,1.88134,1.97534,1.65734,1.42934,1.44634,1.31234,1.11934,1.77434,1.91434,1.35334,1.01234,1.51434,2.45034,1.88034,1.51634,1.95334,1.57234
BC_TUG_BCT1,2021-10-07,82,False,-1,0.9244,1.1524,1.6454,2.0654,1.3684,1.0074,1.1334,0.6264,2.0754,5.4874,7.9124,7.2434,6.2534,6.2044,5.1974,3.8944,4.1814,4.8424,3.2254,2.5754,2.1304,1.8854,2.3314,2.1624,2.4424,2.7514,2.6684,2.3124,2.3144,1.7814,2.1554,2.2444,2.4574,2.5614,2.1234,2.0464,1.0424,0.5864,0.6624,1.1044,1.8184,0.9974,1.3524,1.1624,0.6594,1.8104,1.5514,1.4614,1.5504,1.0264
BC_TUG_BCT1,2021-10-07,88,False,0,0.74334,1.12834,1.13534,1.55334,1.14634,1.23134,2.08334,3.16334,3.88834,3.49834,4.01734,3.75434,2.20434,2.38534,3.29234,3.60934,2.98934,2.09734,1.28234,1.19534,1.57434,0.44934,1.06134,1.75534,1.18534,1.01234,1.13634,0.98134,1.71434,1.46734,0.71234,0.09234,0.10034,0.78534,0.57034,0.30534,0.86534,1.20634,1.44334,0.67334,0.68934,0.68234,0.70134,0.96734,1.07234,1.18734,1.27134,1.38534,0.84034,1.04434
BC_TUG_BCT1,2021-10-07,89,False,0,8.89436,11.5954,28.6684,44.9044,49.1604,45.4834,50.8274,70.3164,87.4684,99.3554,110.185,112.576,90.9954,69.1634,63.7524,63.4524,61.8294,61.8904,54.9454,48.3454,43.2364,42.0624,47.4674,56.1154,53.2504,39.1984,23.0314,19.1324,20.1644,19.5904,15.8664,13.8914,11.4934,8.09236,5.94236,5.26536,4.83236,4.83536,4.45136,2.93636,2.31936,2.44436,4.05836,4.54936,4.98536,5.49036,6.51636,7.32436,7.30436,5.63136
BC_TUG_BCT1,2021-10-07,126,False,2,1.00934,1.41734,1.95234,1.19734,1.91734,2.31234,3.32034,3.08234,2.59534,3.46434,3.48234,2.64234,2.61734,2.62734,2.03334,3.13034,3.27934,2.32434,2.46334,2.21534,1.83234,1.67134,1.87934,1.79034,1.93934,1.75534,1.42534,1.32334,1.05534,0.81134,1.43834,2.32034,2.04034,1.87634,2.27734,2.71734,1.63034,1.49534,1.76734,1.63134,1.50834,1.29734,1.63234,1.63934,1.50734,1.52134,2.66234,1.81934,1.07534,0.70034
BC_TUG_BCT1,2021-10-07,873,False,0,1.23216,0.43716,0.66516,1.48616,2.30716,2.73316,4.49916,5.99416,6.38916,7.17816,7.03316,6.66616,4.75216,2.94416,1.61416,1.46016,1.30116,0.63116,0.26916,0.29916,1.07916,1.41216,1.79516,1.15816,0.39116,0.48216,0.41616,1.05216,0.73816,0.64416,0.52016,1.53816,1.84716,1.68716,1.65216,1.39916,0.55216,0.52016,0.47616,1.09416,1.24216,1.14116,1.40516,1.38416,1.09216,0.88616,0.31016,0.33116,0.36716,-0.19684
BC_TUG_BCT1,2021-10-07,897,False,0,1.021,1.048,0.99,1.188,1.299,0.997,6.749,23.198,29.464,40.494,46.616,33.451,21.49,16.994,13.395,8.879,4.613,3.101,2.347,1.581,1.935,1.572,1.968,2.735,2.856,2.148,1.26,1.018,1.101,1.055,1.147,1.198,1.118,1.09,1.043,2.076,1.315,0.664,-0.12,0.743,1.253,1.469,0.327,0.779,0.458,0.687,1.182,1.201,1.763,2.134
BC_TUG_BCT1,2021-10-07,1048,False,-1,0.19736,-0.01764,0.46436,1.40836,1.37936,0.00036,0.21336,1.89336,6.25436,14.3894,15.5394,11.4224,9.11136,11.1794,11.0224,7.72136,6.31536,5.34236,5.42036,5.09836,4.74436,4.76836,3.50536,3.37836,3.83936,2.66736,2.50036,3.01836,2.23536,1.60936,1.66536,1.57136,1.43436,1.63236,1.60536,1.25036,1.55536,1.75936,1.73436,2.30336,2.56336,2.03036,1.88336,1.41336,1.03336,0.94436,1.04936,1.23836,1.44536,0.61536
BC_TUG_BCT1,2021-10-07,1066,False,-1,0.78792,0.77192,0.85392,0.81892,0.87992,0.76592,0.99092,0.94392,1.89492,2.94592,2.87992,2.83392,2.90692,2.48792,1.65892,1.17492,1.17792,0.77492,0.24792,1.01492,0.52892,0.88792,1.56392,1.63092,1.75992,1.87492,1.28092,1.36292,0.92292,0.29392,0.23992,0.45392,0.77692,0.99992,1.22592,1.62592,2.03292,1.58192,1.33692,1.29292,0.45192,0.57992,0.35592,0.44592,1.03092,1.03992,1.38492,1.20792,1.15892,1.16292
BC_TUG_BCT1,2021-10-07,1152,False,-1,1.15404,0.84004,0.52504,1.07904,0.99904,1.17604,1.61604,0.96704,1.58104,3.66004,3.63904,1.67504,1.40104,1.08904,1.21404,0.56804,0.59804,0.80004,0.38504,0.49604,0.69904,0.92904,1.20104,0.65204,1.62704,1.78804,1.91504,1.14704,0.22504,0.36104,0.68004,0.68904,0.72404,0.59104,0.66704,1.27604,1.14604,0.77704,0.98704,0.95204,0.45204,1.23104,1.35804,1.98104,1.90804,1.07704,0.29304,0.72104,0.30504,0.33204
BC_TUG_BCT1,2021-10-07,1478,False,-1,13.6832,14.6112,31.1432,45.2222,44.1812,38.1592,38.0982,40.0302,41.9892,50.1932,55.3652,52.9802,49.3852,45.8162,41.9472,32.6402,17.2882,8.32616,4.96816,8.55016,16.9112,21.9602,20.8872,18.3782,15.7562,14.6582,12.7682,11.4262,10.4012,8.70516,7.96016,6.79916,5.80116,4.64716,4.23616,4.12416,3.39916,3.18016,3.04016,3.24416,4.28016,5.23516,4.76916,4.36516,4.17616,4.23616,4.83216,5.20416,4.62916,4.44916
BC_TUG_BCT1,2021-10-07,1591,False,0,1.96888,1.26088,1.92588,1.89888,1.37288,1.36188,2.72888,4.54988,4.43188,5.37488,5.77488,4.51588,3.76888,3.27288,2.92088,2.59588,2.04988,1.20888,2.16188,1.82188,0.95688,1.14288,2.17988,1.93288,1.48688,1.27288,1.16288,0.69588,0.00088,0.21788,0.44388,0.75588,2.09788,2.39688,1.57188,0.67788,0.80888,1.39688,1.25188,0.89988,0.06288,0.24088,0.58588,0.80888,0.56788,0.79088,1.52088,1.85888,1.34488,1.35388
BC_TUG_BCT1,2021-10-07,1807,False,0,5.80234,4.06334,3.20534,2.93234,3.41134,4.46134,4.09334,4.22434,6.27534,8.19534,9.38134,7.19934,4.71634,3.73634,3.21034,3.29634,3.80234,3.19734,2.39734,2.53534,3.31434,3.77934,2.18734,2.09834,2.83034,3.22434,2.54934,1.44934,1.39934,1.89634,1.90834,2.47634,1.60334,0.88334,1.02934,1.22534,1.34234,1.50734,0.26934,0.73434,1.73834,1.43834,1.15434,1.40634,1.58034,1.28134,1.91834,1.40534,1.07634,1.30134
BC_TUG_BCT1,2021-10-07,2642,False,3,4.70612,4.86712,5.70012,5.69212,5.11412,6.24712,7.35512,7.53012,7.44512,7.49212,7.64812,7.14512,5.23412,5.35412,6.00012,5.24812,5.27612,5.43912,5.39012,5.07612,4.69912,5.48312,5.20612,4.31512,3.32612,3.07712,3.79912,4.32912,4.81712,5.28412,5.44112,5.51912,5.26612,5.35812,5.84212,6.71012,7.40212,8.16512,7.14612,6.46912,6.46412,6.35612,5.76112,5.71712,6.31312,6.05312,5.71312,5.41512,5.58612,6.13712
BC_TUG_BCT1,2021-10-08,8,False,0,2.0288,1.7528,1.4318,1.0328,1.3368,1.1648,1.1128,1.0508,1.5368,2.3788,3.1538,2.5388,1.2698,0.6908,0.6708,1.2148,1.5418,1.3118,0.6638,0.7888,0.9528,0.4388,0.4958,0.2398,-0.1002,0.2948,0.6768,0.4988,0.1758,1.1408,1.8998,1.2998,0.8838,0.8668,0.4938,0.5788,0.5188,0.2198,0.4568,0.6968,0.9198,0.6908,0.6058,0.9358,0.7618,1.1398,1.2348,1.0278,0.6778,0.4648
BC_TUG_BCT1,2021-10-08,36,False,7,2.66878,1.56278,1.18178,1.37278,1.72178,1.19078,0.54278,0.42978,1.21978,1.96378,3.05478,2.52578,1.60478,1.53578,1.41878,1.94278,2.09978,1.50678,1.04078,0.78378,1.39578,1.41278,1.20278,1.00778,0.77778,1.48578,1.04178,1.07578,1.12578,0.70378,0.45078,0.93278,1.18478,0.94378,1.43178,2.07278,1.10078,1.19978,0.78378,0.33478,1.14878,1.39578,1.70378,1.16378,0.33778,0.18678,1.12378,0.73978,0.66978,1.36378
BC_TUG_BCT1,2021-10-08,46,False,-1,1.31168,0.74668,0.84468,1.24868,1.37568,0.80368,1.10668,1.47568,1.29268,1.83268,2.91068,2.73968,1.54868,0.76668,1.44368,1.93068,0.88168,0.67868,1.22668,1.24968,0.55768,-0.18532,0.22768,0.92968,0.79868,0.51668,1.03868,1.00268,0.60468,0.87368,0.91668,0.43168,1.26668,1.68468,1.83768,1.65368,1.23068,0.50868,0.97768,1.37568,1.14768,1.14968,1.39268,0.51768,-0.03332,-0.04532,0.20668,0.81568,0.90668,0.86668
BC_TUG_BCT1,2021-10-08,48,False,0,41.702,89.28,65.967,28.021,11.853,20.527,73.548,131.508,151.066,160.923,169.142,164.836,142.662,112.897,94.925,96.853,109.714,119.919,121.79,116.543,104.467,91.121,82.626,81.102,84.455,79.374,68.761,69.708,70.212,60.075,49.882,45.763,41.974,41.126,37.939,32.227,26.252,23.387,23.078,22.357,21.367,20.852,18.989,18.6,18.254,21.094,29.781,35.321,32.775,30.206
BC_TUG_BCT1,2021-10-08,67,False,-1,1.52772,1.23472,1.37572,1.09472,0.47072,0.98072,2.33272,8.93272,22.0987,28.9027,29.1667,24.3857,18.0977,15.6317,15.5487,17.9037,18.1277,16.4737,16.8077,17.6147,15.7087,11.5107,5.76372,2.77472,3.00872,2.44572,1.25272,0.88972,1.55872,2.30372,1.79272,1.83572,1.78372,1.57572,1.55372,1.45472,1.54172,0.90972,0.72372,1.01472,1.35472,1.25072,1.15272,1.30972,1.42672,1.10172,1.65972,1.90672,1.68072,2.06072
BC_TUG_BCT1,2021-10-08,71,False,-1,0.82936,0.72436,0.75836,1.13636,0.98236,1.21736,1.77936,6.14536,27.3034,54.5684,61.5904,56.4184,40.4264,26.9064,26.6404,30.6064,34.4834,33.6324,28.5874,20.6214,11.3784,4.43936,2.40236,3.33336,4.02636,4.08436,4.19236,4.51336,4.95136,4.33136,3.13436,3.29936,2.69736,1.97636,1.61236,1.72136,2.20436,2.04636,1.09436,0.75636,1.47436,1.63736,1.66836,2.08236,1.73236,1.31336,2.03836,2.57736,2.62136,2.42236
BC_TUG_BCT1,2021-10-08,76,False,-1,1.17128,1.65828,1.61928,1.79928,2.16628,1.86728,1.93528,5.20128,13.3393,18.6803,18.8753,16.3373,12.8913,9.38928,9.03428,8.30128,8.42228,8.84128,8.50428,7.46128,8.75828,11.5733,11.3123,9.07928,7.16428,6.22828,6.69228,6.80428,5.65028,4.52628,5.89528,6.12528,5.03828,4.64228,3.90028,3.14728,2.41928,1.77228,1.30928,1.53328,2.30928,2.10728,1.76028,1.17928,1.44528,1.29028,1.46028,2.06328,2.55928,2.55028
BC_TUG_BCT1,2021-10-08,82,False,-1,0.26506,0.22606,0.50906,0.69906,0.40906,0.42006,0.44706,1.29506,6.09906,20.8321,29.8741,26.0591,23.2401,20.4621,21.1051,21.7461,25.2781,26.6461,25.5331,25.9601,24.9451,24.1261,23.4921,21.8511,20.1691,19.2821,18.2321,16.9661,16.7081,16.3461,12.9581,10.4171,9.25806,8.14306,6.58806,4.36606,2.94006,3.13106,3.85406,4.58206,4.44306,3.95906,4.38306,5.06406,4.40206,4.02306,4.60306,5.73506,5.96706,6.30806
BC_TUG_BCT1,2021-10-08,90,False,-1,0.87208,1.45908,1.10908,0.74508,1.01408,0.87808,1.73308,2.83308,3.01008,3.67308,3.67108,2.93308,2.15108,1.87608,1.71908,1.76708,1.56408,1.45808,1.14108,1.30408,1.03008,1.03308,1.45308,1.78708,1.66608,1.43908,1.56508,1.95508,1.42008,0.77308,1.03208,1.39308,1.83008,1.74608,1.61608,1.44708,1.21008,2.16708,1.50008,0.86708,1.24308,1.81808,2.07108,1.67308,1.33408,1.14808,1.56308,1.31908,1.50508,1.91408
BC_TUG_BCT1,2021-10-08,1118,False,-1,1.3906,1.9646,1.5766,1.2736,0.9606,0.5796,0.7116,1.3356,13.1676,56.9896,75.4976,55.6846,50.9576,39.9026,28.3476,18.7026,10.8826,7.0186,7.0796,6.1226,5.9506,5.6846,5.3546,5.2926,5.7006,5.3746,4.8366,3.2316,2.2146,1.7466,1.4266,0.5736,0.4646,1.1176,1.6486,1.7236,1.5956,1.4186,1.0466,0.5736,0.9956,0.7196,0.6376,1.0776,1.5036,1.5946,1.7326,1.9986,2.9326,2.3246
BC_TUG_BCT1,2021-10-08,1165,False,2,2.21724,2.07924,1.84824,1.26524,1.48024,1.24124,2.09624,2.77324,2.61224,2.64824,3.12024,2.85824,2.15324,2.19224,2.54724,2.45224,2.03824,0.96424,1.72524,1.90924,1.09024,0.94624,1.84224,1.90124,1.96924,2.00324,1.80024,2.09924,1.94824,1.52724,1.94124,2.35024,1.29624,0.69024,0.72724,1.15224,0.89724,0.74324,1.17524,1.65824,1.80824,1.45124,0.72224,1.07424,1.83124,1.44824,0.98024,1.18824,1.44324,1.59124
BC_TUG_BCT1,2021-10-08,1336,False,1,2.1384,1.4764,0.7984,0.4374,1.2294,1.1684,1.3794,1.6544,2.3204,2.6524,3.0444,2.7654,1.6654,1.8064,1.0284,1.6264,1.8024,2.2184,2.4504,2.0234,0.3854,0.5994,1.2254,1.5824,1.5894,0.9454,1.0534,1.6184,1.8034,1.2304,0.9284,0.7394,0.8634,1.1504,1.0724,1.3914,1.0034,0.2844,1.4344,1.3434,0.9134,0.9704,1.0324,0.6934,0.7564,0.9044,1.6644,1.9444,1.5114,0.9544
BC_TUG_BCT1,2021-10-08,1388,False,-1,2.225,1.908,1.627,2.119,2.993,2.934,2.45,2.363,2.239,3.603,3.732,2.945,2.126,2.551,3.103,2.781,2.887,2.249,2.645,2.447,2.311,2,1.971,1.924,2.003,2.529,1.69,1.397,1.352,1.425,1.696,1.36,0.864,1.368,1.284,1.374,1.05,0.97,0.925,2.14,1.914,1.468,1.202,1.188,1.476,1.291,1.948,2.177,2.036,1.264
BC_TUG_BCT1,2021-10-08,1435,False,0,1.11668,1.16268,2.23168,3.39668,3.91768,3.62068,2.89668,3.02168,4.84068,6.63568,6.82468,6.30368,3.90468,2.51268,2.27568,1.66868,1.35568,1.86468,0.75468,0.62668,1.41268,1.64968,1.57768,1.94368,1.66368,1.77768,1.96568,1.43768,1.88968,2.72868,1.71768,1.45568,1.10168,0.84068,0.37568,0.53368,0.70568,1.38468,1.56668,1.01568,0.98268,1.12768,0.99968,0.61768,0.29268,0.68968,0.86468,0.67068,1.56668,1.13468
BC_TUG_BCT1,2021-10-08,1519,False,-2,0.54696,1.76396,2.45196,1.77396,2.32996,3.10896,3.05696,3.33696,4.45596,6.93196,8.23596,8.12896,6.15196,2.75496,1.84496,0.91396,0.40396,0.15396,0.46796,0.82096,0.83096,0.26496,0.21896,0.36096,0.30896,0.18496,0.44996,1.00696,1.23396,1.33596,1.69196,1.49596,0.57096,0.63596,0.47996,0.58496,0.02896,0.25896,0.99496,0.99696,0.30696,0.39396,-0.09604,0.55496,2.19596,1.16496,0.69796,1.48496,1.48096,1.54796
BC_TUG_BCT1,2021-10-08,1585,False,0,8.53014,11.2911,27.8531,50.0761,64.1911,61.9141,53.9401,48.5981,49.3351,61.9151,72.4391,59.0331,27.3361,9.25714,4.70614,4.79114,4.12014,1.95114,1.11714,1.27114,1.49614,2.20714,1.08814,0.28314,0.58214,0.74214,0.66514,1.24514,0.53814,1.23114,1.99614,1.59514,0.71714,0.83014,1.07914,0.94514,1.11414,1.42114,1.43214,1.43814,1.67014,1.20814,0.92414,0.92914,1.00814,1.18614,1.52514,1.31014,1.72114,1.16214
BC_TUG_BCT1,2021-10-08,2127,False,0,0.82074,1.05774,0.74574,0.80174,1.48174,1.73574,1.52374,1.23674,1.23774,2.09874,2.88974,2.68074,2.17374,2.98374,2.22174,1.86774,2.40974,1.83574,1.85774,1.97974,0.91674,0.99274,0.99274,1.37074,1.56774,0.87574,0.85274,1.53274,1.56274,1.39874,2.00374,2.07674,1.68674,1.54674,1.56974,1.29874,1.46674,2.08074,2.02674,1.79674,1.70974,1.64274,2.40174,2.25974,1.74674,2.22374,1.44974,0.99274,0.75974,0.52374
BC_TUG_BCT1,2021-10-08,2347,False,0,1.19718,0.95318,1.05618,0.71518,0.29018,0.64018,0.70318,0.69318,1.17918,2.92718,3.17518,2.35918,2.52118,2.42018,1.84018,1.00218,0.89318,1.23018,0.20918,0.40718,1.41618,1.01918,0.83718,0.75918,0.95018,0.78218,0.41818,0.56818,0.37518,0.71918,0.15518,0.66518,0.87218,0.71618,0.80918,1.17718,0.75518,0.69318,0.63018,0.58018,0.94518,1.13218,0.37518,0.76618,1.62518,0.82618,0.45018,0.69918,0.71018,0.83118
BC_TUG_BCT1,2021-10-08,2446,False,-1,3.46328,2.77328,3.35628,3.27128,2.51828,3.03028,4.46928,3.97728,4.09828,5.79928,5.90928,5.19028,4.76028,5.49128,5.80228,5.46528,4.81228,4.04328,3.65428,3.42728,4.30828,4.10228,3.52328,2.84228,3.12528,3.35028,2.38528,1.56428,0.90528,1.39628,0.47328,0.70028,1.80028,1.97728,1.97628,1.90528,1.62928,1.67528,1.88728,1.96728,2.27928,2.20228,1.90528,1.40628,1.64528,1.23628,0.51128,1.15128,1.74928,1.46628
BC_TUG_BCT1,2021-10-08,2468,False,-2,1.08934,0.73234,0.57634,0.00134,0.05534,0.56734,2.44434,11.2363,30.9183,55.1343,73.7993,71.2303,55.0373,50.7323,44.0383,35.4653,30.3913,26.1443,22.2863,20.5953,19.3953,15.6683,12.7323,10.5063,7.97034,7.67334,8.36534,8.27334,6.90234,6.91734,6.84134,6.81834,4.96834,3.27534,3.01334,3.71534,3.05034,1.33334,1.64034,2.04634,1.70134,1.66534,1.44134,0.92234,0.26134,1.02334,0.89634,0.84734,1.17434,1.49734
BC_TUG_BCT1,2021-10-08,2476,False,-1,0.55442,0.90042,0.78242,0.71742,0.63742,0.27042,0.72342,0.90242,1.46342,2.62842,3.45742,2.81742,2.37742,2.24342,0.77742,0.70942,0.41842,0.34042,0.91142,0.80142,0.67242,0.60442,0.83842,0.83742,1.32342,1.40942,1.50742,1.69042,0.73742,0.85942,0.84642,1.20242,0.73142,0.39542,0.17142,-0.17458,0.10442,0.37842,0.69342,1.38942,0.84142,-0.23458,0.16342,1.11942,1.88742,1.02542,0.15842,0.09942,0.08142,0.13742
BC_TUG_BCT1,2021-10-08,2537,False,2,7.42962,7.36662,7.72462,9.91262,10.8486,10.6316,10.8176,11.2946,10.8166,10.6506,11.2306,11.2166,9.79562,8.57662,8.66562,7.79962,7.58062,7.67962,7.44262,7.41662,7.37962,7.81462,7.34162,6.52062,6.41062,6.08062,6.20262,6.26762,5.91362,5.23362,4.97062,4.24662,3.54762,2.98862,3.65262,3.96262,4.14662,4.14262,3.81062,4.05162,4.36762,4.23262,3.81262,3.87962,3.57762,3.77862,4.12462,3.81462,3.75662,3.14362
BC_TUG_BCT1,2021-10-08,2541,False,4,0.40406,0.72606,0.21806,0.75206,1.43506,2.32006,3.72806,4.54606,4.82106,4.76106,5.17806,4.44606,3.27106,3.09506,3.53806,3.26806,2.83906,2.60606,2.38606,2.15506,1.57306,1.28606,2.00706,2.70106,2.45506,1.78406,0.78006,1.10506,1.69506,1.64606,1.50106,1.54506,2.36706,2.33906,1.75506,1.38506,0.89206,1.84606,2.13406,2.21506,2.16306,1.79806,1.32406,1.21406,1.67506,1.17006,0.29306,0.63506,0.35606,1.55506
BC_TUG_BCT1,2021-10-08,2542,False,5,1.20402,2.16602,3.17602,2.43302,2.39002,2.38002,1.69802,2.18602,2.78802,2.75002,3.18502,2.93902,1.83402,1.26302,1.38002,2.00602,2.55502,2.58102,2.28102,2.48302,1.80302,2.12202,2.33202,2.78102,2.92202,2.52502,2.49702,3.02702,2.10802,0.76502,0.88602,1.72902,1.22502,1.28502,1.57402,0.99302,0.67802,1.10102,2.09402,2.22902,2.27302,1.55002,1.67702,1.58102,1.26602,1.58102,2.39502,2.50602,2.12702,1.70702
BC_TUG_BCT1,2021-10-08,2565,False,-1,0.4128,0.0358,0.6088,0.6128,1.1908,1.5768,2.3908,2.4898,2.5108,3.3658,3.8898,3.3208,3.4598,2.7948,2.8808,2.7938,3.1888,2.7628,3.0208,3.0538,2.8168,2.2448,2.1688,2.2228,1.2058,0.4988,-0.0392,0.1868,0.2868,0.7558,0.9228,0.8848,1.0218,1.6948,1.5898,0.7698,1.1628,0.9208,1.6948,1.8348,1.7638,1.6058,0.9688,1.3488,1.8398,2.3298,2.8988,2.7828,2.2468,2.9208
BC_TUG_BCT1,2021-10-09,113,False,0,1.15016,1.36616,0.77416,1.01816,1.24016,1.73316,1.21216,1.96216,3.32816,3.95916,4.01716,3.53016,2.95516,1.94416,2.30516,3.00116,2.96616,2.36516,2.13816,1.81516,1.32416,1.13016,1.86116,1.81516,1.75316,1.10616,1.14616,0.96016,0.30116,0.01216,0.18216,0.58416,1.03016,1.67116,2.23416,1.96716,1.26416,0.38816,0.39716,0.51716,0.94716,1.30616,1.03616,0.98116,0.41016,0.53816,1.08516,1.70116,0.94916,1.26816
BC_TUG_BCT1,2021-10-09,114,False,-1,0.6642,0.9582,1.6692,1.4572,2.2052,4.6952,4.8392,3.7702,3.5282,4.5272,5.1402,3.9872,3.8792,3.5522,2.5312,2.5522,2.5912,1.9072,2.1342,2.7022,2.6822,3.2272,3.0412,2.5532,2.6852,3.1492,2.8142,2.2372,1.2262,1.5092,1.7392,0.7692,0.1902,0.6892,0.7272,0.6512,1.3542,0.7302,0.5052,0.7002,1.2312,0.2812,0.0072,0.8132,0.9172,0.1152,0.2692,0.3962,0.1052,0.1252
BC_TUG_BCT1,2021-10-09,118,False,-2,0.00768,0.41168,1.33268,0.70968,0.94268,4.03668,7.22068,7.66568,8.81868,16.3087,20.7437,18.7827,16.3937,13.6947,12.3917,12.5417,14.2887,15.2377,13.2287,11.3607,9.47568,8.21568,8.17268,7.83768,8.00468,7.39368,7.62568,7.89368,6.99068,6.83168,6.32868,5.94468,6.11568,5.91768,5.84568,6.43268,6.74068,6.09468,5.94868,6.07568,5.33368,3.39668,3.99068,3.46668,3.52168,3.67768,3.62568,3.41868,2.97268,2.84168
BC_TUG_BCT1,2021-10-09,168,False,0,0.77118,1.00418,0.51618,0.11118,0.39818,1.01918,0.49718,1.34918,2.38418,3.03918,3.50618,3.08618,2.22318,1.71218,1.26418,0.53218,0.77418,1.52518,1.40618,2.11218,0.82518,0.50818,1.28918,1.49618,1.63418,1.98718,1.73318,1.44218,1.68818,1.80818,1.29018,1.02718,1.09118,1.00718,1.05418,0.51218,0.76818,1.10318,1.62918,1.62518,0.68518,0.42418,0.71018,1.28718,1.49718,1.18818,0.92518,0.57918,0.67118,0.59918
BC_TUG_BCT1,2021-10-09,206,False,-1,0.24502,-0.05398,0.60802,1.17702,2.28102,1.50402,1.91102,4.58702,9.90902,17.172,21.541,20.473,16.607,15.066,13.375,15.606,18.13,18.273,17.62,14.3,11.412,10.002,7.76502,5.20702,4.39002,3.23302,1.92102,1.92402,1.57702,1.94802,1.60302,1.11602,0.75302,0.71702,0.47602,0.81102,1.56302,1.93102,1.52102,2.76102,5.30002,4.36202,3.85902,4.42202,4.56602,4.50102,4.88902,4.39902,4.84402,5.32402
BC_TUG_BCT1,2021-10-09,328,False,-1,0.76722,0.47722,0.66422,0.68622,0.73722,0.79022,0.24022,5.29422,31.5862,74.0932,73.7692,55.4212,53.6662,60.9802,62.8412,54.0002,41.5962,27.6502,14.5432,6.34522,2.75222,1.39422,0.53522,0.35522,0.58522,0.33922,0.75322,1.03522,0.73922,0.49522,0.54122,1.10022,1.50122,0.78722,0.28422,-0.15578,0.48022,0.98222,0.83922,0.42022,0.23622,0.33122,0.23622,0.63622,0.21322,0.59722,0.95622,0.47622,0.25522,0.92222
BC_TUG_BCT1,2021-10-09,352,False,-2,1.62968,1.50568,1.43268,1.33368,3.85868,5.29268,6.03168,6.87568,7.05068,6.88968,7.68568,6.98368,5.80568,5.04668,4.51568,4.31068,5.30268,4.89268,2.83468,0.67668,0.34168,0.84468,0.72368,0.23468,0.18368,1.30768,1.67768,1.72168,1.68968,1.17268,1.31768,1.16168,0.88268,0.19468,0.37768,0.78568,1.45668,1.21468,1.14368,1.78968,1.51468,0.69768,0.07968,0.41368,1.17868,0.98568,0.77268,0.77868,0.81968,0.58268
BC_TUG_BCT1,2021-10-09,432,False,-1,-0.16388,-0.03188,1.01412,1.30212,1.48712,1.16912,1.86712,2.87712,2.48512,3.44212,2.96112,2.69712,2.33512,1.91112,1.81612,1.20312,1.71212,2.01312,1.78012,1.99712,1.56812,1.15312,0.84612,0.98212,1.17312,0.76012,1.01812,1.18912,1.29712,1.19812,0.66412,0.49712,1.25512,0.99012,0.30512,0.71012,0.91712,1.08312,1.30112,0.91912,1.17712,1.93912,1.93412,1.73012,0.90712,0.71312,0.40812,0.81112,0.78312,0.02012
BC_TUG_BCT1,2021-10-09,600,False,0,0.9915,0.7325,1.0175,0.7675,0.9015,2.1325,2.2845,2.8225,3.4755,4.3645,4.4855,4.5355,3.7635,2.9975,1.8335,1.0965,0.9895,0.9545,0.7375,0.9145,0.6675,0.7475,0.4405,0.9485,2.2915,2.0975,2.1365,2.1865,1.4955,1.2715,2.1625,1.9305,1.4855,0.8405,0.8035,2.1155,1.8915,0.3025,0.2205,0.7675,0.5825,0.6355,1.1925,0.8255,0.2085,0.5375,1.1985,0.5555,0.1405,0.1675
BC_TUG_BCT1,2021-10-09,1069,False,-1,0.81362,1.26062,1.01562,1.08862,1.09562,0.52062,0.25362,1.14662,3.68762,8.44462,12.2746,11.6676,8.13662,5.23662,3.47062,2.49762,2.88762,2.86462,3.34462,4.13162,3.51262,3.10662,4.01862,4.76862,4.74562,3.57062,3.13862,3.13262,3.63162,3.82662,5.22262,5.39762,4.77962,3.97262,3.25362,2.57962,2.29762,1.65062,1.56962,0.89662,0.51162,0.91262,0.95062,0.80062,1.29362,0.84862,0.59662,0.71062,0.78762,0.81462
BC_TUG_BCT1,2021-10-09,1215,False,1,1.58412,1.44712,1.51812,2.63812,3.31812,4.01612,4.27312,4.46112,4.62512,6.48112,7.73912,7.56712,6.12812,3.56312,2.32212,1.88712,1.15512,1.11412,1.87112,1.46112,1.81712,2.30512,1.58112,1.60312,2.24912,1.86212,2.47112,2.59812,1.96412,1.62412,1.53912,1.21712,1.35412,1.92512,2.49712,3.45612,2.61412,2.34212,2.91012,3.27912,3.42712,3.23612,3.02812,2.94412,2.60312,2.53712,2.47112,2.85312,3.46212,3.30912
BC_TUG_BCT1,2021-10-09,1465,False,2,4.9754,4.5114,5.3484,4.8014,5.3214,6.5134,8.0124,8.1194,8.5854,9.2524,9.7774,8.9644,8.6484,7.7934,5.2974,4.4894,3.2004,2.4854,2.9754,3.3754,3.2014,3.3804,2.2104,1.3454,1.6384,1.8864,1.7594,2.7804,2.7534,1.7494,1.0764,0.8754,0.8934,1.6384,2.4574,2.2574,2.7784,2.4514,1.4184,1.5214,2.0804,1.4084,1.3424,1.1014,2.3604,2.7614,1.8454,1.9974,2.4224,1.3284
BC_TUG_BCT1,2021-10-09,2293,False,-2,1.12054,1.14854,0.96654,1.49454,1.07854,1.65054,3.72654,3.61054,3.84154,4.54154,4.53554,4.46654,4.22054,3.26254,3.37454,3.25354,3.49654,2.72954,2.64354,2.00154,0.85854,0.91954,1.58554,1.53254,0.99754,0.46854,0.39554,0.63654,1.02754,0.93554,0.32154,0.53954,1.24554,1.63954,0.86054,1.10454,1.06654,0.76654,0.39654,0.28754,0.72254,1.45454,2.33654,2.30454,1.35354,0.55754,0.28454,-0.33346,0.33054,0.55454
BC_TUG_BCT1,2021-10-09,2361,False,1,1.42106,1.86906,3.56706,3.99806,4.09306,4.63306,5.02006,4.61206,4.31206,4.96706,5.32106,4.60106,3.00606,2.87406,1.71006,1.33506,0.53506,0.37306,-0.52794,0.18106,0.63806,0.42906,0.33706,0.21006,0.55406,0.55106,1.22006,1.88606,2.11106,1.26206,1.76506,1.20806,0.30206,0.80206,2.00006,2.19706,2.41706,1.26106,0.85906,0.37906,1.19506,2.09906,1.68806,1.02006,0.92206,0.77906,1.02106,1.78606,1.97206,1.30206
BC_TUG_BCT1,2021-10-09,2369,False,0,1.72558,1.04158,0.66958,0.51858,0.81058,0.93258,0.89258,1.56058,2.33958,4.00858,5.14258,4.30958,2.35158,1.43958,1.77358,2.60558,2.21458,1.30358,1.38158,0.95258,0.76058,1.02458,0.74858,0.37958,0.73458,1.01558,1.45958,1.91858,1.59258,1.10558,1.34658,0.79258,1.29658,1.89458,1.38658,1.22658,0.17958,-0.56242,0.19158,0.43558,0.26058,-0.24142,0.65458,1.43058,1.50058,1.52958,1.85558,1.34258,1.22558,0.89158
BC_TUG_BCT1,2021-10-10,0,False,-1,1.23484,1.39384,0.71584,0.68184,0.88284,0.90484,0.44484,1.74884,10.4948,24.8628,27.8358,22.5038,15.1718,8.33584,4.79084,2.33284,1.50384,2.14184,1.65784,1.38484,1.70384,1.20684,0.53984,0.94184,1.01784,0.63784,0.46184,1.16484,2.00384,2.10584,1.83784,1.53684,0.89484,0.83584,1.23784,0.88884,0.32884,1.03084,1.57184,1.31484,1.21684,0.80984,0.83184,0.88584,0.62784,0.94984,1.00584,1.63884,2.43484,1.84384
BC_TUG_BCT1,2021-10-10,91,False,2,0.9938,0.9118,0.8828,0.3808,0.8708,1.9798,3.2628,4.7948,4.2518,3.8178,4.4698,4.4088,2.4438,2.9378,4.0328,3.1078,2.2198,2.2228,2.0928,1.6568,1.7058,1.3098,0.2788,0.8678,1.8198,2.0478,2.4078,0.9098,0.3848,-0.0692,0.0518,0.4738,0.9688,1.2248,1.3308,1.5028,1.0158,0.7898,0.4778,0.9648,0.9588,0.6048,0.0548,0.7358,0.6338,0.7668,0.5838,0.0208,-0.0392,0.6568
BC_TUG_BCT1,2021-10-10,121,False,-2,0.9702,0.4942,0.4362,0.9222,1.3782,0.5092,0.6192,1.0612,0.6762,1.5092,2.9582,2.2442,1.3242,0.7182,0.9842,0.6612,0.3182,0.7822,0.9852,0.8132,0.8472,0.9352,0.4712,0.4712,0.9252,0.9532,0.9502,0.9582,0.6312,0.7852,0.6092,0.6462,0.7862,0.7142,0.3272,0.1242,0.2092,0.4432,0.6102,0.6872,0.4502,0.0832,0.3592,0.6522,0.9782,0.7412,0.4112,0.9892,0.8962,0.6882
BC_TUG_BCT1,2021-10-10,176,False,-1,1.07614,1.06914,1.25214,1.05514,0.64114,1.05114,0.85814,1.90914,4.62614,7.40614,7.92814,6.27114,5.00014,4.27614,4.17314,3.52614,3.80314,4.20414,3.96614,2.92114,2.93914,2.65114,2.00014,2.03914,2.06514,2.44714,2.69414,2.75814,2.90814,3.10114,3.77914,5.16814,6.99614,7.17914,7.73414,7.84814,7.64714,7.34114,6.68414,7.15014,7.76214,8.49014,10.0791,10.6661,11.0831,11.9621,11.9041,11.3281,10.2501,9.78614
BC_TUG_BCT1,2021-10-10,188,False,-2,16.318,19.216,7.96502,2.18702,1.15002,1.37002,0.92702,4.45702,21.902,46.828,59.839,59.127,51.352,45.392,45.419,45.054,42.033,31.265,20.914,13.258,8.85302,6.19602,4.76702,3.86202,2.83102,3.17302,2.68302,2.20402,2.15102,2.32902,2.18302,2.85902,3.10602,3.41102,4.02102,4.47002,4.57502,4.28302,3.59002,3.92302,3.13002,1.25902,1.86102,2.41302,1.38402,1.13102,1.44202,0.78802,1.11702,1.18302
BC_TUG_BCT1,2021-10-10,207,False,1,0.4997,0.7987,1.5477,0.6377,0.4647,1.2237,2.8177,4.4887,4.3177,4.6687,4.9667,4.1807,2.5217,1.6167,1.4857,1.6327,1.6817,1.4617,1.3607,0.8617,0.4277,0.4957,1.0357,1.5377,1.5127,0.7967,1.3047,1.1167,0.2327,0.3417,0.8257,0.9807,1.4477,0.5027,1.2407,0.9797,0.7347,0.2587,0.1577,0.1217,0.5467,1.0507,1.0927,1.3157,1.3547,0.8667,1.0107,0.9847,0.1887,0.1787
BC_TUG_BCT1,2021-10-10,221,False,-1,0.67802,1.31402,1.11702,1.27202,1.98402,2.54602,2.65002,15.709,51.307,83.91,94.918,87.778,64.124,33.036,16.06,12.336,7.58002,4.14302,2.95402,2.31902,1.78202,1.03102,0.86702,1.74502,3.20502,2.07902,0.52902,0.43002,0.82102,1.45402,1.28602,0.74302,0.87202,1.18702,1.11202,0.84202,0.87402,0.35602,0.34202,1.10802,1.11202,0.97902,1.34502,1.00902,0.80902,1.20102,1.45802,1.61302,1.64002,1.16302
BC_TUG_BCT1,2021-10-10,236,False,0,1.27734,0.69434,0.97234,3.84234,9.50934,10.5213,8.27934,8.14634,9.31334,10.5813,10.8763,9.66734,8.70234,7.78034,7.78034,7.47834,7.19534,7.08034,7.64634,7.57734,7.29734,7.89734,7.95334,8.20534,7.89234,8.19834,8.17934,7.83234,7.05134,5.78934,4.50434,3.75934,3.42334,2.76334,1.74834,1.32234,1.46234,0.96334,1.13234,1.61634,2.00634,2.51834,2.66934,1.52634,1.13134,0.96434,1.62234,2.07934,2.29734,2.78534
BC_TUG_BCT1,2021-10-10,283,False,0,1.1941,0.3571,0.5291,1.0511,1.0681,0.4461,0.1351,0.9291,2.8171,3.8981,3.9821,4.3431,3.1541,1.5271,0.8701,1.4521,2.1951,1.7471,1.3531,0.4861,0.8281,1.5671,1.6681,0.9841,0.0781,0.3051,0.4051,0.9921,0.9841,0.8691,1.2781,1.9721,0.7491,0.0911,0.0001,0.1471,1.3711,1.9201,1.7241,1.3721,0.9241,0.7661,0.6731,0.6821,0.4621,0.4031,0.5181,1.3231,1.2231,1.3431
BC_TUG_BCT1,2021-10-10,291,False,0,0.14188,1.00388,0.81188,0.77088,0.72988,0.54188,1.26488,3.01288,11.1489,21.1569,20.3509,12.7249,9.01788,8.45988,8.05388,9.01388,8.51188,7.58988,6.82888,5.90888,5.07088,3.97288,3.72688,3.96088,3.82788,3.13688,2.69388,2.11988,1.64388,1.78888,1.31488,1.04988,1.36888,2.10188,1.60688,1.27188,0.96188,1.30288,1.40188,1.23588,0.59788,1.57188,1.39788,1.28788,1.40988,1.11988,1.08888,1.73988,1.48088,1.16488
BC_TUG_BCT1,2021-10-10,292,False,-1,-0.11956,0.12544,0.18144,0.25544,0.45444,0.19444,0.04944,1.15844,2.11444,4.65744,5.50144,4.28144,3.49844,3.61644,2.32644,1.77144,1.73844,1.74844,1.35044,1.21844,0.72644,0.56944,0.83244,1.82644,1.65144,0.76444,0.59544,0.94344,1.45544,1.19344,0.59644,1.09544,1.54944,1.00744,0.39844,0.53944,0.52644,0.48544,0.64844,0.39444,0.54944,0.68844,1.13244,1.56144,1.76744,1.14144,0.93944,0.97444,0.38844,0.25644
BC_TUG_BCT1,2021-10-10,360,False,-1,0.54998,0.95598,1.33098,1.72898,1.41498,0.90498,1.17098,3.67598,13.201,25.792,22.382,17.952,16.362,13.323,11.022,7.70598,5.31498,4.04498,2.60598,1.93798,1.45298,1.33298,1.66398,0.78598,0.57898,1.30998,1.27898,0.39198,0.58298,0.77198,0.80798,0.56098,1.18898,0.79798,0.67098,0.61498,0.78998,0.68898,1.40398,2.05398,1.74598,1.62098,1.73298,2.32498,1.64398,0.76298,0.41698,0.93498,1.83798,0.93498
BC_TUG_BCT1,2021-10-10,917,False,5,0.9627,0.7197,1.0247,1.8597,3.4127,3.2097,2.0387,1.9957,2.8047,3.5327,3.5437,2.8907,1.9637,1.4537,1.3937,1.5077,1.6557,1.6477,0.7287,0.8657,1.0687,1.2567,1.0457,1.1997,1.2167,1.5767,1.6987,1.6287,2.1417,2.0337,2.0437,2.3497,1.9497,1.9467,1.1777,1.1897,0.9377,-0.0953,-0.1683,0.5537,1.0717,0.7557,0.8697,1.0347,0.8497,0.9627,0.8717,1.1287,1.8837,1.5107
BC_TUG_BCT1,2021-10-10,1228,False,-1,0.77414,0.92614,1.94714,0.91314,1.19214,1.13114,-0.20386,0.23914,1.28214,2.25014,2.46914,2.54214,1.68314,0.91814,1.27414,1.32014,1.70414,2.25214,0.61614,0.20214,0.83314,1.46814,1.62814,1.06714,0.61314,1.38114,1.82714,1.15514,1.56114,1.36814,0.50914,0.22814,0.86214,1.49714,1.82214,0.84314,0.83214,1.26214,1.92214,1.03114,0.62314,0.59214,0.77514,1.19114,1.32714,0.89514,1.09814,1.14014,0.51314,0.69414
BC_TUG_BCT1,2021-10-10,1500,False,3,2.14684,1.41884,1.20784,1.34184,2.08184,2.82984,3.38884,2.87784,3.01984,3.60984,4.50284,4.20684,3.46484,3.02684,1.99284,1.24084,1.81784,2.52684,2.29584,2.05484,2.04284,1.77584,1.57884,2.04184,3.35684,2.59984,1.84084,2.45484,1.84484,2.48884,2.62884,2.08984,2.28084,2.31384,2.61184,2.08684,1.42184,1.11484,1.23584,1.37484,1.82284,2.17784,2.05484,1.91284,1.69584,0.89784,1.36684,1.13384,0.20184,0.13584
BC_TUG_BCT1,2021-10-10,1542,False,-1,1.90354,1.37154,0.60154,-0.02646,0.44254,0.42654,0.33954,0.63054,1.58954,2.24254,2.43754,2.46354,1.85454,2.35754,1.35754,1.29854,1.78654,1.33154,0.49654,0.51154,1.04254,0.88154,0.45754,0.44354,0.77254,0.63454,0.56854,0.24054,1.02054,1.01254,0.34254,-0.18346,0.00054,0.57954,1.26454,1.34154,1.13154,0.81254,0.32654,0.16354,0.58854,0.86954,0.91154,0.78354,0.33254,0.10854,0.08154,1.19854,2.08454,1.92754
BC_TUG_BCT1,2021-10-10,1834,False,2,1.92632,1.79732,1.68132,1.26232,1.00032,1.63132,1.78832,2.26332,2.71232,2.68732,2.99432,2.70932,2.28532,2.07832,2.28332,2.45132,2.41432,2.33732,1.84032,1.72832,1.43332,2.02832,2.51132,1.16732,1.96432,2.14132,1.38032,1.88732,2.44532,2.20732,1.78532,1.20232,1.53732,1.76332,1.79332,1.53932,1.17432,1.24532,1.22932,0.76032,0.39032,0.57532,1.03632,0.80932,0.90232,1.37932,1.20132,1.30632,1.17532,0.83332
BC_TUG_BCT1,2021-10-10,1910,False,2,2.58386,2.95586,2.47286,1.86886,1.95686,2.25886,1.32586,0.94486,1.17886,2.30186,3.25686,2.35786,2.17686,1.72686,1.65186,2.13186,2.32786,2.18186,1.56486,1.03886,0.93486,1.27886,1.48486,1.03386,1.78986,2.34286,1.17086,1.45086,2.64886,2.68586,2.03386,1.76686,2.04286,2.27186,2.32986,2.01486,1.33186,1.11086,1.79486,2.10886,2.32986,1.61886,1.81186,2.27086,1.80986,2.13186,2.30186,2.12986,2.24186,2.28386
BC_TUG_BCT1,2021-10-10,1912,False,2,1.26606,1.12606,0.20706,0.49206,0.53306,0.75506,1.37306,1.65206,0.54706,1.40006,2.83406,2.76906,1.38406,0.84606,1.00706,0.99706,0.76906,0.49106,0.72606,0.47606,-0.05194,0.41406,0.89206,1.52006,0.98706,1.47506,1.83706,0.75906,0.58306,1.04006,0.75306,0.41806,0.36706,0.23206,0.79506,1.10306,0.65806,1.37706,1.32806,0.69606,0.69806,-0.11194,0.75306,0.11106,-0.17194,0.46406,1.25606,1.11106,1.38406,0.72606
BC_TUG_BCT1,2021-10-10,1952,False,-2,3.75832,4.64532,3.89032,3.54932,2.77232,1.93032,2.52832,3.46532,4.67532,5.36532,5.61032,5.00432,4.34732,4.01932,3.74432,3.33532,3.29532,3.15132,4.44332,4.66332,4.19132,4.09232,3.69832,3.27232,2.93632,3.23332,3.26632,3.06932,3.33732,3.99132,3.83332,2.96232,3.03532,3.46132,3.68432,3.62932,3.95232,3.50832,3.11432,3.15932,2.97232,3.01832,3.44932,3.28132,4.18432,5.09432,5.42632,5.44632,5.39432,5.22932
BC_TUG_BCT1,2021-10-10,1971,False,-2,0.70898,1.10598,1.91998,1.84498,1.70298,1.40298,0.96998,1.40298,1.75198,2.26498,3.24598,2.22098,0.69498,0.45498,0.24398,1.75698,1.04398,0.32698,0.77298,0.96298,1.04898,0.52198,0.95098,0.44798,0.96298,1.86698,2.88698,1.90498,2.01098,1.34198,1.50298,1.83198,2.43198,2.23098,1.39298,0.82698,1.22098,1.76898,1.54598,1.09898,1.21898,1.19498,0.86098,0.56198,0.95098,1.40398,1.52098,0.98198,1.41398,1.76798
BC_TUG_BCT1,2021-10-10,1995,False,8,0.56596,0.60396,1.11396,1.56296,1.49396,1.39496,1.79096,1.46896,1.34896,1.96396,3.20296,2.57796,1.52896,1.53896,2.24996,1.87596,2.55896,1.90296,1.47596,1.55896,1.66596,1.65296,0.69796,0.32296,0.74996,0.87696,0.79196,0.60996,0.81196,0.68696,1.05096,1.89196,2.12296,1.22196,-0.04704,0.25496,1.27096,2.01896,1.28096,0.97396,0.84196,0.84496,0.53396,1.05796,1.05596,1.50096,1.74396,1.70596,0.17096,-0.38404
