channel,source_day,pass_index,normalized:,pollutant_offsets,t_-5.000,t_-4.500,t_-4.000,t_-3.500,t_-3.000,t_-2.500,t_-2.000,t_-1.500,t_-1.000,t_-0.500,t_0.000,t_0.500,t_1.000,t_1.500,t_2.000,t_2.500,t_3.000,t_3.500,t_4.000,t_4.500,t_5.000,t_5.500,t_6.000,t_6.500,t_7.000,t_7.500,t_8.000,t_8.500,t_9.000,t_9.500,t_10.000,t_10.500,t_11.000,t_11.500,t_12.000,t_12.500,t_13.000,t_13.500,t_14.000,t_14.500,t_15.000,t_15.500,t_16.000,t_16.500,t_17.000,t_17.500,t_18.000,t_18.500,t_19.000,t_19.500
BC_TUG_BCT2,2021-09-26,8,False,0,1.03312,1.20412,1.08612,0.91812,1.12112,4.62512,9.34412,10.6261,12.8171,16.0181,15.9641,12.8971,9.40412,7.48212,5.82012,5.15112,4.21012,3.84912,3.21812,2.98412,3.71612,3.73312,4.41612,4.22112,3.89412,3.16012,3.39412,3.34712,3.53612,3.62512,3.68012,3.96712,4.29912,3.39912,3.26812,2.46712,2.12412,1.29112,1.21712,1.65512,1.74712,2.13312,2.36412,1.52512,1.86312,1.89612,2.04312,2.23712,1.65912,0.36612
BC_TUG_BCT2,2021-09-26,62,False,1,0.01782,0.78782,0.67082,0.89182,1.30482,0.87982,1.16482,1.40082,2.19882,2.25882,3.32682,2.85682,1.84882,1.85182,1.77282,1.53082,1.69782,1.41482,0.69782,1.45182,1.15882,1.22482,1.93882,2.53182,2.55482,1.92482,1.96082,1.42282,1.67082,1.43682,1.16782,0.91482,0.21682,0.99582,1.87482,1.85882,1.84082,1.91782,2.22682,1.88882,1.48782,1.22282,0.91682,0.37782,2.26082,2.11182,1.85382,1.31482,0.66282,0.70182
BC_TUG_BCT2,2021-09-26,70,False,-1,1.51546,1.71346,1.07746,1.41346,1.16446,0.96446,1.80246,3.43746,8.08046,12.8285,14.2445,13.8495,12.0195,10.0265,7.25346,5.19646,4.55746,3.33346,2.99846,2.44346,2.04746,2.43046,3.03946,3.02046,3.85246,2.96446,2.61846,3.35046,3.54446,3.03246,3.23646,3.80146,3.42046,2.20846,1.73546,1.63446,1.74246,1.43546,1.33346,1.41246,1.09846,-0.12054,0.00246,0.87346,1.15546,1.59046,1.73246,1.24346,0.61946,0.88246
BC_TUG_BCT2,2021-09-26,105,False,7,22.412,20.592,24.744,24.535,22.891,22.99,17.996,19.939,25.789,24.446,28.211,26.984,20.035,20.621,10.031,7.94504,5.33804,3.65504,3.52304,3.65304,2.90404,2.38104,1.77904,2.18604,2.64404,2.65604,2.49404,2.58404,1.92704,2.08104,2.24104,2.49904,2.98004,2.39604,1.40104,2.21504,2.00204,2.21004,2.28104,2.13904,1.63104,1.67604,2.18404,1.92104,1.92204,1.77104,2.04504,2.38604,2.42504,2.62804
BC_TUG_BCT2,2021-09-26,106,False,1,1.1994,1.8884,2.0324,1.6974,1.1544,3.0054,8.8804,6.3254,12.5204,16.0294,15.1824,15.5114,13.6414,13.4204,11.4514,12.2324,12.3544,10.8804,7.7064,7.7884,7.0334,6.2474,6.7234,6.9774,7.3024,7.2414,7.2814,7.2134,6.9834,6.1294,5.9704,6.5514,5.6014,5.5954,5.5014,5.1764,5.2784,4.7734,3.9484,4.6604,5.5804,4.9244,4.6064,5.4754,6.1954,6.2134,5.2714,4.6904,4.0834,4.1734
BC_TUG_BCT2,2021-09-26,121,False,5,1.21102,1.60302,1.56702,1.50102,1.51602,1.33002,0.78802,0.16602,1.00802,2.35802,3.08602,2.55102,1.72302,1.25502,0.41302,0.70802,0.80302,1.20302,1.37202,1.55702,1.50902,1.63002,1.71502,1.11502,1.21702,1.66602,-0.00098,0.60802,1.77202,1.71702,1.81702,2.18902,2.14902,1.42802,1.31702,1.16402,1.71802,2.48502,2.23502,1.61902,0.94902,1.17102,1.21102,1.59002,1.30602,0.50602,0.38302,0.99002,1.62702,1.16902
BC_TUG_BCT2,2021-09-26,141,False,0,-0.40216,-0.65616,-0.60616,0.15884,0.96884,2.31784,6.52784,17.9418,28.0668,34.7798,37.9948,38.1368,33.9508,24.9068,15.7418,9.86984,7.09684,3.91784,2.49084,2.16884,1.14884,0.60984,0.33884,0.65284,0.29984,0.29184,0.51484,0.08784,0.71384,2.03684,2.15384,2.25384,2.22284,1.47284,1.48484,0.75884,1.21684,1.55584,2.62584,2.46784,1.76384,1.44084,1.25484,1.04384,1.32584,1.22684,1.09684,1.32184,1.29584,2.32784
BC_TUG_BCT2,2021-09-26,197,False,8,0.78082,1.26082,1.06382,0.84082,1.50982,1.34082,0.65882,1.39582,1.94382,5.59282,16.1258,5.48582,2.58682,4.15882,2.77282,1.21982,0.90182,0.39482,-0.19718,-0.15918,0.92582,2.14682,1.65582,1.08382,1.19382,0.96782,0.60682,0.04182,0.07382,0.59482,0.69582,1.49182,1.70882,0.84482,0.84182,0.52382,0.89082,1.60682,1.01882,0.44082,0.75282,1.33782,1.43582,1.52582,1.40282,1.33282,1.12582,0.99282,0.90582,0.55382
BC_TUG_BCT2,2021-09-26,282,False,-3,0.78836,0.44836,0.63236,0.61836,0.22436,0.35436,1.10236,1.07036,1.35536,2.28636,3.01136,2.23936,1.83536,1.74036,1.68836,1.67336,0.99936,1.19036,1.90036,1.49236,1.17636,0.69236,0.81436,1.19136,1.43036,1.10736,0.64436,0.56436,1.26136,1.27236,1.43236,0.94036,1.49936,1.54636,1.17436,1.46136,1.30936,0.66736,-0.36764,0.64536,1.05036,1.34736,0.36936,1.63536,1.66936,1.40736,1.57336,1.45836,1.11036,1.51736
BC_TUG_BCT2,2021-09-26,298,False,-1,0.71252,0.70352,0.99652,2.00952,1.64152,1.29552,1.18552,1.54452,2.22252,3.95952,4.16452,4.34652,3.04452,1.62352,1.35852,2.60752,2.46652,2.05252,2.22952,2.74652,2.13352,1.48052,1.92752,1.79952,2.01352,1.44552,1.48752,1.58552,1.73652,1.71352,1.59152,1.10552,1.21252,1.01252,0.83152,1.66452,1.29352,1.54652,1.11652,0.24752,-0.13748,-0.15448,0.26452,1.32052,1.22852,1.02352,1.02552,1.74052,1.14852,1.36752
BC_TUG_BCT2,2021-09-26,330,False,0,1.50444,0.82944,0.48244,0.58844,0.51144,0.10444,0.46244,3.78744,16.0944,31.2374,30.9944,25.8304,20.9964,23.7794,25.7624,24.4034,21.6804,18.7284,13.5564,8.39744,4.94744,2.94344,3.57844,4.03944,3.24044,2.60044,2.14544,2.30844,2.73044,2.29644,1.40244,1.72744,1.69844,1.40844,1.26244,0.93044,1.11444,1.25844,0.56644,0.72044,0.68444,0.75844,0.48544,0.58244,0.55844,0.77544,1.35744,1.59744,1.12944,1.21644
BC_TUG_BCT2,2021-09-26,757,False,4,2.00948,1.72648,1.83548,1.54148,1.99748,3.15548,2.51848,2.03348,2.33948,3.69148,3.51948,2.74248,1.82748,2.29148,1.83548,1.62248,1.52448,1.14848,0.78548,1.27448,2.45548,2.19648,2.03748,1.56548,1.86948,1.93848,2.04148,1.88648,1.77648,2.16148,2.52948,2.95548,2.08848,1.92248,2.33948,2.23248,2.87048,2.71248,2.61148,2.19148,2.64848,2.67248,2.78848,2.55848,2.60248,2.13348,1.71048,2.01348,2.04248,2.06748
BC_TUG_BCT2,2021-09-26,839,False,8,3.62988,3.72488,2.95488,2.94488,3.22588,3.07588,2.09588,1.85188,2.80788,3.71788,3.44988,3.42088,3.35388,3.41988,3.22888,2.67788,1.72288,2.59188,2.90988,3.20088,2.59388,2.58688,2.79088,2.95888,2.79488,1.90988,2.34888,2.10988,1.01588,0.95988,1.58088,0.62288,0.27188,0.88988,0.90988,1.49588,2.06488,1.47888,0.21088,0.23888,0.79188,0.62888,0.24388,1.07588,1.60388,1.67388,1.61588,1.72288,1.43888,0.99288
BC_TUG_BCT2,2021-09-26,850,False,-1,1.34704,1.39104,0.86704,0.22104,0.93204,0.70104,4e-05,1.01804,7.80504,23.324,31.491,29.186,23.555,23,22.929,17.836,12.011,5.38904,2.55904,3.10004,2.25404,1.78704,1.15604,0.66704,-0.25996,-0.00196,1.57304,2.81704,2.07304,2.23204,2.77504,2.17404,1.40204,1.25804,0.87004,0.49404,1.56404,1.66404,1.82704,1.84304,1.84904,2.17504,2.03704,1.94504,2.06804,1.78704,1.16204,2.45104,2.63104,2.25904
BC_TUG_BCT2,2021-09-26,863,False,4,16.157,16.181,18.021,20.702,23.032,26.331,28.678,33.135,38.139,41.641,42.49,40.112,35.502,25.469,15.398,8.36402,5.71402,4.29502,3.70402,3.27402,3.75802,2.83602,2.00702,1.99102,1.79902,0.69102,0.93602,1.51302,1.21502,0.96602,0.86002,1.66102,1.44802,0.99602,1.64802,2.53802,1.65102,1.47802,1.57002,1.35502,1.07402,0.41002,1.34602,1.84502,1.68102,1.56402,1.38802,1.57502,2.42502,2.05502
BC_TUG_BCT2,2021-09-26,1791,False,1,0.64996,0.42396,0.64596,2.79996,7.94896,10.87,11.499,13.568,17.385,20.15,20.904,18.129,13.69,9.81996,7.22196,6.21396,5.71996,6.53596,7.27496,7.15196,6.48796,6.22596,6.01996,5.01996,2.95996,1.09996,0.59396,0.93996,1.31796,1.39196,1.60496,1.89096,1.48396,1.51996,2.09096,2.10196,1.77096,2.13496,2.00596,2.13396,1.89396,1.15596,0.61996,0.65896,1.02596,0.95596,1.11996,0.88496,0.92796,1.23996
BC_TUG_BCT2,2021-09-26,1818,False,-1,0.8456,0.4866,0.8256,0.9606,2.1346,4.8076,6.9356,6.3166,4.8966,5.6236,6.8116,6.5876,5.2486,4.6466,3.3106,2.3246,3.0266,3.4156,2.9836,2.0966,1.9556,1.9466,1.9696,1.7596,1.5966,2.3406,2.3166,2.3586,2.0396,2.4536,2.1626,1.7356,1.4206,1.3406,1.1916,0.5846,0.9816,1.5646,1.4226,0.9366,1.0866,1.5506,1.8826,1.6866,1.6556,1.4646,1.4346,0.8266,0.4906,0.0096
BC_TUG_BCT2,2021-09-26,1819,False,-1,0.1738,0.0828,0.6918,1.7948,2.5158,2.6248,1.9828,1.5588,1.3848,2.5458,3.3008,3.2118,2.4658,1.9308,1.6468,1.4438,1.5038,1.3218,1.8028,1.3788,1.4078,1.5168,1.6658,1.1218,0.8198,0.7708,0.5848,1.1448,1.1208,0.2878,0.2618,0.6238,0.8998,1.3928,1.5648,1.4278,0.9978,0.5648,0.0568,0.2598,0.3588,0.8238,0.7038,0.7688,0.3148,0.3718,0.1558,0.1608,0.9148,0.7298
BC_TUG_BCT2,2021-09-26,1828,False,-1,1.39522,1.22922,1.01422,0.76222,1.09722,0.88222,1.60122,4.37822,4.77922,5.64522,9.01822,8.58122,4.99022,3.54622,4.65922,5.48122,5.59722,4.11722,3.49622,4.02222,4.58322,4.47422,4.26422,4.42722,4.30322,4.40722,4.46722,3.72522,2.98722,1.48522,1.14422,1.22122,1.30122,0.94322,0.82622,0.92822,0.68422,0.96422,1.11822,0.17022,0.76422,1.05922,1.02022,1.13622,1.06122,1.58722,2.23222,2.17222,2.50522,1.91022
BC_TUG_BCT2,2021-09-27,4,False,-2,2.27002,2.05102,1.36002,1.32602,2.12502,2.36402,1.74602,2.01202,3.08802,3.92502,3.76402,3.78802,3.41702,2.41802,1.77302,2.03802,2.02702,3.20702,2.79702,2.25102,1.67602,1.48002,1.62002,2.27102,2.50502,2.23302,1.64702,1.90902,1.89402,1.82502,2.22302,1.90602,1.42202,1.52402,1.51502,1.76102,1.77802,1.47902,1.50302,1.31802,1.59102,2.23602,2.20602,2.00802,1.58702,1.49102,1.28702,1.45702,1.41602,1.34102
BC_TUG_BCT2,2021-09-27,5,False,6,0.74002,0.67702,0.18702,0.48502,0.89202,0.67802,0.65202,0.89402,0.92002,1.76002,2.53102,2.86102,1.22702,0.81802,0.86202,0.57002,0.61002,0.44902,0.86302,0.80102,0.37802,1.37102,1.44902,1.00902,0.73702,1.05702,1.71802,1.37402,1.26802,1.33402,1.22802,1.58802,1.38202,1.46202,1.26602,1.04802,1.18802,1.57902,1.44402,0.95502,0.81602,0.53902,0.35902,0.81002,1.13602,1.25402,1.08302,1.22102,0.29702,0.12102
BC_TUG_BCT2,2021-09-27,27,False,5,0.68994,2.14994,2.07594,1.90394,2.02794,2.32794,1.81694,1.45294,1.79894,2.63994,3.07694,2.34394,1.65794,1.38094,1.17494,1.26494,1.68194,1.40194,2.00394,1.92494,1.60794,1.45594,1.50294,1.29294,1.64494,2.02394,1.50894,1.39594,1.38794,1.26294,1.04294,0.85994,1.26194,1.78094,1.54494,1.20094,1.11394,0.91294,0.51494,1.03194,1.61194,1.51894,1.44694,1.30894,0.61494,0.92194,0.69794,1.18394,1.16994,0.62394
BC_TUG_BCT2,2021-09-27,33,False,1,1.66706,2.24406,2.67106,2.57206,2.60206,3.32306,4.28906,4.76106,4.23206,5.22806,5.16906,4.08206,3.75906,4.35506,3.66606,2.96306,2.24306,2.08206,1.76506,1.30006,1.37106,1.13306,0.61006,0.71206,1.11506,1.19306,0.69106,0.53206,0.45306,0.23806,0.91706,1.32706,1.57006,1.53406,1.72006,1.43606,1.60906,1.76606,1.12506,0.93906,1.91606,1.45006,1.15706,0.77806,0.48406,0.84006,1.42506,1.04106,1.13506,1.41406
BC_TUG_BCT2,2021-09-27,49,False,-1,1.55112,0.80712,0.54312,1.15212,3.40312,8.44212,10.8441,12.7651,15.6931,17.1831,17.2181,16.4721,14.9231,14.1261,12.7461,10.1061,8.58812,8.20612,8.25212,7.85712,6.88312,5.67512,5.46812,6.43612,6.49112,5.71712,5.78812,5.12712,4.94712,4.84212,4.96612,4.44812,3.94612,2.98712,3.01512,2.47712,2.22812,2.82012,2.54912,2.58212,2.78112,2.52212,2.32812,1.63112,1.37412,1.49612,1.88012,1.93112,1.66112,1.65612
BC_TUG_BCT2,2021-09-27,64,False,2,2.25306,1.93206,2.98406,6.67406,7.60706,7.82006,8.27106,8.15306,8.61006,8.99906,9.26706,9.12206,8.82006,8.57506,8.69106,8.68206,8.42206,8.42406,8.67406,8.09406,7.38306,5.89806,4.03606,4.30306,5.24706,5.69906,4.30806,2.43806,1.56106,1.04706,0.93406,1.96306,1.82806,1.37106,1.66506,1.58706,1.11806,0.85506,0.40306,0.45306,0.75406,0.74606,0.18506,6e-05,0.35306,0.26806,-0.04994,0.55906,0.56906,0.35506
BC_TUG_BCT2,2021-09-27,75,False,1,16.636,21.746,18.586,14.587,16.798,27.639,34.307,36.8,39.659,44.25,48.716,44.173,34.098,25.562,18.809,12.773,7.32204,5.82704,5.54204,4.47904,4.72704,6.36504,6.92004,7.65204,7.42704,6.70804,6.90404,5.54004,4.92604,4.56404,5.12804,6.14304,6.92604,5.90704,4.51104,4.39804,4.83804,5.64004,5.75904,5.38104,4.78004,4.48904,3.95504,4.36504,4.92904,5.30704,4.67404,3.88904,3.72904,3.52204
BC_TUG_BCT2,2021-09-27,220,False,7,1.50092,1.88092,1.95892,2.35492,2.07392,2.27092,1.85692,2.20192,2.28892,2.85692,2.69592,2.51492,2.65892,1.96692,1.80292,1.53092,2.09792,2.01492,0.94992,0.88692,1.34492,1.45792,1.40692,1.06792,0.18292,1.05992,1.94892,1.12992,0.34192,0.91192,1.16192,1.11692,0.88692,0.67592,1.25292,1.46192,1.46892,1.47292,1.20892,0.97892,1.48092,2.07392,2.11792,1.84092,2.22392,2.32792,2.19292,2.32992,2.36492,1.89392
BC_TUG_BCT2,2021-09-27,368,False,1,1.37678,1.52278,2.87578,3.24878,4.17078,5.17478,4.77078,4.84678,5.17878,5.43178,5.99278,5.26678,4.11178,3.17278,3.59278,3.26178,2.49078,1.93778,1.84878,2.49578,2.53978,2.63078,2.94278,3.18678,2.89278,2.53578,2.46278,2.44378,2.23378,2.46878,2.62478,2.22978,2.04278,2.62278,2.71378,2.32578,1.62278,1.41778,1.31178,1.25578,1.52178,1.46178,1.20578,1.28078,1.35478,1.76178,1.99378,2.20578,1.02278,0.68778
BC_TUG_BCT2,2021-09-27,485,False,-1,3.35836,2.16236,2.76836,3.76836,3.61236,3.28736,3.80336,3.53536,4.73736,6.91736,7.24136,5.99436,4.15736,3.13836,3.36036,3.34036,2.85336,2.43036,1.93936,2.26836,2.74736,2.70636,2.06636,1.05536,0.75636,1.03036,1.57036,2.19636,2.22336,2.29236,2.22336,2.23136,2.15036,1.98836,2.08136,1.72836,1.07436,1.08036,0.95536,0.77736,1.21136,0.84836,1.05136,1.04536,0.89736,0.77636,1.01236,0.57936,0.65236,1.27236
BC_TUG_BCT2,2021-09-27,623,False,1,0.985,0.724,0.773,0.505,0.401,3.462,18.225,49.952,61.267,58.11,64.097,60.71,40.219,22.368,10.995,4.51,1.998,0.733,0.833,2.413,2.41,1.335,1.274,1.318,1.661,2.263,1.64,0.891,1.02,1.218,0.623,1.067,1.706,1.284,1.17,1.061,1.082,1.408,1.365,1.062,1.063,0.967,0.68,0.222,0.368,1.156,1.41,0.623,1.01,1.313
BC_TUG_BCT2,2021-09-27,674,False,-3,1.52046,1.31446,1.12746,1.22846,0.64046,0.51046,0.99046,1.55346,1.76046,2.69846,2.29146,2.16846,1.96846,1.80346,1.92846,1.70746,1.32146,1.26346,1.31746,1.77346,2.42546,1.47046,0.49046,0.56246,0.66346,0.96746,0.88946,0.66246,0.67146,0.94546,1.30946,1.16946,0.94546,1.25346,1.15046,1.05346,0.80146,1.23946,1.86446,1.25446,0.98246,1.58246,1.85046,0.67946,-0.02254,0.50746,0.97246,0.87646,1.29946,1.48946
BC_TUG_BCT2,2021-09-27,848,False,4,1.38884,1.39684,1.20384,1.22384,2.01884,2.04984,2.09984,2.54484,2.60584,3.05884,3.37184,2.85384,2.52184,3.31884,2.84084,2.49084,2.49284,2.54984,2.23184,2.51284,3.09384,3.11984,2.72784,2.68884,1.97384,1.80884,1.94384,1.65384,0.57484,0.29284,0.14384,0.62184,0.45484,0.42684,0.32684,0.19284,0.87284,1.34684,1.45284,1.67884,2.00284,2.07584,1.66084,1.63284,1.43084,1.19984,1.46084,2.64084,2.61184,2.96284
BC_TUG_BCT2,2021-09-27,860,False,0,0.99172,2.01572,2.04272,2.35072,1.46972,1.19572,0.80272,1.79372,3.38372,4.52772,5.42572,5.30972,2.80372,1.69072,1.39472,1.27572,0.76372,0.42772,1.41572,1.45472,1.36272,1.57672,1.35672,0.96172,1.73372,1.71672,1.38972,1.34772,1.37772,1.41572,0.75072,1.11672,1.35872,0.95572,0.56772,0.39372,0.53972,0.86072,2.02672,1.27272,0.56672,0.96572,0.89072,0.84072,0.65972,0.67272,1.03372,0.60172,0.99072,1.03872
BC_TUG_BCT2,2021-09-27,947,False,6,1.1272,1.3942,1.6732,1.7632,1.4682,1.6252,2.2332,2.0522,2.2522,2.5922,2.8862,2.2382,1.9552,1.6592,1.3392,0.8372,0.4572,0.8042,0.3412,0.0542,0.1912,0.5372,0.7072,0.9932,0.8172,1.1192,1.3742,0.9892,1.2872,1.2402,0.8142,0.8152,1.1752,1.7412,1.7372,0.7292,0.3992,1.0382,1.2842,0.9412,1.1532,1.1192,1.0202,1.3062,1.2642,1.0852,1.2152,1.5212,1.0672,0.9362
BC_TUG_BCT2,2021-09-27,1461,False,-1,0.37696,0.19496,0.39296,0.23796,0.20696,0.31296,0.72796,1.28496,2.05396,3.15496,3.73896,3.02896,2.40296,2.15296,2.39096,3.13296,2.57896,2.25296,1.97596,1.84796,1.16596,0.87796,1.74696,1.20696,1.07096,0.86596,1.03996,0.92796,0.88396,0.34596,0.29996,0.91296,1.34396,1.49996,1.47896,1.56396,1.42396,1.62996,0.62796,0.26596,0.74296,1.29696,1.91896,1.14096,0.38996,0.63796,0.18196,0.80596,0.83496,0.56296
BC_TUG_BCT2,2021-09-27,1580,False,6,0.72954,0.98454,1.77054,0.92554,0.98454,1.40754,1.66654,1.96054,2.08154,2.03854,2.34854,2.93254,1.54354,1.14254,1.90054,1.03354,0.69254,0.57154,0.78954,1.18354,1.59954,1.73154,1.00154,0.95454,1.34054,1.37254,1.49854,1.25254,0.84454,1.03254,1.09054,0.62554,-0.08846,0.49254,0.66254,0.64454,0.59854,1.43154,1.36754,0.96654,1.15554,1.11354,0.74054,0.44054,0.23854,0.94854,1.05954,1.23254,0.82354,1.05854
BC_TUG_BCT2,2021-09-28,1271,False,8,1.022,1.029,1.352,0.883,0.69,1.361,1.747,1.728,1.972,2.96,3.375,1.878,1.313,1.704,1.756,0.763,0.704,1.379,1.881,1.463,1.75,2.089,1.789,1.794,2.074,2.078,1.7,2.007,1.824,1.041,0,0.372,0.927,1.118,0.739,0.888,1.409,1.852,1.626,1.637,1.234,0.986,1.07,1.018,1.155,1.428,1.483,1.823,2.375,2.421
BC_TUG_BCT2,2021-09-28,1373,False,-1,1.4052,1.6702,1.9122,1.6612,0.8422,1.1162,1.3982,2.8222,15.1242,45.4692,61.3632,55.7482,47.2322,35.6282,22.4362,17.0212,14.2122,11.8472,10.2652,8.5872,7.7412,6.8832,5.4452,4.2902,3.2812,2.3872,1.9802,2.4452,2.4412,2.0642,1.5722,1.7662,1.5822,1.4612,0.5772,0.6082,1.1442,1.0102,0.5862,0.4872,0.5882,0.7692,0.6922,0.4602,0.1212,-0.7318,-0.8438,0.2162,0.5902,0.6972
BC_TUG_BCT2,2021-09-28,2353,False,-1,0.9808,1.3468,1.4278,1.2308,1.1518,0.5128,0.3368,1.3128,7.1448,19.4688,23.4308,21.0418,15.9908,8.2408,3.6348,1.8688,1.8428,3.4078,3.6338,3.2628,3.0878,2.6388,2.9448,3.6468,4.9128,5.4658,5.9478,5.4198,4.6278,3.8768,4.0838,5.0778,5.1078,4.5038,4.0898,4.9238,5.1788,5.6098,5.2388,4.6108,4.0988,4.3248,4.5768,5.2068,6.1888,6.4318,5.9068,5.2708,4.8368,5.2018
BC_TUG_BCT2,2021-09-28,2477,False,6,2.17236,2.03436,1.49136,1.22636,1.86236,2.79836,2.39436,1.74336,2.14336,2.89836,2.69536,2.35236,1.92536,1.57236,1.39036,0.92136,0.89136,0.70036,1.37136,1.59336,1.61236,1.24636,0.70036,0.51236,1.34136,1.48136,1.23636,1.31036,1.85736,1.65936,1.04136,1.00836,1.39136,1.34936,1.04136,1.03136,1.62236,1.97436,2.02236,2.74836,2.38936,1.43036,1.29436,1.61736,1.48636,0.82236,1.02836,1.30936,1.29136,1.19136
BC_TUG_BCT2,2021-09-28,2490,False,-2,1.30846,1.38946,1.06446,1.46746,2.05046,1.60646,1.31746,1.84546,2.24746,2.91746,3.52046,2.29346,2.01046,1.64646,2.87546,2.66946,2.03246,1.30646,1.38646,2.13446,1.79346,2.29846,2.38246,1.81446,1.75246,2.08746,2.06346,1.71846,1.92746,1.88246,1.09346,0.70446,1.37046,1.21646,1.53246,1.65346,1.86746,1.52046,1.56846,1.47346,0.96846,0.80146,1.91946,2.55446,1.88546,1.53846,1.14146,1.34046,0.80446,0.50846
BC_TUG_BCT2,2021-09-29,0,False,-1,0.65184,0.98584,21.0558,95.0228,148.472,138.8,121.398,132.279,177.239,209.269,204.154,192.242,185.348,164.098,128.94,115.333,121.506,116.129,87.4058,72.8368,69.7018,70.1338,68.0108,61.8758,58.2018,53.2538,40.9138,30.1028,23.2568,19.7358,19.4388,23.2668,30.7698,33.8238,29.2918,23.6968,21.9358,23.1278,27.3198,29.7518,30.5698,31.2658,30.9888,29.3088,28.1478,27.2378,22.8068,17.3018,14.6868,13.8378
BC_TUG_BCT2,2021-09-29,44,False,1,1.32454,1.40854,1.71754,2.14654,2.68054,2.81154,2.79354,2.89854,3.61154,5.18854,5.53354,4.73054,2.55054,2.65254,3.04554,3.32554,2.98054,2.12654,1.98754,2.02654,2.27454,2.29754,2.55954,3.18054,2.55854,2.78054,2.80754,2.51454,2.98654,2.74854,2.69554,2.09754,1.99054,2.10454,2.42154,2.45954,2.09954,2.24054,1.88254,1.36754,1.10054,1.26454,1.71554,1.42054,1.52754,1.75254,1.47054,1.44754,0.76454,1.32954
BC_TUG_BCT2,2021-09-29,53,False,-2,1.58902,2.00702,1.37602,1.31802,0.88202,0.66902,1.10902,1.96302,2.44702,5.64702,8.14102,5.09702,2.99402,3.04202,2.44302,3.15202,3.17502,3.00602,3.17402,3.34502,2.86402,3.05402,3.16302,3.09802,2.25302,1.49802,2.01502,1.56802,1.66002,1.90802,1.70202,1.71002,2.00102,1.90802,1.43302,1.29102,1.14402,1.23702,1.08702,1.22102,2.31102,2.21602,1.42602,0.78902,0.98102,1.54002,1.53102,1.54902,1.80802,1.27102
BC_TUG_BCT2,2021-09-29,66,False,-2,1.01078,0.80778,0.38678,0.89178,1.56178,1.40478,0.85078,0.93078,4.75978,23.5128,45.5458,35.8108,21.1168,17.9188,11.9218,7.98378,9.53878,9.61778,8.57278,6.46978,5.09678,3.89478,3.13078,2.89478,2.20678,2.46778,2.72478,3.37478,2.48578,2.01978,2.13478,2.18478,2.87978,3.05578,2.46378,2.19278,2.16678,1.89878,1.51278,1.41178,1.34878,1.19078,1.44578,1.45178,1.39878,1.97878,0.50178,0.54778,0.99478,0.86178
BC_TUG_BCT2,2021-09-29,311,False,7,1.26914,0.91514,0.88214,0.25714,0.68814,0.46914,0.96414,0.54814,1.37714,2.23314,2.74414,2.40714,0.61114,0.68514,1.32714,1.41914,1.85614,1.36914,1.14514,0.86214,0.41614,0.76314,1.46714,1.71314,1.49814,0.80614,0.22314,0.48614,1.14014,1.08414,0.50614,0.33114,0.23414,0.34214,0.33314,-0.10986,0.29814,2.04614,1.81614,1.35414,0.76714,0.51014,0.91614,1.02814,1.18114,0.99914,0.74814,0.58214,1.55114,2.18514
BC_TUG_BCT2,2021-09-29,333,False,-1,0.86622,0.99322,1.01222,1.29822,1.54922,1.22022,0.86222,0.44122,1.49522,2.62122,3.09822,2.32122,0.74022,0.64122,1.06922,1.39322,1.47822,1.75822,0.98622,0.35522,0.05022,0.00022,0.61922,0.80422,0.87522,0.91522,0.43022,0.11522,0.09022,0.70222,0.45522,0.86022,0.56822,-0.20578,0.08622,1.11422,0.40322,0.72722,1.31422,1.63822,0.81422,0.10522,-0.28678,0.18022,1.00122,0.79422,0.25622,0.67422,0.96722,0.86522
BC_TUG_BCT2,2021-09-29,392,False,0,1.87524,2.04124,2.56924,2.23024,2.20624,3.13724,3.03424,3.33124,4.04424,4.51624,4.53424,4.03724,2.83724,1.51024,0.90524,0.83624,1.08824,1.35724,1.51924,1.02224,0.66524,1.28924,1.10824,0.97724,1.21924,0.63024,0.71924,0.81924,0.93524,1.08324,1.53624,0.93724,0.07324,-0.06076,0.47424,0.95324,0.60824,0.23224,0.79024,1.02424,0.34224,0.01324,0.32024,0.58124,0.99624,0.59024,0.32424,0.60124,0.56424,0.45124
BC_TUG_BCT2,2021-09-29,539,False,-4,0.51082,0.15682,0.52782,0.63382,0.18182,0.92182,1.24582,1.52482,2.65882,3.67582,3.38982,3.24682,2.90882,3.34082,2.77882,2.04082,2.71382,2.73582,1.86982,1.52282,1.83582,2.20782,1.98982,1.88482,2.21882,1.74082,1.94982,1.55582,0.46282,1.31182,1.59082,1.24582,0.92082,1.15482,1.64482,1.53482,1.30082,0.87382,0.87682,0.16782,0.00082,1.02382,1.42782,0.85682,0.11782,0.08782,0.53882,0.61782,1.53882,1.58982
BC_TUG_BCT2,2021-09-29,675,False,-3,0.72996,0.97596,0.82396,1.21596,1.00396,0.69496,0.33496,0.96296,1.57896,1.89096,2.67496,2.49296,1.63496,1.47596,1.24996,1.08596,2.00096,2.66196,1.76496,1.14196,1.25996,1.49896,1.46596,1.55196,1.38796,1.48896,1.85696,1.60196,1.62196,1.07196,1.01896,1.55896,1.87796,1.92196,2.44796,1.67996,1.09396,1.10296,0.90596,0.65796,1.05196,1.09496,0.92196,0.59396,0.46996,0.28896,0.18996,0.89396,0.81096,0.82896
BC_TUG_BCT2,2021-09-29,695,False,2,12.1578,12.0788,11.3398,12.3228,11.6568,11.6628,14.7868,17.6678,18.0458,17.7178,18.7518,17.4268,15.6348,15.0348,15.5448,16.1978,15.9108,15.3108,15.0098,14.9528,14.3788,12.9228,12.7248,12.5878,12.0228,11.5388,10.2208,10.1608,11.6178,12.0918,11.3508,11.0368,11.2828,11.5518,12.0038,12.5748,13.5138,13.5598,13.2618,13.9478,12.9988,10.7538,10.5448,10.4258,10.6948,10.9688,10.1598,9.6988,8.7628,8.2978
BC_TUG_BCT2,2021-09-29,920,False,0,0.80508,1.15608,1.55908,1.43708,1.22508,0.99408,1.57508,1.87308,2.35908,2.98608,3.01508,2.67708,2.88108,2.71008,1.71408,1.15708,0.90208,1.26108,1.52608,1.77708,1.47908,1.06608,1.43308,1.66208,1.25508,1.34908,1.03308,1.37108,1.87208,2.19008,1.10608,0.55608,1.06908,1.55708,1.41308,1.67308,1.82108,1.66108,1.65708,1.81408,1.68208,2.18008,2.73708,2.66008,2.00908,1.80308,1.80408,1.49408,1.72808,1.60908
BC_TUG_BCT2,2021-09-29,1076,False,0,0.79824,0.19924,0.77224,0.54624,0.23124,0.32824,0.59124,1.41324,21.6492,104.479,186.557,172.652,114.577,89.5162,95.7372,93.3642,76.7392,60.9542,45.4202,42.6102,26.5542,13.0002,10.2112,9.26824,8.52324,5.55224,3.73924,5.40024,8.11824,8.99824,9.19324,8.17824,8.08824,9.51224,11.6682,10.7642,9.29224,9.30424,12.0632,13.1012,12.0122,10.4552,9.77124,8.57624,7.64724,5.53924,4.07424,2.22224,1.89124,5.11924
BC_TUG_BCT2,2021-09-29,1412,False,3,0.16916,0.17216,1.23416,2.44516,2.83116,2.88816,3.70816,4.68016,4.29116,4.55516,5.04316,5.19116,4.30816,4.52116,4.46316,3.50516,2.27716,3.15916,3.14716,3.17216,2.57116,2.29316,2.88416,2.73716,2.58916,2.74816,2.80216,2.66516,2.98716,2.30016,1.85516,2.61816,2.81916,2.00816,1.39116,1.58716,1.74716,2.14916,2.10816,2.30216,2.56916,2.33716,1.84816,1.95116,1.80016,1.67416,1.54816,1.43216,1.48116,1.62816
BC_TUG_BCT2,2021-09-29,1516,False,8,2.97004,3.22104,3.35404,4.47404,5.69204,5.16304,4.73304,4.56104,4.13204,4.76804,6.03404,5.39504,4.73104,4.98104,4.66204,4.85704,4.57404,4.81004,4.85304,4.74004,4.41504,3.88004,4.44204,4.95004,4.98004,4.02604,3.54004,4.16204,4.22404,3.40904,2.50004,3.02204,3.78804,4.41204,3.68604,2.91304,2.64104,3.11104,3.45904,2.80704,2.59704,1.95204,1.62804,1.67304,2.39904,2.07804,1.96904,1.95004,2.22604,1.84004
BC_TUG_BCT2,2021-09-29,1562,False,-2,1.35574,0.74874,1.05974,0.70274,0.11274,1.26374,1.72874,1.26674,2.15074,3.14274,3.38774,2.65974,2.20274,1.54674,1.75774,1.78874,2.06074,2.92774,2.84374,1.90774,1.38374,1.24974,1.21074,1.15874,1.38674,0.96874,1.56274,1.78774,1.94174,1.75374,1.74474,2.35074,2.64774,2.10674,1.97874,1.75774,1.28274,0.91974,1.22774,1.70374,1.91274,2.00574,1.49374,0.85074,1.16774,1.41974,1.26674,0.67674,0.53674,0.57674
BC_TUG_BCT2,2021-09-29,1632,False,5,3.2636,1.8846,1.7396,2.4506,3.1236,3.1776,2.6166,2.5486,2.7036,3.1726,3.8026,3.2026,2.9706,3.4986,2.8706,2.5476,2.4946,2.7836,3.1406,2.6196,2.0596,2.1746,2.8156,3.1066,2.6876,2.4156,2.2686,1.9436,1.5156,1.1086,0.6956,0.2046,0.3726,0.9816,0.9516,1.3196,1.5726,1.2426,0.8166,1.0436,1.1046,1.1166,0.9916,0.7656,0.5516,1.0066,1.1256,0.6626,0.6926,0.4806
BC_TUG_BCT2,2021-09-29,1747,False,-1,1.21908,1.16308,2.14008,9.68108,22.9651,19.9831,12.8111,15.4361,40.3251,64.3921,66.3941,59.4901,50.3641,39.1791,32.9781,30.1061,28.0011,28.0231,29.8621,28.5711,22.6821,17.2321,14.2771,14.6071,17.0041,20.0171,20.9021,20.1991,19.1641,17.5981,16.6511,15.4441,15.0631,13.5011,12.0781,11.1521,10.0641,8.50008,8.11908,8.97908,9.68008,8.64008,7.52208,8.48808,8.03108,8.43908,11.0161,11.9571,13.4591,15.6051
BC_TUG_BCT2,2021-09-29,1764,False,1,0.63518,1.34218,2.06718,2.62118,2.82118,2.78018,2.91118,2.60018,2.33118,4.37818,5.01118,2.98318,1.29418,0.46918,0.60018,0.90118,0.23618,0.16318,0.49518,0.41518,0.57618,0.30418,0.32818,0.37118,1.02718,1.13918,1.11218,0.93518,0.94618,0.08018,-0.18582,0.19018,0.20518,0.70518,1.15118,0.84218,0.86418,0.99518,1.11418,1.03318,0.82518,0.57418,0.45218,0.90318,1.03818,0.51918,0.53918,0.79218,0.98318,0.59918
BC_TUG_BCT2,2021-09-29,2296,False,0,5.21242,4.76542,4.20342,3.41842,3.27742,3.88142,4.87342,5.19142,6.56142,7.97842,8.25742,8.53042,7.53042,7.44742,7.69742,7.95542,7.65642,7.11342,7.62542,8.26442,7.67842,6.31442,6.48342,7.50742,7.62242,6.60042,6.04642,5.36942,4.89342,3.73842,3.28642,4.25042,5.44542,5.55542,4.35142,3.37342,3.75842,4.03242,3.45442,3.54242,3.18542,1.82242,0.93442,0.33342,0.09142,0.68342,1.49542,1.28442,1.59542,2.57442
BC_TUG_BCT2,2021-09-29,2318,False,2,0.99066,1.23566,1.20866,1.11566,0.78966,1.24066,2.34566,2.56866,2.76366,3.04266,3.49966,2.56366,2.15366,1.81466,1.36666,1.12666,1.64966,1.65766,1.33266,1.13966,1.42666,1.68266,0.99966,0.81666,1.08866,0.83166,0.76366,1.05266,1.78966,1.67566,1.56766,1.12066,0.95166,1.34866,1.45366,1.74966,2.13966,1.54966,1.23266,1.70666,1.37966,1.30366,1.13766,0.92266,1.35766,1.48466,1.23966,1.50966,1.00366,0.64266
BC_TUG_BCT2,2021-09-29,2320,False,-1,1.5386,1.3366,0.6246,0.7706,0.9426,0.8976,1.0076,1.6646,2.0176,3.4396,3.9866,3.3466,2.7526,2.9216,3.0286,2.3046,1.7926,1.5886,1.7856,1.2006,1.0146,1.8016,2.0776,1.6746,1.4926,0.9856,0.9156,0.6796,0.5546,1.1356,1.6636,1.7556,1.3436,1.0976,1.1456,0.8756,1.7686,0.5796,0.4846,1.5486,0.6936,0.5006,1.2096,0.8766,1.0776,0.8766,0.6306,0.3426,-0.0944,0.5616
BC_TUG_BCT2,2021-09-29,2367,False,-1,0.71954,0.45254,1.02254,3.72954,12.4585,19.1515,16.7555,19.9495,31.4455,42.7055,46.2115,42.3175,32.9085,22.6905,18.6805,14.8605,10.2775,8.74554,8.66254,6.99754,6.17954,5.80254,6.05754,6.49254,5.86454,5.02154,4.79554,4.78954,4.29054,4.62354,5.20454,5.02854,5.43254,6.34454,6.82154,5.98554,5.49854,5.15254,5.52154,5.88854,5.65254,5.08254,4.57754,4.86154,5.15354,5.18354,4.46054,3.73054,3.39354,2.84054
BC_TUG_BCT2,2021-09-29,2407,False,0,0.95236,1.42436,1.46336,1.55236,2.11936,3.23236,2.76336,2.95136,3.63036,4.08936,4.84536,4.85436,3.90436,2.89836,1.51636,0.91936,1.14536,1.35836,1.04836,0.40636,-0.48064,-0.17864,0.79036,0.42836,0.81136,1.69836,1.10336,0.94536,0.63136,1.02536,1.07336,0.61336,0.74436,0.68236,0.42436,0.26136,0.09536,0.30336,0.55636,0.67836,1.39636,1.36436,0.97436,0.62736,1.72436,1.97436,1.69936,1.90136,1.51436,1.31236
BC_TUG_BCT2,2021-09-29,2428,False,0,3.20346,7.57346,6.22546,6.07446,8.27046,10.5885,16.3045,20.5125,26.1865,31.8465,32.8115,28.2805,16.9565,9.73546,6.76146,4.23846,4.60646,6.84446,7.18246,7.54746,8.78946,8.62746,6.81346,6.38946,5.65546,3.97046,3.64246,3.58646,3.52746,2.97646,1.29346,0.32246,0.08846,0.57546,1.43846,1.03146,0.20146,0.19446,0.77346,0.90846,1.05446,0.96846,1.17646,1.61946,2.35446,2.75946,3.91946,4.72646,4.31546,3.98046
BC_TUG_BCT2,2021-09-29,2449,False,1,0.38092,0.70492,3.00492,4.64292,4.62392,7.52792,20.1779,35.3979,38.5819,40.0159,40.4799,39.1169,36.4539,33.7889,31.5629,31.2089,28.8969,26.9559,26.3939,27.4429,28.1549,27.6149,26.9969,26.4189,26.3589,26.8909,25.8019,24.3129,21.2279,17.7029,13.1419,8.14392,5.87192,5.33592,5.24292,5.11192,5.42592,6.87492,9.34392,10.3719,11.8209,12.7579,11.9089,10.8549,11.0219,10.6389,8.80492,7.20592,6.48392,5.34192
BC_TUG_BCT2,2021-09-29,2454,False,-1,1.404,2.125,0.613,-0.097,0.454,0.847,0.566,1.395,6.547,25.995,43.557,32.283,13.533,7.313,5.859,3.875,2.991,2.052,1.708,2.515,2.932,2.262,1.495,1.588,0.841,1.292,1.441,1.2,1.11,1.107,0.635,0.218,1.026,0.743,0.161,0.486,0.751,1.424,1.332,1.332,0.625,0.531,0.863,0.694,1.104,1.47,1.269,0.894,0.958,1.143
BC_TUG_BCT2,2021-09-29,2469,False,1,0.74434,1.57934,2.24434,2.75234,3.85334,4.65734,6.14434,6.21034,5.96834,6.59334,7.38134,6.40734,5.42534,5.42834,5.67234,4.64134,5.84334,5.33434,3.92534,2.75034,1.73434,0.91234,1.32434,1.29434,0.78234,0.76834,0.21634,0.03934,0.44334,1.02034,1.31834,0.62534,0.47434,1.12934,0.73434,0.50334,0.66934,0.00034,-0.18666,0.37134,0.68934,0.54134,0.70734,1.01634,1.68734,1.13034,2.09434,1.36134,1.15434,1.26834
BC_TUG_BCT2,2021-09-30,5,False,-1,1.53642,1.52442,1.02442,1.31142,0.90942,0.63042,1.17542,1.78342,1.44042,1.94442,2.54642,2.07642,1.12142,1.32642,1.25342,1.16542,1.28142,0.78642,1.47042,1.48542,1.12242,1.32342,0.96042,0.64842,0.90342,1.03642,1.07442,0.52742,0.06642,1.09342,1.38942,1.19742,0.74642,0.48042,1.02742,1.03542,0.66842,0.43642,0.43842,0.30242,0.52942,0.76542,0.76342,0.95642,0.83842,1.05142,1.49342,1.24442,1.09042,1.08842
BC_TUG_BCT2,2021-09-30,8,False,0,0.5202,0.6002,0.3942,0.8262,1.5992,1.6312,16.0952,100.807,276.309,379.299,387.156,304.117,189.935,131.46,114.226,105.379,91.4182,77.9322,73.9532,61.2352,34.3692,14.3262,5.5372,3.8282,5.9082,12.1322,18.2932,21.0632,21.1592,18.7062,14.5422,11.1572,7.5722,3.8952,2.7122,2.3812,2.4462,1.6712,0.9502,0.5362,0.9932,1.3882,1.1082,0.8382,1.1192,0.7922,0.5532,1.3012,0.9872,0.9172
BC_TUG_BCT2,2021-09-30,20,False,0,1.03964,1.35864,0.79464,0.73864,0.91564,1.18264,1.09764,1.34364,1.51264,2.24664,2.52564,2.18264,0.04164,0.25964,1.21564,1.62264,1.33264,0.71664,0.41664,1.11064,1.18364,1.45364,1.14364,1.61664,1.64664,1.17164,0.28564,0.87064,1.40064,0.86264,0.10164,0.08864,0.80764,0.80964,1.85064,1.32464,1.23664,1.26864,1.21464,1.48064,1.51964,1.43864,1.27364,1.42164,1.26164,1.37864,2.32064,3.04164,1.89164,1.60764
BC_TUG_BCT2,2021-09-30,73,False,0,0.46466,0.04666,0.24966,0.63566,0.64966,0.76766,0.84166,0.97566,4.41066,15.0287,19.0957,12.4627,6.16066,4.90666,4.33766,3.83666,2.37766,1.30766,0.72166,0.93366,1.03466,1.29366,1.10066,0.93366,1.09766,1.24766,1.12866,0.94866,1.82566,1.32566,1.62766,1.80466,0.71966,1.12066,1.43066,1.12966,1.04066,1.78366,2.57166,2.17666,2.35866,2.33866,1.61166,0.95066,0.92266,0.89966,1.29966,1.19766,0.65666,0.81366
BC_TUG_BCT2,2021-09-30,87,False,0,1.97502,1.05802,0.71002,0.78802,1.02202,0.82702,1.25802,2.64102,6.45102,12.673,13.98,10.879,8.05902,6.89102,5.90202,6.03602,7.12102,8.15602,7.67302,6.54802,6.55202,6.37802,5.93702,5.82202,6.05602,6.98002,6.50202,6.12702,5.90202,5.65702,5.20802,5.13202,4.25702,2.46602,1.95802,2.14802,1.93102,2.05702,2.13902,1.41102,0.67102,0.92802,0.94402,0.79902,0.90902,0.64502,0.11902,0.28402,0.95002,0.87202
BC_TUG_BCT2,2021-09-30,97,False,1,0.8395,0.3965,1.3195,1.7345,2.4815,2.8035,2.3865,3.0545,3.4515,3.2485,3.8355,3.7265,3.0225,2.7265,2.4715,2.5195,2.9385,2.7825,2.4315,2.5715,2.7345,2.3205,1.5655,1.1335,1.4755,1.5565,1.2945,1.0855,0.8605,0.7375,1.2725,1.6055,1.3545,0.4745,0.9125,1.2625,1.3715,1.3725,0.9965,0.8775,0.9095,1.6425,1.2865,0.7645,0.4695,0.8615,1.1445,0.9955,0.9695,0.9425
BC_TUG_BCT2,2021-09-30,1381,False,5,1.71282,2.05082,2.13182,2.40982,2.39982,2.35382,2.27582,2.94882,2.81082,2.78282,3.04782,2.78482,1.87782,1.51382,1.17382,0.92382,1.44082,1.53482,0.93382,1.96282,2.42582,2.71682,3.43982,3.44382,2.89682,2.84682,2.52282,1.76982,1.99282,2.34982,2.82182,2.30182,2.47582,2.60682,3.39682,3.39682,2.83582,2.55682,2.71182,2.43782,2.55182,3.17182,3.29182,2.96882,2.59182,2.40582,2.28982,2.24782,2.19082,1.96182
BC_TUG_BCT2,2021-09-30,2251,False,0,0.8203,0.6163,-0.1097,0.5283,1.5243,1.6083,1.3283,1.7063,3.9163,7.1043,8.0913,7.6113,5.9403,4.6663,4.9933,5.4003,5.0083,3.9383,3.6493,4.7103,5.3143,4.1633,3.1843,2.3743,2.1023,1.6383,1.6793,1.3873,1.3313,1.8863,2.2513,1.9863,2.2313,2.0853,1.8473,1.3973,1.2363,0.8613,0.8683,1.3413,1.2173,0.8333,0.7883,1.0043,0.6693,0.5263,0.4483,1.0443,1.2953,0.7393
BC_TUG_BCT2,2021-09-30,2554,False,-1,0.49132,1.00132,1.09832,1.11232,1.04132,0.80832,3.19232,11.7443,20.3003,22.4163,25.8603,25.7783,21.7183,18.0143,14.3633,11.9473,10.7503,9.13232,7.52632,6.35632,4.89932,4.34432,5.35232,5.94832,5.38032,4.99932,4.51832,4.27432,4.26332,4.46532,4.96132,4.52132,4.18232,3.87232,3.66632,3.31332,3.03032,2.75632,2.89332,2.45432,1.35132,2.06032,1.27432,1.28332,2.13632,2.66032,2.39332,2.09832,1.89132,1.70132
BC_TUG_BCT2,2021-10-01,8,False,1,0.92806,4.73506,17.0011,33.1641,46.9041,65.0471,67.1981,61.7971,71.9571,85.6701,85.9601,78.5621,70.6421,66.9181,65.4451,65.9401,63.5371,51.1441,39.0591,35.9411,35.8071,35.1831,30.7251,22.9801,17.4171,14.6851,14.6821,13.5871,11.4611,10.5801,9.97106,9.47206,10.7651,10.2651,5.71906,1.90206,1.81606,2.46406,2.54306,1.85306,1.25306,0.76006,0.61406,1.47406,1.13006,1.04906,1.13606,1.47006,0.79406,0.45906
BC_TUG_BCT2,2021-10-01,52,False,0,0.54642,0.89242,1.37342,1.66142,1.06942,1.14642,12.8364,102.407,344.731,579.645,624.456,528.392,384.751,205.878,72.7034,28.9024,19.2844,12.3084,9.03642,8.72942,7.33042,4.97842,3.50042,3.10742,2.81342,2.16642,1.67642,1.68442,2.54142,1.95942,1.25042,1.48942,1.59942,1.60142,1.27842,1.41342,0.90342,1.04642,0.72942,0.52642,1.11542,1.23442,1.22342,1.54942,1.15442,0.27542,0.16942,0.18942,0.65542,0.54242
BC_TUG_BCT2,2021-10-01,54,False,-1,0.8551,0.5121,0.6621,0.7991,0.3101,0.3931,0.4001,0.3641,1.1941,2.9561,3.6931,3.4611,2.7101,2.2711,1.9091,1.8251,1.4501,1.0271,1.0151,1.0151,1.3121,1.4141,1.6391,0.9161,0.8751,0.8691,1.3811,1.5491,0.8171,0.1101,0.0751,0.0911,0.3611,0.7971,0.8551,0.8611,1.3641,1.1891,1.5231,1.7431,1.5821,1.5141,1.0031,1.0641,1.9071,1.6831,0.6211,0.8711,0.9331,1.1371
BC_TUG_BCT2,2021-10-01,56,False,0,0.54344,1.41644,4.25644,11.1754,13.7424,12.7854,10.4054,9.83444,12.8794,16.5974,17.9794,17.7324,17.0884,16.7194,16.2354,15.3884,13.2424,12.0574,12.0154,12.0914,11.5164,9.28244,7.21544,6.21644,4.26744,2.78544,2.18144,1.59644,0.84344,0.74144,1.17544,1.66444,1.38744,0.77244,1.16144,1.59544,1.23144,0.46244,0.57644,1.00844,0.97144,0.92244,0.85744,0.57444,0.61444,0.56344,0.46044,0.77144,0.67544,0.51644
BC_TUG_BCT2,2021-10-01,76,False,0,0.84232,0.70232,0.57532,0.60432,0.80132,0.60332,0.99232,1.50632,1.83332,4.07232,4.01932,2.49732,1.50132,1.19832,0.90532,1.24332,0.91032,0.84932,1.11332,0.04132,0.42932,1.06332,1.13832,1.11532,1.56632,1.14732,0.73032,1.34232,1.78032,1.35332,1.56332,2.05932,0.57532,0.46532,0.81632,1.95932,2.22532,1.39532,1.33832,1.52232,0.91932,1.63232,0.49532,1.04532,0.96132,1.03332,1.33432,0.88432,0.32132,0.47032
BC_TUG_BCT2,2021-10-01,113,False,-1,0.55018,1.20918,0.44818,-0.37582,0.19518,0.59618,0.78618,1.61818,1.62618,2.47218,2.94918,2.79318,2.15318,1.36818,2.21718,1.98318,1.40918,1.13718,1.14318,0.96618,0.75218,1.23818,1.28118,1.09618,0.94318,1.02218,1.04118,0.78118,0.50218,0.12518,0.17018,0.23518,0.86818,1.21318,1.42218,1.11218,0.61618,0.60018,0.16918,0.13918,0.53418,1.31518,1.24318,1.05618,0.65018,0.46418,1.27018,1.60018,1.27918,1.00018
BC_TUG_BCT2,2021-10-01,1166,False,0,0.84926,0.32826,0.15226,-0.29374,-0.20974,0.96526,23.7883,144.35,362.701,550.656,528.386,428.063,415.178,432.213,326.019,170.855,94.1193,95.3233,112.428,88.0363,48.1053,24.2163,25.3083,33.9023,31.8483,25.6633,22.3183,24.9743,30.9203,27.7733,24.1013,19.5923,13.5473,12.8693,10.7343,7.95026,6.31326,5.69326,4.87726,3.97126,3.67126,2.72526,1.50126,1.17026,0.42026,0.29026,0.30826,0.48726,0.78526,1.22226
BC_TUG_BCT2,2021-10-01,1296,False,3,0.4277,0.7247,1.2227,0.3517,0.6737,1.4187,0.7697,0.7267,1.2467,2.2937,2.9897,2.2277,0.3447,0.1207,0.7537,0.3857,0.0637,-0.0893,-0.2473,0.2797,1.4027,1.0637,0.4447,0.8847,1.0017,0.7887,1.0237,0.7277,0.4927,0.3747,0.9467,0.8667,0.5797,0.8017,0.8647,0.3707,1.1047,0.7617,0.3817,0.5497,0.6917,0.7337,1.1267,0.9247,0.7567,0.5787,0.2877,0.1527,0.2567,0.1127
BC_TUG_BCT2,2021-10-01,1982,False,2,1.29816,1.48816,1.25416,1.58716,2.53516,2.40616,1.51016,0.73816,1.81616,2.29016,2.84516,1.92716,1.68116,2.36216,1.59316,1.74916,0.55316,1.52116,1.41716,1.45416,2.09316,2.11516,1.34316,0.84616,1.59316,1.91816,1.05016,0.92716,1.40216,1.95816,2.15716,1.75616,1.69616,1.41816,2.20916,2.11416,1.19816,0.60116,0.53716,0.97016,0.71316,1.31916,0.91916,0.44516,0.67116,0.67616,0.80016,1.19416,0.96716,0.66316
BC_TUG_BCT2,2021-10-01,2001,False,5,2.04322,2.78122,2.32222,2.13522,2.30622,2.54522,1.54022,1.33722,2.67022,3.71322,3.96622,3.64222,3.24122,4.18122,3.02822,3.79922,2.81422,3.33422,2.62022,2.05922,3.36022,3.35722,2.48522,3.23522,3.59422,2.34522,1.79622,3.10222,2.55922,1.92122,1.53222,1.59022,0.79522,1.35422,1.26322,1.64322,1.99322,2.30122,2.73522,1.16122,1.19722,1.53222,1.56122,1.80222,2.46122,2.53722,2.68922,2.04922,2.28422,1.98422
BC_TUG_BCT2,2021-10-01,2171,False,-1,1.68112,1.70212,2.14112,2.82412,9.88512,24.0641,36.3831,32.8591,28.7671,38.7291,44.5581,39.5171,36.5511,35.4301,31.6501,26.1751,19.8321,18.5551,19.8211,21.0731,21.8641,19.3731,17.2701,14.5931,10.2501,9.35412,9.20212,7.12912,5.69012,5.83912,7.10312,7.59612,6.55612,5.29512,5.41012,5.62912,4.26912,4.38612,4.29312,3.09612,2.86612,2.07712,2.30612,3.45312,2.77512,2.86412,3.14412,3.54112,3.09512,4.32012
BC_TUG_BCT2,2021-10-01,2554,False,-4,26.3351,31.9211,43.9621,63.2181,61.5471,43.6551,28.3101,28.5921,38.8561,47.1011,49.9671,48.6151,46.7381,42.6921,37.6331,35.6831,35.4991,34.9461,28.8211,16.7151,6.44012,7.36312,13.0631,14.2941,10.0531,4.43512,2.04812,1.99412,2.14112,2.72912,3.44612,2.48312,1.35512,0.08312,0.58712,1.03912,0.22012,-0.06888,0.08612,1.27712,0.56612,0.14412,0.54012,0.19112,0.37812,1.28712,2.83412,1.72212,0.48712,0.77412
BC_TUG_BCT2,2021-10-01,2634,False,0,0.38426,-0.40374,0.70626,1.44926,1.11126,0.79726,1.59926,1.60126,1.20526,2.26526,2.72826,2.14626,1.95326,2.24026,0.80926,1.08726,1.04826,1.16326,1.09626,0.28626,0.23026,0.84526,0.97126,1.99526,2.04126,1.55526,1.58626,1.08526,1.92526,2.14626,2.25326,1.87226,1.64226,0.63326,1.13926,1.10226,0.52226,0.25326,1.01226,1.70626,1.60426,0.51626,1.69826,2.36326,0.88426,1.65526,2.08026,1.17526,0.47626,0.63526
BC_TUG_BCT2,2021-10-01,2649,False,0,0.37844,0.99844,1.42444,1.26244,1.12544,1.25544,1.16644,0.58044,1.50744,2.61844,3.34844,2.55444,2.30344,1.40744,0.43344,1.13244,0.45344,0.35344,1.16444,1.54944,1.78144,1.22344,0.95244,1.31744,1.91444,1.64544,1.02944,1.21344,1.62644,1.51744,1.87644,2.21444,2.91344,1.37444,0.15244,0.14744,0.15944,0.13444,1.32444,1.57444,1.94244,2.30544,0.97944,1.20044,0.99744,1.28244,1.01844,0.46144,1.20944,2.81144
BC_TUG_BCT2,2021-10-01,2708,False,4,0.2277,0.2107,1.6967,2.8507,3.2067,3.5027,2.8447,1.8547,2.0787,3.9107,3.4677,3.7947,3.3047,2.4447,2.2717,1.3147,0.6357,0.3717,0.6347,1.5587,2.0787,2.3497,1.4837,1.6117,1.4697,0.4407,-0.1943,-0.3533,0.7667,1.6837,1.6407,1.0737,0.3897,0.8047,0.8427,0.3937,0.5847,1.5857,1.7367,2.3817,0.9857,0.8707,1.2687,1.8927,0.8667,0.8707,1.0747,0.9207,0.6287,1.1147
BC_TUG_BCT2,2021-10-01,2713,False,5,0.56576,0.01076,0.17876,0.40876,0.00076,0.90376,1.57676,1.55876,1.60376,2.34176,2.96276,1.80376,1.04076,1.36676,2.11476,0.52476,0.40976,0.30576,0.40176,0.85676,0.93776,1.15376,1.30176,0.99776,0.27776,0.10676,0.85676,0.67676,0.28776,0.57476,1.11076,1.82076,1.02476,0.26576,1.05576,3.11576,1.97676,1.25876,1.11476,0.94276,0.72676,0.82176,0.41276,0.50776,0.52076,0.71676,0.85276,-0.13624,0.48276,1.76776
BC_TUG_BCT2,2021-10-01,2724,False,-4,1.72334,0.73534,0.35334,0.80034,1.22234,1.44534,0.97434,0.98734,1.45334,3.01934,2.76334,1.72434,1.58634,1.03534,1.02434,0.58334,0.70634,0.35134,0.49934,2.03834,1.98534,0.73034,0.50534,0.05434,0.89434,0.88934,0.99834,0.53834,0.48834,0.34734,0.94334,1.72434,1.37634,0.39034,0.80934,0.39034,0.95434,1.24134,1.61134,2.45834,2.76934,1.29134,0.32134,0.47034,0.48534,0.61934,-0.14866,0.55234,2.48234,2.58634
BC_TUG_BCT2,2021-10-01,2734,False,-1,2.7882,1.9112,1.0122,1.9712,3.7542,5.1782,4.9152,5.3792,7.9242,9.3902,9.1132,9.2602,9.0652,8.7582,6.8132,5.9072,6.0332,4.3682,4.5972,5.6852,5.4242,6.4062,6.5942,7.3312,7.4422,6.2492,5.1782,5.0342,5.8672,5.5132,4.9922,5.0292,5.6362,5.2822,4.7462,5.0012,6.0072,6.3482,4.7552,4.5162,5.7422,5.8092,6.4652,6.1932,3.2232,1.9792,2.1722,2.1212,0.8912,0.2862
BC_TUG_BCT2,2021-10-01,2736,False,5,2.57592,2.46892,1.32692,1.34292,1.41592,1.81592,1.24792,1.36492,1.86992,3.19992,2.43992,2.32092,1.77892,1.93592,1.94192,1.10192,1.75092,2.43292,2.18392,1.68192,0.90792,1.12892,1.24692,1.15992,1.20592,0.82192,0.33392,1.13392,1.70292,2.54192,2.05492,1.63892,1.18992,1.55992,1.50292,1.44792,1.62392,1.18592,1.03992,1.28692,2.72892,2.16192,1.71792,1.55992,1.52492,1.67692,1.67192,2.32292,1.87592,2.01392
BC_TUG_BCT2,2021-10-01,2740,False,-4,1.71202,1.87202,1.35502,0.92202,0.70902,1.20302,2.80002,2.58702,2.09602,2.69902,2.57002,3.03102,1.89002,2.19602,2.11002,1.62902,1.35902,0.87802,1.15002,1.42102,1.09602,1.00102,1.34202,1.54302,2.58302,1.39402,1.71202,2.07202,1.94402,1.32702,1.27602,0.81102,0.05402,0.98102,1.50102,2.15102,1.45002,0.66002,0.12402,-0.25298,0.72702,1.31602,1.78702,1.90202,1.49202,1.19502,1.27202,0.46102,1.33502,2.70202
BC_TUG_BCT2,2021-10-01,2741,False,-1,2.0261,1.4521,2.1451,1.6801,1.0091,0.1651,0.0301,1.0131,3.1351,8.6811,12.1781,9.6321,7.9751,8.1431,8.7671,5.9891,3.6951,2.6911,2.3391,3.0691,2.9451,2.5591,2.3271,2.3731,2.5951,2.0271,1.9591,2.0901,1.6861,0.6061,0.9651,1.8141,2.9871,2.3551,2.3751,2.0001,1.9241,0.6911,1.0481,3.2571,3.3251,1.8451,1.7961,1.4601,2.2781,1.3551,0.9281,1.7571,3.1881,1.8951
BC_TUG_BCT2,2021-10-01,2751,False,0,0.87326,0.95226,0.68726,1.50926,2.50426,1.81026,1.97326,1.90426,4.58726,8.70226,9.22526,8.04826,6.70026,5.51126,6.27926,6.03026,3.81826,2.99626,2.81626,2.67126,3.10426,2.37926,1.57326,2.32226,2.83126,2.11626,1.81526,1.98426,1.28926,0.21426,0.60126,0.47326,0.33726,0.21526,0.36726,0.80326,1.46926,0.87526,-0.15974,0.64826,1.80826,1.24626,0.43126,0.93026,1.04826,2.41426,2.38026,1.79526,1.28126,1.50526
BC_TUG_BCT2,2021-10-02,10,False,-1,0.85018,1.67818,2.40518,1.01718,0.25018,0.39118,-0.05782,1.64018,2.61118,3.04318,3.62918,3.74418,2.77418,1.71318,2.43718,2.10118,2.78118,2.49218,1.83718,2.54818,3.27618,1.89018,1.12218,1.42618,1.61618,1.29718,0.95918,0.42118,0.92318,1.84418,0.80118,0.87818,1.98318,2.12718,1.81818,1.02618,0.97718,1.99918,1.82918,0.60918,1.04318,1.68518,1.51518,2.13918,2.00418,1.53918,1.35118,1.48918,0.50618,0.45718
BC_TUG_BCT2,2021-10-02,20,False,-4,1.19784,1.06284,1.85784,1.34884,0.63984,0.91384,0.84384,2.77184,2.47584,2.94984,3.24384,2.90484,2.59684,2.12284,2.78784,2.33484,2.45084,3.37984,2.31284,0.79684,1.23684,1.26384,1.22084,1.66584,2.66384,2.57184,2.35784,2.19884,1.44184,1.25984,1.39784,1.96284,2.34384,1.17684,0.86584,1.63584,2.09884,1.62084,1.05384,0.98984,1.51784,1.84784,1.95684,1.81584,1.18884,0.48384,1.00384,1.16084,1.31984,1.41784
BC_TUG_BCT2,2021-10-02,78,False,6,0.91616,1.02616,1.83616,1.77916,1.67116,1.61916,1.32916,1.59316,1.80216,2.74716,3.11216,3.17016,1.76616,1.69616,1.51916,1.44616,1.12516,1.18116,1.14316,1.35416,1.41116,1.67316,1.60616,1.47616,0.97216,1.02016,0.38216,-0.56484,0.07716,0.92816,1.25416,1.69816,1.98716,1.25716,0.55416,0.20716,0.00016,0.56716,1.49516,1.23016,1.21916,1.75216,1.74116,0.49916,0.66016,0.91716,1.38416,1.59716,1.98816,2.73616
BC_TUG_BCT2,2021-10-02,92,False,0,2.04212,1.54712,0.54112,0.56112,0.41912,0.13812,2.20912,35.7161,176.571,369.696,435.448,406.966,329.547,282.085,348.698,405.841,356.478,327.873,364.06,332.921,226.612,126.009,62.9181,36.6711,19.5591,12.4981,11.8951,11.2141,13.3201,16.1371,16.2491,16.7551,12.0671,8.33012,7.92712,10.4611,13.6131,13.5841,11.9161,11.9141,11.9171,11.5941,11.2941,10.9281,9.60912,8.07912,7.75012,8.40412,7.20312,6.50012
BC_TUG_BCT2,2021-10-02,98,False,-1,1.52064,1.19164,0.46564,1.15464,1.26264,0.81964,1.07064,2.08464,13.4826,41.2596,55.8316,51.3736,38.4456,22.8666,11.7686,8.74264,9.91464,10.8616,10.7286,9.57564,9.47564,9.12064,8.30964,6.07964,4.21064,4.54864,4.49064,4.53264,3.64164,2.78464,2.33464,2.11464,2.45464,2.53864,2.26964,2.21464,2.45864,2.44664,1.63864,1.69764,1.73564,1.54864,1.71664,2.14564,1.05764,1.08464,1.59964,2.32964,0.93264,0.05964
BC_TUG_BCT2,2021-10-02,110,False,-1,1.37876,1.08776,0.43676,0.55476,0.63376,1.07076,0.91176,0.70676,3.35676,6.03376,6.36376,5.42976,4.94776,4.93676,4.34876,3.40976,2.40276,2.53376,1.83276,1.56576,2.22376,1.66476,0.70576,0.59976,1.21376,1.85276,1.35176,0.89176,0.95176,1.85876,1.72676,0.90176,0.81476,0.68076,1.28476,1.55676,1.40976,1.08876,0.93076,2.10676,2.19976,0.80976,1.49776,1.60176,1.17576,0.88176,0.85276,0.09976,0.19376,1.47976
BC_TUG_BCT2,2021-10-02,120,False,0,0.40514,0.79414,1.04614,0.95414,0.70814,-0.19486,1.48614,14.4551,47.1471,72.5141,72.4751,60.9001,53.5461,49.8831,46.6351,43.9061,42.0621,40.9771,34.1971,23.7861,17.0951,17.5231,19.4231,17.6761,13.5261,9.17014,4.57614,2.10514,2.77314,3.24114,3.89214,5.76614,7.64714,6.80114,5.54914,5.89714,7.93114,7.90814,7.31814,7.05414,6.60014,6.33314,5.83714,6.05414,5.90614,5.38714,6.31314,6.43514,6.31114,6.25614
BC_TUG_BCT2,2021-10-02,126,False,0,1.73422,1.26322,1.18022,1.55422,1.73222,2.77022,3.87922,4.51722,6.98722,12.2162,13.2922,9.88722,7.22122,6.19322,6.04322,7.50322,8.37122,7.94222,5.79322,4.39822,3.89922,4.33322,3.59722,3.61122,4.34222,4.94022,4.05922,4.02722,3.19622,2.45622,2.17122,2.81022,3.22722,3.06722,2.71022,2.66822,2.79822,3.51522,4.65622,3.89822,2.25722,2.81122,3.94222,4.05622,3.29022,2.88122,2.88422,3.24922,3.87122,3.30722
BC_TUG_BCT2,2021-10-02,129,False,-1,1.37562,1.66262,1.08262,0.00062,0.53962,0.85362,2.14762,4.17762,9.92062,20.7686,25.8016,22.7286,18.6216,16.1516,14.3916,14.2096,13.5186,10.2186,5.65362,3.92662,4.96862,5.36462,4.05462,4.07962,4.54862,3.93362,3.71262,3.29562,1.39362,1.05662,1.10162,1.53262,1.59462,2.52662,2.14862,1.04862,-0.14438,-0.55638,0.62062,1.46762,1.54362,1.14662,1.24162,2.26562,1.63162,0.89962,1.53362,1.70062,2.35862,1.16862
BC_TUG_BCT2,2021-10-02,136,False,2,2.84708,2.23608,1.83308,1.21408,1.70708,3.07608,4.62308,4.56808,4.55108,4.86108,5.60608,4.89908,3.52008,3.61308,3.83408,2.76108,2.67908,2.53508,1.22708,0.28708,0.50308,1.87608,2.72608,1.72808,1.30608,2.05308,2.41008,1.57008,1.12008,1.31408,0.63508,0.00408,1.30108,1.50608,1.55408,1.91708,1.66708,2.00008,1.54408,1.44408,0.92408,1.63208,1.93908,1.79408,0.94408,1.03608,1.72508,1.83008,2.69908,2.68208
BC_TUG_BCT2,2021-10-02,139,False,-4,1.2412,0.0012,-0.2648,1.4032,0.6482,-0.1708,1.0502,2.2172,2.6052,4.2762,3.9022,3.4932,3.1522,0.9122,1.2142,2.7912,2.6132,1.7412,1.1572,2.0272,3.0792,2.9572,1.9402,1.8902,2.7762,2.2692,1.7902,2.1652,1.8792,1.3802,1.2242,2.3322,1.4532,0.9382,1.2322,2.4622,2.2212,2.6312,2.3792,1.7492,1.5742,1.2732,1.3352,0.9752,0.7012,0.9032,1.0712,0.8762,1.1872,1.6292
BC_TUG_BCT2,2021-10-02,294,False,-1,0.6602,0.8242,1.2722,0.9732,0.8702,1.0552,1.5582,1.5552,2.0942,3.2962,4.2092,3.7612,2.4892,1.9712,2.6212,2.5042,2.2402,2.0702,1.6032,1.7212,2.0702,1.2982,1.3892,2.1132,1.7742,1.7492,2.1272,2.2682,2.2082,2.0772,2.2322,2.3392,2.3162,2.6362,1.9042,2.0872,2.6512,2.4662,2.2242,2.3692,1.9252,2.1472,2.1472,1.6412,1.3542,1.4982,2.6232,2.3322,1.8492,2.3382
BC_TUG_BCT2,2021-10-02,385,False,-1,0.6637,1.2557,1.6537,1.1297,1.0617,2.1457,1.3547,0.2217,2.3187,7.9887,15.7517,10.1487,3.7407,2.5207,2.4157,2.5437,0.5357,0.5907,1.5227,0.8047,0.4127,0.3367,0.4227,0.5717,0.7857,0.5567,0.4277,0.9567,1.6357,1.0107,1.4737,1.4147,0.9277,1.3117,1.8207,1.4237,0.7757,0.8037,1.0387,1.0587,0.8277,0.6027,1.2697,1.7567,1.5847,1.9407,0.6557,0.6137,1.1807,1.3107
BC_TUG_BCT2,2021-10-02,559,False,-2,0.46946,-0.19454,0.51146,1.15746,0.67646,0.44446,0.08446,0.63746,2.04546,3.49846,2.92946,2.83046,2.27446,2.18346,0.94346,0.15946,0.73846,1.24446,1.95046,1.85646,1.29046,0.57346,0.72446,0.94546,0.99346,0.87546,0.52346,0.33846,0.69246,1.11946,0.88546,1.50446,1.58246,2.57746,3.09946,2.41646,1.50546,0.38746,0.57246,0.81846,-0.04054,0.44246,1.40046,0.97046,0.74346,1.06946,0.89246,0.98946,0.55946,1.13646
BC_TUG_BCT2,2021-10-02,792,False,5,1.0059,1.2259,0.4209,0.9669,1.3849,0.9979,1.1479,1.3539,2.4229,2.7269,3.7189,2.6839,2.0869,2.3479,2.3039,1.7789,2.2409,1.4479,0.7359,0.7769,0.4239,-0.0441,0.0249,0.9429,0.9319,1.2419,0.9819,1.2719,0.8029,0.5849,0.9399,0.6669,0.5899,0.6459,1.4289,1.1519,0.3639,0.5669,1.0869,1.1439,0.9129,1.1839,1.2649,0.8809,0.9729,0.4699,1.4219,0.9159,0.1599,0.4969
BC_TUG_BCT2,2021-10-02,931,False,1,0.11608,0.60308,1.09708,1.32208,0.53008,0.20008,2.20608,5.58508,9.10308,12.6941,13.1451,9.95708,7.04808,6.50608,4.02808,2.38808,3.70408,4.48208,4.48708,4.71108,3.73808,3.34708,2.70708,2.33008,2.20908,2.59208,2.29008,0.53708,0.34108,1.76108,1.91808,1.61708,0.95708,0.12908,-0.01292,0.34108,0.63808,0.48308,0.69008,0.20808,0.67708,1.52108,3.70708,3.73908,2.09108,1.26708,2.16908,1.03008,0.58308,0.46608
BC_TUG_BCT2,2021-10-02,1058,False,2,1.29352,1.86752,1.53952,0.42552,0.96252,1.44852,1.75952,2.12052,2.54752,3.26652,3.25552,2.83452,1.71152,0.41452,0.30152,0.93152,0.87452,0.33352,0.22852,1.18052,0.85552,0.78752,1.54552,2.00352,2.10452,1.73452,1.94652,2.06452,0.99752,0.84252,1.40652,1.47152,1.39952,1.60452,0.92052,0.49852,0.88752,1.49552,1.48052,1.11652,1.16452,1.52652,1.30552,1.54852,1.30152,1.15652,0.35852,0.21852,1.18452,1.53452
BC_TUG_BCT2,2021-10-02,2431,False,-1,0.95134,0.94834,0.25634,0.89734,1.51434,1.63934,1.52934,0.62634,1.97534,4.61834,4.83934,3.92834,3.38734,3.85334,1.72734,1.18734,1.52634,1.29734,0.74534,1.44234,2.18534,1.39034,1.56334,1.74534,1.48834,1.35334,1.79434,2.22034,1.47734,1.19534,1.29634,1.26834,2.02934,2.19034,2.08434,1.06734,1.02734,1.62534,2.39334,2.76734,2.42434,2.54234,1.60834,0.66334,0.78534,0.85234,1.04934,1.02034,1.09134,1.43134
BC_TUG_BCT2,2021-10-02,2443,False,1,2.67744,2.34644,2.89844,2.85744,3.24544,2.75844,2.72144,3.87244,5.78744,7.01444,7.13244,6.47644,6.49544,6.76644,6.72944,6.62044,6.55544,5.98444,5.51344,4.50644,4.32144,4.17644,4.71444,5.28144,4.72144,5.19044,4.30444,3.13044,3.36944,4.08544,4.58444,4.07244,3.00044,2.29644,2.17844,2.72744,2.05444,1.33744,0.98944,1.52244,2.33444,1.83244,1.54244,2.33444,2.44544,2.06044,3.10744,2.19044,1.89044,1.43344
BC_TUG_BCT2,2021-10-02,2481,False,-1,0.77292,2.10992,1.25092,0.40192,0.59392,0.78792,0.36892,0.68792,1.28492,2.41392,3.76892,3.69292,2.66992,2.97392,2.95292,2.33192,1.96992,1.92992,1.59992,2.02992,0.84392,1.10092,1.64292,2.08592,2.29392,1.43192,1.14592,0.94592,1.63592,1.87092,1.79792,1.16792,1.92492,1.31892,0.47192,0.15992,-0.09408,0.47892,0.58592,0.17892,0.24092,0.88892,1.54692,1.88392,2.30992,1.90292,1.29392,0.36392,1.03592,1.10192
BC_TUG_BCT2,2021-10-02,2504,False,0,1.75444,2.63344,17.9254,60.1404,71.5144,68.2194,49.2134,36.1994,68.9204,103.755,105.195,96.6004,84.7624,74.8594,73.7014,68.9454,62.6944,53.4094,39.3854,39.7074,39.3224,26.7854,15.2174,10.1514,5.34244,2.33644,2.72644,3.71944,6.12144,8.03744,8.71144,8.96644,10.9424,13.7404,11.2714,8.42144,8.05644,10.6844,19.0534,25.8034,28.7964,23.3844,14.2044,7.11544,7.09244,8.94544,9.80844,11.1614,11.8114,10.8224
BC_TUG_BCT2,2021-10-02,2527,False,-1,1.74274,1.79574,1.60774,0.97274,0.36874,1.39074,1.73174,0.14374,0.60474,2.49274,3.31274,2.64774,1.63774,1.42674,1.14374,1.83674,1.77774,1.71474,1.18374,1.06874,1.45374,1.25974,1.08674,1.15474,1.31174,1.30474,1.36574,1.54974,2.15274,1.27174,0.14574,1.32874,1.96774,1.76174,0.99774,1.34074,0.78274,0.31474,1.69074,1.54174,1.25974,1.52374,0.99874,0.86874,0.00074,-0.03626,0.01274,0.12974,-0.04326,0.65274
BC_TUG_BCT2,2021-10-03,0,False,0,0.60872,1.54472,1.67872,1.64572,1.55172,1.20272,0.97472,1.20572,3.00972,5.79372,5.39572,4.98472,5.69072,4.11972,3.05372,4.44972,4.43372,4.13272,3.55272,2.72672,3.24672,2.88572,2.20572,1.95472,2.65772,3.03072,2.50672,1.61672,1.76572,1.56172,1.13872,1.04172,1.84072,1.76272,2.23872,2.68072,2.06472,1.60272,0.76872,-0.01428,0.86372,1.21872,2.23172,1.69472,1.17372,1.14572,1.47372,0.55972,0.65972,0.72472
BC_TUG_BCT2,2021-10-03,28,False,2,1.56368,1.09968,0.55968,0.33768,0.36268,0.58868,0.66568,0.60468,1.28268,2.15668,3.47568,2.35268,1.36468,1.15368,1.30468,1.49568,0.62868,1.38268,0.66568,-0.19832,0.54468,1.35068,1.96968,2.39868,2.46168,1.19268,0.83768,1.31168,1.41668,0.83968,1.07968,0.65268,1.02468,0.58568,1.05568,1.65068,1.85168,1.41468,1.75568,1.32968,1.49468,1.57568,2.75968,2.00768,1.42068,0.98468,0.66068,1.25568,1.70668,1.41368
BC_TUG_BCT2,2021-10-03,41,False,3,1.08764,0.62364,1.06664,1.04764,1.12264,1.38964,2.51664,2.00364,2.33364,3.22664,3.08664,3.17864,2.10364,0.96964,0.65264,0.99764,2.06664,1.76764,1.47764,1.72964,1.78664,1.19264,1.16764,0.64164,1.02664,0.71364,1.02664,1.56664,1.54064,1.24464,0.83964,0.81464,1.64364,2.59864,2.64364,1.18864,1.08164,1.61764,1.96164,1.63164,0.98064,0.45064,0.55064,1.55764,1.65864,1.77064,1.87864,2.52564,1.41064,1.19864
BC_TUG_BCT2,2021-10-03,203,False,-1,4.96838,4.89138,4.52538,5.05038,4.64338,3.40438,3.33138,3.20838,4.20438,6.66338,7.65638,7.43138,6.46938,6.04238,5.36438,4.64638,4.30538,5.04638,4.67938,2.63538,3.40038,3.55338,2.22038,1.73838,1.36738,1.00038,1.80438,2.29438,2.48438,1.59738,1.31338,2.14238,1.97938,1.84838,2.28238,1.71738,1.85438,1.11638,0.81038,0.38038,-0.07762,-0.06762,1.01938,1.27638,1.39238,0.87738,1.15838,0.88338,1.20238,1.66538
BC_TUG_BCT2,2021-10-03,248,False,-1,6.3804,6.6984,9.5554,9.4524,7.4124,7.0274,7.3084,8.6354,9.2534,10.2104,10.6624,11.0324,9.2614,7.5494,5.7894,5.9684,6.2894,5.6304,4.9224,4.8174,5.1924,5.3664,3.8284,2.4114,2.7014,3.8764,4.6794,3.2204,2.5974,2.2844,1.6344,1.4084,0.6174,0.3044,0.1804,0.7254,2.7034,2.4454,2.2374,1.4884,1.0124,1.3914,1.5334,1.7884,1.2284,1.0574,1.0784,0.6534,1.0464,0.6254
BC_TUG_BCT2,2021-10-03,269,False,-2,0.6076,0.2256,0.5256,1.1726,1.7456,2.7026,3.4366,3.0746,3.8136,4.9256,5.4826,5.2426,4.6906,4.7736,4.5456,4.3756,3.9626,3.0406,1.7596,1.8366,1.8846,2.0446,3.0096,1.4466,1.1096,0.7606,0.4436,0.7216,0.9306,0.9216,0.3086,1.0766,0.5176,1.2786,1.0356,1.4126,2.3706,2.3326,1.9666,2.3636,1.6346,1.6306,1.3646,0.6016,1.1146,1.6856,0.1656,0.1666,0.4786,0.5796
BC_TUG_BCT2,2021-10-03,306,False,-1,1.00136,1.02736,1.69036,1.50036,1.70736,1.49936,0.29236,0.39036,1.55336,2.74736,3.02936,2.50936,1.05136,0.67336,1.21436,1.69236,1.75036,1.68536,1.32736,0.90936,0.67636,0.46836,0.13636,0.28236,1.30836,1.29836,1.07036,1.02636,1.90336,1.06536,0.88236,0.84436,0.49236,0.22136,0.13036,0.35436,0.71236,1.12736,2.32536,3.02536,0.82936,0.38436,0.15036,-0.04964,0.41436,1.52436,2.36636,1.23536,1.19036,1.81436
BC_TUG_BCT2,2021-10-03,492,False,-1,1.16266,1.00866,1.12966,0.72566,1.19066,2.03666,2.27366,23.6957,174.093,455.584,433.816,327.103,292.554,236.359,177.551,130.9,81.0707,45.2917,28.8097,22.0947,15.3817,10.3117,6.64166,5.37566,4.06866,4.98766,5.99566,6.83166,7.88166,7.53866,7.75466,7.04566,8.71666,10.1967,8.65666,7.78866,8.42566,7.99266,6.37666,3.80666,1.77266,1.77266,2.57566,2.38366,1.82566,1.08066,1.62866,2.49666,2.40166,2.01266
BC_TUG_BCT2,2021-10-03,2030,False,0,2.00824,1.51324,1.01224,1.21124,1.18224,1.63024,2.45024,1.95824,1.83624,2.77724,3.10724,2.34024,0.63924,0.88724,2.11624,2.04024,2.09824,1.85124,1.15124,1.60024,1.41824,0.73924,0.92924,1.05424,0.77424,1.32024,2.16524,1.37124,0.65724,0.17324,-0.16976,-0.06076,1.14724,0.56224,0.42624,0.78124,1.57824,1.49524,0.97824,0.92824,0.55724,0.88024,0.50624,0.00124,1.00924,1.01624,1.43124,1.65524,0.90024,0.53124
BC_TUG_BCT2,2021-10-03,2052,False,4,1.04606,0.71006,0.67906,0.90206,2.10706,2.55106,2.33706,2.24206,1.74906,3.16106,3.39106,2.69506,2.37906,2.61306,2.90306,2.59706,1.38306,0.38106,0.93706,1.13206,0.91206,0.90706,1.54806,1.73406,1.43206,2.04906,1.93106,1.56006,1.77906,2.01306,1.39506,0.63306,-0.00294,0.28006,1.67206,2.44606,1.91406,2.83006,2.10306,1.61506,1.45806,1.38406,1.24206,0.99006,1.61506,1.73006,0.79206,1.44206,2.11106,1.78706
BC_TUG_BCT2,2021-10-03,2066,False,5,0.41106,0.65206,1.31606,1.26806,2.30706,2.47606,2.44406,2.04906,2.82106,3.24706,3.24606,2.93606,2.24306,2.06606,1.52706,2.78306,3.41006,2.51206,2.71306,3.08106,1.92806,1.47306,0.82706,1.13906,1.71406,2.35606,2.86506,1.55306,1.01006,1.80706,2.79106,2.22806,2.24106,2.61006,2.42906,2.07306,1.06306,0.77706,6e-05,-0.19194,0.42006,0.51906,0.57206,0.44906,0.50706,0.24906,1.07106,0.96206,0.43706,0.97306
BC_TUG_BCT2,2021-10-04,277,False,4,2.47294,1.61894,2.33194,2.72494,2.38894,1.51994,2.43794,2.11494,2.12094,2.86194,3.52794,4.12794,1.95794,1.87394,1.80594,1.73994,1.42294,1.09894,1.48594,1.92994,1.50094,1.55694,1.46694,1.21494,1.61594,1.18494,1.82594,1.05294,0.68294,1.18294,1.21494,1.00494,0.34494,0.28694,1.16794,1.73394,0.59294,0.19294,1.76294,2.14194,1.77994,1.40994,1.77294,1.17794,1.61694,1.40194,1.53694,2.38094,1.12994,0.39994
BC_TUG_BCT2,2021-10-04,390,False,0,1.7671,1.3321,1.2951,0.5061,0.1151,0.9381,1.2221,0.0501,1.2601,3.5491,3.7151,3.1931,2.9181,2.7241,2.3171,2.0091,2.8951,2.1561,0.9081,0.8691,1.5211,1.4511,0.5671,1.0401,2.5681,1.6651,0.3791,0.8571,1.7611,1.7261,0.7131,0.7771,0.7041,0.6411,0.4291,0.9621,0.9491,1.1201,2.3721,2.8151,1.5381,0.6681,0.5061,1.2951,1.5211,0.7521,0.6861,-0.0049,0.4961,0.9901
BC_TUG_BCT2,2021-10-04,550,False,2,0.75054,0.36654,0.06854,0.89754,1.76954,1.58654,1.58754,1.06554,0.71354,2.34654,2.75554,1.74054,1.27754,0.74554,0.63554,0.31154,1.15654,1.83754,1.61354,1.07954,0.46254,1.28154,1.66954,1.50554,1.68354,2.12954,2.21954,1.44554,0.82654,0.51754,1.19654,1.19254,0.74554,-0.40346,0.55154,1.16654,0.86954,0.15154,-0.02946,0.94954,2.71654,2.01354,1.35654,0.44754,0.27054,0.79054,0.70954,1.37954,1.24754,1.18454
BC_TUG_BCT2,2021-10-04,758,False,-4,0.51306,0.19406,0.82206,1.44106,0.52206,1.07206,1.99306,2.48606,1.94706,3.08106,2.77506,2.65006,1.32406,1.40106,1.15406,-0.06894,0.16506,1.20806,1.34906,1.41906,1.33506,1.54106,1.03806,0.84606,1.98506,0.74406,1.41106,1.86706,1.24506,0.88306,1.07306,1.39106,1.47406,0.64706,0.83606,1.19906,1.98206,2.30506,2.03806,2.33706,1.29006,1.12306,1.42606,1.10406,1.59906,1.34306,0.97606,1.33406,0.98706,0.55906
BC_TUG_BCT2,2021-10-04,989,False,0,1.2351,0.8741,0.9341,2.4311,4.3141,6.6631,8.5551,9.1821,9.4261,10.5241,10.4941,10.4861,10.2041,9.6691,8.1591,6.7761,8.2501,8.4731,8.6641,9.1751,8.2421,7.1631,7.0401,5.3881,5.0641,5.6881,5.2631,6.4771,6.9871,7.5451,8.1991,7.9991,6.6551,6.4041,5.7601,5.7771,6.9591,7.3841,6.7381,6.0431,6.4501,6.7751,6.5701,5.6961,4.6381,4.5461,3.5671,3.7161,5.1701,4.9651
BC_TUG_BCT2,2021-10-04,1091,False,-1,1.00208,1.18008,1.45108,2.10608,0.83408,0.58608,0.83508,0.50708,1.59908,3.11108,3.77608,3.11308,2.71108,3.33508,2.68308,1.55308,1.73308,0.44008,0.95308,1.35908,1.57808,1.62908,0.92908,0.51208,0.83108,2.23908,2.06408,1.26208,1.10508,1.03408,0.74308,1.24908,1.68608,0.89508,0.95408,1.95508,1.01508,0.05008,0.00108,0.36908,1.00108,1.03908,0.42708,0.56808,0.43708,0.61208,0.84508,1.33908,1.90108,1.97408
BC_TUG_BCT2,2021-10-04,1100,False,0,1.59484,1.18684,2.25584,2.03984,2.10484,2.19384,2.99584,3.03384,2.90084,2.89184,3.27584,3.83984,2.59284,2.87984,2.62384,2.49884,2.63484,2.91084,3.53384,3.08184,2.56184,2.36284,3.26684,3.20784,3.29284,2.86584,2.95284,2.42084,2.64484,2.39684,2.21584,1.78084,1.73484,0.93284,0.18084,0.17684,0.95884,1.35984,1.61384,1.60884,1.63184,1.41884,1.32884,0.67884,1.05384,1.84384,1.72384,1.36184,1.75484,2.05684
BC_TUG_BCT2,2021-10-04,1231,False,3,0.7005,1.2945,2.0155,2.3105,1.7315,1.1125,1.5045,1.9745,2.0785,2.2985,3.0525,2.5295,1.6845,0.9975,0.9005,1.1645,1.4015,1.1625,0.9075,0.8145,1.4825,1.9245,1.2165,0.6885,0.2595,1.0625,1.6825,2.1095,1.4595,0.5875,0.9885,1.1075,0.4465,0.7205,0.5175,1.4825,1.8995,1.4465,1.4355,2.4155,2.5285,0.6765,0.4365,1.4395,1.0645,0.8155,0.4415,1.5745,1.0985,1.4045
BC_TUG_BCT2,2021-10-04,1274,False,0,2.24774,1.42274,0.95274,1.72174,3.00474,2.24074,1.67274,1.89074,2.56774,3.17674,3.48174,3.75074,2.77574,2.76474,2.57674,2.09274,2.05374,1.89474,2.54274,2.68374,2.14874,2.31774,2.28974,1.84074,2.08074,1.91074,1.77074,1.99274,1.37174,2.19674,2.56874,2.48774,1.71574,1.33574,2.02574,1.27874,-0.33126,0.45874,0.00274,0.00674,0.46374,1.35974,0.93374,0.29674,0.37474,1.36874,1.58674,1.59674,1.84274,1.09674
BC_TUG_BCT2,2021-10-04,1689,False,-3,1.6342,0.6692,0.4102,0.5352,0.1842,0.3492,1.0802,1.6372,2.8232,4.2012,4.2512,3.6102,2.8132,2.8002,2.5902,3.6842,2.8592,2.3772,2.2312,1.8082,1.5822,1.4602,1.0182,0.9282,1.2952,1.9692,2.3162,2.1602,1.7332,1.3552,0.7102,0.8242,0.7672,0.5412,-0.0658,0.0002,0.4392,0.4322,0.7242,0.5202,0.4422,0.4682,0.8982,1.6742,1.8472,0.8392,1.0832,1.3382,0.7762,1.2742
BC_TUG_BCT2,2021-10-05,45,False,1,-0.0382,0.0858,0.4958,0.1648,0.0788,0.1478,0.7588,1.9308,5.5518,11.3278,9.8658,6.8458,5.8688,5.3268,4.2418,3.2848,3.6248,4.1098,4.5038,4.4218,2.3778,1.9738,2.3878,1.8248,2.1878,2.8978,2.1188,2.0648,2.8688,2.1308,1.5018,2.0048,2.0038,1.5628,1.8918,2.4828,2.2278,2.1248,1.3618,1.0898,0.8308,1.3598,1.9898,2.0058,1.4788,1.0388,0.5098,-0.0932,0.1838,0.8158
BC_TUG_BCT2,2021-10-05,72,False,0,0.9955,0.7795,0.7195,-0.0245,0.0325,0.6195,0.7725,1.0845,1.6815,3.3215,3.7545,3.3995,1.5085,1.6075,2.1365,2.0505,1.2185,0.7795,1.0515,0.8965,0.9835,0.7475,0.5685,0.7095,0.4195,0.5085,0.2335,0.4765,0.9375,1.4975,1.5575,0.7945,0.3645,0.2535,0.0085,0.7635,1.5595,2.2185,2.3025,1.5085,0.9135,2.0765,2.0405,1.6395,2.7285,2.4285,1.6355,0.9395,1.7075,2.1675
BC_TUG_BCT2,2021-10-05,141,False,5,1.45348,1.31848,0.72448,0.61948,0.89948,0.21648,0.38048,1.45248,1.62148,2.57548,3.21348,2.78548,2.29548,1.53048,1.11248,1.09748,0.63448,0.67748,1.23848,0.99848,0.84948,1.15648,1.24048,0.87248,0.85248,0.89648,0.74348,0.90548,1.53948,2.00548,2.60748,1.13848,1.22448,1.64948,1.25648,0.88248,0.13148,0.52548,0.99248,1.22848,1.53748,1.00048,0.96348,1.65448,1.51148,0.40048,0.33648,0.71548,0.50748,-0.22252
BC_TUG_BCT2,2021-10-05,468,False,-1,1.26416,1.77316,1.62616,1.71116,1.75616,1.69516,1.17416,0.81716,6.21816,14.9282,18.5472,18.2802,15.9382,13.2962,10.7042,10.0542,11.1982,11.2142,9.52416,6.46316,5.44716,5.05916,5.19716,5.22816,4.02216,2.84016,3.25016,4.70616,4.72316,4.54316,5.79116,5.64916,5.12816,4.71216,4.39416,3.58416,2.91816,3.25716,3.24716,2.33416,1.05416,0.77916,0.32416,0.88416,0.76516,1.40716,1.56416,1.39216,1.05716,1.67116
BC_TUG_BCT2,2021-10-05,559,False,0,1.79754,1.76354,2.09354,1.28554,0.99854,0.85354,0.37654,1.04854,1.55254,1.94954,2.75954,2.83754,1.63454,1.46354,1.38554,1.18654,0.79654,1.12054,1.34454,1.38754,1.94254,1.30454,0.08354,-0.25446,1.17954,1.72654,1.82154,1.45754,1.24654,1.40454,1.32754,1.37354,1.45354,1.52854,2.32054,1.45554,0.83454,0.82554,1.60954,0.80054,0.55254,1.46454,1.02254,1.01554,1.39054,1.15954,1.94854,1.89754,1.79454,1.84954
BC_TUG_BCT2,2021-10-05,937,False,0,1.02106,0.95506,1.44906,1.04006,1.20006,1.57706,1.41306,1.03106,1.66306,3.03106,2.46606,2.42906,1.85406,1.51406,0.73106,0.24606,-0.05194,0.05706,0.77906,0.79406,0.66106,0.99806,1.54906,1.47106,1.37106,1.33506,0.97106,1.26706,0.80406,0.27506,0.72206,0.80806,0.72906,6e-05,0.38106,1.84906,1.35906,1.57906,1.69306,1.41706,0.57906,0.84906,0.55706,0.35306,0.79206,1.55106,1.62806,2.33006,2.01006,1.80406
BC_TUG_BCT2,2021-10-05,1302,False,0,-0.16766,0.75534,1.60734,2.30034,1.93934,2.38234,8.72234,28.4493,46.7393,57.8643,60.1663,55.5693,47.4243,36.3523,28.5233,23.6413,19.7913,17.4283,16.0523,15.7693,17.5923,17.2203,16.2353,13.6013,9.49734,7.53034,6.94134,8.25934,8.18934,7.06934,5.71934,4.08434,4.00234,3.65134,6.97834,8.72234,8.70934,9.51034,11.0053,11.4143,10.4533,8.28634,7.82434,8.49034,7.55634,5.78734,4.01834,2.74534,2.66434,2.80534
BC_TUG_BCT2,2021-10-05,1526,False,0,1.66558,2.36058,1.99258,2.22858,0.73558,0.43358,1.06958,2.37158,9.25258,28.1006,37.3716,30.4696,20.9976,11.8066,7.86658,6.90758,10.9206,12.4026,9.60758,8.38158,5.43458,2.79258,2.72158,2.71858,2.72358,3.26858,3.54258,2.75358,1.85858,1.66658,1.36958,0.34758,0.63858,0.83158,0.77258,1.08858,0.69758,1.25858,2.59558,3.01458,2.19058,0.32358,0.15958,0.45458,1.33458,1.29658,1.00158,0.71458,0.37558,0.49858
BC_TUG_BCT2,2021-10-05,1877,False,-1,1.4871,1.2811,1.1101,0.4601,0.6821,1.2831,1.1411,1.7401,9.6891,36.8671,54.5531,38.6951,20.3681,12.7981,9.6971,8.5131,7.9561,6.6131,5.3591,4.2901,4.6121,6.1481,7.5501,7.3271,8.7301,8.0131,7.4751,8.9141,9.9791,10.3051,10.0741,5.4021,2.1341,0.9971,0.8031,0.5551,1.3971,2.4221,2.8681,3.0241,3.3541,3.3461,3.1141,2.9211,2.1801,0.9001,0.7821,0.9361,1.4851,0.7221
BC_TUG_BCT2,2021-10-05,1923,False,8,4.40026,3.94826,4.20426,4.83126,5.49726,5.53826,4.64726,4.23526,5.25926,5.55726,6.13226,5.44526,5.28726,5.54826,5.40826,5.23426,5.34126,5.64226,5.89726,5.64826,5.58526,5.44626,5.17526,5.43226,5.76826,5.60926,5.11926,4.69426,4.65626,5.09026,4.79326,4.44526,4.81626,5.40226,5.04326,4.63826,4.21026,3.48126,2.98926,2.74826,4.64926,4.42026,3.77126,3.36726,4.53326,4.57926,3.65426,2.71526,2.12026,3.95426
BC_TUG_BCT2,2021-10-05,2125,False,6,1.18376,-0.18124,1.18276,1.59076,1.36976,0.68576,0.79676,0.95276,1.92076,2.52876,2.82276,2.21676,0.43576,1.51576,2.25776,1.33376,0.53076,0.21076,0.48776,1.18076,2.15076,1.88976,1.60276,1.86176,1.76976,1.02276,0.71776,0.88676,0.58976,1.75176,1.75276,0.75576,1.16476,1.10876,0.92576,0.88576,1.41876,1.13076,1.01376,0.59076,1.36076,1.47576,1.34476,1.02776,0.64976,1.18276,1.57876,1.48076,1.88576,2.07876
BC_TUG_BCT2,2021-10-05,2234,False,-4,0.6619,1.2829,1.7159,2.0329,1.5349,0.9259,1.0849,1.4469,0.9959,1.9019,3.4419,2.5079,1.5429,0.9579,0.2759,-0.0441,1.6459,1.6929,1.9629,2.3989,2.3349,1.9269,1.9389,1.9849,1.0089,0.9049,0.9019,0.6629,1.0869,0.5999,0.4229,1.4019,1.8919,1.2049,0.9729,0.6399,0.7119,0.9049,1.1709,1.3999,1.3339,1.5639,1.4659,1.3929,0.8839,0.8909,0.9309,0.9849,1.5769,0.8959
BC_TUG_BCT2,2021-10-05,2247,False,0,0.6737,0.8297,0.6807,0.6847,1.3837,6.9757,22.8167,32.8387,43.0077,55.5347,59.0327,56.1387,43.1937,30.6537,27.6057,26.9527,26.7057,25.1667,21.9537,21.3457,24.6547,24.0037,15.2937,5.4277,1.9747,1.0157,0.3207,0.3667,1.1517,0.6917,0.6307,1.2547,1.3547,1.4977,1.1857,0.9097,0.6407,0.2657,-0.0663,0.1557,1.0677,1.3867,1.4017,0.8787,0.5907,0.6767,0.2037,0.4207,0.7887,1.0277
BC_TUG_BCT2,2021-10-05,2276,False,4,1.39772,0.93972,1.19072,1.72072,2.25072,2.63972,2.29872,2.25872,1.38272,2.26672,3.64472,2.26372,0.49872,0.71772,1.09772,0.94772,1.45772,1.76172,1.27372,1.16672,0.86172,2.21072,2.23272,1.22072,0.47372,0.92872,1.54272,0.86672,1.31272,1.88372,0.97872,0.86472,1.42972,2.98872,2.63372,1.48572,0.81972,0.81372,1.16072,1.20872,0.72772,0.90772,1.85472,1.95572,1.98472,1.83472,1.92572,2.10772,1.38672,0.09872
BC_TUG_BCT2,2021-10-05,2312,False,-3,0.51542,1.13442,0.84842,0.30942,0.34242,0.70042,1.85942,7.18742,11.1054,12.9654,13.6564,13.8634,13.0944,13.4434,11.5034,7.36442,3.79442,2.02142,1.72142,3.60442,4.44342,4.84242,5.54142,5.98542,5.32342,5.11342,4.62242,3.91042,2.56142,1.55242,1.79642,2.90142,2.05042,1.39342,3.04242,3.25042,2.36242,1.98542,2.24842,2.24142,3.41342,3.50942,2.95342,3.01242,2.54942,1.61342,1.72442,1.62542,1.70442,0.21942
BC_TUG_BCT2,2021-10-05,2324,False,0,1.33604,1.37504,0.86504,0.61504,1.40004,1.23604,1.77404,1.65604,2.90704,10.01,12.343,8.08204,3.99204,2.48704,1.48304,1.22604,1.06804,1.48104,2.12704,2.59304,3.10004,1.30204,0.76104,1.57904,2.12604,1.35004,1.37304,2.13704,2.10304,1.77504,1.25704,2.14804,2.02104,1.71104,1.67804,0.85804,0.87004,1.27104,1.62504,2.26904,2.64604,2.37304,0.82304,1.03904,1.10904,0.86304,0.84604,0.84404,1.33404,2.73004
BC_TUG_BCT2,2021-10-05,2347,False,-1,2.76932,1.93732,0.50932,1.29532,2.13732,2.11632,1.95632,1.65432,6.53432,24.0683,34.2453,29.9473,20.9823,16.2503,14.0753,13.6673,13.1183,11.0403,9.13632,8.55632,9.02332,8.68632,7.52332,7.86532,7.38732,6.99332,7.21432,7.35932,8.07532,7.66132,7.00532,6.37232,6.22632,6.69332,6.53832,6.21932,6.05432,5.30532,5.89432,6.23232,6.54132,4.90932,3.27332,3.10632,3.41432,4.00032,4.84932,4.54932,2.02132,2.92832
BC_TUG_BCT2,2021-10-06,7,False,-1,1.2996,0.6126,0.4486,0.5616,0.4226,0.2576,0.4856,1.4166,2.1706,4.1346,5.0186,4.3106,2.4536,3.1506,3.4306,3.0216,3.6536,4.0566,3.1796,3.0986,2.7906,2.2516,1.4516,0.7376,1.0126,1.8376,1.3696,1.0116,0.8276,1.4636,1.9306,1.1966,1.1306,1.7436,1.9886,2.0736,2.2676,1.3746,1.1776,1.3306,0.0966,0.3046,1.0096,0.8476,0.8826,0.4516,0.1966,0.0006,-0.0064,0.7326
BC_TUG_BCT2,2021-10-06,29,False,5,1.37844,0.61844,1.17944,3.04444,4.66744,5.13844,4.12844,3.98644,7.00244,9.56244,9.97844,8.95644,8.32944,8.43944,8.24844,8.98944,9.62244,10.0444,7.68744,4.98944,4.83944,4.53944,3.14544,3.18344,2.57344,1.47944,1.20944,2.25344,3.11344,3.17144,3.32444,3.01344,3.11844,2.92944,3.02144,3.15444,2.97344,2.53944,1.65644,1.76444,0.78844,1.07944,1.67644,0.62244,1.32944,1.41244,1.70044,1.24544,1.45044,1.81144
BC_TUG_BCT2,2021-10-06,37,False,-3,20.733,27.37,34.328,35.486,38.104,43.571,49.22,53.986,58.797,62.009,61.201,59.985,58.071,57.885,57.774,58.518,57.173,59.025,58.557,56.621,52.792,47.104,40.555,34.079,27.989,23.602,22.057,21.923,21.092,19.463,17.739,16.474,15.985,13.166,9.918,7.57,7.975,6.755,3.813,4.383,4.621,4.315,3.879,3.614,2.702,3.147,3.638,2.748,3.409,4.725
BC_TUG_BCT2,2021-10-06,50,False,-1,1.4601,1.2721,1.1291,0.5561,0.9761,1.4511,1.3991,2.0631,4.1781,5.8211,6.3521,6.5071,6.0451,5.6171,4.9881,5.7151,5.5271,5.6451,5.3951,3.6501,3.6441,4.1901,4.8671,3.1821,2.4941,2.1421,1.8231,2.2201,2.2111,3.4101,3.5551,2.7341,3.0171,2.4641,1.5871,1.3801,1.6561,1.7641,1.4721,1.5621,0.0931,0.4331,1.7431,3.3151,1.9481,1.8761,2.2011,2.7491,2.2791,2.0871
BC_TUG_BCT2,2021-10-06,52,False,7,2.0116,1.6666,1.7206,1.7956,1.3186,1.4776,2.1256,2.1306,2.5436,3.0086,3.5006,2.5766,1.7786,1.9546,2.2276,2.2706,1.8976,1.7726,1.7456,1.5136,2.3246,1.7806,1.7746,2.6286,1.8576,0.8916,1.3406,1.7806,2.8556,2.1816,1.3506,0.7946,1.5256,1.8256,1.4456,1.6056,1.3286,0.7116,0.4236,-0.0294,0.3376,1.1016,1.6666,1.7006,1.1976,1.8236,2.7146,2.7976,1.7536,1.0416
BC_TUG_BCT2,2021-10-06,54,False,-1,1.58602,1.72902,1.36102,1.22802,1.24802,0.97802,0.59902,1.40702,13.836,35.265,42.819,40.619,30.734,19.629,11.064,8.95802,11.358,15.926,17.768,17.175,15.923,15.807,15.451,14.595,14.373,11.04,7.25602,5.81502,5.58502,4.60802,3.35802,2.95002,2.35202,2.23202,2.06702,2.22002,2.60202,3.53702,2.82402,1.63902,0.80302,1.06802,1.78502,1.56902,1.32902,1.61902,1.94902,2.59202,2.84802,1.88002
BC_TUG_BCT2,2021-10-06,56,False,-1,2.14328,2.03428,2.67628,3.95428,2.89728,2.02728,2.02928,0.54228,0.56528,2.51028,3.48428,3.29828,2.90228,2.91028,3.28928,2.71328,2.36128,2.60128,2.99228,2.94428,2.60128,1.92928,2.13328,2.45628,2.59528,2.56628,2.67628,2.29228,2.88728,2.29628,1.52028,1.87328,2.96828,1.71728,2.00028,2.75628,3.04128,2.03028,2.30928,1.83228,1.52228,2.28228,2.50928,1.56128,1.60428,1.65228,2.29728,1.57028,0.80128,1.22828
BC_TUG_BCT2,2021-10-06,89,False,0,2.3548,5.1788,8.8598,10.8628,11.9028,13.7198,14.7448,15.6508,19.2338,21.3848,21.8628,20.5518,18.9258,18.9258,18.1848,18.2668,18.3508,17.2618,14.4368,13.0098,11.6798,10.5758,11.1508,11.3468,10.3878,10.3568,8.4838,6.0728,3.5768,2.2878,2.1478,0.9608,0.2558,0.7588,0.9088,0.8138,1.5978,0.9738,0.4538,1.3968,1.4868,1.1568,1.0348,0.6858,0.6078,0.0008,0.5068,1.3958,1.3198,1.5188
BC_TUG_BCT2,2021-10-06,111,False,-1,2.83188,3.18688,3.46088,3.00188,2.87388,3.04088,3.77788,3.82788,3.83888,4.90888,4.96088,4.86288,4.29888,3.14588,3.86388,4.95488,5.03388,4.05388,3.74188,3.88488,4.07088,3.14088,2.90588,3.21588,3.39188,3.35088,2.87388,3.08288,4.23188,3.20688,2.75488,3.84888,4.89188,4.84988,4.69288,5.58988,5.78688,6.44688,7.13788,7.61088,6.98488,6.64688,7.63288,9.11288,9.18788,8.16988,7.85088,9.12588,9.20888,8.41288
BC_TUG_BCT2,2021-10-06,140,False,2,0.54564,1.17964,1.18164,0.71464,0.58264,1.62964,1.71164,2.26064,3.04064,4.17764,5.06964,4.49864,4.05464,3.50264,3.37064,3.47564,3.29464,2.63464,2.48164,1.57764,1.63864,1.26664,1.00464,0.72064,1.60264,1.76664,1.02064,1.50164,1.44464,0.63664,0.73164,1.11464,1.15164,1.27464,1.01964,1.07364,1.33664,-0.16136,1.19064,1.39864,0.92164,0.87764,1.74764,0.99664,0.78664,1.29164,0.71264,-0.08036,0.20064,1.05564
BC_TUG_BCT2,2021-10-06,147,False,0,0.71458,0.80858,0.90558,0.92558,0.65558,0.23958,0.30458,1.30558,3.25758,5.35258,5.90858,5.53058,5.11758,4.54258,3.53258,2.41658,3.69558,4.23258,2.84858,1.39658,0.35758,1.25258,1.42258,2.40358,2.12358,0.96358,0.70758,1.37058,2.02258,1.93258,1.35758,2.23858,2.78658,2.46558,1.71558,2.05258,2.24858,2.51658,1.80958,1.47558,1.31058,1.31658,1.12358,1.15058,2.19658,2.12858,0.89958,1.36958,2.06658,2.63158
BC_TUG_BCT2,2021-10-06,448,False,0,0.3139,0.3929,0.0049,0.0789,1.0639,1.6359,2.1959,4.1419,9.1599,17.9829,20.9329,14.4599,5.7269,2.1289,2.6169,3.6809,3.1969,2.3859,4.0519,7.6239,8.1929,6.8159,3.6659,4.0049,5.3779,5.5569,5.4009,5.6759,4.7179,4.0949,4.3419,3.4439,2.4569,2.2149,3.4879,3.6059,4.2269,5.1079,4.1499,4.0679,4.4219,3.6279,2.3569,1.7419,1.4799,1.3959,1.3509,1.5059,0.8559,1.6859
BC_TUG_BCT2,2021-10-06,609,False,2,0.7803,1.6233,1.4813,1.1573,1.8613,2.0313,2.4443,2.5723,2.2633,2.3153,3.5873,3.3353,2.2713,2.3583,2.0313,0.9093,0.5073,1.3323,1.5743,1.0563,0.7163,0.1093,0.1513,0.3833,0.8683,1.0023,1.7203,2.0163,2.4043,2.1513,1.2173,1.2233,1.2673,1.2593,0.6243,0.9683,1.9343,1.6803,2.0493,1.4993,1.0773,1.2833,1.1953,0.7913,0.6213,1.0133,1.8613,1.5973,1.9023,2.0863
BC_TUG_BCT2,2021-10-06,849,False,2,0.47332,0.77232,5.69132,20.8653,27.2893,23.2273,20.7073,19.4813,22.2413,26.7023,26.2103,21.9183,15.2893,8.32032,6.20732,4.86232,2.98132,2.47332,2.07532,1.98232,2.21832,3.06232,3.13432,4.40532,5.79932,6.34532,6.38632,6.96232,8.10632,7.81632,7.55332,6.51432,6.56932,6.26932,4.49732,4.16432,3.34232,3.44332,3.16032,3.54632,4.43332,4.47632,3.76232,2.75832,3.36232,3.19432,3.96532,3.89132,3.46732,3.05032
BC_TUG_BCT2,2021-10-06,1035,False,0,0.31356,0.70756,1.08556,0.81156,0.22056,0.48756,2.15056,7.19156,23.2146,47.4286,56.5046,54.5176,44.4846,34.9426,29.7286,29.6296,28.4006,26.0636,23.8456,21.2796,18.4516,16.7486,15.3706,14.5186,14.2976,12.0946,6.83056,4.58256,4.59856,4.12856,3.80556,5.46356,7.70856,9.33156,10.0106,10.3246,11.6326,12.9556,10.9516,8.25256,7.35556,9.54856,10.9026,10.1746,6.84956,4.54156,4.22756,3.80456,1.77656,0.90856
BC_TUG_BCT2,2021-10-06,1374,False,0,0.39462,0.78962,0.25662,0.27362,0.47762,2.39262,8.68462,14.5266,15.7386,18.4486,18.7916,15.5106,13.3486,11.2546,10.4596,11.1786,8.58562,5.17862,4.98062,6.29462,6.72762,5.89462,2.99762,1.35262,1.75462,1.91562,2.26562,1.89062,1.51462,1.79962,2.48362,3.23562,4.40562,3.59262,2.92662,2.27062,1.71662,1.22362,0.97762,0.70162,0.56062,0.76162,0.54362,0.64462,0.50362,0.58862,1.61762,2.06362,1.89962,2.00462
BC_TUG_BCT2,2021-10-06,1828,False,-1,0.1645,0.4485,0.8305,0.9575,0.4495,0.4375,0.5195,1.1345,1.7755,2.5875,3.0885,2.2185,2.3345,2.7405,2.1015,1.2385,0.8895,1.5235,2.4025,2.4035,1.9005,2.3205,2.4955,2.1875,1.6435,1.9215,1.8745,1.5535,1.0895,1.0585,0.8485,1.3975,1.7205,1.2485,0.9695,0.9135,1.4305,1.2435,0.7485,0.7085,0.8635,1.7125,1.8265,0.9785,0.7555,1.2645,1.8075,1.6775,1.3465,1.8305
BC_TUG_BCT2,2021-10-06,1900,False,4,0.91966,0.95066,0.97366,1.31066,1.53966,2.21266,2.15566,1.92966,2.45866,3.01466,3.19766,2.69066,2.62166,2.67766,1.70366,2.12166,2.30966,1.70466,1.64666,1.93266,1.77866,1.61766,1.42666,1.68866,1.64366,1.93466,2.03166,1.39566,1.74366,1.98766,1.70566,2.14866,2.44166,1.32066,1.58866,1.65066,0.86166,0.61666,1.29266,1.25666,1.29766,1.61966,1.62166,1.34366,1.31166,1.23966,1.66566,1.97766,1.75266,1.32766
BC_TUG_BCT2,2021-10-06,1915,False,-1,2.82748,2.33948,2.68448,5.61548,13.8825,23.2945,30.0355,31.2355,30.7445,32.5605,34.0035,30.2725,24.0095,18.2935,13.7265,10.3085,9.85348,10.8485,10.0255,8.12448,6.44648,5.48148,5.27048,5.58648,6.41948,6.88248,7.71648,8.44548,9.71748,9.78748,9.20848,8.59348,8.45648,9.02648,9.65148,10.2875,10.4775,9.95548,9.84748,9.41148,8.78748,7.86048,4.99148,3.45648,2.93148,2.51948,2.05748,2.02048,1.95248,2.08648
BC_TUG_BCT2,2021-10-06,1937,False,-2,2.1595,2.1955,1.5695,1.2345,1.3575,1.4285,1.6855,1.9595,2.4025,3.5615,3.3085,2.8845,1.7585,1.5855,1.9075,1.7815,1.8555,2.0645,1.6065,1.5395,1.8825,2.2445,2.6005,2.3965,1.9325,1.9075,1.8095,1.5045,1.3135,1.9645,2.2765,2.6705,2.2805,1.6205,1.7095,1.7275,2.4945,2.3885,2.2995,2.1535,1.6305,1.2275,1.4475,1.8005,2.1495,2.6645,2.6245,1.7715,1.5225,1.2095
BC_TUG_BCT2,2021-10-06,2185,False,-1,0.73294,1.11494,1.66394,0.67094,0.34094,0.84394,2.70294,3.99594,3.63694,4.09194,4.40094,3.98694,3.83094,3.57494,2.87994,2.95194,3.12994,2.58294,2.57594,2.37294,1.85594,1.72494,1.39194,1.04194,1.40194,0.80694,1.38494,1.21694,0.76894,1.11294,0.73594,0.14594,0.77194,1.19294,0.70094,1.24794,1.79294,1.51694,0.81294,0.79594,0.60594,0.70894,0.86594,0.65594,0.25794,1.09194,1.48894,1.43694,1.54194,0.80994
BC_TUG_BCT2,2021-10-06,2209,False,0,1.1934,0.7634,0.9174,1.4634,1.2604,0.6514,1.0884,1.2104,2.2104,2.5744,3.3364,2.2664,1.3724,1.0884,1.6474,1.8684,1.6974,1.9634,2.0784,2.3644,1.8504,1.0374,1.0004,1.0334,0.9804,0.7794,1.1324,0.6064,-0.1616,-0.0196,0.0794,0.7534,1.0014,1.4894,1.4624,1.5934,1.5204,1.8584,1.8604,0.9894,0.6744,0.9164,0.8744,0.6554,0.9004,1.2054,1.4064,1.7794,2.0914,2.4804
BC_TUG_BCT2,2021-10-06,2346,False,1,1.08052,2.00252,1.73352,0.93652,1.14652,0.59952,0.97552,1.44852,1.75652,2.48052,3.37052,2.76052,2.12752,1.89052,1.18152,0.73052,1.43952,1.56852,2.05552,2.33152,1.76652,1.64752,1.93252,1.33452,1.38052,1.06552,0.91452,0.91252,0.79952,0.95352,1.49952,1.56152,1.12052,1.06752,-0.02548,0.20952,1.30352,1.93652,2.09552,1.33252,1.99452,1.94252,1.35752,1.02952,0.97652,0.89952,1.01752,0.94352,1.13452,1.63152
BC_TUG_BCT2,2021-10-06,2400,False,-1,0.65894,0.17894,0.38694,1.10994,1.12194,0.64694,0.77194,3.57894,10.0789,20.2109,23.4929,15.5479,8.98494,6.99294,7.05594,6.50194,5.81294,5.39894,5.51794,4.75194,3.44694,2.46294,1.87194,1.58294,1.54194,2.00494,1.65994,1.25594,1.34694,1.48294,1.44394,0.92494,1.21394,1.13194,0.78494,0.23194,0.06094,0.91094,1.39894,1.34194,0.62394,1.00794,1.46394,1.68594,1.24094,1.39094,1.31294,0.14494,0.56494,1.15694
BC_TUG_BCT2,2021-10-06,2403,False,0,3.93022,4.40322,5.42622,4.94022,4.94822,5.02922,5.05522,4.81422,7.03422,10.1602,10.3902,8.20422,5.13722,3.99322,3.28022,3.22422,3.40522,2.97122,2.67122,2.42422,2.30822,2.47322,2.02022,1.33422,0.50022,0.71122,1.59222,2.41722,2.58622,2.10822,1.82322,1.95222,2.22022,2.29222,2.17022,2.17622,1.79822,2.37522,1.98722,1.17622,1.45122,2.45522,2.84622,2.44022,2.79822,3.24322,2.59122,2.64422,2.54322,2.17822
BC_TUG_BCT2,2021-10-06,2417,False,0,1.12514,1.16614,1.44914,1.05814,0.79014,0.99014,0.67514,16.6111,129.126,358.237,367.809,160.522,45.0231,65.5111,140.929,158.419,137.549,103.412,62.5091,41.2631,41.0121,40.1751,46.6491,50.1521,45.7451,41.8651,46.4711,52.0451,47.4601,33.3311,24.7241,20.2971,15.8691,12.9731,11.8061,14.0341,20.8211,28.3751,34.9231,38.5731,38.0551,33.2921,26.2051,18.8181,14.7871,15.2321,18.6731,20.2891,17.9321,12.9881
BC_TUG_BCT2,2021-10-06,2418,False,0,2.09146,1.77546,1.18946,1.45346,2.38846,2.28846,2.82746,3.07946,2.89746,2.94946,3.19746,3.08046,2.49546,2.11746,1.93646,1.81646,2.63146,2.44246,2.72146,2.15446,1.41346,0.23546,0.65846,1.67546,1.79346,1.50146,1.04046,0.93946,1.11646,0.80446,1.50446,1.03946,0.88946,0.80246,0.97546,1.64446,1.16646,1.01046,0.79246,1.43246,1.45646,0.84546,0.27646,1.33546,1.01746,1.20746,1.17746,1.10746,1.68846,1.67346
BC_TUG_BCT2,2021-10-06,2424,False,0,1.63958,1.65458,0.74258,0.78558,1.11058,1.32458,1.80558,1.47158,2.02558,2.74258,2.95758,2.42558,2.17058,1.32858,1.06358,1.86258,1.68258,1.30258,1.58258,1.31258,1.83558,1.76758,1.05558,0.99158,1.31158,1.40658,2.14058,1.89058,1.82258,1.41858,1.16658,1.93258,1.69858,1.34758,1.03558,1.04558,1.12958,1.74558,1.66358,0.68958,1.02558,1.66758,1.67058,0.90658,1.07358,1.65658,1.65258,1.14958,1.05758,1.15758
BC_TUG_BCT2,2021-10-06,2439,False,7,0.96004,1.23704,1.01704,2.04904,2.33404,2.19404,2.07204,1.78304,1.26404,2.29204,2.67804,3.10504,2.01404,1.05504,1.05004,1.02904,1.89504,1.85704,1.92604,2.21804,2.20504,2.63304,2.79604,1.77704,1.16604,1.83504,1.53204,0.97804,1.28704,2.17704,2.40904,2.11304,1.19504,2.07404,1.90404,2.09104,2.40804,2.57204,1.82204,2.30604,2.59804,1.85904,1.25504,1.62904,2.35604,2.63504,3.37904,2.53604,1.53904,1.45104
BC_TUG_BCT2,2021-10-06,2472,False,0,3.10584,3.58584,3.35884,2.39784,1.97184,2.72384,2.78484,2.95284,3.05884,3.80184,3.76184,4.23284,3.24384,2.11384,1.75384,1.49684,1.62584,2.29284,2.14484,1.73384,1.64884,1.68284,1.52684,1.18684,0.38684,0.80084,0.83884,0.87784,0.40284,0.94284,1.29884,2.26484,2.23384,1.94084,1.26284,0.98984,1.04584,0.63284,1.15584,1.62384,1.61084,1.44384,1.01184,1.06484,0.96784,0.76584,0.29684,0.77984,1.17184,0.89284
BC_TUG_BCT2,2021-10-07,39,False,-1,0.00062,-0.48438,0.33262,0.85462,0.85762,0.63562,0.86762,1.19462,3.52562,8.32962,10.0536,8.73562,6.41262,5.69862,5.21162,4.50662,3.39162,3.02562,3.22662,3.00462,2.98462,2.79062,2.53162,2.45662,2.65262,3.08562,3.86862,3.66262,3.01762,2.86462,2.97462,2.65362,2.56462,2.25162,2.01162,1.54262,1.35462,1.72662,2.55162,2.48062,1.45162,1.43862,1.70262,0.67062,0.75362,0.99162,2.08662,0.87762,0.33762,0.60962
BC_TUG_BCT2,2021-10-07,43,False,-1,1.47876,1.12976,1.28276,1.72676,1.38076,2.63576,4.50376,4.00576,4.00976,5.57476,5.89176,5.92976,5.17076,4.14676,2.96476,2.53676,2.53976,2.12476,1.72376,1.99476,2.72576,2.16076,1.91976,1.71976,1.46376,1.35376,1.59476,2.09776,1.67276,1.09476,1.09876,0.78176,0.85076,1.85876,1.55276,0.39476,0.92376,1.22376,1.43876,1.65376,0.74176,1.89376,1.66576,1.55476,0.78576,0.71376,1.26776,1.64476,1.45276,1.32876
BC_TUG_BCT2,2021-10-07,53,False,-1,0.4952,1.0992,2.9602,3.6512,2.7692,7.0832,13.3742,20.1332,25.2442,28.2992,28.8762,26.8332,25.7232,26.8172,24.7662,19.7912,14.8642,13.0912,13.3752,14.6842,14.9672,14.6152,13.8212,11.8662,10.0412,7.4132,6.7622,6.1062,5.7552,6.5912,5.9172,5.6462,5.4382,5.2332,6.1612,6.7562,5.2902,4.6822,5.1782,5.4002,6.8922,9.0642,9.7912,9.0432,7.4272,5.9962,6.4662,6.2942,7.2522,8.0332
BC_TUG_BCT2,2021-10-07,82,False,-1,0.89536,0.39036,0.76336,1.40236,1.37136,1.00736,1.21236,1.98936,3.44136,6.06036,7.31736,6.56536,5.96136,6.06036,5.45536,4.22436,4.47536,4.09236,2.12336,1.13836,1.43036,2.05136,1.91136,1.40136,1.91436,1.92836,1.92636,1.65636,2.02936,2.31936,2.22536,2.26236,1.97936,1.62436,0.72936,0.73736,1.17336,1.12636,1.62836,0.89136,0.54336,1.07436,1.16136,0.75236,0.31536,0.50036,0.88336,1.47236,1.44036,1.33436
BC_TUG_BCT2,2021-10-07,88,False,0,0.86734,0.02734,0.13034,0.52634,0.50934,0.30934,1.82134,3.72034,3.49334,3.24834,3.99834,3.22234,2.14534,2.53934,3.10534,2.49634,2.26634,2.22934,2.04934,1.94134,2.31634,2.74334,2.73234,2.21434,1.39134,1.65734,2.39734,1.05834,0.58434,1.89734,1.97434,1.32234,0.73934,0.75834,0.78534,0.88734,1.03334,0.95634,1.17734,1.05434,0.92834,0.81034,0.30934,0.90534,0.83634,1.35834,1.68334,1.65334,1.04434,0.74134
BC_TUG_BCT2,2021-10-07,89,False,1,7.28352,15.0635,31.8175,44.6845,44.8555,41.8775,52.9945,71.8245,84.9165,96.3395,104.559,98.6355,75.6955,61.2825,57.6205,57.6275,58.7255,56.6055,48.3115,41.2465,38.2035,39.6915,46.8415,52.5785,47.1795,31.0535,20.0075,18.4025,18.4015,15.0435,12.9065,10.9245,9.50452,7.02752,4.41452,4.14952,5.24152,5.10552,4.26352,3.41952,2.64352,3.35852,3.92952,3.83252,4.85452,5.67152,6.19252,6.46152,5.99252,4.77752
BC_TUG_BCT2,2021-10-07,126,False,1,0.49446,0.62846,0.76346,1.45346,1.81046,2.09546,2.24546,2.36746,2.70846,3.53246,3.43446,3.30246,2.70946,2.47746,2.64746,2.60946,2.96346,2.42646,1.77246,1.72446,2.06346,2.24346,2.58146,2.46546,2.20146,1.86446,1.79546,2.08446,2.53946,2.42146,1.95046,1.86046,2.01946,1.88146,1.96446,2.08246,0.82446,0.86046,1.43946,1.40146,1.80946,2.17446,2.17946,1.93746,1.65446,0.91746,0.27846,0.07846,0.41446,1.28146
BC_TUG_BCT2,2021-10-07,227,False,-2,0.56736,0.45836,0.78536,0.33336,0.25636,0.53636,1.39536,11.0474,39.1544,62.4604,66.4524,64.3894,58.7054,52.8934,42.7064,32.0274,23.9374,20.0894,17.1644,16.5874,17.5264,17.2874,17.6674,19.7034,23.2154,22.5904,17.6254,11.9124,12.9954,13.9294,10.5174,12.1764,21.2624,25.1414,24.5304,21.1064,13.8324,7.33336,9.44236,11.8264,8.56736,8.00336,12.7974,16.2154,17.7414,20.9764,22.4514,22.1544,20.8444,18.1304
BC_TUG_BCT2,2021-10-07,281,False,3,2.44728,2.86028,1.86128,1.87628,2.50528,3.14628,3.38528,3.49528,2.42928,3.89828,4.09928,3.50028,3.29528,3.21928,3.33028,3.12628,3.28228,3.15328,3.58028,3.48828,3.35028,2.60928,2.31728,1.46828,2.28528,3.49628,3.71928,3.36528,3.57528,3.84628,3.65928,3.71328,4.00228,3.16628,2.90928,2.96828,3.21028,3.20328,3.62628,3.95028,4.32328,3.90628,3.92528,4.13828,3.09628,2.94428,3.19328,3.44728,3.24828,2.61928
BC_TUG_BCT2,2021-10-07,662,False,4,0.21476,-0.21924,0.67376,1.56776,1.50376,1.78476,2.22576,2.85576,2.53676,3.10076,3.58076,2.79376,2.27976,1.92376,1.74376,1.87576,1.71776,1.33776,1.35076,1.68776,1.80076,1.73976,1.79176,1.98576,2.32776,2.31676,2.29076,2.10776,1.87876,1.86976,1.82776,1.15576,1.60276,1.79376,2.01476,2.06676,2.27076,2.90476,3.31176,3.29076,2.96776,2.48376,2.36876,1.74376,1.71576,2.22176,2.23876,2.12376,2.43676,1.79176
BC_TUG_BCT2,2021-10-07,873,False,-2,0.28762,0.67562,1.53962,1.33262,0.93162,0.87262,0.67862,1.61862,5.25062,6.71862,7.18662,7.11162,6.38462,5.21662,2.98862,1.79062,0.80462,0.78562,0.81562,0.38562,0.29962,0.95862,1.59262,1.42462,2.09562,2.15262,2.00662,1.36462,0.91162,0.65362,0.97462,0.74562,0.71162,1.14762,1.81362,1.22562,1.21262,1.31362,0.78162,-0.08638,0.20262,0.51962,-0.13238,0.64962,0.82562,0.90062,1.01162,1.24862,0.69762,0.59562
BC_TUG_BCT2,2021-10-07,897,False,0,0.9267,0.9437,0.7377,0.8517,1.0627,1.6837,9.0457,25.3037,29.7097,40.4537,42.3877,29.6847,20.2677,15.7137,11.6107,7.1277,4.3477,2.7977,2.4737,1.7067,1.6037,1.5667,2.1377,3.1367,3.4357,2.3847,1.6167,0.7957,1.1827,1.1477,1.1457,1.0887,1.2327,1.3807,1.1977,1.1417,1.5867,1.1077,0.6487,0.3647,0.3867,0.4837,-0.1593,0.0847,0.7837,0.7807,0.6367,1.5157,1.6017,0.9127
BC_TUG_BCT2,2021-10-07,1152,False,-1,0.7361,0.4181,0.6681,1.2461,1.3231,1.1101,0.2171,0.9261,1.9511,3.8471,4.3151,3.0051,2.0761,1.0741,0.6901,0.8761,0.8211,0.4071,0.7951,0.6661,0.0561,0.0471,0.4231,0.7181,0.3241,-0.0989,-0.0729,0.4481,0.6721,0.1691,0.8421,0.9221,0.3251,0.4691,0.3711,0.9061,1.7121,0.9931,0.6081,0.1621,0.1361,0.1391,0.7471,0.7731,0.2801,0.3651,0.4011,0.3541,-0.1359,-0.0829
BC_TUG_BCT2,2021-10-07,1478,False,0,8.0871,12.0781,31.5011,42.1751,38.8681,32.7651,33.1421,35.9821,39.5291,46.9871,50.5931,48.2241,44.5591,40.3431,35.4641,23.8741,9.9611,1.7201,0.8061,6.1171,12.9841,16.0471,13.9031,12.1181,10.9681,9.1151,6.1041,5.0781,4.8191,4.1791,4.7621,3.0681,2.3691,1.0001,0.8711,0.8811,1.0701,0.9641,0.1221,0.1481,0.3411,0.9521,1.2281,0.5491,1.3851,0.6811,0.0511,-0.3949,0.5371,0.0011
BC_TUG_BCT2,2021-10-07,1591,False,0,1.4401,2.0601,1.4981,1.6381,2.2691,1.7261,3.1411,4.2831,4.2831,4.9741,5.1051,5.4341,4.2071,2.4671,2.2471,2.2251,1.5721,1.8411,1.8971,2.0021,1.5121,1.6381,0.8711,1.3331,1.4491,1.7181,0.8781,1.1741,0.4611,-0.0559,0.1681,0.4651,0.7171,0.5111,0.1931,0.2671,0.7771,0.6481,1.5581,1.3661,1.2251,1.5431,1.3431,1.7371,1.5371,0.8151,1.2821,0.4301,0.5521,1.4681
BC_TUG_BCT2,2021-10-07,1807,False,-2,3.65708,4.66208,4.08708,2.48908,2.10708,2.65008,2.50008,1.95408,3.87608,6.57808,8.22708,7.95108,6.54608,4.66508,3.03108,3.62708,3.71408,1.86008,2.37108,3.34008,2.10308,2.04508,2.09208,1.49908,1.47108,1.91708,2.11208,1.97208,2.23408,2.32508,2.27208,1.87408,2.33808,2.08508,1.47308,0.90808,1.65108,1.33908,3.04508,2.97808,2.00308,1.85308,2.32308,1.41408,0.24808,0.90308,0.66608,0.44008,0.92208,1.16808
BC_TUG_BCT2,2021-10-07,2473,False,1,2.85326,1.80426,1.81926,2.68526,3.25426,2.55026,1.49126,1.81026,1.85926,3.24926,3.87626,2.72426,2.96626,2.78726,1.76326,1.31226,1.72826,1.77426,1.43926,1.49726,1.52626,1.89226,2.24526,2.32226,2.97126,2.11226,1.60826,0.85426,1.34726,1.78426,2.36726,0.97526,-0.52574,0.16926,1.39126,1.58326,0.29226,0.54926,1.26126,2.08826,2.34426,0.14626,0.53926,1.72626,2.56126,1.75626,1.55626,1.72426,1.61626,0.18026
BC_TUG_BCT2,2021-10-07,2478,False,2,2.60536,3.04436,1.38536,1.43336,1.50136,1.22536,0.88336,1.20636,1.94736,2.48436,3.30636,1.97736,0.94536,0.85736,2.36636,1.29636,0.35736,0.92936,1.44336,2.31736,2.27036,1.64736,1.19336,0.15836,0.30136,1.13336,1.24136,0.92636,1.43536,0.92536,0.19536,-0.91764,0.12836,1.46036,0.51036,0.63636,0.48636,1.81136,1.89636,1.10036,1.50036,1.32336,2.48336,3.35836,2.41736,1.95536,1.74436,1.59636,1.82236,2.56336
BC_TUG_BCT2,2021-10-07,2574,False,6,1.20224,0.95024,1.61024,1.41124,0.60624,1.22724,1.57124,1.03824,1.65524,2.58324,3.92124,2.01224,1.32124,0.38824,0.01724,0.58924,0.08724,0.58624,1.39024,1.38524,0.68724,0.56024,0.83924,1.30724,2.68424,2.40424,2.28024,1.70324,0.42624,1.26424,2.45924,2.37524,1.35324,1.50824,0.77124,-0.11176,0.09424,1.61424,2.23224,2.55324,2.02524,1.09924,1.37424,1.81924,1.78024,0.92024,1.40424,1.81324,1.99824,1.63424
BC_TUG_BCT2,2021-10-08,36,False,3,4.65826,3.66426,1.49126,0.84926,1.99626,3.23126,2.28626,1.71926,2.98426,4.76326,4.46126,3.31426,2.67526,2.87726,1.31626,2.90526,4.32926,3.06526,1.75326,2.11426,2.01526,1.33526,1.29626,1.26426,0.05826,-1.04374,-0.44674,1.79526,2.75026,3.82626,2.52126,1.50726,0.28126,1.25126,2.20126,3.56426,3.10126,2.50326,2.78226,2.25526,2.88326,2.53026,1.99926,0.68826,0.37526,2.79226,1.68226,1.36626,0.73926,-0.14374
BC_TUG_BCT2,2021-10-08,48,False,0,46.3342,80.6752,52.2632,18.5372,7.5942,22.2172,78.4442,127.894,143.795,153.918,161.467,156.142,132.584,102.337,85.9322,90.5742,105.687,114.572,113.527,107.685,93.5142,82.7942,75.8272,72.9032,75.0292,71.7252,64.5322,64.7982,62.8912,52.1932,44.6062,42.1232,39.5102,38.3442,33.5152,26.8712,24.1912,21.4172,19.9612,18.7062,18.3102,16.2642,12.4852,13.1082,16.0472,20.4402,30.5782,33.4972,29.5732,27.7942
BC_TUG_BCT2,2021-10-08,51,False,6,3.9149,4.2299,4.5999,4.0799,3.8459,3.4489,3.5639,3.3759,3.6689,4.4519,5.2849,4.8439,3.8429,4.0789,4.2949,4.6329,3.2069,3.6419,3.0549,2.6519,2.1689,1.7929,2.2969,2.2939,1.0289,1.3409,2.1979,2.2029,2.7399,3.0739,2.7539,2.8479,3.1319,2.7729,2.0689,1.9629,1.7959,1.5919,1.4589,2.0599,1.9289,4.3959,4.1909,3.0479,3.3459,2.3349,2.1959,1.8539,1.3659,0.9789
BC_TUG_BCT2,2021-10-08,67,False,0,1.67256,3.06156,1.40956,1.46356,1.72656,1.80856,2.13656,4.45156,12.9056,25.0276,29.8246,28.0706,22.1526,18.3706,15.7436,15.0406,17.1546,16.0236,16.6186,16.8816,15.6596,14.0586,9.10556,4.67056,3.02056,3.44856,2.57856,1.66656,2.46756,3.66256,4.02356,2.21956,1.83456,1.64556,0.30356,-0.25044,0.09456,1.63656,2.41856,0.89956,1.28256,2.55756,3.43356,2.85656,3.60256,2.53856,3.31356,3.04056,2.70456,1.49756
BC_TUG_BCT2,2021-10-08,71,False,0,1.3045,1.1765,1.5825,2.9165,3.9845,3.5825,4.5255,11.6525,39.5325,59.4845,58.1395,49.0105,33.6945,26.8765,29.3305,32.2575,33.4965,31.7035,25.9875,18.1415,9.2125,3.1115,1.0695,2.6395,4.3515,5.6365,5.3425,5.0265,3.2235,1.6475,3.1345,2.7605,2.4005,2.2955,1.0905,2.0915,3.0795,2.5855,1.8255,1.0435,2.3785,3.4065,1.2435,1.2375,2.9485,3.9745,3.8625,5.0315,3.0625,3.2185
BC_TUG_BCT2,2021-10-08,76,False,0,2.57546,1.02546,1.13246,0.23246,1.03146,1.40546,2.42746,8.41746,16.5825,21.3835,21.1245,18.0415,12.0305,7.72146,8.16446,9.42346,9.77546,8.12246,7.45946,5.62646,8.10046,11.7625,11.8405,7.29046,5.19646,4.61346,5.70946,6.31446,5.53246,5.27346,6.27346,5.31646,4.44246,4.35846,3.85446,2.78146,2.60046,4.96946,3.49146,2.28146,1.11146,2.13446,3.24746,2.38346,4.20246,4.83346,5.53646,2.93646,2.83746,1.27546
BC_TUG_BCT2,2021-10-08,90,False,0,1.76158,0.69158,1.33758,1.46958,-0.10842,0.39058,1.83358,3.49958,3.06058,4.20158,4.22758,3.15458,1.85258,1.54358,2.10558,1.82958,0.94958,1.41858,1.17058,0.78158,0.96758,1.65758,2.57158,1.21758,1.81458,2.59458,2.10558,1.50658,1.65958,0.07058,0.41558,1.40058,1.40458,0.70358,0.16758,0.54858,2.00758,1.66658,1.06858,1.67558,1.04658,2.17158,1.59458,1.39458,2.45958,2.75758,1.24858,0.57258,1.64258,0.92758
BC_TUG_BCT2,2021-10-08,110,False,-1,4.3746,1.5026,1.8976,2.8896,2.7026,2.4536,1.1846,1.9586,3.0276,3.4246,5.4836,4.6526,3.2686,2.3046,2.0406,2.8326,1.9056,2.0416,2.8226,2.4976,3.1306,2.4826,1.2926,1.4386,3.0706,2.6216,1.6496,2.2176,2.2666,2.6316,1.8216,2.3276,2.9576,4.2466,3.3236,0.7986,0.3206,1.1826,1.1626,1.5486,0.2836,0.1326,0.9326,1.0566,0.3066,0.2676,0.2506,-0.1764,0.9376,2.1106
BC_TUG_BCT2,2021-10-08,251,False,1,1.2078,1.1988,0.1618,0.5358,2.5108,4.8658,7.6448,8.8048,9.9668,10.9778,12.0088,10.5838,8.0388,7.9078,7.6368,7.5498,7.7528,9.9678,8.6408,7.8968,8.4018,6.9268,5.8038,4.9818,4.6408,6.6068,4.6028,4.1498,4.5688,4.0988,2.5988,4.1008,5.4168,4.7758,3.8208,3.5578,3.4418,2.2308,2.4358,1.7968,2.7518,3.1268,2.4828,2.8598,2.7188,1.8368,2.5188,2.0008,1.3048,1.3168
BC_TUG_BCT2,2021-10-08,1118,False,0,1.1958,0.8858,0.6368,0.6728,0.0688,0.7638,1.7678,2.5898,19.6258,69.2478,71.0608,56.8598,51.6328,37.7888,25.5018,16.0608,8.8768,6.0058,6.0968,6.8898,6.3548,5.5628,5.5988,5.2158,5.4098,5.2088,3.8598,3.6248,3.2728,2.5168,1.9448,1.4878,0.8238,0.7658,1.1688,1.1288,0.8678,1.6068,1.8138,0.8368,0.0828,0.7048,1.2598,0.8758,0.6758,1.2178,0.7598,1.6048,2.1478,2.2518
BC_TUG_BCT2,2021-10-08,1388,False,-1,2.17192,2.71192,1.13992,1.04492,1.86392,3.22192,3.21292,2.88092,3.48192,3.99092,4.28292,3.87292,2.98792,2.67992,2.21192,1.52692,1.89692,1.88792,1.89792,2.32692,2.79292,2.55792,3.61392,2.78492,1.81192,1.38892,0.96192,0.60992,0.10192,0.38392,1.04892,1.68692,1.43492,0.54892,0.09492,-0.16608,0.40192,1.50792,2.41592,2.33492,1.74292,0.97992,0.26392,0.33792,0.00092,1.78792,1.54892,1.05092,0.98592,1.01992
BC_TUG_BCT2,2021-10-08,1435,False,0,0.47164,1.59364,1.59464,2.10664,2.69564,2.63164,3.18664,3.80464,4.52364,5.91064,7.11164,6.76664,4.97564,3.16964,1.92664,0.91564,0.79064,1.15564,0.72664,0.44964,0.68864,0.57164,0.68764,0.53864,0.29364,-0.05036,0.48764,0.96364,0.89664,0.79364,1.44864,1.47564,1.18264,1.20864,1.35164,0.95664,1.38264,0.20264,-0.05536,1.79164,1.76064,1.06064,0.84764,-0.03136,0.44764,0.26964,0.52164,1.00164,1.27664,0.80564
BC_TUG_BCT2,2021-10-08,1456,False,-1,3.3861,2.7991,2.3141,1.3561,0.6901,0.5111,0.9431,1.7121,2.6351,4.4061,4.2191,4.2341,4.2651,4.1441,4.0091,3.8381,3.5821,3.2511,3.1441,2.6241,2.3371,2.7391,2.3381,1.3891,1.5171,1.1741,1.5161,1.8681,1.6901,1.2801,1.1171,0.4901,1.1521,1.6451,2.0711,1.8121,2.3721,2.4401,1.8871,1.4931,1.0591,2.2871,3.9221,4.5251,4.0751,3.4571,3.2501,3.7901,2.7571,1.9911
BC_TUG_BCT2,2021-10-08,1585,False,0,4.366,7.088,21.658,43.205,60.399,63.549,53.682,47.529,46.786,57.03,69.71,64.273,33.725,10.892,3.595,2.416,2.272,2.552,1.067,1.037,1.437,1.205,1.232,0.441,0.106,1.1,0.782,1.511,0.794,1.139,1.979,2.879,1.89,1.051,2.04,1.672,1.61,2.243,1.412,0.338,0.333,0.405,1.113,1.848,2.034,2.367,2.08,1.481,1.31,0.932
BC_TUG_BCT2,2021-10-08,1896,False,1,5.1707,2.2257,2.6457,3.6857,3.0597,2.9357,3.2207,3.5967,3.7677,3.9447,6.7237,4.6417,2.9357,2.7567,3.0497,3.0727,2.9767,2.9637,2.6087,2.0667,1.4027,1.6557,1.4887,2.1827,3.2017,3.5007,3.6307,2.8047,2.0197,1.8427,2.0017,3.0077,2.3317,2.5897,2.4807,2.3667,2.7257,2.4027,3.0947,3.1747,3.2427,2.1887,2.6687,2.5677,1.8757,1.9467,1.8067,1.9597,2.0917,2.0367
BC_TUG_BCT2,2021-10-08,2127,False,1,2.38162,0.72562,-0.28938,0.35862,1.12162,0.57962,0.73362,1.38462,1.94362,2.89462,5.43662,4.33262,2.83862,1.81062,2.02762,2.11362,1.19362,1.40362,2.37762,0.92362,0.65962,1.58862,3.45562,3.63462,2.48362,1.53762,0.58862,1.49562,2.84462,1.94062,1.55962,1.50862,1.75762,1.55762,0.96762,0.63462,0.39762,1.22562,1.46362,1.29762,1.81962,0.89562,0.00062,1.34462,2.35462,1.27062,1.05662,2.01262,3.06462,1.84462
BC_TUG_BCT2,2021-10-08,2467,False,-4,1.06248,3.10348,2.26848,0.53148,0.49048,0.69148,0.59648,1.35848,0.92748,2.20048,4.83548,2.89348,1.31948,1.07848,0.95248,0.78748,0.47048,0.36248,0.87748,0.15848,1.48748,2.38948,1.36648,0.56648,1.07448,2.05548,1.72648,1.07848,0.27048,0.01148,0.44948,2.83348,2.81548,1.55648,2.34848,1.22348,1.19648,0.84148,0.86548,1.15448,0.42648,0.36248,0.06748,0.83048,1.70048,0.92848,1.14248,1.29148,2.78048,1.88748
BC_TUG_BCT2,2021-10-08,2468,False,-1,1.43372,2.15172,2.76472,1.68672,2.28872,1.66672,5.15672,22.1587,45.5047,69.2377,76.1247,60.7057,50.4977,45.0917,37.6377,31.4837,26.4107,22.0397,18.5127,17.6047,16.6747,13.3937,9.68072,6.49872,6.48072,7.97872,8.35372,6.66372,5.18172,4.54472,4.01872,4.07172,3.51872,2.91672,2.77172,2.64072,3.36772,3.49372,2.13572,2.24672,1.87372,3.87872,2.49772,1.45772,2.66372,1.31472,0.37472,0.43672,1.13172,1.86272
BC_TUG_BCT2,2021-10-08,2511,False,1,1.83604,1.94504,2.72104,3.48204,3.23304,3.99004,3.40604,3.70504,3.25704,3.91104,5.55604,4.27704,3.36604,2.90804,1.62204,1.15604,1.37004,0.30704,0.79004,1.42204,2.00404,1.96604,1.66204,0.83604,0.39204,1.43204,2.28904,0.93804,0.95504,2.03704,1.90804,1.31004,2.14004,2.16904,3.08804,2.30204,1.85104,2.04104,2.33604,1.48504,1.56904,2.57404,2.41904,2.91904,2.01604,1.06504,1.26804,0.90504,0.82604,0.77304
BC_TUG_BCT2,2021-10-09,92,False,-4,0.54596,1.52296,1.91096,1.14196,1.19996,1.56196,0.42396,-0.13904,0.16096,2.22896,5.45996,4.10996,2.86296,1.15796,0.45596,0.40096,1.08396,1.50696,1.49496,0.86496,0.69796,1.39596,0.88596,0.77896,1.96796,1.44996,0.51296,1.10896,0.68696,0.46596,0.70296,1.04196,1.87696,1.46496,0.31696,0.27496,1.00996,1.32996,2.44796,2.09796,1.37296,1.33996,1.17496,0.00096,-0.32304,0.80596,1.77096,1.17796,0.90896,2.13696
BC_TUG_BCT2,2021-10-09,113,False,-2,1.77032,1.05132,0.81832,2.01332,1.14932,0.10032,0.85432,0.42232,1.15632,3.71832,5.88732,4.66832,3.75632,4.01932,3.50432,2.55432,3.85232,4.39032,2.77432,0.67832,0.74032,1.88232,2.32832,2.32732,1.41532,1.20032,2.86632,3.56932,2.50432,3.75932,2.67332,2.78532,0.85732,1.43932,3.47932,2.03532,0.67132,0.42632,1.77332,2.93932,2.57432,2.10232,0.73532,0.83532,0.03132,0.25832,1.88432,1.80032,1.67232,2.02832
BC_TUG_BCT2,2021-10-09,114,False,-1,0.6662,0.8512,1.1242,0.7152,1.4582,2.6722,4.2512,3.4072,2.7042,2.9532,4.4372,4.4942,2.9222,3.3322,3.8382,3.6412,2.5742,1.3622,0.8522,2.6742,3.2422,3.3872,2.0872,1.8282,2.9652,3.2802,0.9672,0.2082,1.3212,3.6972,2.6292,1.9332,2.4832,1.3722,0.8062,1.8282,0.7162,0.2682,0.6632,0.3932,0.8672,1.0202,1.5482,2.0852,2.4942,1.9412,1.4242,0.4872,-0.1078,0.2792
BC_TUG_BCT2,2021-10-09,118,False,0,1.44492,2.69092,1.56092,1.36892,2.93592,7.20092,6.95292,7.00292,11.2659,18.3079,19.2549,17.5159,14.3889,12.2129,11.4499,12.9819,16.5179,15.6539,11.5929,10.6509,10.5179,9.72592,7.51292,6.53292,7.46892,6.39692,5.15592,6.58992,6.42092,6.95592,7.04992,6.66092,7.30692,5.54892,4.41992,5.57592,7.25892,5.08092,2.71092,2.05592,1.98292,1.88492,2.84192,2.59792,2.55692,3.12392,3.45392,4.71492,3.93092,2.91192
BC_TUG_BCT2,2021-10-09,206,False,-1,0.39804,1.19604,1.17404,2.06804,2.19904,1.26904,1.81104,3.94704,8.19704,16.311,20.689,19.122,15.228,15.324,14.045,15.915,17.293,17.32,16.232,13.237,8.47904,7.05404,6.39504,4.08604,3.14504,2.35404,0.24504,0.72104,2.11704,1.14204,1.04104,4e-05,0.37904,0.16304,0.66504,1.72304,1.59804,1.76604,1.20904,0.56004,1.00004,0.72904,0.45104,0.76104,1.32704,1.94704,3.72404,4.33704,3.68704,2.44104
BC_TUG_BCT2,2021-10-09,265,False,1,0.29272,1.90572,0.95072,1.23272,0.68072,1.96272,1.62472,2.09872,2.55472,3.46072,3.45472,3.97072,2.04072,0.33572,0.80972,1.28872,1.22272,3.05572,2.18572,1.24172,2.41172,2.65472,1.72572,3.16372,3.68272,3.20572,2.07172,2.43172,3.04872,1.88672,1.50072,1.70072,2.33872,2.11272,1.46372,0.45272,0.95472,2.39972,2.36772,2.05472,1.06072,1.17472,1.28972,1.90672,1.80172,1.94072,2.61572,2.33272,0.61372,1.94872
BC_TUG_BCT2,2021-10-09,327,False,-1,3.09258,1.36058,1.93458,2.02658,2.25558,1.56658,2.01158,5.07858,24.1036,44.9466,48.1676,41.2806,33.7266,33.3636,39.1386,42.2196,40.3546,36.8706,31.7426,31.4746,30.1696,26.0256,24.5236,25.0376,25.5276,23.9166,21.0956,16.8336,14.6136,12.2976,13.2716,18.2246,22.6306,21.9716,19.3226,17.4976,18.8976,18.9736,16.2676,14.2496,13.4266,13.2676,13.4996,13.6316,13.6186,13.7796,14.7466,13.9216,12.7026,10.5556
BC_TUG_BCT2,2021-10-09,328,False,-1,0.2033,1.5013,2.2863,3.2283,2.7193,1.2043,1.3883,6.6693,37.3983,78.7123,75.9213,58.1043,54.3203,60.0353,61.5203,53.7483,41.6513,27.9853,15.8983,7.4743,4.6903,2.2813,2.3313,1.8403,2.2703,2.1443,2.3243,2.0053,1.5393,2.2913,0.9403,1.8183,2.7793,1.6483,1.8203,1.5293,1.3723,1.1773,0.9683,1.3573,1.2533,0.8723,1.4933,0.9253,0.0763,0.4433,2.0633,1.8893,1.4513,0.0013
BC_TUG_BCT2,2021-10-09,1215,False,3,0.71196,0.03096,-0.01404,0.33296,1.38596,1.44996,2.60196,3.77896,4.37496,7.17596,7.12396,5.07496,2.82696,1.85196,1.03296,0.84896,0.65396,0.24496,0.35396,1.21596,1.57296,1.13796,0.40396,1.55396,1.35896,1.72396,0.72596,0.34496,0.57496,0.91296,2.57696,0.73196,0.50396,0.79996,0.89996,0.70096,0.58796,1.63496,1.89796,2.82796,3.37796,2.61496,1.90396,1.87096,0.97696,0.61796,1.29896,1.09196,1.39896,2.49496
BC_TUG_BCT2,2021-10-09,1433,False,0,2.00552,0.98252,1.76652,1.02552,0.51952,0.01652,0.93952,2.47552,11.6065,31.9405,36.2665,31.5335,22.3335,17.3535,15.1645,12.5685,12.5945,13.1215,13.7555,11.3725,6.39052,4.21952,3.82252,2.88252,1.38752,-0.15148,-0.10148,1.09452,0.73552,0.38952,0.99852,2.21052,1.63752,1.12952,0.94452,0.39352,1.34752,2.08652,1.67252,1.19852,0.53952,0.59952,0.39252,0.39452,0.59452,1.03352,0.77452,1.15452,0.51752,0.55652
BC_TUG_BCT2,2021-10-09,1714,False,6,4.61924,5.97724,6.58824,6.27824,5.82824,6.51824,7.40524,6.20024,5.28424,6.71824,7.68524,7.19824,6.60024,4.65424,3.51024,3.10824,2.00024,1.19824,2.04524,2.98124,1.68124,2.04624,2.71624,2.12624,1.80724,1.67824,1.61624,2.49924,2.69924,3.05924,4.07924,3.19824,3.42424,2.65324,2.96024,3.48724,3.59024,3.24124,1.54824,0.64824,1.93824,1.18024,1.37224,0.15024,0.36624,0.42924,0.65624,0.22424,0.34624,2.26624
BC_TUG_BCT2,2021-10-09,2293,False,0,0.85818,0.98218,1.40518,1.97218,1.79018,3.44018,4.10818,3.65018,4.55518,4.96918,5.57118,5.13018,4.39018,2.89218,2.52318,3.70118,4.14218,4.34018,4.24118,2.55218,0.94718,1.75218,2.85018,2.28418,1.01718,1.47918,1.13718,2.02918,2.47918,2.33618,1.32018,-0.00882,0.32918,0.89518,0.41918,1.04418,0.91018,1.82518,1.64018,1.30918,1.48718,1.77818,2.00818,2.02418,2.23418,1.83118,1.46518,1.94918,1.84918,0.89018
BC_TUG_BCT2,2021-10-09,2361,False,-3,0.55342,0.79542,1.71042,1.19942,1.14142,2.32642,4.34542,4.15642,4.34442,5.50042,6.20442,5.68842,5.33042,5.71442,5.89942,5.24742,2.05542,1.98742,2.58942,1.69342,1.51142,2.45442,2.35042,2.16442,1.52142,0.60442,0.70142,1.20542,1.43142,1.23942,1.50542,1.37642,0.79742,1.10442,1.30042,1.27842,1.05042,0.69542,0.66642,2.31142,1.78242,0.63742,0.77942,1.97342,2.91442,1.56242,0.31842,0.00042,-0.42358,0.40042
BC_TUG_BCT2,2021-10-09,2369,False,-1,1.80478,1.81578,1.98778,1.55178,1.39278,1.21178,1.36378,1.22878,1.76078,3.74278,5.26878,3.10778,0.04378,0.13378,0.76478,0.50478,1.17478,2.56478,2.52378,2.25678,1.79278,2.46178,2.98578,3.20678,2.64978,2.11178,1.55378,0.77578,1.42778,1.86578,2.38378,1.77378,1.96678,3.25678,2.73278,1.83278,1.56078,1.30578,0.70078,0.58778,1.30978,1.06278,1.86578,1.94378,1.27678,0.36378,0.98878,1.68678,2.85478,2.89378
BC_TUG_BCT2,2021-10-10,91,False,-2,1.67118,1.20018,1.23218,2.40818,1.96518,2.35118,1.40618,1.23518,2.12218,3.80318,5.04718,4.10818,4.01718,4.39118,3.41918,1.60518,1.88118,2.79218,2.71618,2.15318,2.51618,2.76518,1.63518,0.92718,1.28818,1.01618,0.82818,1.13618,0.66418,-0.09582,0.53618,1.83418,1.60318,1.09418,1.09118,1.06818,0.11918,1.35518,1.42018,0.69118,1.22918,1.57618,0.97218,0.59118,0.93218,0.52818,0.18518,0.66118,0.27318,0.66318
BC_TUG_BCT2,2021-10-10,113,False,-1,3.30048,2.67348,3.37048,2.81048,2.12548,1.57348,1.95848,1.82048,2.75648,3.94248,3.80448,3.29748,2.70848,1.22548,1.70748,2.31548,1.18648,0.87748,2.12648,1.85148,0.43848,0.71948,0.63048,1.68148,1.68848,1.37048,1.79748,1.77448,2.15348,2.27648,2.28748,2.59348,1.20148,2.61148,2.97848,1.25848,1.02948,1.87948,1.87648,1.34448,2.10148,2.31948,2.08548,1.78348,2.05248,2.21448,2.24948,1.86448,1.83748,2.12648
BC_TUG_BCT2,2021-10-10,188,False,-1,13.9265,14.9475,6.18852,2.03452,1.23052,1.02952,0.64952,3.06952,18.8495,41.9685,52.5445,51.3095,45.3205,39.9235,38.8035,38.7555,36.3685,26.8555,17.4365,10.4955,6.76552,4.62752,2.14852,1.87952,1.82152,1.90052,1.79752,0.50052,0.44952,1.50452,1.43252,1.14552,1.81352,1.94952,1.32852,1.98752,2.41052,0.78152,0.53152,0.72952,0.60752,0.53452,0.61752,0.94452,0.44152,0.59552,0.85952,0.53452,0.20552,-0.17048
BC_TUG_BCT2,2021-10-10,207,False,2,0.72634,1.11834,0.40134,0.49434,0.67634,1.23034,1.75334,3.20634,3.33834,4.04934,3.67134,3.45934,2.70434,1.25534,0.91834,1.25634,1.07234,0.85834,1.35034,0.81534,0.94034,1.61134,1.12434,0.43334,0.67734,0.19234,1.01234,1.55134,1.16134,-0.09866,-0.18266,0.62034,0.55534,0.77534,0.39734,0.98234,1.14734,0.45434,0.44034,0.94934,0.67034,1.28734,1.04734,1.01034,0.98634,1.46934,0.54234,0.35734,1.03034,1.31034
BC_TUG_BCT2,2021-10-10,221,False,-1,1.18328,0.70128,1.54828,0.92128,0.06428,0.54128,3.44128,19.5733,53.3233,81.3903,88.0073,77.3753,52.8323,25.3353,13.1873,10.4313,5.99028,3.37828,1.91828,1.45428,1.03028,1.33828,1.13228,0.76328,0.92928,0.22928,-0.01372,0.06628,1.45428,1.71128,1.90928,1.51028,1.58828,0.90628,0.91728,1.09828,0.41328,0.31028,0.02128,0.41528,0.91028,1.43828,1.24128,1.89928,2.57028,2.05228,0.67928,0.49828,1.67228,1.31728
BC_TUG_BCT2,2021-10-10,236,False,3,2.67416,2.60516,1.50416,2.41216,6.18316,10.8452,10.7062,7.03516,8.16416,10.0162,10.4952,10.4352,10.0342,9.82416,8.53416,7.07116,7.45316,7.24916,7.01216,7.39216,7.10216,7.61116,9.12416,8.07416,8.36116,8.60916,8.49416,9.31316,8.58616,6.52316,4.91416,4.75116,4.04516,3.56316,2.93016,3.24516,2.47816,2.88216,2.36616,1.21116,2.15416,1.86616,2.48916,2.78716,1.67416,1.18416,1.75016,2.58316,3.16716,2.97016
BC_TUG_BCT2,2021-10-10,291,False,-1,0.25708,0.26508,0.77008,0.68908,0.44408,0.68408,0.39308,0.70208,3.95608,14.0561,20.2141,14.7211,8.46908,8.13608,8.20608,7.37508,7.13608,6.38508,5.68408,4.82208,3.98308,4.34408,5.07908,5.38908,3.50308,1.74108,1.29008,0.86108,1.83408,1.29608,1.28508,0.72108,0.70408,1.03108,0.62808,1.31908,1.46308,1.29208,0.50108,0.66408,1.63408,1.36308,0.97508,0.73608,0.55308,0.62508,1.42008,1.75808,1.16308,0.14208
BC_TUG_BCT2,2021-10-10,292,False,-1,0.5088,1.3058,1.0228,1.3178,0.9228,0.4758,1.3168,0.5318,0.5658,2.7398,5.5418,5.6178,2.7888,2.3638,2.3438,1.9758,1.2168,1.6978,1.8908,0.3638,0.5998,1.0878,1.1818,1.5178,1.6858,1.1488,0.5128,-0.0492,0.3028,1.3828,2.0348,1.4048,0.8728,1.6348,1.6218,0.9848,1.9028,1.2128,1.5248,1.6748,0.9518,0.1638,-0.2552,0.3088,1.2808,0.7088,0.5598,0.4998,1.3038,0.9078
BC_TUG_BCT2,2021-10-10,360,False,-1,1.13614,1.12614,1.96814,1.36314,1.25114,0.33614,0.76914,2.31714,5.58514,18.5401,22.0241,16.9971,15.1731,12.8731,8.05714,4.90414,4.20114,4.42614,3.74714,2.98714,1.90314,0.27214,0.28914,1.93714,2.21514,1.68314,0.96614,0.97114,1.55914,0.90314,0.92414,0.89814,0.66714,0.82114,1.22914,1.41314,1.12614,0.66414,1.57614,1.61914,0.89514,1.68914,1.56514,1.40814,0.55514,1.51014,1.39014,1.10814,1.38514,0.94314
BC_TUG_BCT2,2021-10-10,917,False,-3,0.0424,0.3934,0.0764,0.1604,0.4764,0.3134,0.6694,1.2074,2.2144,3.8114,5.3464,4.4614,3.2284,2.9514,3.0924,3.4754,4.5334,4.4104,3.5604,3.1104,2.2314,1.7764,2.1004,1.9034,1.9754,1.7024,1.0624,0.9784,1.7964,2.4854,2.4734,2.5344,2.1284,1.9774,2.0474,2.1064,2.0424,1.6724,1.5144,1.0084,0.5034,0.3014,0.7324,0.4214,0.4474,0.8004,0.7784,1.8664,1.3044,0.9424
BC_TUG_BCT2,2021-10-10,1228,False,1,0.50602,0.89102,1.24902,1.93302,1.90102,1.87102,2.33802,2.50902,3.54902,4.93802,4.87802,4.23602,3.09602,1.96302,1.20902,0.77402,1.56702,1.32402,1.07802,0.29102,0.48802,1.10202,0.48502,0.44302,0.75102,0.44402,0.14702,1.08202,1.08202,0.34402,0.00102,-0.21398,0.95002,1.52102,1.27902,1.37802,1.34702,1.25202,1.58002,2.03002,1.00902,0.21202,0.68302,0.75802,2.03502,2.83102,1.71302,1.90802,1.23302,0.98702
BC_TUG_BCT2,2021-10-10,1500,False,-3,2.40252,1.60052,1.30552,0.79152,1.05452,1.62252,1.93752,3.12452,3.42252,4.23952,5.19052,4.96952,4.11852,4.18552,3.99652,3.58852,3.65152,3.01652,2.75552,4.39852,4.15152,2.86552,2.71852,3.04852,2.52152,0.50052,0.59652,1.84952,1.64152,1.93752,2.08652,1.73352,0.61552,1.18152,1.94352,1.95652,1.52352,2.27952,2.82352,1.85952,1.54452,1.28252,0.88052,0.64352,1.05652,1.93052,1.70152,2.09352,2.75352,2.29352
BC_TUG_BCT2,2021-10-10,1834,False,3,1.54794,0.69294,0.18094,1.32394,2.60894,1.66994,1.65294,0.92894,1.19994,2.37694,3.31294,3.03094,1.91394,1.27094,2.14194,2.72494,2.64794,2.52394,2.92394,2.33094,1.91094,2.15094,1.78794,1.64294,1.45094,1.85794,1.96094,1.41394,1.49294,1.88794,2.67894,2.56894,2.66094,2.30194,2.73494,2.35494,1.92994,1.29894,0.63994,-0.04606,0.33894,0.00094,0.94394,2.03594,1.89394,0.77094,0.22294,1.45394,1.01894,0.84494
BC_TUG_BCT2,2021-10-10,1870,False,2,3.03668,2.83468,2.02668,0.85868,1.78468,2.43168,3.02668,3.32368,3.34668,4.04368,4.24368,3.45568,3.27668,3.45868,3.11068,1.89168,2.11968,2.68768,3.46168,3.01868,2.25868,2.44868,2.47768,2.27968,1.97968,2.43368,1.68768,1.67568,1.11168,0.93968,1.47968,0.90368,0.42468,1.01368,1.24368,1.54468,1.36868,1.31568,1.91868,2.05468,2.79268,3.10968,2.22468,2.08868,1.81668,1.71268,1.85368,2.95268,2.40968,2.64868
BC_TUG_BCT2,2021-10-10,1952,False,-3,3.58176,3.60976,4.19576,4.58776,3.07076,1.71476,0.61876,0.54576,1.75276,3.57376,3.78076,4.06376,3.15976,3.84276,3.15276,1.96076,1.61376,2.84776,1.95176,0.80676,1.44976,2.12676,0.61476,0.35876,2.04376,2.81976,2.79876,2.11576,2.38876,1.85576,2.38776,3.69576,2.66376,3.27676,2.53676,2.31376,2.24476,2.36076,2.43576,2.64776,2.50376,2.63176,2.55876,1.90376,2.80876,3.30076,4.59876,4.44576,4.20176,3.47376
