channel,source_day,pass_index,normalized:,trigger_delays,t_-5.000,t_-4.500,t_-4.000,t_-3.500,t_-3.000,t_-2.500,t_-2.000,t_-1.500,t_-1.000,t_-0.500,t_0.000,t_0.500,t_1.000,t_1.500,t_2.000,t_2.500,t_3.000,t_3.500,t_4.000,t_4.500,t_5.000,t_5.500,t_6.000,t_6.500,t_7.000,t_7.500,t_8.000,t_8.500,t_9.000,t_9.500,t_10.000,t_10.500,t_11.000,t_11.500,t_12.000,t_12.500,t_13.000,t_13.500,t_14.000,t_14.500,t_15.000,t_15.500,t_16.000,t_16.500,t_17.000,t_17.500,t_18.000,t_18.500,t_19.000,t_19.500
CO2_TUG_BCT2,2021-09-26,0,False,25,15.8559,13.7969,12.4439,12.6209,14.0029,15.3269,15.1499,13.9739,14.6209,16.8849,17.1499,15.2379,12.1209,11.0319,11.7679,13.2089,13.9439,14.2679,14.9739,17.0029,20.0909,20.5619,20.0619,19.7379,19.2969,19.2969,19.7379,19.8849,19.2089,17.7969,17.0909,17.0029,17.0029,17.0319,17.2089,17.2089,16.5319,16.3269,16.6499,16.2089,15.0619,14.8849,15.4739,16.2089,16.1209,15.2379,13.8849,13.8559,14.9439,15.0909
CO2_TUG_BCT2,2021-09-26,3,False,9,2.26694,4.82594,5.26694,3.32594,2.00294,2.82594,7.97294,16.4439,22.1789,26.3849,27.9729,27.2669,25.9729,24.2969,20.4729,15.7669,13.7669,13.4439,12.5319,9.61994,6.79694,7.50294,9.17894,10.6789,10.9139,10.1199,9.94394,9.41394,7.06094,5.85594,6.85594,9.23794,10.6499,11.1789,10.9439,11.4439,14.4729,16.0319,15.7969,15.5029,15.0029,14.0319,13.3559,13.0609,13.2969,13.3849,12.4729,10.5319,9.11994,8.03194
CO2_TUG_BCT2,2021-09-26,8,False,8,-0.0874,0.2946,2.9416,4.2946,6.8236,13.4126,20.7356,31.2646,40.2646,43.7946,44.6476,41.5006,32.3826,23.7646,19.4416,15.5886,11.9706,9.9416,8.3236,7.1176,5.8536,4.9416,4.8826,5.5006,7.2646,11.0596,14.1176,13.4706,10.7646,10.7066,10.9416,10.2066,10.4706,12.0596,13.2356,13.3826,12.0006,9.2356,8.2946,9.0886,9.7356,9.7946,9.0596,8.2946,7.0596,5.5296,5.7356,7.4706,7.9416,7.1176
CO2_TUG_BCT2,2021-09-26,14,False,9,0.68012,2.94512,3.18012,2.79812,4.15112,6.41612,10.3571,20.5631,43.0921,63.3571,67.0331,59.5921,53.2691,48.1211,40.7691,35.7691,30.6211,24.2691,18.0631,10.7101,7.82712,7.35712,6.44512,5.71012,4.94512,4.26912,4.18012,4.15112,3.59212,4.32712,6.62112,7.79812,7.94512,7.82712,6.94512,5.53312,5.56312,6.15112,6.73912,7.35712,7.62112,6.79812,7.00412,8.09212,7.85712,9.15112,12.6801,13.4741,12.0631,12.1211
CO2_TUG_BCT2,2021-09-26,19,False,23,3.67876,7.11976,9.29576,10.2078,11.1788,11.5898,11.1788,10.2078,9.64876,10.2958,12.1788,11.3838,7.29576,4.61976,5.08976,7.38376,8.50176,8.17876,7.29576,7.23676,7.64876,7.17876,6.76676,6.73676,6.88376,6.64876,5.47276,4.79576,4.70776,4.76676,5.23676,6.06076,5.67876,4.56076,5.00176,5.29576,4.44276,3.20776,2.23676,1.47276,2.70776,5.00176,4.32576,5.03176,7.20776,5.64876,4.73676,5.85476,6.03176,4.70776
CO2_TUG_BCT2,2021-09-26,22,False,17,13.5382,12.9202,13.1852,14.6262,15.9502,16.7442,15.9502,14.8322,14.9792,17.4792,18.0382,14.4792,9.06722,6.62622,6.39122,6.89122,8.06722,9.03822,9.56722,9.97922,9.47922,7.86122,6.71422,6.50822,6.00822,4.53822,5.03822,7.74422,9.21422,9.86122,10.8322,11.4202,11.0082,9.39122,8.71422,8.97922,8.59722,7.92022,8.62622,9.18522,8.80322,7.83222,7.12622,6.71422,7.36122,8.74422,8.83222,9.06722,9.47922,8.33222
CO2_TUG_BCT2,2021-09-26,25,False,18,0.33654,0.30754,0.83654,1.86654,5.42454,11.1305,14.2485,15.5425,16.3075,17.3075,18.3365,17.6605,15.4245,14.7185,15.5135,15.9245,15.4835,14.3075,13.4835,14.1305,16.0135,17.1305,17.2485,16.6015,16.3665,15.1305,11.3665,9.30754,8.95454,8.36654,7.89554,9.04254,9.66054,9.30754,9.04254,8.77754,8.51354,9.92454,13.1895,14.7485,14.3365,13.6305,14.3075,14.6895,14.2775,13.7775,13.0425,12.3665,12.3955,13.3075
CO2_TUG_BCT2,2021-09-26,26,False,15,2.765,2.794,4.265,5.618,6.618,6.559,5.206,4.088,5.912,10.559,12.706,11.353,8.059,6.559,7.53,9.824,10.5,9.471,8.647,9.294,10.912,10,6.588,5.206,5.471,6.206,6.882,6.912,6.471,6.206,5.941,5.559,5.971,6.882,6.677,6.53,6.912,6.824,5.677,4.03,3.382,4,5.412,6.118,6.235,6.441,6.677,6.441,6.294,6.735
CO2_TUG_BCT2,2021-09-26,31,False,7,4.059,4,3.883,3.089,3.295,4.412,4.824,6.206,9.942,13.206,14.089,13.706,13.089,11.412,8.883,8.236,9.736,11.412,10.53,7.412,6.559,8.471,10.736,12.53,13.559,11.824,9.853,8.412,8.736,9.824,8.765,8.5,8.824,6.912,5.383,4.853,5.53,7.147,7.677,7.912,7.883,6.412,5.059,4.03,3.853,4.736,6.059,7.706,9.883,10.559
CO2_TUG_BCT2,2021-09-26,37,False,29,11.8853,12.4733,13.2383,13.9733,14.9443,15.5323,16.5323,18.5913,20.9143,23.6203,24.5323,24.2383,23.6793,22.6793,19.3553,14.3263,13.0613,14.8853,15.6793,16.2973,17.7383,18.7973,18.8853,17.5323,16.9443,16.3553,14.1493,13.9733,16.0913,16.6793,14.9443,12.7083,12.6493,14.3853,15.0023,13.9443,12.3853,12.1793,12.0913,10.0023,8.85534,8.67934,7.91434,7.00234,6.03234,5.73834,5.67934,5.00234,4.79734,5.23834
CO2_TUG_BCT2,2021-09-26,42,False,14,5.94218,3.97118,3.91318,3.97118,3.11818,3.14818,7.08918,15.3542,21.6482,27.7952,32.5012,32.2952,28.5892,25.7652,23.6482,22.7072,22.4422,21.2652,18.9132,17.7362,17.6772,18.5892,21.6482,25.5012,26.0302,23.7952,23.3242,24.9712,23.5302,18.3832,14.8542,12.6772,12.0602,13.1182,14.7952,15.7652,16.3832,16.9132,16.4712,13.9712,11.6182,10.5012,12.0012,12.0892,9.94218,8.91318,8.53018,7.29518,6.26518,6.17718
CO2_TUG_BCT2,2021-09-26,43,False,4,7.73618,9.79518,12.1772,12.5602,10.5892,8.58918,10.0012,21.9132,43.3242,55.4422,60.1772,60.0012,57.8832,59.8832,59.1182,53.6182,49.3542,44.5302,39.0602,36.2072,34.0602,31.7072,30.7072,30.5892,30.5012,29.7952,28.3832,27.5012,26.0012,23.3542,23.3542,25.9712,27.2362,27.6482,28.8832,29.9712,30.5302,29.7362,26.7362,21.4422,18.2072,15.5302,12.1772,10.3242,9.91318,10.9712,12.5602,14.5302,15.5602,16.3832
CO2_TUG_BCT2,2021-09-26,52,False,4,6.18464,5.27264,4.94864,4.65464,3.47864,2.80164,3.86064,15.6256,54.6846,104.302,117.42,96.7136,73.2136,62.8316,58.4786,55.6846,50.5376,42.8016,39.3896,39.1846,38.8606,37.9486,36.4196,34.9486,32.9786,31.3316,30.6846,29.9196,28.5956,28.5956,29.8606,30.1846,30.0376,30.8016,30.1256,28.0956,27.8896,26.7726,23.5666,21.7726,20.3896,18.1546,17.8896,19.3896,19.8016,19.2136,18.1256,16.7136,14.7726,13.6256
CO2_TUG_BCT2,2021-09-26,62,False,8,5.91394,5.50294,5.79694,5.79694,4.14994,1.38494,-1.49706,7.23794,43.9439,93.4139,111.179,100.15,82.3849,72.0909,65.3559,60.5029,53.7969,45.5909,38.7089,30.5609,25.6199,24.4729,24.4139,24.6499,25.1199,25.2089,24.1789,22.7669,23.2669,22.4139,19.4139,19.0609,20.7379,20.3559,20.1789,20.5319,19.3849,18.7669,19.0319,18.3559,15.3259,11.5319,11.3259,13.4729,13.2969,12.9139,12.7969,11.3849,10.5029,10.2379
CO2_TUG_BCT2,2021-09-26,66,False,29,8.84516,9.61016,10.3452,11.2572,11.1692,9.58016,7.87416,8.49216,10.9922,12.0212,12.6692,14.0802,14.7862,13.4632,10.1102,9.58016,11.4632,11.2572,9.08016,5.75716,4.69816,6.37416,8.72716,9.72716,9.66916,8.34516,6.22716,6.19816,6.40416,5.31616,3.61016,2.40416,1.49216,1.99216,4.05116,5.34516,4.75716,2.90416,1.99216,2.11016,2.55116,2.52116,1.84516,1.19816,1.49216,3.11016,4.84516,4.43316,2.16916,0.96316
CO2_TUG_BCT2,2021-09-26,69,False,8,2.79578,2.64878,2.58978,1.41278,2.41278,6.35378,10.7368,16.8538,21.5598,23.0308,23.1778,22.8838,20.5308,15.9128,14.2068,14.8538,14.6488,14.5018,14.7958,14.0598,11.9718,10.5898,10.4128,10.3838,9.55978,8.17778,6.26578,5.47178,5.11878,4.03078,3.97178,4.58978,3.76578,2.20678,0.29578,-0.08722,1.44278,3.53078,5.67778,6.94278,4.41278,2.97178,3.55978,3.38378,2.50178,2.76578,3.44278,4.44278,5.61878,6.11878
CO2_TUG_BCT2,2021-09-26,70,False,15,0.47178,0.73678,1.88378,5.00178,14.9428,31.5898,61.9428,133.296,213.737,246.149,248.413,237.649,202.796,155.943,120.502,81.5018,53.6188,42.7658,36.2368,32.5018,30.5018,30.0018,29.8838,29.4428,28.9718,27.0598,23.4428,22.6188,23.7958,23.0598,22.0308,21.2368,19.3838,16.2958,14.8538,12.7068,8.03078,5.00178,4.50178,4.91278,5.20678,5.70678,6.55978,6.47178,6.29578,8.05978,10.0898,11.9128,11.0898,6.97178
CO2_TUG_BCT2,2021-09-26,72,False,7,3.2503,3.5743,3.9273,5.0443,5.2213,4.6033,3.9563,6.6623,16.4853,28.0743,29.6323,22.2213,16.2213,15.3383,16.9563,17.0443,14.5743,11.4273,9.5743,8.9563,10.1033,10.7213,10.3093,9.4853,7.5743,5.1323,3.5743,3.2213,4.8383,5.6913,5.2793,4.3093,2.6323,1.5443,1.9853,3.8383,5.4273,5.5153,4.6623,4.4853,5.3683,6.3973,5.8383,4.4853,5.1033,5.1913,3.9563,3.6913,4.3093,4.2793
CO2_TUG_BCT2,2021-09-26,77,False,9,3.35712,3.53312,4.12112,4.59212,3.62112,4.44512,7.85712,10.1801,12.2691,15.5331,16.7391,16.2391,16.2101,16.1511,15.7101,15.3861,14.6511,13.3271,13.1801,13.3271,11.6801,10.5331,9.91612,8.82712,7.18012,4.76912,3.79812,5.29812,8.47412,9.06312,6.44512,3.68012,3.09212,3.97412,4.76912,4.59212,2.73912,1.76912,1.38612,0.35712,0.85712,3.18012,4.76912,5.38612,4.82712,3.79812,3.03312,3.82712,5.15112,6.71012
CO2_TUG_BCT2,2021-09-26,86,False,10,3.35476,3.17876,3.58976,3.76676,3.32576,2.41376,2.35476,4.53076,10.4138,17.3548,19.1788,17.1198,15.4728,14.5018,14.7078,14.4138,11.1788,9.73676,11.1198,12.9728,13.5018,13.2078,13.6788,15.0608,15.5608,13.9138,9.91376,7.08976,8.06076,11.6788,12.8258,10.0018,5.41376,4.14876,5.53076,5.94276,5.35476,4.35476,3.64876,3.11976,2.88376,2.91376,3.38376,4.26676,4.26676,3.26676,1.88376,0.17876,-0.11624,1.50176
CO2_TUG_BCT2,2021-09-26,87,False,10,3.26736,2.44336,3.14936,9.67936,21.2374,25.4734,24.2964,26.0314,31.7084,40.7084,43.9144,40.0024,33.7674,29.8554,25.5314,20.4144,18.6494,19.2374,18.9144,16.8554,14.5904,12.7964,11.7674,13.3264,13.8844,12.6794,12.2374,12.8554,13.5024,13.2374,11.8554,10.6794,12.0314,15.5904,16.2374,13.6494,11.5614,11.1794,11.5614,11.6204,11.6494,12.3264,12.4734,11.5904,10.4144,9.91436,9.82636,9.53136,8.59036,7.50236
CO2_TUG_BCT2,2021-09-26,88,False,8,4.73618,4.64818,3.61818,5.44218,6.44218,5.91218,7.38318,12.9712,19.4122,22.6182,23.8532,23.5012,22.1772,20.2952,19.6482,19.0592,16.8832,16.7362,17.7362,15.8832,14.6482,14.7952,14.2952,14.0892,16.4422,18.0302,18.7062,19.5012,18.7952,16.4712,15.0892,14.7062,15.0012,15.4712,14.7952,12.0892,11.4422,13.0012,13.1772,12.8242,14.6182,15.2362,14.2362,13.9712,13.8832,13.4122,12.9422,12.4422,12.2362,12.3532
CO2_TUG_BCT2,2021-09-26,90,False,12,4.64758,2.58858,1.88258,1.97158,2.11858,3.38258,7.85358,14.5006,21.5006,30.7656,35.6476,33.9716,26.4716,16.8246,9.76558,7.79458,8.52958,9.47158,10.5296,11.3826,11.6766,10.7356,10.2946,11.8536,15.1766,17.0596,17.5886,16.6476,14.3246,13.0886,12.5886,12.5886,13.9416,14.3536,13.4716,12.4416,10.7356,9.08858,10.0886,12.8246,12.7946,11.8536,11.1766,10.3826,10.1186,11.8826,13.7946,14.8826,13.8246,12.0596
CO2_TUG_BCT2,2021-09-26,93,False,12,9.294,11.383,12.706,12.265,11.912,12.588,15.294,20.971,25.265,26.853,26.971,25.412,23.353,20.618,17.206,11.883,7.941,7.324,9.088,11.294,11.118,8.765,6.677,4.883,4.559,5.824,7.971,8.706,8.853,9.147,8.412,7.735,9.912,11.647,10.912,7.618,5.794,5.588,5.677,4.971,2.853,1.706,1.588,1.824,2.294,2.677,3.735,4.912,3.677,2.177
CO2_TUG_BCT2,2021-09-26,96,False,7,1.68072,1.85772,2.03372,3.06272,4.76872,7.44572,12.3577,14.5627,20.5927,25.1517,26.7987,25.1807,20.7397,18.4157,17.4457,15.8277,12.7687,11.6217,12.2987,12.2987,11.3867,10.7107,10.4457,10.9157,11.6217,12.1217,12.4457,11.3867,9.47472,9.41572,8.94572,9.06272,11.3277,12.4457,12.3577,13.6217,15.7397,15.3867,15.7397,17.0047,16.4747,15.1807,13.7987,13.8867,14.5927,13.9457,14.6807,15.4747,14.7397,15.0337
CO2_TUG_BCT2,2021-09-26,97,False,24,6.265,10.412,10.765,6.883,4.971,5,5.206,5.912,7.53,10.589,11.736,10.912,9.647,7.412,4.971,4.236,4.618,3.03,2.706,4.295,4.442,3.736,4.177,3.177,2.383,2.912,2.883,2.118,2.559,4.118,4.412,4.324,5.236,6.118,6.177,5.912,7,8.971,8.236,7.295,8.147,6.853,5.647,5.412,5.118,5.589,7.765,7.765,5.589,5.177
CO2_TUG_BCT2,2021-09-26,98,False,6,14.5,13.264,11.823,11.294,12.764,14.176,19.323,28.529,30.235,38.5,41.117,36.382,35.029,30.5,26.382,23.853,23.441,21.529,18.382,15.264,13.764,10.558,9.323,8.206,8.353,10.647,10.764,9.206,9.382,8.5,7.058,6.97,7.853,8.382,8.794,8.941,8.676,9.853,10.058,9.706,10.382,10.588,10.676,11.117,11.353,11.176,9.735,7.911,8.147,6.764
CO2_TUG_BCT2,2021-09-26,99,False,9,14.6176,14.5006,15.1766,14.7646,13.6176,14.6176,16.8826,16.1176,16.2946,18.4706,18.7646,17.0596,14.2066,12.9126,12.2646,10.7356,10.7066,12.0006,12.0006,11.6476,11.5296,11.2066,11.2946,12.0006,10.7646,9.7356,9.4706,8.5296,6.6766,5.9706,6.4126,7.2646,8.0006,7.2946,6.6766,6.5886,6.5006,5.9416,5.6476,6.7356,6.3536,5.9416,7.2356,6.6766,5.3236,5.4706,5.5886,4.2356,5.6766,7.1176
CO2_TUG_BCT2,2021-09-26,104,False,10,1.83046,1.71246,2.85946,4.44846,6.62446,10.6835,17.6835,27.0655,29.9485,32.4485,34.2715,33.1245,28.9485,21.3015,14.0655,7.77146,6.74246,4.77146,3.41846,5.35946,6.91846,7.41846,6.50646,4.44846,3.91846,4.18346,4.91846,7.41846,9.71246,11.7125,12.1835,11.3305,10.6545,10.2125,9.27146,7.15446,6.24246,6.53646,6.65446,7.12446,8.44846,8.15446,6.38946,5.30146,5.91846,7.68346,7.94846,6.77146,5.68346,4.62446
CO2_TUG_BCT2,2021-09-26,105,False,4,3.59742,2.98042,2.56842,3.33342,10.8334,23.2444,38.1564,65.1854,69.9214,86.0684,98.6274,93.4214,81.7744,68.5384,66.1564,63.5974,60.7154,62.8034,59.9504,50.7444,40.0974,27.6564,21.9214,17.6854,16.2444,15.0384,12.8334,10.8914,10.2444,9.80342,9.09742,10.0384,10.6564,10.5974,11.3034,12.2154,11.0094,8.74442,9.71542,9.80342,7.74442,8.27442,9.00942,6.71542,4.92142,4.06842,3.80342,4.24442,4.24442,4.30342
CO2_TUG_BCT2,2021-09-26,106,False,4,2.3826,4.5296,5.4116,4.6176,3.5006,4.8236,16.5296,39.7066,59.0586,77.2066,84.5886,83.6476,81.3236,77.8236,75.0886,68.1766,62.5586,58.0586,51.3536,42.8826,40.9116,38.1176,34.9416,33.9116,33.3536,32.4116,31.8536,31.2946,31.4116,33.1766,33.7946,34.8236,34.7066,32.8826,31.4706,30.4416,30.1766,30.2646,29.3236,27.8536,28.2946,30.3236,29.7946,27.4706,27.4116,26.2066,24.3536,24.0296,25.3826,26.2066
CO2_TUG_BCT2,2021-09-26,109,False,5,12.1778,12.7078,12.4428,13.0308,15.2368,16.8838,17.5018,28.4428,52.0018,64.9428,67.3248,57.4428,37.5608,27.9428,20.5898,19.1778,20.0308,19.5898,18.5018,17.0898,15.1778,14.4428,14.5308,14.0608,13.2368,11.7958,9.53076,9.23676,10.6188,11.5018,12.4138,11.1778,8.53076,7.76576,8.50176,8.50176,7.58976,6.91376,6.61876,6.88376,7.29576,7.56076,7.26576,6.67776,6.35476,6.79576,6.14876,4.35476,2.20776,1.47176
CO2_TUG_BCT2,2021-09-26,113,False,4,6.15034,6.91434,6.94434,4.73834,3.00234,3.76734,10.3853,33.5913,77.8263,112.032,121.944,85.9143,53.0323,33.3553,29.5613,32.8263,36.2083,35.9143,33.2973,33.9143,34.2383,32.0613,29.3853,27.6503,26.0023,24.2383,21.3263,18.4733,17.0913,15.7973,14.1793,13.6793,14.0613,14.3263,14.5913,15.0023,14.7673,13.8553,13.3553,13.0613,12.4143,10.9143,9.23834,10.1203,10.7083,10.3853,10.8263,11.0023,10.7383,11.4733
CO2_TUG_BCT2,2021-09-26,114,False,10,2.70912,2.03312,1.09212,1.03312,2.85712,6.12112,9.18012,12.4151,13.6801,14.3571,15.5331,14.4741,10.3271,6.70912,4.79812,2.79812,1.20912,1.12112,2.06212,3.09212,4.79812,6.53312,6.12112,3.85712,2.59212,1.73912,0.35712,0.03312,1.59212,4.26812,6.12112,7.20912,6.82712,5.26812,2.88612,1.97412,2.53312,3.26812,3.76812,4.18012,3.79812,3.12112,3.79812,4.12112,3.26812,2.15112,2.12112,3.20912,5.18012,7.35712
CO2_TUG_BCT2,2021-09-26,115,False,4,3.53058,3.55958,3.44258,3.82458,3.91258,4.17758,6.50058,17.5896,45.9126,74.5896,83.5006,79.9716,73.3246,62.2366,53.0006,47.6476,41.7066,37.2366,34.1186,30.0896,26.8246,22.5896,18.1476,16.5306,16.3246,15.6476,15.4426,15.7946,15.4126,13.3246,10.6186,10.1776,10.7366,9.32458,8.26558,8.17758,8.67758,9.85358,10.8246,11.2366,10.7946,9.23658,9.03058,10.2946,10.7946,10.6476,10.8536,10.7656,9.85358,8.73658
CO2_TUG_BCT2,2021-09-26,120,False,13,2.2999,1.0939,0.8589,1.0059,1.0639,2.7999,15.2699,40.2699,58.0639,68.9759,69.3289,66.3289,63.8589,60.7109,54.2409,46.8289,40.9759,33.3589,27.2999,25.7699,26.5639,27.2109,25.8589,21.2999,16.1529,8.5639,1.8879,0.4759,1.3879,0.2699,-0.2891,0.6819,2.5639,5.4469,7.0059,8.3589,10.8289,12.6529,12.3289,8.5639,6.4169,6.8289,8.1229,7.8879,6.0639,4.7999,3.5059,1.9759,2.1229,3.4469
CO2_TUG_BCT2,2021-09-26,121,False,17,4.4706,3.0586,2.7946,3.4706,4.8526,5.3236,5.1476,6.6766,10.8826,14.3826,15.2946,14.9416,14.5886,13.6176,11.7646,11.1176,11.9416,12.9706,12.2946,10.0006,8.8236,8.6766,8.6476,8.4116,7.9416,7.5886,6.5886,4.4706,3.1176,3.2356,4.1476,4.6476,4.9416,5.3826,5.3526,4.6766,4.1176,5.0296,7.3236,8.2356,7.6766,7.0586,7.5296,9.1476,10.2946,10.3826,9.8526,9.0886,9.0586,11.2056
CO2_TUG_BCT2,2021-09-26,122,False,4,3.94218,3.08918,3.08918,3.32418,3.82418,5.00118,7.35418,12.4422,24.5012,45.4422,56.0602,53.9132,44.0892,34.7662,30.3242,27.3832,24.3242,20.4132,18.3542,16.7362,14.1482,13.2072,13.2662,13.1772,12.3832,11.6772,13.1192,14.3242,14.2362,13.1772,13.4422,15.0892,14.8832,12.8832,12.0602,11.1482,8.82418,6.94218,6.35418,6.20718,5.47118,3.82418,2.70718,3.00118,5.08918,7.94218,9.41318,9.85418,8.76618,6.67718
CO2_TUG_BCT2,2021-09-26,123,False,5,5.35536,4.85536,3.88436,2.73736,2.47336,3.23736,7.62036,23.8844,48.3254,62.0024,64.0314,54.2964,43.9144,34.1204,29.1784,27.6784,27.2084,27.0614,26.3554,25.0614,25.2964,26.8554,25.8844,22.0024,19.8844,21.2964,24.9734,26.4144,25.9434,25.7674,24.3254,19.8844,15.0904,12.5614,11.0314,10.9434,11.5614,10.7964,9.79636,9.47336,10.4434,11.3254,11.8254,11.5904,10.6784,10.2084,10.2084,10.6784,11.4144,10.2374
CO2_TUG_BCT2,2021-09-26,124,False,6,6.41494,7.26794,7.76794,11.5909,20.1799,29.2089,40.2969,46.5029,46.8559,46.2379,48.0619,47.2089,42.3559,37.1209,30.7089,26.8269,25.0619,23.1209,22.1209,21.5329,20.5329,19.6499,19.1209,19.6209,20.2679,20.7969,20.8559,19.4739,16.6499,15.1209,14.0029,12.0329,10.4149,9.12094,8.97394,9.82694,11.3559,12.7089,13.7379,13.4439,12.6209,11.8559,11.8559,12.0329,12.1209,12.4149,11.9439,9.73794,9.38594,10.1499
CO2_TUG_BCT2,2021-09-26,129,False,4,0.68228,1.09428,2.03528,3.47628,4.12328,4.09428,5.97628,11.3883,16.0353,20.0943,21.4463,20.2703,18.9763,19.3883,20.9763,19.8883,15.0643,10.8583,9.59428,9.21128,8.06428,7.62328,8.00528,8.09428,6.94628,4.65228,4.09428,6.06428,8.88828,10.1233,10.0943,8.79928,6.91728,7.29928,7.44628,6.85828,7.41728,6.85828,4.59428,3.47628,3.79928,4.85828,6.21128,7.68228,7.56428,6.38828,5.38828,6.18228,5.82928,3.62328
CO2_TUG_BCT2,2021-09-26,133,False,18,6.23776,8.67876,11.8548,12.3848,10.5908,9.09076,8.73776,10.5908,13.2668,16.2378,16.8848,16.1488,15.2078,15.1788,15.8258,15.7668,15.2078,14.9438,15.8548,16.1488,14.8258,12.6488,11.2078,10.0608,8.79576,6.61976,4.47276,3.44376,3.00176,3.64876,5.03176,5.00176,4.47276,4.41376,5.09076,5.29576,4.97276,5.35476,6.03176,5.35476,4.97276,5.35476,5.61976,5.88476,6.20776,5.47276,4.79576,6.73776,6.82576,4.20776
CO2_TUG_BCT2,2021-09-26,134,False,12,3.47216,6.17816,13.0312,23.7372,26.2962,23.6482,22.0312,25.8542,30.7662,35.7072,37.0312,34.7372,32.3542,31.2372,30.2072,29.2072,30.1192,32.8842,34.2372,33.9432,32.9132,31.8252,31.0602,31.7662,32.3842,32.6482,33.8842,35.2962,33.7662,31.4432,28.2072,24.7962,22.5602,20.4432,18.7662,17.0012,15.8252,15.2662,13.3542,9.56016,7.44316,6.76616,6.70716,6.67816,5.94316,5.38416,5.79616,7.38416,7.82516,6.97216
CO2_TUG_BCT2,2021-09-26,135,False,20,8.94336,8.82536,9.12036,9.79636,10.7674,11.3254,12.0904,13.7374,16.3844,20.7084,23.3254,22.3844,19.1204,17.2374,16.5614,16.3254,16.3254,16.5614,16.9144,16.2084,14.1204,11.4144,8.47236,8.47236,8.94336,7.17836,3.53136,2.59036,4.20836,4.94336,4.82536,5.20836,6.50236,8.17836,7.88436,6.85536,5.76736,4.76736,3.29636,2.03136,2.62036,4.44336,4.76736,5.14936,6.47236,7.03136,7.35536,8.41436,7.97236,4.76736
CO2_TUG_BCT2,2021-09-26,140,False,20,2.17836,2.53136,2.61936,2.97236,4.38436,6.53136,7.79636,8.85536,10.0614,10.7964,11.1494,9.91436,6.64936,4.35536,4.17836,5.06136,5.50236,5.32536,4.85536,4.50236,3.53136,1.70836,1.23736,2.06136,2.61936,3.38436,4.82536,5.76636,6.32536,6.50236,6.03136,4.85536,3.88436,3.35536,2.82536,2.38436,2.11936,2.41436,3.09036,4.06136,4.64936,5.64936,7.41436,7.53136,6.70836,7.50236,7.14936,4.91436,3.82536,4.38436
CO2_TUG_BCT2,2021-09-26,141,False,9,3.98236,4.42436,2.30636,1.51236,3.01236,5.68836,7.86536,11.5414,16.6294,20.0124,22.4534,21.8944,16.6294,10.0714,7.48236,7.15936,6.45336,6.01236,5.77736,4.51236,2.86536,3.65936,3.57136,2.07136,2.27736,2.60036,2.15936,1.48236,0.74736,0.86536,1.86536,2.83536,1.95336,1.60036,2.51236,3.62936,4.62936,4.27736,3.15936,2.86536,5.15936,6.21836,5.45336,4.68836,3.68836,2.60036,2.83536,4.42436,5.57136,5.65936
CO2_TUG_BCT2,2021-09-26,143,False,18,3.32634,3.70834,3.59134,3.64934,5.91434,8.41434,10.9733,12.4433,13.5323,14.7083,15.0613,13.9433,11.6203,10.6793,10.8553,9.91434,7.59134,6.35534,5.79634,5.32634,5.73834,5.67934,4.76734,4.00234,3.00234,2.03234,3.00234,4.82634,3.70834,2.97334,3.79634,4.76734,6.00234,6.88534,6.73834,6.06134,6.09134,6.50234,7.03234,7.35534,6.67934,4.62034,3.94334,4.73834,5.26734,5.79634,6.67934,6.64934,5.53234,4.64934
CO2_TUG_BCT2,2021-09-26,148,False,13,5.80028,5.50528,4.56428,3.35828,2.82928,3.94728,7.06428,9.15328,10.4763,12.2413,14.1823,13.5943,11.9763,10.6823,11.0943,11.2113,10.3003,9.21128,7.03528,4.24128,3.15328,2.77028,1.56428,0.65328,0.03528,-0.40572,0.74128,4.50528,6.38828,5.24128,2.38828,0.82928,0.88828,2.06428,2.74128,2.74128,2.15328,1.68228,3.03528,5.30028,8.03528,7.85828,5.21128,4.47628,4.56428,4.62328,5.27028,5.24128,4.47628,4.88828
CO2_TUG_BCT2,2021-09-26,177,False,4,3.971,3.53,3.294,3.265,3.265,3.53,5.647,9.912,12.53,15.236,18.412,17.441,16,17.177,16.824,15.059,13.912,13.383,12.794,10.736,8.471,5.265,4.912,3.677,2.971,3.736,4.206,4.206,3.794,3.324,3.794,4.353,5.412,6.353,4.883,4.883,6.353,5.5,5.206,6.412,6.53,4.853,3.441,4.265,4.677,4.324,4.794,5.147,4.736,3.853
CO2_TUG_BCT2,2021-09-26,178,False,29,7.47334,7.59134,5.97334,6.73834,7.12034,5.67934,6.47334,8.64934,10.0023,11.0323,12.2083,10.9143,7.59134,6.41434,5.26734,4.91434,5.64934,5.41434,4.20834,4.53234,5.76734,5.76734,6.97334,7.06134,5.29634,4.12034,3.64934,4.38534,6.50234,8.09134,8.38534,7.23834,5.91434,5.85534,6.62034,6.35534,6.14934,8.09134,7.88534,6.20834,7.03234,7.32634,6.06134,5.38534,5.53234,5.97334,5.97334,5.53234,5.38534,6.06134
CO2_TUG_BCT2,2021-09-26,181,False,13,1.68306,2.56606,2.24206,2.59506,5.38906,7.21306,8.06606,9.62506,12.0951,14.4481,17.2721,16.4781,15.8301,15.8301,15.4481,15.3301,14.8601,13.5361,13.6831,14.2721,13.1831,12.8011,13.5071,13.2131,12.4191,11.4481,8.09506,7.09506,5.62506,5.12506,6.21306,5.68306,2.91906,0.65406,0.38906,2.44806,5.09506,6.83006,8.30106,8.50706,7.21306,4.86006,3.03606,4.18306,4.03606,3.80106,4.56606,4.65406,4.47806,5.33006
CO2_TUG_BCT2,2021-09-26,183,False,4,3.62406,3.44806,3.03606,4.36006,5.91906,9.27206,16.6241,24.5361,23.7421,29.7721,34.9191,33.5361,31.8011,29.3891,27.5361,25.6541,22.2421,19.5071,20.1241,17.0951,13.2131,10.1831,8.09506,6.47706,6.00706,5.44806,5.24206,5.56606,6.50706,8.47706,8.12406,4.74206,2.00706,1.91906,3.77206,4.56606,3.24206,3.38906,4.41906,5.62406,6.12406,5.71306,5.71306,5.56606,4.41906,2.88906,3.06606,4.71306,5.83006,6.65406
CO2_TUG_BCT2,2021-09-26,184,False,3,1.29694,0.97394,0.38594,0.53294,1.44394,1.03294,1.38594,4.59194,9.26794,12.8859,16.0329,14.8269,10.3269,8.70894,6.47394,5.50294,5.97394,6.23894,6.29694,6.44394,6.14994,4.64994,4.09194,4.94394,4.23894,3.91494,4.64994,4.41494,3.17994,3.29694,4.17994,3.47394,3.06194,2.70894,1.73894,0.94394,1.09194,2.62094,2.53294,2.20894,4.56194,6.32694,6.91494,6.41494,4.79694,3.64994,3.59194,4.20894,4.44394,3.76794
CO2_TUG_BCT2,2021-09-26,185,False,9,2.82458,3.08958,3.47158,3.05958,2.35358,3.97158,5.97158,6.97158,12.1186,15.3836,15.5006,13.1186,9.41258,8.67758,6.97158,5.53058,5.50058,5.00058,3.55958,2.47158,2.05958,2.29558,1.70658,2.50058,5.08958,5.32458,3.08958,1.53058,1.20658,2.47158,2.91258,1.47158,1.73658,3.47158,4.03058,4.35358,5.00058,4.82458,4.53058,4.32458,3.29558,2.88358,2.26558,1.76558,2.38358,4.14858,4.00058,2.97158,3.88358,4.70658
CO2_TUG_BCT2,2021-09-26,193,False,6,-0.14524,0.00176,1.20776,2.64876,3.26676,6.06076,11.8258,19.2078,22.6488,33.9728,37.9138,33.1198,28.6788,20.5018,17.0018,11.0608,7.56076,6.03176,5.47276,6.26676,8.38476,10.3548,10.5608,13.0608,13.7668,12.4428,10.2958,7.17876,5.97276,5.85476,6.06076,6.82576,7.03176,7.61976,8.26676,8.91376,9.97276,10.9138,9.88476,9.53176,9.64876,7.11976,6.00176,6.41376,5.38476,4.85476,5.47276,4.20776,2.94276,2.44276
CO2_TUG_BCT2,2021-09-26,194,False,6,2.8577,3.4757,3.6517,5.0927,4.9757,3.8867,4.5337,7.0337,9.7697,12.4757,12.5927,12.3577,12.2697,9.9457,8.8867,9.5637,9.4167,7.5337,6.0927,7.4757,8.5047,8.7697,7.7987,5.6227,5.6227,7.7697,8.5337,8.1517,8.1517,7.5637,6.6807,5.7987,6.1807,7.1807,5.9757,4.9457,5.5637,3.8867,3.1517,4.2987,4.6517,4.7397,6.0337,6.0637,5.0337,5.7107,6.5337,6.3577,6.0337,6.4167
CO2_TUG_BCT2,2021-09-26,196,False,6,2.44394,1.35594,0.73794,1.11994,3.00294,7.94394,16.9729,29.0029,31.0029,31.5909,34.2669,31.5909,28.1789,25.9729,23.3259,19.2379,16.9139,16.7969,18.0319,18.9729,17.5909,16.5609,16.7969,18.1499,18.5319,16.0609,15.0319,13.4439,11.4729,9.35594,7.67894,5.88494,4.53194,4.23794,5.06094,5.47294,6.00294,8.47294,8.85594,6.73794,5.91394,7.09094,8.47294,7.85594,7.26694,7.94394,8.88494,9.82594,8.67894,6.29694
CO2_TUG_BCT2,2021-09-26,197,False,23,11.3264,11.3264,12.1794,13.2084,12.8844,12.8844,13.3554,13.3554,13.8844,14.2964,14.3264,14.0904,13.5614,12.7964,11.4144,10.4734,10.7674,10.3554,9.29636,8.82636,6.79636,5.41436,5.94336,7.91436,7.94336,6.29636,6.70836,7.97336,7.70836,6.59036,4.79636,3.03136,2.23736,3.26736,3.41436,3.53136,6.17936,6.64936,5.06136,5.82636,6.29636,5.47336,7.03136,8.97336,10.4144,10.0314,8.29636,7.20836,5.64936,5.64936
CO2_TUG_BCT2,2021-09-26,201,False,4,4.50236,2.94336,2.91436,3.70836,6.53236,13.2084,22.4734,37.6204,42.3264,56.0904,64.8554,64.7674,64.5024,63.9734,62.1204,59.9434,55.9144,45.2374,36.7964,31.6794,28.7084,23.1794,21.9434,19.6494,16.2084,14.3844,12.3264,8.70836,7.41436,8.59036,7.97336,7.73736,8.32636,6.85536,7.12036,9.09036,7.53236,5.97336,8.23736,7.38436,5.82636,8.59036,9.17936,5.50236,2.09036,2.03236,3.06136,2.09036,0.79636,-0.11564
CO2_TUG_BCT2,2021-09-26,202,False,17,7.03058,7.61858,10.3536,12.0596,13.1476,14.0596,14.0006,14.5306,16.6186,17.7656,17.7946,16.9716,16.0596,17.0886,17.1186,14.4126,11.7946,10.4716,9.41258,8.82458,9.08858,9.58858,8.29458,7.00058,5.55958,3.94158,2.11858,2.35358,4.61858,6.00058,6.38358,6.14758,5.94158,5.91258,5.94158,6.17758,6.50058,5.70658,4.32458,3.61858,1.00058,0.20658,1.73658,1.94158,1.64758,2.55958,1.23658,1.20658,4.00058,4.91258
CO2_TUG_BCT2,2021-09-26,203,False,22,7.21012,8.35712,9.18012,10.6801,10.3571,9.35712,9.03312,9.06312,9.62212,11.2101,12.5921,12.1221,10.7981,9.59212,9.32812,9.71012,9.68012,9.00412,8.32812,8.29812,8.73912,9.00412,9.26912,9.62212,9.06312,8.29812,8.94512,8.09212,6.35712,5.15112,3.44512,0.71012,0.23912,1.97512,3.12212,3.35712,2.18012,0.21012,0.18012,1.88612,2.32812,1.32812,0.82812,1.32812,2.00412,3.12212,2.91612,1.59212,1.53312,1.56312
CO2_TUG_BCT2,2021-09-26,206,False,7,1.11858,2.14758,5.17758,10.8536,19.3246,25.6186,33.5886,37.2946,44.5886,49.2356,53.1776,51.3826,44.2946,40.1186,34.1186,30.6186,26.0596,24.0006,22.2356,22.0886,24.8536,27.1776,26.4716,26.1476,27.5596,27.5306,25.5006,22.7656,20.6476,20.9126,17.7656,15.2946,14.4126,13.9716,13.4716,14.9416,17.5886,17.4416,18.6476,20.7066,20.7066,18.4416,15.9416,15.5886,16.6776,17.1476,17.4126,17.2066,16.7066,16.7066
CO2_TUG_BCT2,2021-09-26,210,False,16,4.00118,5.44218,6.94218,9.20718,12.7952,18.6482,22.7362,23.9712,24.0302,26.0602,26.1482,23.2362,19.5302,15.0302,12.9422,11.7362,9.91318,6.85418,5.94218,7.08918,7.35418,6.82418,7.41318,8.29518,9.03018,11.8832,13.1772,12.2662,10.2362,7.56018,7.03018,6.58918,5.50118,5.00118,4.94218,4.79518,3.76618,2.56018,3.38318,3.00118,1.03018,0.14818,0.73618,2.20718,3.44218,4.94218,6.29518,6.32418,5.20718,4.32418
CO2_TUG_BCT2,2021-09-26,211,False,6,3.88534,4.26734,4.88534,5.12034,7.94434,13.0323,16.8853,22.4733,21.6493,21.7083,22.7383,16.1493,9.97334,5.82634,4.17934,3.73834,3.73834,3.97334,3.97334,4.20834,4.17934,3.70834,3.26734,3.03234,3.44434,3.76734,4.03234,5.47334,6.20834,5.20834,3.41434,3.79734,4.82634,4.23834,4.09134,4.85534,4.62034,3.38534,3.50234,4.41434,4.00234,4.44434,4.56134,2.85534,2.59134,3.62034,3.23834,3.38534,4.82634,5.12034
CO2_TUG_BCT2,2021-09-26,212,False,8,3.41436,3.50236,3.14936,5.00236,6.06136,6.91436,14.9434,27.0614,30.1784,39.7674,42.6204,37.8554,33.9144,30.2674,27.8844,25.7964,23.0024,20.7674,20.9734,18.5024,15.7084,13.5314,12.4734,12.7674,13.8844,13.3844,12.0904,11.6204,12.0314,13.0314,14.0314,15.1494,14.0314,10.9434,10.2964,7.23736,5.88436,7.38436,7.85536,7.09036,7.03136,7.32636,5.91436,3.76736,3.94336,6.06136,6.35536,4.97336,4.09036,2.91436
CO2_TUG_BCT2,2021-09-26,216,False,12,3.85612,4.59212,4.06212,2.50412,1.76812,2.09212,5.06212,9.47412,10.7981,14.3271,14.4741,11.1801,8.26812,5.35612,4.73912,6.56212,7.76812,6.85612,6.00412,5.18012,4.73912,4.59212,4.06212,3.94512,5.06212,4.03312,2.32712,1.73912,1.68012,1.68012,1.70912,1.97412,2.65112,3.12112,2.79812,1.65112,-0.23188,-0.93788,-0.58488,-0.20188,0.85612,2.03312,1.00412,1.15112,3.32712,4.26812,3.88612,3.09212,1.59212,1.03312
CO2_TUG_BCT2,2021-09-26,222,False,16,5.53312,5.15112,4.06312,2.91612,4.71012,9.38612,12.7101,15.5921,16.2101,18.0331,18.5331,16.8271,15.7691,15.9451,16.2391,14.7101,13.6511,12.5331,11.8861,11.8271,12.0331,12.2391,11.8271,11.5331,11.5041,10.6221,10.6801,11.8271,11.2391,9.41612,9.56312,9.18012,7.88612,7.56312,7.23912,6.26912,5.41612,5.15112,6.21012,6.47412,5.62212,6.06312,6.18012,5.38612,5.32712,5.85712,6.26912,7.26912,7.21012,6.79812
CO2_TUG_BCT2,2021-09-26,236,False,13,13.5608,14.2958,14.6788,15.5308,16.2078,16.9428,19.6788,21.9428,23.6198,24.9138,26.5608,26.5308,23.7668,22.7078,20.3258,19.1198,19.7368,19.5608,18.5608,17.9138,16.7668,15.8838,14.2368,12.4138,10.5018,10.1788,10.7368,9.91376,9.70776,10.7958,10.8258,10.9428,11.7078,11.2368,9.32576,7.76676,6.88376,7.11976,6.85476,6.94276,7.91376,9.08976,10.5018,10.7958,10.3838,10.6198,10.5608,10.3838,10.2958,9.76676
CO2_TUG_BCT2,2021-09-26,254,False,21,16.4279,15.6929,14.9869,14.2219,13.5159,13.2509,13.2219,13.3979,14.8099,17.4869,17.8099,16.3399,16.4869,16.3399,14.8689,13.1039,11.6039,12.1929,12.1339,11.0749,11.4279,11.0749,9.19288,7.69288,7.33988,8.95688,9.78088,9.22188,8.60388,9.04588,10.3099,10.0749,8.28088,7.28088,6.66288,5.48688,4.48688,3.72188,2.80988,2.78088,3.42788,3.51588,3.98688,4.89788,4.78088,5.33988,7.07488,7.28088,5.75088,4.57488
CO2_TUG_BCT2,2021-09-26,260,False,2,3.06194,2.64994,2.97294,2.79694,2.35594,2.76794,3.35594,7.64994,17.8849,25.8259,31.3259,27.8259,15.7089,9.67894,7.85594,4.82594,2.20894,1.12094,0.67894,1.47294,4.03194,6.17894,5.32594,1.88494,-0.14406,0.12094,1.47294,2.00294,2.09094,2.88494,3.91494,4.44394,3.29694,2.67894,3.03194,3.26794,3.29694,3.32594,3.50294,3.50294,2.79694,2.35594,2.38494,3.03194,3.97294,3.67894,2.85594,2.09094,2.23794,3.59094
CO2_TUG_BCT2,2021-09-26,261,False,6,3.73794,4.23794,5.38494,5.70894,6.26794,7.76794,9.38494,11.1199,11.8259,13.3559,15.2089,13.3849,12.2089,12.7379,11.7969,9.03194,7.56194,6.91494,5.97294,5.50294,5.44394,5.32594,4.47294,3.29694,3.79694,4.73794,6.23794,8.35594,9.32594,9.44394,9.26794,7.85594,5.11994,4.32594,4.85594,4.17894,3.79694,4.14994,4.09094,3.17894,2.11994,2.47294,3.59094,3.20894,3.32594,4.64994,5.29694,4.91494,4.14994,4.97294
CO2_TUG_BCT2,2021-09-26,262,False,8,4.559,5.324,6.059,7.353,10.618,17.5,23.265,24.471,24.206,26.059,27.118,26.794,25.912,22.118,15.059,9.794,5.147,2.412,2.412,3.706,3.971,3.353,3.441,4.206,4.706,3.588,3.206,4.03,4.5,4.559,4.559,4.471,3.765,2.353,1.647,1.412,0.471,0,2.53,3.735,2.559,1.294,1.941,4.088,4.147,2.412,2.235,3.177,5.353,8.03
CO2_TUG_BCT2,2021-09-26,263,False,6,4.09194,3.64994,4.26794,5.09194,6.97394,14.2969,26.5919,36.3559,45.6209,50.6209,51.6209,49.4439,45.2679,36.1499,25.0619,18.4149,13.4739,10.0029,7.38594,6.88594,6.94394,6.44394,5.56194,4.59194,4.85594,5.50294,6.26794,6.85594,6.17994,4.17994,2.29694,1.70894,4.23894,5.41494,4.00294,2.17994,1.88594,2.64994,2.47394,1.59194,1.67994,0.94394,-0.87906,-1.02606,0.00294,1.56194,2.94394,4.20894,4.38594,3.88594
CO2_TUG_BCT2,2021-09-26,264,False,6,0.00234,0.06134,0.64934,1.12034,0.03234,0.38534,5.67934,15.1493,25.3553,37.7973,41.2083,34.4443,26.2383,21.4443,17.5613,15.5023,15.5323,16.3853,16.4143,15.7673,15.7973,16.0913,15.6493,13.9443,12.5613,11.5613,11.5613,12.4443,12.9733,13.6793,16.0323,19.0023,17.8853,12.9733,11.0323,11.6493,11.2673,9.88534,8.88534,10.3553,10.2083,7.59134,6.50234,7.50234,9.06134,9.14934,8.29734,8.56134,9.17934,9.56134
CO2_TUG_BCT2,2021-09-26,270,False,15,27.3554,17.8554,11.8254,11.0614,12.4434,14.0024,16.6784,19.9734,23.3254,28.8844,33.5904,31.7084,24.3844,20.5904,19.8844,19.4144,19.0024,17.5614,14.7374,13.3254,12.8844,10.7374,6.26736,3.67836,3.20836,3.41436,3.76736,3.06136,1.41436,2.00236,4.23736,4.03136,3.47336,3.35536,2.70836,2.73736,3.70836,4.91436,6.62036,7.59036,6.26736,3.00236,1.47336,2.20836,3.88436,3.35536,1.59036,2.70836,3.56136,3.73736
CO2_TUG_BCT2,2021-09-26,281,False,8,11.058,13.382,17.382,19.264,19.264,18.941,19.882,22.911,29.676,40.647,44.97,42.205,36.5,34.117,32.088,27.764,24.47,21.853,20.705,20.941,22.588,25.029,25.058,22.853,21.794,22.588,24.382,24.558,22.794,21.176,20.853,21.176,20.794,20.117,20.823,21.382,21,20,19.058,18.088,17.823,18,17.588,16.029,13.647,13.264,14.264,15.823,17.088,17.411
CO2_TUG_BCT2,2021-09-26,282,False,26,12.8861,9.59212,7.94512,7.79812,8.26812,9.23912,9.94512,10.5631,11.5631,13.4741,14.9451,14.0921,11.4151,10.5921,10.8861,9.82712,9.68012,9.56312,6.79812,5.50412,6.26812,7.21012,8.21012,8.71012,9.03312,9.73912,10.3571,9.91512,8.62112,8.41512,8.09212,5.65112,5.15112,6.35712,5.65112,4.85712,4.82712,5.41512,5.88612,4.79812,4.71012,6.47412,7.94512,7.09212,4.44512,3.88612,4.88612,4.41512,3.82712,3.73912
CO2_TUG_BCT2,2021-09-26,289,False,4,6.30088,6.38888,5.59488,3.47688,1.50588,2.00588,5.21188,8.38888,10.4179,12.3299,12.3889,9.68288,6.30088,5.97688,8.15288,9.03588,6.82988,2.15288,0.06488,0.47688,1.30088,2.50588,4.41788,5.35888,5.47688,5.35888,4.44788,2.80088,2.35888,2.74188,3.47688,4.18288,4.44788,4.47688,4.53588,5.00588,5.80088,5.09488,2.74188,1.09488,0.00588,-0.28812,1.18288,4.94788,8.03588,7.50588,4.44788,3.74188,5.41788,6.32988
CO2_TUG_BCT2,2021-09-26,298,False,2,3.77754,4.60154,3.57154,1.21954,0.04254,0.01354,1.71954,9.71954,23.2485,32.0715,36.6015,35.3665,31.4835,26.5135,23.8955,22.8955,22.1305,21.4545,20.9545,21.2485,20.2485,17.4835,16.2775,17.7485,20.9245,21.4545,18.3665,14.6305,13.3365,13.6305,13.7485,12.8365,11.1305,11.6605,14.8365,17.1015,17.0425,15.6305,14.3075,12.1015,9.33654,8.57154,9.33654,9.71954,10.4835,12.4545,12.4835,10.7485,10.3665,9.51354
CO2_TUG_BCT2,2021-09-26,303,False,10,8.85536,13.3554,18.0024,19.3554,18.7964,19.7664,22.7664,24.6784,25.3844,26.3554,27.3844,26.7084,24.3254,22.3554,20.0904,17.9724,17.1494,16.8254,16.4434,16.9144,18.1194,17.4434,14.9434,14.0314,14.1784,13.5024,11.5024,11.2964,13.0614,14.1494,14.0314,12.7084,10.8554,8.61936,8.94336,10.9144,10.2084,9.14936,8.29636,7.00236,7.23736,9.00236,9.61936,8.56136,6.76636,5.03136,4.00236,5.53136,5.85536,4.17836
CO2_TUG_BCT2,2021-09-26,304,False,25,7.559,7.764,6.882,6.706,7.529,7.764,7.353,7.235,8.235,10.823,13,12.412,9.706,8.559,9.088,9.941,11.294,12.97,12.735,12.176,12.029,11.441,9.559,7.206,6.235,6.353,6.735,6.264,4.882,4.147,3.823,3.353,3.117,3.088,3.206,4.147,5.941,6.264,5.676,6.147,4.882,1.294,0.176,1.823,3.323,2.823,1.47,2.294,4.029,5.853
CO2_TUG_BCT2,2021-09-26,306,False,6,3.06136,2.53136,0.91436,1.47336,3.47336,3.44336,8.03136,19.8844,27.6784,29.7674,30.2374,29.0614,24.8554,19.8554,17.3554,15.9734,14.0024,11.8254,12.4434,12.7674,11.9734,12.0904,11.5314,9.47336,6.73736,3.56136,3.06136,3.20836,2.12036,0.53136,0.26736,1.00236,0.53136,-1.29164,-1.96864,0.00236,4.00236,5.67836,5.94336,6.35536,6.23736,4.85536,2.85536,2.73736,3.79636,3.41436,3.53136,4.85536,5.44336,4.59036
CO2_TUG_BCT2,2021-09-26,307,False,8,0.76618,2.17718,2.67718,2.53018,2.73618,2.94218,4.38318,8.14818,11.8832,15.8542,17.3542,15.9422,13.2362,11.1482,9.58918,9.58918,9.94218,9.85418,8.64818,6.06018,4.53018,5.06018,6.67718,7.26618,8.08918,9.91318,10.6772,10.7952,11.4132,11.1772,10.0602,9.64818,8.38318,5.53018,3.85418,4.38318,7.00118,6.91318,3.58918,1.67718,2.88318,6.20718,8.32518,9.47218,9.94218,9.88318,8.94218,7.03018,5.85418,5.17718
CO2_TUG_BCT2,2021-09-26,320,False,15,8.18484,7.15584,3.09684,1.27284,1.94984,3.27284,5.83184,15.3028,31.0668,42.0378,50.0088,49.6258,38.0968,24.4498,16.9498,10.6848,5.09684,3.44984,4.12584,4.33184,3.68484,2.94984,2.47884,2.21384,2.39084,2.12584,1.24384,1.18484,3.00884,6.06684,7.39084,6.62584,4.86084,4.86084,6.62584,7.47884,6.89084,5.50884,5.06684,5.68484,6.39084,6.65584,6.56684,5.77284,5.06684,6.39084,6.68484,4.94984,3.44984,4.06684
CO2_TUG_BCT2,2021-09-26,321,False,8,-2.31772,-0.64172,0.97628,1.44728,2.21128,5.09428,12.3583,26.1523,43.5353,66.6523,76.9173,73.6233,64.6523,60.0353,58.2993,55.7993,53.3293,49.8883,46.6823,44.2703,40.6233,37.0053,34.9763,33.0943,29.8583,25.0643,23.3583,22.7703,19.7703,14.9473,11.8293,9.53528,7.41728,4.94728,3.77028,3.62328,3.82928,5.32928,7.44728,6.71128,5.41728,4.09428,2.53528,2.50528,3.77028,4.00528,3.15228,2.74128,3.38828,6.21128
CO2_TUG_BCT2,2021-09-26,324,False,12,8.834,8.451,7.687,7.657,9.804,11.363,12.187,13.951,17.746,20.981,21.599,20.54,19.54,18.775,17.599,15.687,13.981,15.775,18.099,18.304,14.716,12.04,10.804,10.216,9.216,7.304,6.157,5.804,5.863,4.657,1.922,0.981,1.746,2.128,1.628,1.393,3.099,4.657,5.599,4.951,3.128,2.893,3.246,3.54,4.01,4.246,4.246,4.01,3.54,3.51
CO2_TUG_BCT2,2021-09-26,330,False,6,-0.08624,1.53076,1.97276,1.61976,1.08976,1.14876,4.88376,14.2958,27.6488,44.8838,49.7958,46.7368,42.4728,42.1488,44.9428,45.1788,42.3258,34.4728,24.2668,17.4428,11.6488,8.23676,6.97276,7.97276,9.20776,9.79576,9.20776,7.85476,5.85476,4.44276,3.38376,2.79576,2.00176,1.76676,4.03076,4.85476,3.70776,3.29576,2.73676,0.53076,0.35476,2.53076,3.73676,4.11976,4.58976,4.85476,5.11976,5.47276,4.76676,2.97276
CO2_TUG_BCT2,2021-09-26,331,False,9,5.68052,4.97452,5.85652,6.20952,5.38552,5.68052,11.7385,24.6805,36.5625,49.5625,56.8855,56.8855,53.2975,48.4745,42.6215,41.1215,40.6505,37.0035,31.3565,27.0325,22.7685,18.9155,12.7975,6.00352,3.56252,4.65052,6.59152,6.15052,3.53252,2.82752,4.06252,4.85652,5.68052,7.32752,8.38552,7.76852,5.82752,4.35652,4.23852,6.18052,6.12152,3.70952,2.76852,2.82752,2.88552,3.12152,3.59152,3.76852,3.29752,2.12152
CO2_TUG_BCT2,2021-09-26,340,False,5,3.06212,2.71012,2.82712,2.79812,1.38612,0.85712,3.56212,10.0041,19.1801,31.9451,35.7681,30.4451,25.4451,25.0331,26.7391,26.2981,25.7681,26.0621,25.8271,24.9151,24.2681,22.5621,17.8571,12.6211,10.0921,8.88612,8.23912,8.18012,8.91512,9.53312,9.59212,8.85712,8.18012,7.76812,8.38612,9.53312,9.09212,8.73912,9.12112,9.26812,8.59212,7.35712,7.91512,9.47412,8.41512,6.56212,5.23912,5.65112,5.76812,4.88612
CO2_TUG_BCT2,2021-09-26,351,False,3,3.67836,3.61936,3.26636,1.88436,0.67836,1.79636,5.17836,8.32536,13.4724,19.6194,20.7964,18.5314,18.0024,16.1494,11.4434,8.47236,7.47236,8.14936,8.47236,7.61936,6.38436,5.41336,4.53136,4.97236,6.56036,7.06036,7.23736,8.14936,9.20836,8.76636,7.00236,6.47236,6.82536,6.41336,6.53136,7.88436,9.35536,10.3554,11.2374,10.7084,8.41336,6.70836,7.47236,9.61936,8.91336,6.26636,5.09036,5.32536,5.56036,4.56036
CO2_TUG_BCT2,2021-09-26,358,False,13,8.64818,10.7652,10.9422,10.2362,8.82418,8.11818,8.14818,9.29518,12.8242,16.9422,17.5592,14.2362,10.2062,10.0892,13.0892,14.0592,13.0892,12.8242,12.6182,11.2362,9.14818,8.41218,8.70618,8.64818,9.14818,11.4712,12.5012,11.5012,9.67718,7.53018,4.76518,4.47118,6.17718,6.44218,6.50118,8.08918,10.5592,10.8242,9.05918,7.82418,6.76518,5.76518,6.58918,8.64818,8.61818,7.85418,7.26518,6.88318,7.08918,8.11818
CO2_TUG_BCT2,2021-09-26,359,False,6,2.70658,2.70658,4.03058,4.73658,4.67758,3.50058,1.88358,6.58958,18.7366,28.4716,34.6186,32.7366,30.0006,27.9716,24.5006,21.4426,18.5596,18.4126,21.2956,23.7366,23.4126,21.1486,19.7366,17.7066,13.9126,11.9126,12.1486,13.7656,14.3246,13.0306,10.7066,8.08958,4.73658,3.58958,4.55958,5.61858,6.85358,8.76558,9.55958,8.50058,6.20658,5.47158,6.03058,6.05958,6.05958,6.03058,5.35358,5.14858,5.50058,5.26558
CO2_TUG_BCT2,2021-09-26,360,False,6,6.61976,5.85476,4.76676,4.97276,6.26676,6.79576,8.29576,13.2378,21.0608,31.7078,35.1198,32.0608,26.2378,22.6788,19.2668,14.4138,11.2378,10.0318,11.8258,14.2668,16.6198,16.5318,15.0318,15.6488,13.9438,7.97276,3.61976,3.29576,5.06076,6.06076,6.64876,7.47276,6.79576,3.32576,-0.64524,-0.29224,3.67876,5.35476,4.91376,4.97276,5.47276,5.26676,3.47276,3.06076,4.38476,5.61976,7.11976,8.47276,8.38476,6.32576
CO2_TUG_BCT2,2021-09-26,364,False,4,0.48588,1.80988,3.10388,2.69188,1.01588,1.57488,6.39788,13.3389,20.8099,30.7809,35.8099,35.4569,33.0449,30.9569,27.7509,23.2509,17.7809,11.6919,11.9859,14.0749,15.3389,16.1039,15.6919,13.3689,12.3099,13.0749,14.1919,14.2219,13.4569,13.8099,14.6919,13.7219,12.6339,11.8099,11.1039,10.8389,10.7219,10.0159,8.60388,7.92788,8.01588,8.01588,7.16288,5.54488,3.13388,1.98588,2.07488,2.78088,4.69188,6.83888
CO2_TUG_BCT2,2021-09-26,373,False,2,5.6227,5.2697,5.0927,6.8287,7.7697,6.4757,3.9167,10.8577,34.3867,57.7107,59.6227,45.5927,34.6817,27.4167,26.0337,27.0047,27.8577,28.2987,26.4457,22.0927,18.7397,15.6517,13.5337,12.7697,11.5337,9.0637,6.9457,4.8577,3.5337,3.1817,4.2107,5.5047,6.5337,6.2987,5.9167,5.8287,5.5637,4.8577,4.2697,4.7397,4.9457,2.7697,2.6517,5.1817,5.8867,4.6517,4.0047,4.3867,5.3577,6.0337
CO2_TUG_BCT2,2021-09-26,409,False,2,0.68484,0.33184,0.68484,2.21384,1.15584,-2.02116,-0.60916,14.6848,52.6848,87.5088,89.3908,67.1258,46.6558,25.4788,12.5668,7.83184,3.59684,0.68484,0.94984,3.24384,4.65584,5.27284,5.47884,5.24384,4.53784,3.94984,4.62584,6.53784,7.74384,7.15584,4.39084,3.36184,4.80284,6.71384,7.71384,8.21384,8.00884,7.33184,7.24384,6.71384,5.36184,4.83184,4.74384,4.09684,4.24384,6.06684,8.33184,8.62584,7.41984,7.36184
CO2_TUG_BCT2,2021-09-26,410,False,8,5.13212,3.57312,4.13212,6.01412,7.57312,7.42612,6.27912,7.22012,10.4261,12.0731,12.1321,10.9551,8.66112,7.95512,8.63212,8.16112,6.39712,5.95512,7.01412,7.89712,7.72012,6.92612,7.27912,8.16112,7.51412,8.72012,10.7201,7.89712,5.60312,5.22012,4.80812,4.33812,4.69112,4.25012,3.13212,3.57312,3.92612,3.54412,3.25012,2.75012,1.92612,2.33812,3.69112,3.69112,3.33812,3.22012,2.92612,3.39712,5.66112,6.19112
CO2_TUG_BCT2,2021-09-26,428,False,7,1.50354,3.32654,4.23854,4.12054,3.76754,4.85654,9.76754,17.5615,26.6205,38.5325,41.8265,33.1505,19.7095,11.6205,5.97354,2.62054,3.06154,5.82654,7.29754,6.53254,3.97354,2.82654,3.12054,3.29754,2.85654,1.94454,1.65054,1.59154,1.03254,1.82654,4.59154,6.73854,7.59154,8.06154,7.79754,6.65054,5.59154,4.38554,2.70954,2.29754,2.88554,4.03254,5.73854,7.20954,5.67954,3.50354,1.44454,0.67954,1.97354,4.70954
CO2_TUG_BCT2,2021-09-26,429,False,8,6.62446,5.62446,4.24146,5.50646,5.65346,4.18346,4.91846,9.47746,17.8305,23.8305,27.6245,27.4185,23.0945,14.9775,9.50646,7.65346,6.47746,5.09446,3.38946,2.97746,3.56546,4.53646,4.88946,4.00646,2.27146,2.56546,5.27146,7.41846,8.03646,6.68346,3.12446,1.03646,0.44746,1.12446,2.74146,3.27146,3.47746,3.21246,1.44746,1.27146,2.85946,2.65346,0.65346,0.00646,0.56546,1.47746,1.44746,0.33046,-0.40554,0.83046
CO2_TUG_BCT2,2021-09-26,447,False,29,68.2066,67.3536,67.8236,71.5006,76.0596,76.8536,74.5006,73.0296,74.0596,76.7946,77.2356,72.4706,63.5886,55.6476,43.8536,30.7946,22.8536,16.6766,14.2066,13.8536,12.3536,10.7066,8.7066,7.0596,6.5006,6.4416,6.4706,6.7066,7.1476,7.0596,5.9126,4.1766,2.7356,1.2356,0.6176,1.2356,2.6176,3.0596,2.4416,1.8826,2.7946,5.1766,6.7066,6.8536,5.3826,4.0296,3.0296,3.0596,4.1766,5.0296
CO2_TUG_BCT2,2021-09-26,456,False,9,4.56488,5.32988,6.12388,6.18288,4.97688,5.74188,9.68288,18.2999,37.5649,56.5059,57.5359,45.4469,38.6829,32.9179,22.2999,14.7419,9.15288,6.41788,6.56488,7.71188,7.88888,7.27088,6.24188,5.38888,5.09488,6.12388,7.68288,10.8299,14.8299,16.5649,16.6529,15.5059,11.9769,7.68288,5.38888,3.77088,2.32988,1.56488,1.18288,2.00588,3.38888,2.77088,2.71188,4.24188,5.44688,6.00588,6.35888,5.53588,4.15288,4.88888
CO2_TUG_BCT2,2021-09-26,480,False,20,4.53488,6.68188,6.74088,5.00588,4.71188,4.56488,3.68188,3.53488,6.06488,11.0649,12.1819,9.21188,6.79988,5.77088,5.47688,6.53488,8.12388,10.0059,10.2709,9.21188,9.06488,9.79988,10.2999,9.06488,7.74088,6.50588,4.65288,2.00588,1.18188,2.15288,3.82888,4.21188,3.38788,2.09388,2.65288,5.62388,8.00588,7.38788,5.59388,6.59388,6.38788,3.77088,2.77088,4.47688,7.41788,7.85888,5.68188,3.94688,4.53488,6.71188
CO2_TUG_BCT2,2021-09-26,496,False,10,4.62094,4.67994,5.14994,6.14994,7.06194,7.82694,7.88594,8.17994,9.41494,12.2389,15.5919,14.2389,11.3859,9.20894,9.20894,9.03294,8.70894,9.03294,10.6799,13.2389,14.1209,13.0919,11.2679,9.12094,6.47394,6.97394,9.38594,8.23894,7.09194,7.29694,7.03294,5.88594,4.91494,4.26794,2.82694,1.00294,2.38594,6.79694,7.76794,5.47394,4.47394,4.12094,3.67994,4.03294,3.50294,1.73894,1.38594,3.14994,5.53294,6.59194
CO2_TUG_BCT2,2021-09-26,497,False,26,3.32418,3.61818,4.85418,7.64818,7.14818,3.32418,3.17718,8.79518,15.6482,18.6482,19.2072,18.7652,16.9122,13.8242,13.9422,16.5602,16.7072,16.9712,17.5602,15.4422,13.9422,13.4122,10.9122,6.44218,5.23618,5.35418,4.73618,4.03018,3.76518,3.76518,3.91218,3.67718,2.53018,2.20718,3.53018,5.50118,5.29518,3.11818,2.38318,2.94218,2.82418,1.88318,1.38318,3.11818,3.23618,1.11818,0.56018,2.53018,5.32418,6.17718
CO2_TUG_BCT2,2021-09-26,508,False,4,5.68522,8.00822,9.03822,8.36122,8.83222,15.0382,31.5972,60.0972,77.2142,86.4792,91.6262,87.3912,74.6262,66.8322,68.4502,75.2732,77.6562,73.1562,64.8912,56.9502,45.9202,36.5972,32.3322,29.4792,27.0672,25.5082,27.0382,29.2442,31.5382,32.8912,32.7732,31.8912,31.5672,31.2732,29.9502,28.0672,25.3912,23.6852,22.8322,21.5672,18.8612,15.0382,14.5082,14.6852,13.6562,11.4202,7.12622,3.62622,2.83222,4.12622
CO2_TUG_BCT2,2021-09-26,526,False,5,3.0933,3.0343,2.5933,1.8873,2.0343,3.3873,6.2693,12.2693,27.0053,43.8283,47.6813,39.5643,30.1813,26.7693,26.7403,26.1813,24.0933,22.1813,22.7693,23.8583,21.4753,21.2113,23.9463,23.1813,18.2113,14.9753,14.5343,14.2403,12.2693,10.4463,8.8873,8.2403,8.6223,9.5643,10.0053,9.8283,9.2693,8.3283,6.9173,6.4463,6.8283,7.0053,6.6523,6.4173,7.4173,8.5343,9.4463,9.0933,8.2113,9.0053
CO2_TUG_BCT2,2021-09-26,541,False,18,10.4763,10.6823,11.5643,11.6823,10.3293,8.21128,7.32928,7.91728,9.44728,11.0943,12.9173,12.7413,10.9763,10.7703,11.2993,11.5943,11.3583,11.1523,11.1523,11.2413,10.5353,8.47628,7.88828,9.38828,11.1233,10.7113,8.50528,7.85828,9.12328,10.4763,10.6233,10.4473,11.2113,10.4473,7.77028,6.94728,8.65228,10.9173,11.3293,10.9763,12.0643,12.2113,11.0353,11.2113,12.5353,12.4473,11.3883,9.91728,9.32928,10.1823
CO2_TUG_BCT2,2021-09-26,552,False,25,10.4433,18.2083,20.8853,19.5323,17.0913,16.0023,16.5613,18.1203,20.0023,22.4433,23.4733,22.5613,21.1493,21.7083,21.3263,18.9733,16.7083,13.5023,10.1793,8.70834,8.56134,9.17934,8.91434,7.56134,6.82634,6.50234,6.00234,5.67934,6.35534,8.35534,8.56134,6.85534,6.20834,7.03234,8.29634,9.35534,9.64934,7.88534,5.85534,3.94334,3.85534,4.91434,4.62034,5.32634,7.12034,6.67934,6.14934,6.70834,8.97334,15.3553
CO2_TUG_BCT2,2021-09-26,589,False,13,25.3236,43.1766,46.7656,39.6476,35.9416,37.7946,42.5886,45.7066,47.8826,49.7356,51.5006,51.3236,45.8826,42.3236,41.3826,40.3536,35.3826,25.8826,18.7946,13.0296,10.4126,11.2656,14.4416,17.0006,19.0886,20.0596,20.4126,21.0296,22.1186,21.9126,17.7356,13.7656,9.67658,6.58858,7.11858,10.2066,11.0006,8.61858,5.50058,3.76558,2.67658,2.29458,2.94158,4.26558,4.41258,4.26558,5.91258,7.17658,8.73558,11.3826
CO2_TUG_BCT2,2021-09-26,609,False,27,6.21246,6.97746,5.97746,4.12446,4.68346,6.15346,7.85946,10.2715,15.5365,21.5365,22.8595,19.1535,13.9485,11.4775,10.6245,9.53646,8.33046,8.59546,7.59546,4.85946,4.15346,4.41846,4.38946,3.83046,3.59546,5.21246,6.03646,5.47746,4.68346,3.71246,2.27146,1.65346,2.27146,3.62446,3.91846,3.53646,4.03646,4.68346,5.18346,5.15346,4.47746,3.68346,2.77146,1.80146,2.18346,3.74246,6.00646,6.03646,4.06546,3.41846
CO2_TUG_BCT2,2021-09-26,665,False,21,16.2673,15.7373,16.9733,16.8853,15.8263,14.3553,13.8263,15.1493,18.0323,19.7963,19.9733,18.5613,17.6793,17.5613,17.4733,16.7673,15.3853,14.8263,14.5023,13.2673,12.1203,11.2373,11.8263,13.1793,12.5613,12.2673,11.9143,9.23734,6.97334,5.38534,4.85534,4.76734,4.23734,5.09034,6.91434,6.53234,6.47334,7.79634,8.70834,9.03234,8.88534,9.29634,9.97334,9.17934,7.85534,6.44334,6.44334,7.76734,8.47334,8.56134
CO2_TUG_BCT2,2021-09-26,689,False,21,1.70718,1.79518,3.00118,3.94218,4.73618,5.44218,5.70718,5.97118,7.76518,10.8242,11.2362,10.2952,9.26518,8.88318,9.53018,10.8242,10.5602,8.53018,7.20718,7.53018,8.67718,8.85418,8.23618,7.29518,7.03018,7.20718,6.94218,6.41218,5.20718,3.61818,3.35418,4.11818,4.06018,4.11818,6.17718,7.03018,6.26518,5.76518,5.47118,4.94218,4.17718,2.73618,1.32418,0.88318,1.50118,2.67718,2.91218,2.88318,3.73618,5.14818
CO2_TUG_BCT2,2021-09-26,710,False,12,1.59664,1.71364,3.77264,4.77264,5.18464,7.21364,9.50764,12.0666,13.8606,16.1256,18.6556,17.3026,10.8606,4.80264,3.09664,3.77264,3.94964,3.06664,1.97864,2.21364,3.80264,5.09664,6.36064,8.12564,7.94964,6.18464,5.80264,5.09664,3.97864,5.06664,5.39064,4.06664,2.97864,2.65564,3.62564,4.41964,4.27264,3.15564,2.94964,3.86064,4.86064,6.33164,7.68464,7.80264,7.39064,7.86064,8.27264,8.27264,7.86064,7.39064
CO2_TUG_BCT2,2021-09-26,717,False,4,4.48942,7.13642,7.01942,3.43042,0.31342,0.60742,3.98942,11.6664,29.4894,47.9894,50.6954,40.0194,30.3424,26.9604,25.9604,24.1954,21.8134,21.9894,22.2544,21.3134,19.8134,17.1664,14.7834,13.7254,13.1664,12.9014,12.6364,12.1954,12.2544,13.1664,14.2834,14.3724,13.9604,14.3134,13.7834,12.0484,11.8134,13.1074,13.8134,13.6954,12.0484,8.84242,7.90142,9.10742,9.90142,10.6954,12.0774,12.5774,12.4304,12.6364
CO2_TUG_BCT2,2021-09-26,720,False,16,4.47236,4.11936,2.29636,0.91336,2.47236,6.64936,8.91336,10.3554,12.7074,13.8844,14.0024,13.5604,11.4434,7.91336,6.44336,7.88436,11.1194,12.2964,11.4134,9.79636,7.61936,6.91336,6.94336,6.50236,5.61936,5.61936,6.35536,5.64936,3.35536,2.29636,3.06036,4.70736,5.20736,5.32536,5.70736,5.50236,4.82536,4.82536,4.91336,4.23736,2.73736,1.32536,0.00236,0.64936,2.91336,3.35536,3.00236,3.88436,6.41336,7.32536
CO2_TUG_BCT2,2021-09-26,756,False,12,8.85828,8.03528,8.18228,10.2113,12.5053,15.0353,16.4173,16.8003,16.7413,17.6533,18.0943,14.9173,13.6823,15.1533,15.1823,13.6533,13.1233,12.8003,12.1233,12.2113,13.0943,14.5053,14.9173,14.0643,12.9473,12.9173,13.7113,13.4763,12.1233,11.2703,10.1533,8.97628,10.1233,10.8003,9.53528,7.56428,7.77028,9.91728,10.3883,9.12328,8.41728,8.27028,7.80028,6.97628,7.44728,9.44728,11.7413,14.2113,14.6533,14.1533
CO2_TUG_BCT2,2021-09-26,757,False,19,57.4504,76.6564,100.656,115.479,122.538,122.538,121.744,126.45,136.45,142.332,143.744,134.45,104.92,70.8624,50.4504,34.5674,26.7154,23.0094,17.7154,14.4204,12.6854,12.1264,13.0384,13.9794,12.4204,11.8624,13.1264,13.9504,13.5674,12.0384,12.0674,13.8624,14.9794,15.0974,14.3914,14.0674,14.9504,16.7154,16.7154,15.0384,14.7734,15.8324,15.9794,15.2734,15.0094,16.5974,17.2154,16.4794,16.3914,16.5674
CO2_TUG_BCT2,2021-09-26,758,False,14,8.53882,9.77382,11.8028,13.2738,13.3918,11.3328,10.4798,11.4498,13.5088,16.3918,17.0678,16.5088,15.5088,14.1858,12.5088,10.1268,9.18582,9.50882,9.74482,9.86182,10.5678,11.8328,11.3618,9.18582,8.71482,9.97982,10.5388,9.42082,6.83282,5.24482,5.33282,6.33282,7.47982,8.71482,8.89182,8.21482,6.77382,5.39182,5.09782,5.59782,6.42082,6.92082,5.74482,4.94982,5.30282,6.36182,7.77382,9.65582,10.1558,9.56782
CO2_TUG_BCT2,2021-09-26,759,False,16,10.7946,11.7646,11.7066,12.7066,13.8236,15.0006,16.7356,19.8536,22.5296,23.9706,24.5296,23.2356,21.4416,19.0586,15.3236,11.2066,12.3826,14.1176,14.3826,14.3826,14.3826,14.2356,13.0006,10.1766,8.1766,8.4416,9.7946,9.7946,9.4416,9.3826,9.3236,8.8536,8.0006,8.2356,9.5886,10.2946,10.3826,10.3236,9.9116,9.4416,10.0006,11.0006,11.5296,10.3826,9.7646,10.1176,10.3826,10.6476,11.0296,10.5886
CO2_TUG_BCT2,2021-09-26,769,False,2,2.94806,2.88906,2.59506,1.65406,0.91906,0.15406,0.06606,6.15406,27.3011,54.6251,64.8891,62.8891,60.1831,57.1541,54.0661,50.7131,44.9481,39.6541,35.1541,29.2721,26.1251,26.0071,27.8011,28.0361,25.3601,21.7421,19.5361,17.8891,16.5361,14.0951,10.7721,9.09506,8.68306,8.83006,8.33006,6.91906,5.97806,5.41906,5.12506,4.71306,4.47806,5.36006,5.53606,4.80106,5.30106,7.36006,8.91906,10.2131,10.7131,8.09506
CO2_TUG_BCT2,2021-09-26,788,False,25,6.5637,7.7987,8.7697,9.2987,9.9167,11.0637,12.7397,13.2987,13.9167,15.5347,16.5927,15.9757,14.1517,13.3287,12.7397,11.0347,9.7397,9.3877,10.2697,10.4457,9.5927,9.1227,9.0637,9.0637,9.0047,8.5347,7.5637,6.8577,6.3577,6.3877,7.0637,7.7397,8.0347,9.7107,13.6517,15.2697,14.6517,14.5047,14.2107,12.4457,12.1817,13.2107,12.8287,12.9457,14.2697,14.9457,14.7987,14.2107,13.0047,10.8577
CO2_TUG_BCT2,2021-09-26,795,False,5,1.61858,2.79458,3.11858,3.08858,2.61858,1.67658,1.41258,3.29458,8.94158,15.0296,15.4716,11.4716,8.85358,7.41258,6.35358,5.14758,3.47158,3.05958,3.64758,4.52958,4.29458,2.94158,2.26558,2.38258,2.61858,2.41258,2.44158,2.94158,3.55958,3.82358,2.91258,2.47158,2.61858,2.44158,2.64758,3.08858,2.52958,1.41258,0.00058,-0.11742,1.67658,3.82358,3.17658,0.23558,0.38258,3.23558,3.67658,2.97158,2.41258,2.14758
CO2_TUG_BCT2,2021-09-26,814,False,5,2.97588,0.44688,0.09388,1.18188,2.27088,3.74088,7.47588,19.9469,45.5059,63.2999,64.2999,58.6529,59.6529,60.5059,57.6819,53.3879,47.0939,43.0059,39.4759,33.2999,28.4469,24.1229,17.6819,12.9759,9.29988,7.50588,6.24088,4.82888,5.44688,5.53488,4.29988,4.00588,4.38788,3.94688,3.77088,4.18188,4.47588,4.97588,5.85888,5.85888,4.97588,4.56488,5.00588,6.18188,7.03488,6.62288,5.32888,5.29988,6.38788,6.65288
CO2_TUG_BCT2,2021-09-26,820,False,6,3.94376,3.76676,4.79676,6.41376,5.59076,5.53176,7.26676,8.32576,9.38476,11.2668,12.1498,11.7968,10.8258,10.1198,9.59076,9.29676,8.79676,7.91376,7.82576,8.00176,6.97276,5.70776,4.91376,5.67876,6.76676,7.79676,8.26676,8.32576,8.23776,7.59076,6.64976,6.82576,6.73776,5.85476,5.32576,4.79676,3.97276,4.56076,7.32576,10.0908,10.6788,9.85476,9.26676,8.26676,6.53176,6.70776,8.47276,8.73776,8.64976,8.88476
CO2_TUG_BCT2,2021-09-26,839,False,10,4.14858,5.97158,6.20658,5.88358,5.88358,6.73658,10.7366,17.7956,24.6776,32.3836,34.4426,31.1486,28.4426,26.8836,25.4126,25.4126,25.7656,25.8836,26.3536,27.3246,28.0306,28.4716,28.0006,26.5896,25.6776,25.3536,25.5006,25.0006,23.5306,22.2956,22.2066,24.2956,25.3836,24.9426,23.2366,18.5006,12.7066,10.8836,11.7656,11.9126,11.0596,9.61858,8.82458,8.03058,6.58958,5.70658,5.61858,6.20658,5.70658,3.97158
CO2_TUG_BCT2,2021-09-26,840,False,5,5.82752,5.65052,5.82752,5.56252,4.70952,4.73952,5.85652,6.85652,7.76852,9.91552,12.5625,12.3865,9.73952,8.59252,9.12152,9.65052,8.50352,5.70952,4.35652,4.65052,5.56252,5.76852,5.12152,4.50352,4.73952,4.47452,2.18052,2.97452,7.38652,9.03352,7.91552,7.23952,7.35652,7.59252,7.26852,6.35652,4.88652,3.88652,2.85652,1.62152,0.73952,0.44552,1.35652,1.76852,1.38652,1.23952,1.91552,3.38652,4.47452,4.79752
CO2_TUG_BCT2,2021-09-26,841,False,3,10.3399,9.80988,9.01588,8.75188,10.2219,9.86888,6.95788,5.30988,6.78088,10.5159,12.1339,10.2519,5.98688,3.78088,4.22188,6.39888,8.01588,9.07488,9.33988,9.16288,9.28088,8.39888,5.36888,2.30988,2.89888,6.19288,5.42788,0.01588,-3.33712,-2.71912,0.04588,1.48688,1.89888,2.30988,2.16288,1.95788,3.01588,4.54588,6.04588,6.07488,5.95788,6.39888,6.75188,6.30988,4.80988,4.98688,6.51588,6.22188,5.19288,4.25188
CO2_TUG_BCT2,2021-09-26,850,False,5,6.97354,7.47354,7.41454,6.56154,5.38554,5.85654,6.79754,9.70854,15.4735,19.2385,21.2975,20.9145,18.9145,18.7385,17.6505,13.2675,8.47354,5.94454,4.29754,3.56154,4.65054,7.65054,8.73854,7.53254,6.06154,5.06154,4.12054,4.06154,4.47354,3.94454,3.17954,3.12054,4.47354,4.88554,4.09154,3.79754,3.73854,3.09154,3.17954,4.53254,5.79754,5.15054,2.94454,2.53254,4.26754,5.79754,5.53254,4.65054,5.56154,6.15054
CO2_TUG_BCT2,2021-09-26,851,False,11,5.47412,5.71012,5.71012,5.47412,5.00412,4.76812,4.73912,5.26812,9.50412,17.7981,20.3861,16.2101,11.0331,8.97412,8.79812,9.32712,10.7391,12.1211,12.3861,11.7391,10.8861,9.44512,7.09212,6.29812,7.79812,10.0631,8.73912,4.18012,2.59212,3.21012,4.26812,5.09212,5.15112,3.73912,2.85712,2.79812,3.26812,4.21012,4.56312,3.76812,2.59212,3.12112,4.21012,5.47412,6.29812,5.65112,3.79812,2.82712,2.47412,2.15112
CO2_TUG_BCT2,2021-09-26,855,False,24,6.5886,7.1766,8.3826,9.1476,7.8236,7.4706,8.7356,9.7646,12.4416,17.3536,17.8236,14.0296,12.7056,13.1476,11.6476,10.0586,9.9116,11.8536,11.7646,9.0296,6.9116,5.3236,4.5296,3.6766,1.7946,0.2646,0.6476,2.4706,3.3536,3.0006,2.0886,1.9116,2.7946,4.0006,4.7356,5.2946,5.7946,6.5296,7.1766,6.8536,5.0006,2.6176,1.3826,0.7646,0.3536,0.3236,1.0886,1.8536,1.6766,-0.0584
CO2_TUG_BCT2,2021-09-26,863,False,12,0.00472,1.53372,3.38672,5.59272,6.35672,6.82772,8.44572,10.5627,13.2097,17.0627,18.9157,18.9157,18.3867,17.7397,17.2397,17.5627,16.5927,12.6517,8.20972,6.65172,6.91572,7.15172,7.18072,7.20972,7.44572,7.88672,7.73972,6.12172,3.62172,3.12172,4.38672,5.00472,4.38672,3.06272,3.03372,4.12172,4.32772,3.97472,3.70972,3.97472,4.41572,4.91572,5.15172,5.18072,5.15172,4.88672,4.18072,3.65172,4.79872,7.38672
CO2_TUG_BCT2,2021-09-26,885,False,4,4.56272,6.20972,6.94572,6.94572,6.20972,4.56272,3.68072,6.50472,17.5337,32.2687,36.3277,31.7097,26.9747,20.7687,14.7987,13.5337,14.9157,14.7687,14.9157,16.1807,16.3277,14.7687,12.9157,12.4747,13.5627,15.2397,16.2097,16.7687,17.0047,17.0337,16.9457,16.3277,15.6217,16.1807,15.6217,13.4457,12.9157,13.7097,13.4157,12.4747,10.7687,8.82772,7.59272,6.50472,5.68072,5.62172,6.91572,6.85772,5.12172,4.53372
CO2_TUG_BCT2,2021-09-26,897,False,12,5.79812,6.88612,7.26912,6.47512,6.65112,6.56312,5.76912,6.21012,9.21012,13.1801,14.6801,14.3571,13.6221,12.4161,11.3571,10.2101,9.00412,9.44512,9.79812,9.32712,8.29812,6.15112,4.23912,5.03312,7.76912,8.47512,8.21012,8.15112,8.18012,8.41612,8.82712,8.50412,6.88612,5.09212,5.03312,6.32712,6.94512,7.73912,9.68012,9.59212,8.32712,9.50412,8.82712,5.00412,2.79812,3.50412,5.79812,6.79812,6.94512,7.62212
CO2_TUG_BCT2,2021-09-26,917,False,5,12.53,11.618,14.559,15.618,16.324,18.265,20.412,24.53,29.765,32.324,32.353,30.471,29.353,29.059,27.794,24.735,22.147,20.971,18.294,13.235,11.588,13.324,15.559,17.559,17.147,16.882,17.941,18.824,18.647,17.853,18.206,19.147,18.677,18.706,18.353,16.941,15.765,14.618,13.441,13.382,16.235,18.235,18.765,17.647,15.324,14.794,14.647,14,14.03,14.441
CO2_TUG_BCT2,2021-09-26,920,False,9,0.559,1.912,5.677,9.794,12.294,14.5,17.088,23.324,32.5,39.794,44.736,42.353,39.53,38.353,35.265,27.941,20.883,16.324,10.412,4.971,4.5,7.736,10.912,14.883,18.177,19.206,18.618,17.118,15.706,14.383,15.118,18.088,19.736,18.441,16.118,16.912,16.912,14.706,13.206,11.883,10.118,8.647,8.324,10.618,11.677,10.912,10.147,9.147,7.971,7.559
CO2_TUG_BCT2,2021-09-26,927,False,28,7.62448,7.18248,6.35948,5.85948,7.09448,8.33048,8.68248,7.91848,8.68248,11.3305,11.9775,10.2715,8.71248,8.71248,8.88848,7.41848,7.74148,10.2715,10.5065,8.33048,7.18248,7.24148,7.47748,7.24148,7.03548,6.97748,6.74148,6.27148,5.97748,5.56548,5.33048,6.12448,5.59448,3.35948,2.41848,2.74148,2.91848,2.47748,1.53548,1.21248,2.33048,4.59448,4.91848,2.47748,-0.31752,0.44748,3.83048,4.53548,4.09448,3.94748
CO2_TUG_BCT2,2021-09-26,928,False,4,18.1329,20.4569,22.3979,24.4269,26.1039,27.8679,36.1629,53.0739,70.0449,88.4859,89.6039,68.6329,45.9269,39.7799,43.7209,44.4859,38.9569,28.3389,21.9269,19.8679,21.1629,21.5739,20.8099,21.7509,22.5739,22.5739,21.5159,18.6919,15.9859,16.0449,19.2209,22.9569,24.2509,23.9859,23.8979,23.6329,22.4269,21.4859,20.6919,19.9269,19.1919,18.2509,17.9859,18.1629,18.0449,18.8979,21.6919,24.3679,24.2509,22.1039
CO2_TUG_BCT2,2021-09-26,929,False,6,10.1494,10.7664,12.2964,14.2374,14.4724,14.1494,14.4434,18.1494,30.8554,47.7964,54.6784,51.3254,42.8844,38.8844,38.8844,39.6784,41.3554,43.2664,43.8554,41.1194,34.3254,27.5314,20.1494,17.1494,16.7084,14.5614,12.9144,11.5614,9.91436,9.17836,9.32536,11.0314,13.3844,12.3554,10.3844,8.09036,6.29636,8.09036,13.0314,14.4724,12.6784,11.9724,12.0614,12.0314,11.5904,10.8844,11.0614,12.4724,13.9144,12.5314
CO2_TUG_BCT2,2021-09-26,944,False,8,15.2958,16.4138,15.4428,16.1488,20.0018,23.0318,23.9428,25.4428,28.9728,30.8258,31.0018,30.5318,29.5898,28.9138,27.2078,23.8848,21.9428,20.7958,19.3548,16.8258,13.2368,12.6198,13.6488,14.2078,13.0898,12.7078,13.4428,13.5018,14.5018,18.3848,19.7078,18.0318,16.3548,14.5898,13.4728,13.5318,13.7368,12.7368,11.6198,10.5608,9.76676,8.53176,6.94276,6.79576,8.58976,10.7958,10.6198,8.58976,9.00176,11.6788
CO2_TUG_BCT2,2021-09-26,986,False,6,2.92024,3.71424,3.24324,2.12624,6.36124,15.2732,24.3612,38.0372,40.8612,49.0372,50.8322,41.5672,33.8322,27.5672,23.5372,20.8322,18.5082,12.3322,8.30224,7.12624,8.39024,11.0672,11.7732,13.2142,14.4792,15.0672,15.0672,14.3022,11.5082,6.39024,3.21424,1.56724,1.12624,-0.40376,-1.22676,-0.78576,0.53724,3.42024,5.12624,3.53724,2.50824,1.86124,1.68524,2.06724,2.09624,1.86124,1.86124,1.56724,1.12624,0.62624
CO2_TUG_BCT2,2021-09-26,993,False,13,8.9757,10.1817,14.8877,18.2107,20.2987,26.7397,38.2987,45.2987,49.7987,50.1227,51.2987,51.0047,47.1517,39.7987,30.1227,26.4757,21.4167,19.0047,18.6227,19.4457,21.5347,21.0637,17.9167,16.2697,16.2397,17.6517,20.2987,20.2987,17.6227,16.0047,15.7107,16.7397,17.6227,16.0047,14.4457,13.8287,13.2987,12.8287,12.3877,12.5637,13.0637,13.0637,13.3877,12.1517,9.2107,9.7697,12.9757,12.2987,11.4757,13.2107
CO2_TUG_BCT2,2021-09-26,994,False,2,2.29988,3.27088,4.03588,4.82988,4.50588,3.09488,5.50588,13.2119,42.5359,94.7119,98.9769,62.8589,48.0359,31.1239,19.6239,13.2709,10.4469,10.2709,8.68288,5.35888,3.94688,3.12388,1.77088,0.00588,0.47688,3.09488,3.82988,2.94688,3.50588,4.32988,2.71188,1.35888,2.38888,5.24188,6.91788,6.59488,5.41788,6.94688,6.97688,4.29988,2.41788,1.29988,0.88888,1.29988,2.18288,2.27088,2.09488,3.12388,4.47688,5.88888
CO2_TUG_BCT2,2021-09-26,995,False,12,9.77148,13.1235,17.1235,23.4185,27.3295,35.1825,38.4765,42.4765,45.9765,48.4765,49.3005,46.7715,41.6235,34.5945,31.4185,20.7715,11.9765,6.82948,4.71248,4.47648,4.68248,4.94748,4.94748,5.18248,5.15348,4.82948,5.53548,7.44748,8.80048,9.32948,8.38848,7.00648,6.32948,6.44748,7.12348,6.56548,5.32948,4.80048,5.71248,6.27148,5.71248,4.77148,4.94748,5.03548,5.44748,6.91848,6.85948,7.03548,7.24148,6.30048
CO2_TUG_BCT2,2021-09-26,1017,False,6,-0.52078,0.00822,0.42022,0.45022,0.21422,3.56722,30.4792,68.6852,79.7732,120.626,138.126,137.097,125.597,98.1852,71.0382,43.8322,32.0972,22.9202,18.5972,15.5672,13.4792,12.7442,12.5082,12.4202,12.0082,11.3912,10.6852,8.68522,7.09722,6.24422,7.39122,9.39122,10.1852,13.8612,15.7142,17.1552,17.0082,14.6262,12.0672,9.30322,8.12622,7.77322,8.03822,8.86122,8.62622,7.18522,5.86122,5.15522,6.39122,7.15522
CO2_TUG_BCT2,2021-09-26,1558,False,4,1.76694,0.35594,0.00294,1.32594,3.73794,7.06094,12.8849,23.6199,42.9729,57.0909,60.7669,58.0909,51.5909,45.4729,38.7969,34.2379,30.3259,27.4439,26.2079,26.1199,27.7079,30.0029,32.7969,32.7969,28.7379,23.5319,19.2969,14.1199,10.5029,8.82594,7.32594,6.61994,6.53194,6.53194,6.59094,7.06094,7.85594,7.14994,4.91394,4.20794,5.00294,5.47294,5.35594,3.94394,1.20794,0.50294,1.82594,3.14994,3.94394,3.32594
CO2_TUG_BCT2,2021-09-26,1559,False,15,27.51,26.775,28.569,31.098,28.834,29.246,34.804,39.04,41.951,45.687,46.569,44.451,42.334,39.657,34.187,28.863,25.804,23.275,22.216,21.598,19.981,19.069,17.54,14.157,13.481,15.54,16.157,14.657,12.716,11.51,10.716,10.569,9.569,7.275,6.275,6.187,5.951,6.481,7.128,7.54,6.834,4.922,3.451,1.922,0.687,1.481,3.54,3.54,3.01,3.098
CO2_TUG_BCT2,2021-09-26,1573,False,6,4.23558,4.91258,4.23558,3.85358,4.70658,8.85358,17.5886,23.7946,26.1476,27.7066,28.1766,26.3826,22.2656,17.7066,13.0006,12.3826,12.0886,10.3536,10.0596,9.91258,8.88258,7.38258,6.14758,7.17658,7.05958,5.08858,4.50058,5.52958,7.29458,7.11858,5.35358,5.23558,6.44158,7.91258,7.85358,7.02958,6.00058,5.20658,3.97158,2.41258,2.47158,4.47158,6.35358,6.67658,6.58858,6.79458,5.85358,2.73558,2.23558,4.11858
CO2_TUG_BCT2,2021-09-26,1589,False,4,8.648,9.706,7.912,3.53,2.471,3.853,6.295,8.265,9.559,11.03,11.677,11.295,10.295,9.295,7.824,6.324,5.089,3.677,3.412,4.03,4,3.559,2.824,2.148,2.118,2.677,3.765,4.971,4.53,4.236,5.089,6.177,5.971,4.5,2.883,1.148,0.648,0.648,1.148,2.883,4.5,6.059,6.942,7.03,6.324,5.883,5.824,5.765,5.295,4.442
CO2_TUG_BCT2,2021-09-26,1620,False,2,4.82594,4.06194,3.32594,3.97294,6.67894,8.41494,15.4439,32.9149,49.5029,65.9149,68.0619,54.7089,42.0029,35.7669,30.3849,26.0029,23.4149,21.0029,20.4439,21.0029,20.2379,19.1789,18.3849,18.3559,18.2969,17.8849,17.7379,17.0029,14.8849,13.6499,12.7969,11.2969,9.88494,8.41494,7.91494,8.06194,7.73794,6.85594,5.64994,5.41494,5.44394,4.53194,2.64994,1.70894,1.70894,2.61994,4.26694,4.59094,3.29694,1.03194
CO2_TUG_BCT2,2021-09-26,1621,False,14,6.50116,8.11916,8.06016,9.14816,11.2372,11.2952,11.1782,11.5602,11.1782,11.4722,12.6782,12.1782,9.67816,8.14816,8.59016,9.50116,8.53116,7.47216,6.94316,7.20716,8.35416,9.26616,9.20716,7.82516,5.61916,3.94316,2.47216,2.32516,3.88416,5.67816,5.82516,5.20716,5.88416,6.26616,5.73716,4.53116,3.79516,5.82516,6.67816,5.94316,6.17816,6.56016,6.59016,6.29516,5.35416,4.32516,4.94316,6.76616,7.00116,6.67816
CO2_TUG_BCT2,2021-09-26,1622,False,2,4.735,3.323,2.706,1.941,0.676,1.147,3.706,7.353,13.147,17.264,17.294,13.411,8.235,6,5.735,5.735,5.735,5.823,6.411,6.882,5.706,4.853,4.735,4.764,5,5.5,6.059,7.264,8.823,8.853,7.559,6.941,6.147,4.206,4.5,7.411,9.294,9.706,9.647,9.059,8.588,9.706,10.147,9.794,10.117,9.353,7.059,5.882,5.735,5.676
CO2_TUG_BCT2,2021-09-26,1648,False,17,16.6511,15.1811,17.5341,21.0921,25.0041,26.0041,23.4161,20.1511,20.7691,24.7391,26.0341,23.9451,21.4161,20.6511,19.8281,16.9451,14.8861,13.8571,14.2391,15.3571,14.8861,14.1811,13.1511,11.2981,10.5921,10.7391,9.47512,7.38612,8.23912,10.2391,11.5631,10.3281,8.82812,7.79812,7.91612,9.73912,12.1511,13.5041,13.6221,12.1221,10.5341,9.03412,8.62212,9.47512,10.6221,10.7391,9.15112,6.62212,5.88612,6.68112
CO2_TUG_BCT2,2021-09-26,1649,False,26,10.3312,10.9492,11.5372,10.8612,8.92024,7.44924,7.33124,9.59624,12.1552,15.1552,17.1842,17.0962,15.5672,13.3902,10.0082,7.65524,7.18424,8.53724,11.3612,12.7732,12.6842,10.5372,6.06724,3.39024,2.33124,2.06724,3.71424,4.80224,4.97824,5.03724,4.09624,1.65524,1.56724,4.68424,7.71424,8.56724,8.18424,7.68424,6.94924,6.09624,4.80224,3.59624,4.59624,4.21424,1.65524,1.21424,3.15524,4.44924,3.94924,2.80224
CO2_TUG_BCT2,2021-09-26,1688,False,14,53.4167,56.5637,53.4747,50.5047,48.8277,48.2107,47.9167,49.5337,54.4457,59.7107,63.4167,62.9167,53.2107,43.4167,34.4167,31.8577,34.8577,36.8277,35.8867,31.9167,27.4457,25.6517,25.4747,25.8577,27.5047,30.0047,30.5047,29.2397,28.2987,26.3277,22.4747,20.0927,20.0927,22.4167,21.9167,18.3577,17.3867,19.2397,22.4457,22.6807,18.6517,14.0047,14.3577,19.0637,21.8577,22.1517,21.7107,21.4457,21.1807,20.6217
CO2_TUG_BCT2,2021-09-26,1699,False,8,8.45218,11.8342,13.1582,12.0692,12.8342,14.0992,15.4522,18.4812,24.8932,30.3342,30.6582,27.8052,26.5402,25.8632,24.4222,23.3342,23.0112,23.8632,23.8632,23.0112,23.1582,22.8342,21.5692,21.5112,22.3632,22.0692,21.1872,19.9522,19.0692,19.2462,20.1282,20.2752,19.1582,17.5112,16.6872,15.8932,14.6282,15.0992,17.2752,17.7162,16.2162,15.0992,15.3342,16.9522,18.7752,19.0692,18.0992,16.8052,15.8052,16.6282
CO2_TUG_BCT2,2021-09-26,1706,False,11,5.3293,6.5933,9.5053,11.6233,13.2993,14.5053,14.3583,11.7703,10.4173,11.8583,14.9463,14.9463,11.7993,9.7403,9.0643,9.4763,9.4173,8.4173,7.0053,5.0643,4.1523,4.2113,4.2113,3.5933,3.8583,5.2403,6.1813,6.7403,7.0053,7.2993,8.0053,8.5343,7.3873,4.7993,4.9763,7.6233,8.2113,7.1523,6.3873,7.6813,7.7993,6.0933,5.2703,4.6813,3.1233,2.9173,4.2113,4.8873,4.7403,4.2993
CO2_TUG_BCT2,2021-09-26,1709,False,6,-1.85182,-1.38182,0.08918,2.94218,5.00118,5.14818,4.50118,6.32418,13.3242,21.7652,24.9122,23.6772,21.0302,19.3542,18.2072,17.0892,14.6772,11.4422,10.3832,10.6772,10.1772,9.53018,9.00118,8.76518,8.73618,8.56018,7.35418,6.17718,8.00118,9.00118,8.29518,8.14818,9.26518,10.8832,11.3542,10.7362,10.1182,10.5602,11.8542,11.9422,11.3242,11.8542,11.1482,9.11818,9.06018,9.08918,8.00118,6.97118,5.97118,4.53018
CO2_TUG_BCT2,2021-09-26,1710,False,8,3.62212,4.68112,7.00412,8.12212,9.21012,12.1511,16.3571,22.1811,25.0331,25.6221,25.7981,23.8281,20.3281,20.4161,22.0631,24.0921,25.5631,24.7101,21.8281,19.6221,18.7391,19.9751,19.5631,16.4161,13.9161,12.0921,9.79812,9.44512,10.2391,9.29812,8.71012,10.4751,14.2101,15.8571,15.6811,15.9161,16.8281,17.2101,16.5631,15.1811,14.6221,14.2981,13.0631,12.1221,12.7391,15.6221,17.4751,16.9751,14.2691,13.6221
CO2_TUG_BCT2,2021-09-26,1719,False,7,0.08858,3.97158,9.26558,12.3236,13.5296,12.7656,13.3536,16.2066,18.9126,22.3826,25.1476,23.8236,18.7656,15.4416,14.4416,13.9416,14.0006,14.9126,16.1476,16.8536,15.7356,11.9716,9.91258,9.58858,9.20658,8.97158,9.91258,10.5296,10.3826,9.91258,9.67658,9.61858,9.44158,9.44158,10.2066,10.9126,10.2656,7.44158,5.85358,5.55958,4.88258,3.70658,3.52958,4.11858,4.85358,4.88258,4.94158,5.44158,6.08858,6.58858
CO2_TUG_BCT2,2021-09-26,1723,False,7,5.88494,5.47394,5.85594,7.94394,10.8849,13.0619,15.4149,19.0319,25.0319,29.0029,29.6209,27.8259,24.8559,24.1209,25.0619,23.2969,17.7379,13.2969,10.6209,8.85594,10.6499,13.2679,15.7089,16.1209,15.7969,17.4739,16.9439,12.4149,8.09094,7.64994,9.64994,9.50294,7.53194,7.59094,8.50294,8.82594,8.00294,8.29694,10.2089,12.0619,13.8259,14.2969,14.2679,14.9439,16.2089,15.7379,13.4739,12.1789,11.0909,9.32594
CO2_TUG_BCT2,2021-09-26,1734,False,1,-0.87846,0.23854,0.44454,0.12154,0.09154,1.03254,3.35654,7.91554,15.7385,28.2095,34.8855,34.6505,30.2385,24.7385,21.7685,19.9155,17.9735,16.4735,18.0915,20.7095,22.0625,19.6215,18.8855,21.0035,22.4445,23.2975,23.9155,23.4735,22.0915,21.3855,21.2975,21.3565,21.8265,22.7685,23.2975,23.6795,23.4445,21.7095,21.6215,22.6505,21.3265,19.1215,16.5915,15.0915,13.7685,12.3565,13.5035,16.9735,17.3265,15.2095
CO2_TUG_BCT2,2021-09-26,1744,False,22,8.82712,8.65112,10.2981,10.5631,9.50412,9.44512,10.9451,13.3271,13.8861,14.2981,15.5331,15.3271,13.7691,13.3271,13.5041,12.5921,10.2691,11.0041,15.0331,16.7981,15.6511,13.3271,10.8571,8.62112,9.21012,9.23912,7.15112,3.73912,0.79812,3.68012,6.53312,7.12112,6.15112,5.26912,4.82712,5.41612,6.32712,5.38612,4.65112,5.23912,6.65112,7.35712,7.41612,7.29812,7.76912,9.26912,9.23912,8.88612,11.2981,11.6211
CO2_TUG_BCT2,2021-09-26,1745,False,13,5.94748,8.30048,9.15348,8.12448,6.44748,5.59448,5.97748,7.74148,9.59448,11.4775,11.5065,9.97748,9.56548,10.0945,10.5945,10.0945,9.44748,9.03548,9.53548,9.74148,7.41848,6.09448,6.12448,6.03548,7.00648,9.24148,9.59448,7.38848,5.00648,5.47748,7.47748,6.94748,7.38848,9.91848,10.0655,7.18248,4.59448,3.80048,4.18248,5.06548,5.06548,4.27148,4.32948,4.27148,2.41848,3.00648,5.41848,4.35948,3.91848,5.50648
CO2_TUG_BCT2,2021-09-26,1746,False,29,8.82478,9.23678,10.5898,10.5898,10.2368,10.1488,10.0308,10.5018,12.2368,13.7658,14.5898,13.7658,12.2068,10.2958,9.82478,10.6488,10.9718,9.79578,6.97178,5.03078,5.82478,8.61878,10.2068,10.3838,9.58978,8.64878,8.82478,11.3538,12.4428,11.5598,10.0598,8.82478,10.0598,11.4718,11.8538,10.7958,9.20678,7.20678,6.08978,5.97178,6.97178,9.50178,12.1488,10.1778,7.64878,6.05978,6.00178,6.85378,6.53078,5.53078
CO2_TUG_BCT2,2021-09-26,1749,False,0,3.91964,3.03664,3.21364,4.09564,4.36064,4.18364,4.80164,8.30164,16.3306,22.9486,23.5666,20.4486,18.2726,16.6546,15.1546,14.0366,13.5076,14.6546,15.2726,14.9786,15.1546,15.5956,14.9786,13.3306,10.4486,8.27264,7.18364,6.38964,7.38964,9.21364,8.03664,7.00764,8.24264,10.8306,10.3606,6.91964,6.03664,6.74264,5.00764,2.97864,0.91964,-0.43336,1.36064,6.00764,8.30164,8.12564,7.30164,7.50764,7.21364,3.97864
CO2_TUG_BCT2,2021-09-26,1757,False,7,0.00178,-0.08722,0.50178,-0.94022,-2.23422,-2.46922,3.88378,38.2078,99.0898,138.531,161.825,156.56,119.56,88.0308,77.7658,75.5598,73.2658,72.5598,72.7078,67.2958,51.3548,34.6778,26.5308,20.8838,16.0018,14.6188,15.7078,18.9718,24.4428,26.5898,24.6488,18.0308,9.97178,7.88378,10.2958,11.6488,11.3548,10.4128,9.85478,9.08978,7.58978,6.17778,4.73678,4.55978,5.88378,7.23678,7.26578,6.14878,5.23678,5.17778
CO2_TUG_BCT2,2021-09-26,1758,False,4,6.32812,6.71012,7.03412,9.09212,9.59212,11.3871,20.0041,38.5041,70.0631,89.0341,92.4751,90.8571,85.2981,70.3871,52.1511,39.9451,28.2691,20.8281,19.5341,20.6221,20.2391,18.6811,18.8571,19.0631,19.1511,20.4751,20.6511,19.3281,18.4161,18.0921,18.2101,17.3571,14.5631,11.7691,10.9451,11.3281,11.7391,11.7691,11.1811,11.8281,14.8281,17.7691,16.2391,11.0341,10.4751,14.1221,15.0921,14.8571,14.7691,14.0341
CO2_TUG_BCT2,2021-09-26,1759,False,1,4.79812,5.91612,4.97512,1.76912,0.44512,3.24012,11.7101,22.8871,43.2981,82.0631,109.534,108.004,88.2101,71.0631,51.2401,33.5041,24.6811,18.8281,16.2691,16.1811,16.3871,14.3871,9.24012,5.44512,5.88712,9.15112,11.2691,11.0041,8.00412,6.62212,6.85712,6.35712,5.71012,5.26912,5.68112,6.59212,6.32812,5.71012,5.18112,4.88712,4.38712,3.59212,4.50412,8.44512,12.7401,13.1221,10.5041,9.15112,9.44512,10.1511
CO2_TUG_BCT2,2021-09-26,1761,False,12,4.42142,3.95042,6.48042,7.74442,7.06842,6.71542,6.18542,4.71542,5.33342,8.98042,12.0094,11.0094,6.98042,5.53842,6.45042,6.50942,5.15642,3.95042,5.77442,6.77442,5.95042,4.68542,2.50942,0.42142,0.00942,1.56842,4.21542,5.89142,6.83342,6.12742,3.83342,2.74442,3.21542,3.92142,3.33342,3.50942,4.12742,2.95042,3.77442,7.18542,7.50942,5.15642,4.95042,5.68542,6.18542,5.98042,5.30342,5.21542,4.74442,3.83342
CO2_TUG_BCT2,2021-09-26,1784,False,3,8.30634,8.33634,6.95334,6.30634,6.86534,9.24834,16.5713,26.5423,33.3363,39.0123,41.1593,37.9533,30.8363,26.7773,24.9243,23.3653,21.6893,19.5123,18.6003,17.0423,13.7483,11.8653,11.1893,10.9243,10.6303,9.92434,9.24834,9.21834,9.45334,8.10034,5.30634,4.57134,4.60034,4.18934,3.89534,3.39534,2.42434,1.65934,0.65934,-0.60466,-1.57566,-1.16366,1.83634,3.15934,2.48334,2.21834,2.39534,2.13034,1.65934,0.92434
CO2_TUG_BCT2,2021-09-26,1791,False,9,6.42024,6.06724,5.21424,5.71424,9.18424,14.4492,19.3022,25.2142,28.8612,30.5962,32.3312,31.4492,26.8612,22.3312,20.2432,18.9202,16.9782,15.0372,16.3022,18.0372,18.2142,16.1252,14.8312,13.4782,10.3612,8.27224,7.12524,6.62524,6.33124,5.86124,5.62524,5.62524,5.71424,5.00824,2.97824,2.68424,5.12524,8.09624,8.65524,7.36124,6.36124,5.33124,4.15524,3.65524,3.59624,3.62524,3.86124,4.24324,3.83124,2.92024
CO2_TUG_BCT2,2021-09-26,1800,False,9,-0.20188,0.44512,1.50412,2.88612,6.00412,10.0631,12.4741,15.2691,19.0921,21.2691,22.2101,20.8271,15.9451,11.1211,10.1511,11.3571,11.2981,10.4741,9.44512,8.76912,8.47412,8.71012,8.82712,8.15112,6.76912,6.29812,6.79812,7.79812,8.29812,6.44512,5.32712,5.15112,4.29812,2.68012,0.29812,-0.64288,-0.31988,0.00412,0.76912,2.41612,3.73912,5.23912,7.41612,7.06312,4.85712,5.26912,7.41612,10.2391,10.7981,9.79812
CO2_TUG_BCT2,2021-09-26,1816,False,28,10.4724,11.0904,10.2664,9.67836,8.67836,6.82536,6.26636,7.79636,10.5024,12.6494,14.4134,13.2374,9.11936,7.06136,7.29636,8.47236,9.29636,8.64936,6.85536,6.38436,7.20836,7.61936,7.29636,7.06136,7.82536,7.06136,4.41336,3.67836,4.67836,4.94336,5.06136,5.73736,6.29636,5.38436,3.06136,1.76636,0.67836,-1.11564,-1.20364,1.26636,4.26636,5.06136,4.32536,4.26636,4.67836,4.23736,4.00236,3.94336,3.26636,3.06136
CO2_TUG_BCT2,2021-09-26,1817,False,14,6.7107,6.7107,6.6227,5.9167,4.7107,5.7397,9.6517,12.9757,16.0047,20.1227,20.3577,15.4457,10.2987,10.1517,12.7397,12.0637,11.1517,11.2987,10.4757,9.0927,9.6817,9.5927,8.2987,8.5347,10.7697,14.4757,15.3577,13.2397,11.3867,10.9167,10.3867,8.7397,7.8287,7.8287,8.4167,7.4757,3.0047,2.0347,4.2697,3.7397,2.3287,1.2697,1.1227,2.2397,3.8287,4.0637,2.9757,2.0637,2.0047,2.5637
CO2_TUG_BCT2,2021-09-26,1818,False,7,2.20658,1.32458,2.08858,10.2066,32.7946,56.7656,65.8826,66.4716,66.4416,68.0596,70.8536,68.0006,56.2066,44.0886,38.6476,36.3536,35.6776,33.4416,27.1476,24.0306,23.3536,21.5306,20.8826,21.7946,23.2066,25.1476,25.9416,24.7656,21.4716,18.3246,16.5306,14.9716,13.8826,12.1476,9.76558,10.3826,14.9416,19.2066,19.1776,16.0306,14.2946,14.7946,16.8536,17.3536,15.1476,11.7066,9.05958,6.50058,5.20658,5.53058
CO2_TUG_BCT2,2021-09-26,1819,False,9,0.73558,2.26558,5.08858,8.00058,10.5006,9.76558,10.2356,13.4416,15.8826,18.2066,20.1776,19.7066,16.7356,13.9716,11.7066,8.94158,8.79458,11.6776,14.1776,14.2946,12.7356,11.4416,10.1776,8.35358,8.03058,8.61858,7.88258,7.17758,7.79458,9.88258,10.7946,10.4126,9.70658,8.73558,8.23558,8.00058,8.00058,8.67758,8.88258,8.32458,6.85358,4.00058,2.05958,2.88258,5.88258,7.76558,8.17758,8.11858,7.41258,6.00058
CO2_TUG_BCT2,2021-09-26,1828,False,3,5.88258,5.64758,5.23558,4.94158,4.73558,6.61858,10.9126,14.0596,18.3246,24.1186,25.7356,21.8246,15.6776,14.4126,17.2656,18.2946,17.7946,18.5306,19.2946,19.1476,17.9716,17.2946,17.1476,16.8246,17.0596,18.6476,17.3246,12.0596,8.35358,7.82458,8.55958,8.03058,5.73558,3.82458,3.08858,3.26558,4.32458,4.05958,2.50058,3.20658,4.97158,3.20658,2.50058,4.14758,5.17758,6.00058,7.29458,7.03058,5.00058,3.61858
CO2_TUG_BCT2,2021-09-26,1834,False,3,3.11976,3.11976,2.82576,1.85476,0.00176,-0.70424,-0.08624,2.73776,10.7668,20.0608,21.2078,15.5608,11.7668,10.7078,10.2378,10.5608,12.1788,13.8258,12.7668,9.56076,8.64876,9.11976,9.67876,10.2378,11.4428,12.9728,12.6198,9.64876,6.32576,4.79576,4.26676,4.76676,6.38476,7.58976,8.14876,8.64876,8.91376,9.17876,9.58976,9.23776,7.38476,5.00176,3.79576,3.44276,3.67876,3.88476,3.88476,3.61976,2.91376,2.20776
CO2_TUG_BCT2,2021-09-26,1850,False,9,9.588,7.794,7.176,9.647,15,19.029,22.411,24.353,25.235,26.235,26.823,26.411,24.735,23.735,24.323,26.264,26,23.176,20.559,17.794,16.294,17,18.617,18.294,17.029,15.559,15.235,16.794,19.206,19.059,16.853,16.323,16.147,14.911,11.647,6.176,3.706,2.647,0.794,0,1.059,3.411,4.47,3.676,1.97,2.411,4.882,5.706,4.706,2.823
CO2_TUG_BCT2,2021-09-26,1851,False,8,1.97218,2.82518,4.70718,6.35418,12.1192,23.6482,31.2952,36.7072,40.5902,42.7072,44.2952,42.0012,36.0012,33.5012,32.4722,30.8842,30.9422,30.0902,27.5012,27.0902,27.8542,26.1482,24.2072,21.4422,17.5012,14.3842,11.2952,9.41318,8.29518,7.73718,6.97218,5.61918,5.50118,7.29518,9.56018,9.88418,8.82518,8.56018,8.38418,7.23718,5.64818,5.38418,6.09018,5.38418,3.09018,2.00118,2.56018,3.94218,4.44218,4.29518
CO2_TUG_BCT2,2021-09-26,1853,False,2,6.4167,6.5047,3.5927,0.2397,-1.5243,-2.4363,-1.1133,4.7107,12.4167,16.9757,19.4757,19.4167,18.4167,17.1227,14.5637,10.5047,8.7697,8.1517,7.7107,8.7987,8.9457,7.5927,6.5047,6.1817,7.0927,7.4457,6.5927,5.5927,6.5047,9.0927,9.0047,5.6517,2.9167,2.7987,4.5927,6.2987,7.3287,8.3287,8.7107,8.0637,6.6817,6.2397,6.8577,7.5927,8.0927,8.6517,9.0047,7.1517,2.0637,0.0047
CO2_TUG_BCT2,2021-09-26,1856,False,22,9.24952,8.98452,10.7495,13.8965,14.1605,11.7785,10.8665,11.2495,12.4545,14.0725,14.5725,14.1015,13.1315,11.4545,10.1315,8.74952,7.30752,8.04352,9.07252,9.66052,9.77852,8.86652,7.07252,6.83752,8.04352,8.01352,6.45452,5.24952,4.80752,5.24952,6.83752,7.27852,6.42552,5.71952,5.19052,5.04352,5.71952,7.13152,7.92552,8.71952,10.1315,10.8375,10.9255,10.8965,10.7195,10.7195,11.4845,12.3965,13.2195,12.4255
CO2_TUG_BCT2,2021-09-26,1861,False,21,18.4108,14.9408,14.2638,15.1168,15.9988,17.9408,20.9108,21.9408,23.0578,26.9698,28.5578,27.6758,27.1458,24.9408,20.1758,17.0578,14.8818,13.1168,11.6168,9.73482,9.08782,8.49882,6.35182,6.76382,10.8228,14.2638,14.5288,11.8228,8.38182,7.58782,8.79282,9.29282,9.14582,9.35182,9.32282,8.82282,8.20482,7.94082,8.85182,9.41082,10.2048,12.2048,12.4108,10.5578,8.70482,6.94082,6.41082,6.05782,5.14582,4.70482
CO2_TUG_BCT2,2021-09-26,1865,False,11,5.2703,3.1233,0.8873,1.9463,6.9753,10.9753,12.1523,12.0343,11.6233,11.8583,12.6233,11.7703,8.2993,4.8283,3.8583,3.7113,2.4463,2.7403,4.8873,5.4173,4.6233,4.8873,5.5053,6.0343,6.1813,5.5053,4.2403,4.5933,5.9173,5.2113,4.4463,4.5643,5.0933,5.7993,6.6813,6.4463,5.0933,4.2113,2.8283,0.9463,1.5343,3.2403,5.1523,5.3873,4.0933,3.2703,2.3583,1.4173,2.3283,2.9173
CO2_TUG_BCT2,2021-09-26,1866,False,12,8.0637,10.1517,10.5047,8.2987,5.8287,5.7107,7.2397,7.9167,9.4457,12.5637,12.9757,10.3577,8.2987,8.1517,9.0347,9.5047,9.5637,9.5927,9.7987,10.0347,9.6817,8.6227,7.4167,7.9757,9.2697,10.6517,10.4457,8.8877,8.4757,8.9757,9.2397,8.2397,7.1227,6.1817,6.3287,6.9757,6.2107,5.1517,4.3577,4.4167,5.0637,5.9757,5.9757,5.0927,4.5637,4.1227,3.8877,4.5347,2.8287,-1.6423
CO2_TUG_BCT2,2021-09-26,1867,False,15,18.4747,18.6217,22.3577,34.3277,48.3867,53.8277,54.2697,55.4457,57.9747,61.7397,62.4457,57.5047,48.8277,41.5047,34.4457,31.7107,30.5637,28.3867,27.8867,27.5047,24.1517,21.6807,20.5637,20.7697,21.8867,22.0337,21.1807,19.7397,18.9747,18.4167,17.3867,16.2987,15.5337,16.2107,16.5927,16.2107,15.9167,15.4167,14.7107,15.9167,17.9747,16.5927,15.2987,14.6217,13.0047,12.3277,12.5637,11.9747,11.0637,12.0047
CO2_TUG_BCT2,2021-09-26,1870,False,12,1.00412,1.50412,4.00412,5.59212,5.53412,4.85712,5.23912,8.47512,14.7101,18.4161,19.7391,19.3571,17.8571,15.9161,15.7101,16.2691,16.6511,15.6511,12.8571,10.7981,10.4751,9.94512,7.65112,6.76912,7.50412,7.68112,6.79812,5.65112,5.44512,6.32812,7.44512,7.47512,6.62212,6.38712,6.79812,7.06312,7.23912,7.00412,5.68112,3.82812,1.56312,1.76912,4.21012,5.32812,6.65112,9.21012,10.1511,10.0921,10.0341,9.79812
CO2_TUG_BCT2,2021-09-26,1873,False,8,2.44806,2.50706,6.59506,24.0361,51.5071,62.1541,58.4771,52.4481,49.5651,58.0071,64.7131,62.9181,52.0361,40.2421,26.9771,18.4181,12.2421,8.36006,6.36006,3.91806,2.06506,1.71306,2.30106,3.77106,5.21306,3.71306,1.97706,2.03606,4.77106,7.50706,10.0071,10.7131,9.91806,9.41806,9.09506,8.38906,7.68306,7.41806,7.27106,6.30106,4.18306,2.88906,3.33006,4.00706,2.53606,1.00706,0.00706,0.27106,1.86006,3.21306
CO2_TUG_BCT2,2021-09-26,1874,False,6,14.431,13.755,11.137,6.784,5.579,7.314,9.99,18.343,32.167,39.931,42.608,41.902,39.255,34.814,28.373,18.49,12.755,12.373,12.284,8.873,7.608,9.284,11.049,13.52,16.196,17.931,19.402,19.402,16.667,12.373,9.814,7.461,4.99,6.579,12.079,14.726,13.667,10.931,10.196,11.196,11.52,12.079,13.226,12.167,9.431,9.373,9.637,9.049,9.02,8.961
CO2_TUG_BCT2,2021-09-26,1881,False,1,8.383,8.706,7.589,8.147,9.706,8.677,7.5,10.177,18.118,23.677,26.824,26.53,22.942,19.971,16.294,10.589,8.471,8.559,8.5,7.559,5.677,4.971,6.706,10.236,11.559,10.853,9.471,9.294,10.618,11.853,10.942,7.942,6.177,6.706,8.383,8.059,6.53,7.5,8.706,9.089,8.824,8.383,7.912,7.677,6.236,2.912,2.824,6.824,10.265,10.706
CO2_TUG_BCT2,2021-09-26,1883,False,6,8.41258,9.58858,10.5006,10.4416,9.05958,7.00058,6.50058,7.52958,9.58858,12.4716,13.0886,12.2066,11.4416,12.0596,11.9716,10.8246,11.2066,11.3536,7.70658,6.02958,5.94158,3.61858,2.32458,2.41258,1.41258,0.02958,1.44158,2.82458,4.17758,6.29458,5.58858,2.17758,1.73558,3.14758,1.55958,0.64758,1.85358,3.35358,4.58858,5.91258,5.70658,5.55958,8.50058,9.55958,8.17758,7.61858,7.02958,5.50058,3.82458,3.02958
CO2_TUG_BCT2,2021-09-26,1884,False,7,4.62036,1.50236,2.50236,6.53136,6.73736,7.94336,16.0024,27.5314,32.7674,34.0904,35.3844,35.1494,33.2084,30.9724,27.5614,24.3554,22.0904,19.5614,17.8844,16.5614,15.4724,13.9144,10.8254,8.29636,7.91436,8.67836,8.59036,8.41436,9.82536,9.12036,6.20836,5.64936,5.41436,4.14936,4.00236,5.56136,7.56136,9.06136,9.38436,7.14936,6.56136,8.12036,8.23736,7.41436,8.32536,8.88436,8.29636,7.41436,5.73736,2.91436
CO2_TUG_BCT2,2021-09-26,1885,False,16,13.1505,12.1505,10.7975,11.0915,13.3565,15.3265,16.7095,18.8855,21.2975,24.4445,28.8855,28.4735,23.5915,21.4735,19.7095,16.0035,14.2095,14.7385,16.6205,17.9735,16.1795,11.6205,9.91454,10.5615,10.2385,9.15054,7.67954,6.94454,6.62054,6.09154,5.38554,4.41454,3.91454,3.73854,4.20954,5.97354,7.82654,9.62054,9.03254,6.79754,6.91454,6.70954,4.97354,4.17954,3.82654,2.70954,2.56154,3.88554,5.41454,6.88554
CO2_TUG_BCT2,2021-09-26,1900,False,3,8.41612,11.1221,13.0921,14.8271,13.5331,8.47512,4.94512,8.03312,19.6801,31.7391,35.0331,32.2981,27.1511,18.2691,11.4751,9.47512,8.56312,6.56312,6.35712,8.09212,9.12212,9.94512,11.4751,13.0631,14.5631,14.4161,12.8861,10.5631,10.2391,12.6801,15.5921,15.6801,13.4751,12.2981,12.1511,12.2101,12.5631,12.5631,11.2691,11.1511,11.5041,9.71012,9.12212,10.4451,11.7391,12.2981,11.0921,10.0631,9.94512,10.5041
CO2_TUG_BCT2,2021-09-26,1911,False,3,7.38554,10.0625,10.1205,7.82654,6.03254,5.17954,6.09154,8.59154,13.8565,19.1795,20.5625,19.0625,15.7975,10.7675,8.70954,9.03254,9.53254,8.97354,7.85654,6.41554,5.94454,6.32654,6.56254,6.65054,7.12054,7.97354,7.73854,6.29754,4.97354,4.17954,4.91554,5.70954,5.79754,5.00354,3.85654,2.38554,1.73854,2.12054,3.23854,5.12054,7.91554,8.56254,6.85654,5.17954,4.50354,4.91554,6.53254,7.09154,5.79754,3.79754
CO2_TUG_BCT2,2021-09-26,1918,False,11,8.88476,8.53176,9.64876,12.0318,13.8848,14.2368,13.6198,11.9728,10.5318,12.6488,14.2668,14.0318,13.0018,11.8258,10.4138,10.2668,11.8258,13.6788,14.1788,13.5608,12.7668,11.7958,10.2668,8.91376,7.88476,8.14876,8.79576,9.56076,10.3258,11.0608,12.0318,12.4728,12.2958,11.8848,12.1198,13.0318,13.4728,13.2958,12.9428,13.4428,13.6488,11.2668,9.50176,8.79576,8.41376,8.61976,9.64876,9.20776,7.41376,7.14876
CO2_TUG_BCT2,2021-09-26,1921,False,7,4.23794,4.12094,6.00294,11.2969,14.9149,16.4439,16.1499,16.9729,20.0319,23.8259,27.5319,26.5909,23.3559,19.1499,16.9439,17.6499,19.7679,19.4149,17.2089,17.4149,17.7679,16.2379,13.5619,11.6499,10.2089,10.4149,11.9729,12.2969,10.9439,8.09094,6.03194,5.88494,6.73794,6.97294,6.56194,6.17894,5.00294,2.88494,2.20894,2.53194,3.03194,3.35594,4.09094,5.32594,4.79694,3.47294,4.76794,5.06194,3.35594,2.56194
CO2_TUG_BCT2,2021-09-26,1922,False,10,7.09094,6.88494,6.56194,7.50294,9.70894,10.1499,10.0619,12.5909,15.4439,17.7679,17.7969,17.5029,17.5619,15.2089,10.0619,7.76794,9.56194,12.3849,10.9439,9.12094,8.35594,7.56194,5.88494,4.03194,3.50294,3.88494,4.09094,3.88494,3.50294,3.73794,3.23794,0.38494,0.17894,2.76794,3.47394,3.20894,3.17894,3.47394,4.41494,5.44394,4.85594,3.26794,3.62094,5.12094,6.94394,6.79694,5.26794,5.56194,6.59094,7.67894
CO2_TUG_BCT2,2021-09-26,1927,False,3,4.26558,4.94258,4.14758,3.67758,3.61858,3.58958,3.53058,4.47158,7.76558,14.2946,21.7656,19.1476,13.7366,8.91258,6.05958,4.14758,3.11858,3.85358,5.23658,4.58958,4.26558,5.08958,5.67758,6.67758,8.47158,8.67758,7.14758,5.97158,5.64758,5.67758,6.03058,6.03058,4.70658,4.38358,4.50058,2.91258,2.29458,3.23658,4.82458,6.76558,6.73658,4.44258,1.32458,1.50058,1.94258,1.14758,0.76558,1.41258,2.88358,4.08958
CO2_TUG_BCT2,2021-09-26,1928,False,19,25.735,25.647,22.353,20.323,19.823,19.823,23.353,31.117,36.941,41.176,42.176,40.5,37.147,34.529,31.764,27.353,24.117,20.559,16.706,14.5,13.147,13.029,14.117,16,16.676,16.088,15.294,14.323,13.117,13.912,14.529,10.294,7.47,7.088,7.059,6.823,6.441,6.823,7.5,6.764,6.088,6.941,9.353,9.323,6.441,3.235,0,-0.588,-0.824,-0.736
CO2_TUG_BCT2,2021-09-26,1929,False,18,20.0082,18.5672,17.6262,17.2142,18.3612,22.3312,26.8902,29.6262,33.1262,37.4202,37.9782,35.1842,31.8022,25.7432,18.8612,15.7142,15.3902,16.6262,16.0962,13.3612,12.0962,14.5082,20.1842,21.4782,17.8612,15.0082,15.7432,19.0672,21.6262,23.4782,23.8902,23.3022,22.3312,21.8312,21.5372,20.9492,19.8902,18.9202,19.8022,20.1552,19.3312,18.8022,18.2732,17.3902,17.2432,16.9492,15.1262,14.5962,16.3312,18.5372
CO2_TUG_BCT2,2021-09-26,1930,False,5,7.97158,8.32458,8.85358,9.55958,10.5596,11.2656,11.7946,12.2356,13.9416,17.4716,19.5306,19.5006,18.5596,17.9126,17.8536,18.4126,17.7066,15.6476,15.0006,15.5596,16.3836,15.6776,13.3836,12.2946,12.7946,13.7356,13.4416,12.5886,11.5006,10.4716,10.1776,11.7656,12.4126,11.8536,11.9126,12.5596,13.4126,12.8536,10.3246,8.00058,7.38358,7.53058,7.47158,8.67758,11.3836,12.0306,10.3246,8.64758,7.97158,8.38358
CO2_TUG_BCT2,2021-09-26,1931,False,1,3.09212,3.29812,3.09212,2.62212,2.47512,3.15112,5.09212,11.3281,30.2391,54.7691,62.3571,56.8281,51.2691,44.0331,35.8571,31.6221,32.1811,37.9751,38.9751,34.0631,29.4751,23.0331,15.5331,10.7691,6.41612,3.47512,3.50412,5.15112,4.85712,2.15112,0.21012,0.88612,2.71012,2.35712,2.53312,4.18112,4.18112,2.41612,1.53312,1.88612,2.82812,3.32812,3.62212,4.03312,3.79812,2.88612,2.26912,1.18112,0.00412,1.12212
CO2_TUG_BCT2,2021-09-26,1934,False,4,4.12858,5.09958,5.48158,4.83458,3.56958,4.54058,10.8046,20.1876,26.1576,31.3636,35.6286,35.5996,32.0106,26.6576,19.3936,16.8346,18.9526,23.0406,23.5106,20.4816,18.8346,18.4526,17.0406,14.0996,11.7466,9.54058,7.30458,3.89358,0.95258,0.77558,2.30458,2.83458,3.18758,4.12858,4.83458,5.36358,5.56958,5.39358,5.15758,5.33458,5.06958,4.21658,4.30458,5.89358,7.59958,7.06958,5.27558,5.65758,5.71658,4.42258
CO2_TUG_BCT2,2021-09-27,1,False,11,17.5631,23.1221,26.6511,26.8871,24.7101,22.2691,23.3571,25.7101,28.3871,30.4451,30.5921,27.0631,24.7691,23.7691,22.2691,20.8571,19.2981,18.0041,16.0341,13.7391,13.1221,13.2391,12.1511,10.3281,7.94512,7.06312,6.44512,4.29812,4.59212,7.62212,8.71012,8.68112,10.2981,11.3281,12.4161,14.7981,14.5341,11.3571,9.32812,8.88712,9.71012,9.56312,8.94512,10.4161,11.9451,12.9161,12.5041,11.1511,10.9751,9.97512
CO2_TUG_BCT2,2021-09-27,2,False,8,10.4841,9.60212,7.19012,7.42612,11.7201,16.4551,18.5141,19.5431,22.4841,27.2201,28.1311,27.3081,26.5141,24.8961,23.6901,26.0731,26.0141,20.3961,13.6021,11.0431,11.1901,11.4261,11.4551,11.1901,9.22012,6.16112,6.39612,7.30812,7.39612,6.98412,6.51412,6.98412,7.36712,7.19012,6.72012,6.48412,6.33712,5.22012,1.92612,-1.72088,-2.22088,0.19012,2.60212,3.89612,4.86712,4.86712,3.98412,3.66112,4.57312,5.27912
CO2_TUG_BCT2,2021-09-27,3,False,17,24.3671,24.5731,24.3381,23.6321,22.8381,21.8671,20.3381,19.3081,20.8671,26.1321,27.7201,24.1031,19.6611,18.1031,18.2501,17.3381,13.8381,9.48512,6.98512,6.54412,8.95612,10.9561,12.1031,12.4261,11.3081,8.89712,7.45612,8.01412,10.9851,13.7501,16.2791,17.0141,15.0441,11.6911,11.2791,12.7201,11.6911,9.98512,8.57312,8.89712,9.98512,8.75012,7.36712,7.22012,8.54412,8.72012,7.33812,6.07312,5.75012,7.48512
CO2_TUG_BCT2,2021-09-27,4,False,6,4.67406,4.85006,5.38006,7.79106,11.1741,24.7621,51.8211,77.5271,107.086,130.909,138.674,109.586,76.0561,40.1151,16.3211,9.58606,8.52706,8.52706,10.3801,14.0861,15.5861,15.5861,16.2911,15.0561,11.5271,10.7621,12.4091,12.6151,12.2331,13.1151,15.4971,15.2331,12.1741,10.8211,10.1441,7.70306,5.90906,6.43806,9.85006,10.9381,9.26206,7.85006,6.79106,6.23306,5.46806,4.05606,3.40906,3.79106,4.67406,4.96806
CO2_TUG_BCT2,2021-09-27,5,False,4,3.35358,3.17758,3.67758,6.70658,8.26558,8.00058,7.70658,8.61858,11.3836,14.0896,16.3836,16.2946,15.0596,13.4716,12.2366,12.1476,14.0306,13.5006,10.1476,8.64758,7.94158,6.64758,6.82458,9.55958,12.8836,12.8536,10.6776,10.9416,11.9126,12.5596,13.1186,12.9126,11.0006,9.47158,7.44158,4.55958,4.53058,7.20658,8.64758,7.64758,4.82458,5.03058,8.11858,9.00058,8.29458,7.44158,8.05958,9.64758,9.41258,8.67758
CO2_TUG_BCT2,2021-09-27,10,False,11,3.73834,6.14934,12.1493,18.3553,26.0023,30.4143,29.5023,27.4733,30.3263,32.8553,33.2963,30.5903,24.0323,19.1203,16.1493,12.5023,10.3263,9.41434,8.38534,7.20834,4.32634,0.29634,0.14934,4.38534,8.14934,7.64934,4.09034,2.70834,3.64934,4.50234,4.32634,4.82634,7.76734,8.62034,6.97334,6.09034,6.44334,7.32634,7.23834,5.64934,4.06134,5.64934,9.94334,9.79634,5.62034,4.35534,4.03234,2.70834,2.17934,3.50234
CO2_TUG_BCT2,2021-09-27,11,False,16,2.57136,3.36536,7.68836,11.1004,13.0124,15.2184,16.6004,16.7184,16.3654,16.7184,17.1594,15.9244,14.4244,11.9534,8.65936,7.18836,6.92436,6.33636,5.86536,6.86536,6.36536,4.13036,3.57136,3.15936,1.89436,1.77736,2.15936,1.13036,1.33636,2.63036,2.04136,2.18836,4.04136,5.54136,5.89436,4.39436,4.33636,5.36536,4.21836,3.42436,3.68836,3.54136,3.33636,4.18836,4.13036,2.83636,2.18836,1.15936,-1.19364,-0.72264
CO2_TUG_BCT2,2021-09-27,12,False,15,8.06606,9.44806,9.38906,8.94806,9.00706,9.91906,11.0661,11.3301,11.1251,12.4191,14.7421,14.3301,12.3301,10.5661,11.3011,10.6541,7.59506,6.62506,7.59506,7.86006,7.88906,7.86006,7.15406,6.71306,6.65406,6.59506,6.12506,5.15406,4.44806,3.91906,3.65406,3.38906,2.97806,3.09506,3.06606,1.62506,0.47806,-0.34594,-0.90494,0.00706,2.33006,3.44806,3.12506,2.06606,0.86006,0.56606,2.91906,4.44806,4.62506,4.33006
CO2_TUG_BCT2,2021-09-27,18,False,3,7.706,6.265,5.971,6.353,5.736,4.794,7.559,16.941,23.618,27.559,29,27.559,24.177,21.618,18.353,14.383,12.883,13.118,13,11.618,9.412,7.912,7.794,9.794,10.177,8.412,6.912,5.147,3.383,3.559,5.353,6.236,5.883,4.941,4.353,3.353,1.647,2.147,5.088,6.912,6.853,6,6,6.883,7.236,6.353,4.471,3.618,4.206,5.559
CO2_TUG_BCT2,2021-09-27,20,False,5,6.823,6,6.029,7.088,6.706,6.823,8.5,12.794,24.647,39.706,45.765,43.235,36.647,33.353,32.5,28.823,20.588,14.647,12.559,11.47,11.059,11.47,12.206,11.029,7.794,6.117,5.676,5.294,5.794,7.412,8.441,7.676,6.059,6.323,7.117,7.47,6.206,4.117,4.941,6.823,8.617,8.912,7.382,4.647,4,4.294,2.529,2.265,4.676,7.029
CO2_TUG_BCT2,2021-09-27,21,False,2,2.73716,4.38416,5.97216,10.1192,18.6192,26.6192,35.4722,42.6782,51.8842,60.5902,61.8542,56.3542,49.8542,44.4432,37.6482,31.0312,21.9432,14.2952,11.0312,10.5312,12.6482,12.2952,8.79516,7.23716,6.76616,4.79516,2.91316,0.88416,-0.70484,-0.79284,0.03116,0.09016,-0.32184,0.06016,-0.05684,0.00116,2.11916,3.44316,3.53116,3.09016,3.79516,7.26616,8.82516,8.14816,7.61916,7.09016,6.32516,7.03116,7.91316,5.64816
CO2_TUG_BCT2,2021-09-27,22,False,11,4.35416,5.06016,6.17816,4.59016,5.47216,10.0902,13.5012,16.6192,19.4722,20.7662,21.0902,19.1192,14.2072,10.7952,10.7372,12.2952,12.6782,12.0012,11.7372,13.3842,14.4722,14.5312,13.8542,12.6782,12.4432,12.5902,12.5312,11.9132,11.2072,11.7372,11.0012,8.73716,8.20716,8.03116,7.26616,7.64816,8.76616,8.26616,7.38416,6.35416,5.20716,4.94316,5.41316,6.09016,6.82516,6.82516,6.67816,6.85416,7.09016,6.88416
CO2_TUG_BCT2,2021-09-27,24,False,19,27.6511,24.9151,22.8861,20.5921,17.8271,17.2391,19.4451,22.8571,25.2681,27.2981,27.9451,27.1211,25.7391,23.4451,18.9151,14.9151,13.4151,12.3271,10.5621,10.5621,12.2101,12.2101,10.4451,9.38612,8.32712,6.59212,6.68012,7.73912,6.59212,5.82712,6.38612,7.15112,7.88612,8.94512,10.1211,11.5921,12.2101,11.5331,9.65112,8.18012,9.03312,11.6211,11.7101,9.76812,9.62112,8.97412,6.71012,5.65112,6.44512,8.32712
CO2_TUG_BCT2,2021-09-27,26,False,15,32.6494,30.8844,29.6494,30.7084,33.6194,36.1494,39.6194,43.4144,45.3554,47.4144,50.0904,48.4724,42.4144,38.2664,34.8254,31.3844,28.9724,26.9434,26.3554,23.8554,18.1494,14.2084,10.5614,6.73736,4.76636,3.88436,3.70836,2.56136,0.47236,0.50236,1.26636,1.94336,2.97236,3.70836,2.35536,1.76636,2.50236,2.50236,1.61936,1.23736,1.82536,2.76636,2.64936,3.20836,4.82536,4.32536,2.79636,4.38436,5.35536,4.61936
CO2_TUG_BCT2,2021-09-27,27,False,24,6.50824,7.03724,7.53724,7.92024,9.50824,14.9202,22.1842,25.1552,25.1262,25.3022,25.7432,25.1552,23.8022,21.9202,21.5082,22.8022,24.0672,23.3612,20.5962,18.6552,19.4492,22.0372,22.0372,19.3902,18.0082,18.0962,18.8022,19.5372,20.0372,20.5672,20.8612,19.9492,17.3022,15.4782,14.5962,14.4492,13.4492,11.0672,9.56724,9.65524,11.5672,12.7732,12.2142,10.1262,9.21424,9.53724,9.74324,9.53724,9.03724,8.65524
CO2_TUG_BCT2,2021-09-27,31,False,11,10.2372,9.44218,8.50118,8.41318,8.58918,7.76618,8.14818,10.6482,13.0312,14.0892,14.4422,13.0892,10.2952,9.70718,10.8542,12.3252,12.3542,12.2372,12.6192,12.6192,12.1782,11.9132,11.6782,11.4422,11.6482,11.6192,11.1782,11.0012,11.4422,12.3252,12.4132,12.2372,13.1482,13.5602,13.2372,13.3252,13.0602,11.2662,10.9422,12.9132,14.9422,15.0312,13.5012,11.2952,9.08918,9.91318,11.7372,13.0602,12.6782,12.7952
CO2_TUG_BCT2,2021-09-27,33,False,12,10.3548,10.3548,9.17778,9.61878,11.6488,12.6188,14.7368,19.6488,23.2078,24.4128,24.8548,24.2368,23.0898,23.5308,23.7368,22.1778,19.3838,16.5308,12.9428,10.1188,7.56078,6.35478,5.94278,5.23678,4.53078,4.26578,4.32478,5.00178,6.17778,6.44278,6.47178,6.44278,5.85478,6.35478,8.08978,8.44278,8.08978,9.06078,8.41278,6.41278,7.06078,7.56078,6.73678,6.14878,6.56078,8.06078,7.97178,7.14878,8.58978,8.20778
CO2_TUG_BCT2,2021-09-27,34,False,5,2.88494,4.17994,5.26794,7.41494,11.5329,24.3559,42.4439,44.2969,36.8849,43.0619,47.7379,45.9439,45.5329,46.2969,44.6499,43.2089,41.6209,38.8849,38.1799,39.5029,40.7089,40.5619,38.0619,37.2679,38.9439,40.3269,38.7679,34.5329,31.8559,29.9439,28.2679,29.1209,32.0909,33.0619,31.3849,28.0619,26.3559,25.6799,24.6209,23.2089,21.3269,21.0909,23.7969,28.0619,30.3269,31.7379,33.2379,32.7969,30.5029,29.0619
CO2_TUG_BCT2,2021-09-27,35,False,8,6.5637,6.5937,7.7107,8.5047,8.0637,9.2697,15.4167,20.9167,26.1227,31.9757,36.7107,32.6817,26.9167,20.7697,15.7997,13.8877,13.2997,13.3877,13.1227,11.3287,10.8287,11.3877,10.7407,10.5937,11.5047,12.5937,14.7697,17.4467,17.5047,15.2997,14.1227,13.9757,13.9757,14.0047,14.2407,14.7997,15.7107,16.9167,17.0637,16.2107,14.6517,13.0047,11.0347,9.9467,8.7107,6.8287,6.6517,7.4467,8.3287,7.8877
CO2_TUG_BCT2,2021-09-27,37,False,3,7.06036,6.11936,4.32536,4.09036,5.32536,6.17836,10.2664,20.4434,31.2074,42.1784,43.9434,38.1194,28.3254,22.5604,20.5604,21.3844,23.2074,25.9134,28.1784,28.2964,26.8254,24.8844,21.9724,19.6494,17.4434,14.5604,13.8254,13.8544,13.3254,12.2074,10.7664,10.7074,10.6194,9.97236,9.91336,9.61936,8.73736,8.38436,7.85436,6.38436,6.76636,8.53136,8.20736,8.61936,10.7074,10.8544,9.82536,10.9434,11.4134,9.91336
CO2_TUG_BCT2,2021-09-27,38,False,13,12.3542,14.4132,14.9422,15.7362,13.3832,11.6772,11.4712,11.9132,14.0302,17.4422,17.9712,14.6482,10.4422,8.91318,9.20718,9.50118,8.58918,6.20718,6.44218,9.32418,10.5602,11.0012,11.8242,11.5602,9.97118,8.79518,8.35418,7.38318,5.50118,4.56018,4.50118,5.03018,6.44218,7.88318,8.50118,7.85418,5.82418,5.38318,6.64818,7.35418,7.44218,7.44218,7.44218,7.44218,7.35418,6.64818,5.29518,5.17718,6.97118,9.14818
CO2_TUG_BCT2,2021-09-27,39,False,4,3.47924,3.83224,3.21424,2.06724,2.47924,3.03824,5.71424,12.7142,19.4792,26.4492,29.2432,28.4792,27.4792,26.5082,23.8902,19.8612,16.0382,11.5672,9.24324,8.74324,9.12624,10.4792,12.6262,13.0672,10.8612,6.59624,4.74324,6.59624,10.5672,10.5672,6.71424,5.47924,6.62624,6.53824,5.50824,4.27324,4.12624,4.97924,6.47924,7.71424,9.21424,10.5382,10.2142,7.68524,4.62624,3.36124,3.15524,2.89024,3.59624,6.39024
CO2_TUG_BCT2,2021-09-27,40,False,9,3.41512,4.38612,7.71012,13.7681,24.2981,31.5331,33.0041,32.0041,31.2391,32.3571,34.9451,34.3571,28.4151,21.0331,17.2391,15.0041,13.4451,13.5921,15.0331,16.4451,17.9451,18.5631,17.8571,15.7391,13.5631,12.2981,11.2981,11.1211,12.0041,13.0041,12.0331,8.79812,6.44512,5.79812,5.65112,4.94512,3.53312,2.97412,3.97412,5.62112,5.50412,5.88612,7.65112,8.29812,7.47412,6.29812,5.76812,5.47412,5.06312,5.29812
CO2_TUG_BCT2,2021-09-27,41,False,11,8.1511,7.2401,6.0341,5.8571,6.5631,8.2401,10.5041,14.3281,20.8281,25.8281,27.6221,23.2691,19.3281,17.0341,16.0041,15.1811,13.8281,13.4751,13.3871,11.9751,11.0931,10.9751,11.0041,11.2401,11.6811,11.6511,10.9751,10.2101,9.2691,6.6511,2.9161,1.4461,1.9161,3.7691,6.8571,8.2691,10.0931,13.5931,14.8571,13.6811,11.4161,11.3281,14.2401,17.2101,16.0341,11.9461,11.2691,12.1221,12.7101,12.9161
CO2_TUG_BCT2,2021-09-27,43,False,8,13.1778,13.1198,13.1198,11.7958,10.5608,11.4428,14.6488,19.7668,28.4138,34.5898,34.9718,31.8548,29.6488,30.1778,32.0898,30.0308,22.6488,16.7958,15.1488,14.7368,13.4718,12.0898,10.4718,9.03076,8.70776,11.0018,12.0308,11.0608,10.2078,10.6198,11.8248,11.0898,8.11976,6.32476,6.53076,7.20776,6.47176,5.61976,5.11976,5.41376,6.79576,8.17776,8.50176,8.32476,8.50176,8.23676,7.26676,6.23676,4.53076,2.73676
CO2_TUG_BCT2,2021-09-27,47,False,12,14.7964,19.2374,23.3254,25.1784,25.0904,23.9144,22.4724,23.3844,26.6194,28.4434,28.6494,27.7964,26.1784,23.5314,20.4724,16.5614,14.7084,14.8554,16.5024,19.0024,19.4144,17.4434,15.2374,13.7374,12.2964,12.1194,13.4434,14.5904,13.0024,8.91436,7.53136,8.91436,10.1494,10.7964,10.5904,8.82536,8.64936,10.1784,9.53136,6.82536,6.06136,5.94336,5.76736,6.70836,7.35536,7.35536,6.76736,6.29636,7.32536,7.14936
CO2_TUG_BCT2,2021-09-27,48,False,4,4.21246,4.80046,4.88946,3.74146,1.41846,0.56546,1.59446,4.09446,11.7715,26.4475,34.9185,34.8305,31.0655,28.1535,25.3305,22.9185,21.4475,19.0065,15.7125,14.2415,14.0065,13.5945,13.1245,13.5655,13.7125,13.0655,12.4185,12.6245,13.4475,13.1535,11.3305,9.77146,9.83046,10.4775,9.94746,10.7415,13.3005,13.2125,9.85946,7.15346,7.21246,9.00646,10.0655,11.1245,12.8305,12.5065,10.9775,11.8005,11.7715,9.33046
CO2_TUG_BCT2,2021-09-27,49,False,12,2.94628,3.91728,7.59328,10.4763,13.5053,18.3583,21.3583,22.5933,22.6233,24.0933,26.1523,24.0053,21.9173,21.1233,20.2993,18.3883,16.1523,15.9463,16.5353,15.0353,13.2703,11.6823,10.6523,9.38828,7.77028,7.29928,7.91728,8.65228,9.15228,9.59328,9.24128,7.38828,5.12328,4.88828,6.65228,8.41728,9.91728,11.6233,10.8293,8.35828,8.79928,9.53528,9.44628,9.68228,9.88828,10.0933,11.4173,13.5353,13.4463,12.3293
CO2_TUG_BCT2,2021-09-27,50,False,0,6.89084,7.47884,6.89084,6.15584,5.65584,5.65584,11.3028,34.3318,68.1258,80.5378,72.7728,60.8618,53.0088,46.0668,40.4498,32.3028,22.9498,17.9198,16.0668,17.3318,17.3908,14.9788,11.9198,8.00884,6.09684,5.68484,5.68484,6.41984,7.09684,7.56684,7.33184,6.41984,5.91984,5.71484,5.94984,6.97884,6.47884,4.18484,2.91984,3.47884,5.53784,6.30284,6.21484,7.21484,8.33184,9.09684,7.44984,3.27284,1.21484,1.44984
CO2_TUG_BCT2,2021-09-27,52,False,29,13.3287,16.4467,16.7997,15.1227,15.5637,16.1517,16.2697,17.0347,17.9467,18.9167,19.1817,19.0047,18.9167,16.6817,12.7107,12.3577,12.2697,10.5347,9.6517,10.0047,10.7997,10.0937,7.7407,6.2107,6.0637,7.3877,7.5637,6.2697,5.4757,4.6817,3.2997,2.9167,4.0047,5.6817,6.4757,5.6227,3.0637,1.9167,2.2407,2.8287,4.2697,6.2997,6.6227,5.7997,5.8877,5.0937,2.8287,1.9167,2.4757,3.2107
CO2_TUG_BCT2,2021-09-27,57,False,11,4.98512,6.42612,9.01412,9.10212,7.42612,5.01412,4.30812,6.51412,10.6021,13.0731,13.5431,11.6611,8.69012,4.86712,3.57312,3.80812,2.74912,2.86712,4.86712,6.22012,6.10212,5.24912,5.10212,4.80812,2.92612,1.92612,2.72012,4.51412,4.74912,3.51412,3.24912,3.86712,3.77912,2.92612,1.72012,1.63212,2.95512,5.27912,5.95512,4.92612,3.95512,3.60212,4.51412,6.95512,7.16112,4.95512,3.54312,2.92612,2.63212,2.22012
CO2_TUG_BCT2,2021-09-27,60,False,7,1.58858,1.50058,1.76558,3.70658,5.20658,5.58858,4.97158,6.91258,12.1186,15.5596,17.0596,16.6476,16.4416,16.5886,15.6476,15.0006,14.9126,14.8246,14.1186,12.7946,12.7066,13.3246,12.5306,11.2066,9.85358,10.2656,12.0596,12.2946,11.9126,11.3836,10.2656,8.38358,5.70658,5.85358,8.26558,8.61858,9.05958,10.8536,11.6476,10.5886,8.17758,6.67758,6.76558,8.47158,8.17758,5.61858,5.20658,7.38358,9.23658,9.50058
CO2_TUG_BCT2,2021-09-27,61,False,14,19.6788,15.5018,16.0608,20.4138,21.4428,18.2078,14.9728,16.0608,21.0898,24.2958,24.3548,22.8548,20.9138,18.0018,15.8548,14.9428,13.9428,12.6788,11.4728,9.79576,7.47276,4.32576,3.29576,4.47276,6.61976,7.26676,6.70776,5.85476,6.29576,7.88376,8.38376,8.61976,10.0018,12.0018,12.0318,10.3548,10.0608,10.8838,10.7668,11.2078,12.0898,11.1788,10.5898,10.8838,10.6488,9.73676,9.20776,8.61976,7.20776,5.97276
CO2_TUG_BCT2,2021-09-27,64,False,19,6.64994,6.44394,6.14994,6.62094,8.91494,9.85594,9.56194,10.2089,12.0319,14.8849,16.0029,15.2379,14.0319,13.2089,11.9739,10.2969,9.32694,8.91494,9.64994,10.3269,8.14994,6.44394,7.41494,11.0029,11.6499,9.09094,7.70894,7.76794,8.14994,7.67894,6.29694,5.59094,5.50294,5.41494,4.79694,4.09094,4.73794,4.79694,3.23794,1.38494,0.85594,1.26794,1.64994,1.44394,0.44394,1.06194,2.85594,2.50294,2.67894,4.32694
CO2_TUG_BCT2,2021-09-27,67,False,8,6.06684,5.33184,5.80284,9.74384,17.5088,22.6558,24.3028,22.0378,22.7138,27.7138,30.5668,28.7728,22.1258,16.6258,13.8318,16.2728,19.0378,20.6848,20.7438,18.4788,15.1558,13.4788,13.0668,13.3318,13.7728,14.2438,14.1558,13.0088,11.2438,9.50884,7.06684,5.18484,4.59684,4.50884,4.44984,5.39084,7.91984,8.91984,8.86184,9.89084,11.2438,12.5378,11.6848,9.18484,8.83184,8.41984,6.86184,6.36184,6.18484,5.27284
CO2_TUG_BCT2,2021-09-27,69,False,5,4.03018,1.50118,1.32418,2.56018,1.38318,4.00118,23.3542,57.6772,80.9712,97.2952,101.648,90.3242,70.6482,55.0602,39.8832,31.7952,27.8832,22.5012,18.7652,16.3242,15.4712,14.3242,11.5302,9.50118,9.58918,10.9712,11.9422,12.7362,13.5892,14.9122,16.3542,15.7362,15.6482,16.7362,15.7652,12.3242,10.2072,9.79518,10.0012,10.4712,10.7072,10.7652,10.9422,10.9422,10.2362,9.67718,8.67718,6.82418,6.11818,6.53018
CO2_TUG_BCT2,2021-09-27,71,False,17,14.5,15.089,14.677,14.118,14.324,16.236,17.589,18.206,18.5,19,19.736,18.53,15.059,12.883,11.971,11,10.5,10.206,9.677,9.059,8.795,9.647,9.53,7.736,6.206,6.589,8.265,8.118,6.589,6.824,7.295,6.677,5.412,5.883,8.118,9,8.206,7.03,6.383,5.147,2.942,2.942,5.177,6.412,5.618,3.147,2.618,3.618,3.353,4.412
CO2_TUG_BCT2,2021-09-27,74,False,13,3.912,9.177,12.883,13.765,12.618,12,12.736,16.206,23.765,29.589,30.677,28.03,23.736,21.324,19.942,17.706,13.412,9.824,8.118,6.353,4.5,3.971,4.353,4.5,3.824,2.589,3.265,5.765,6.853,7.971,10.147,10.118,7.677,5.971,5.236,5.206,6.706,8.294,9.706,9.412,7.147,5.177,3.971,3.206,4,5.324,6.794,7.118,5.559,3.059
CO2_TUG_BCT2,2021-09-27,75,False,9,7.82418,9.32418,11.5012,12.9132,13.2662,13.9422,19.4132,32.1192,42.0302,45.2362,45.7662,45.3242,43.4712,39.7662,34.8542,26.8832,20.1482,15.0892,9.00118,6.26618,4.94218,2.70718,2.20718,3.23618,3.58918,4.29518,5.44218,5.00118,4.64818,5.06018,5.38318,4.70718,2.58918,1.53018,2.08918,3.64818,5.44218,7.17718,7.03018,7.17718,8.44218,8.64818,7.56018,6.47118,5.00118,2.61918,1.53018,2.08918,3.53018,4.38318
CO2_TUG_BCT2,2021-09-27,76,False,4,3.14818,3.08918,2.47118,2.73618,4.08918,5.53018,11.5012,24.0012,35.6482,47.2072,50.8542,47.5892,39.9422,33.1482,29.2652,25.5592,22.2072,16.8242,10.6182,7.35418,5.41218,4.26518,4.05918,3.55918,1.94218,1.26518,1.58918,1.53018,0.61818,-0.44082,0.00118,1.82418,2.73618,2.61818,2.20718,2.32418,2.29518,1.03018,1.20718,2.50118,1.73618,0.47118,-0.44082,0.20718,2.03018,2.29518,2.20718,2.61818,2.97118,3.94218
CO2_TUG_BCT2,2021-09-27,77,False,29,5.20894,6.79794,8.06194,9.09194,10.4739,10.9449,11.9739,15.2389,16.8559,16.8559,17.0329,16.7679,15.7979,15.0029,15.1799,17.0619,18.2979,19.3859,21.2679,22.2089,22.2679,21.6209,19.2679,16.0329,14.7089,12.8859,8.06194,4.59194,2.47394,2.09194,2.20894,0.59194,-0.23206,0.32694,1.09194,1.82694,2.73894,2.82694,2.65094,3.67994,4.88594,5.20894,3.56194,2.47394,2.41494,3.12094,4.53294,5.26794,5.41494,4.47394
CO2_TUG_BCT2,2021-09-27,86,False,5,2.85536,1.26736,0.12036,0.82636,1.23736,0.82636,0.00236,0.79636,5.20836,11.3264,13.7374,11.7084,7.03136,4.91436,5.14936,5.82636,6.56136,6.50236,5.97336,5.94336,7.26736,7.44336,6.32636,6.88436,8.44336,7.47336,6.44336,7.47336,10.3264,10.2964,7.23736,5.67936,4.76736,2.70836,2.17936,4.14936,6.79636,6.62036,4.03136,3.32636,4.56136,5.32636,5.76736,5.76736,4.47336,4.53136,6.32636,7.50236,8.09036,8.17936
CO2_TUG_BCT2,2021-09-27,92,False,6,10.8005,9.77148,8.15348,7.68248,8.30048,9.06548,9.80048,10.9185,12.5355,14.7125,15.3885,15.0945,14.8295,14.9475,14.2125,12.4765,12.3595,13.1825,12.0355,9.56548,6.15348,4.68248,5.88848,8.71248,10.0945,10.0355,9.50648,8.80048,7.88848,7.91848,9.03548,10.0655,11.0065,11.9765,11.6245,10.3005,8.35948,7.32948,6.50648,5.09448,4.41848,4.56548,4.91848,4.21248,2.44748,2.12448,2.71248,2.18248,3.03548,6.24148
CO2_TUG_BCT2,2021-09-27,93,False,5,-0.32184,0.67816,1.91316,3.85416,5.41316,5.70716,7.88416,14.6482,21.3842,28.5012,32.0902,30.6192,24.5312,19.8542,17.5602,18.6482,19.1482,17.7372,15.7372,13.7662,14.1482,14.2072,12.9132,12.0902,11.0602,8.97216,6.38416,2.97216,1.29516,0.91316,0.91316,1.67816,2.59016,3.56016,4.00116,5.23716,8.17816,8.73716,6.11916,3.47216,3.82516,6.47216,7.41316,6.64816,6.14816,5.88416,5.64816,5.85416,5.82516,5.47216
CO2_TUG_BCT2,2021-09-27,101,False,13,15.9729,12.9139,9.38494,8.11994,10.9729,17.5609,24.4439,32.8259,37.8559,41.3849,46.2669,45.6789,37.5319,28.7969,23.3559,17.5909,13.3259,13.5319,16.7379,18.8259,19.7379,19.5319,17.6499,13.8559,11.2669,10.5909,10.2969,8.70794,7.29694,9.76694,9.06094,3.76694,1.44394,2.26694,3.14994,3.06094,2.85594,3.85594,4.94394,5.73794,5.70794,5.29694,4.82594,4.76694,4.73794,4.11994,4.38494,5.79694,6.91394,7.47294
CO2_TUG_BCT2,2021-09-27,103,False,5,10.912,10.5,10.206,9.824,10.295,11.647,12.765,17.559,27.736,33.265,34.147,33.147,32.03,30.912,29.736,28.265,27.412,26.353,25.647,27.824,29.795,31.118,32.736,33.5,30.647,28.177,25.089,19.971,16.177,13.03,11.324,10.206,9.03,8.5,8.206,7.971,9.618,13.206,13.942,12.059,11.353,11.383,10.942,9.942,9,7.942,7.147,7.324,9.118,9.53
CO2_TUG_BCT2,2021-09-27,104,False,6,9.27382,9.83282,8.44982,6.74482,4.30282,2.65582,3.94982,8.59782,18.2738,35.6858,46.8028,44.3328,31.4208,20.5388,16.5978,15.2148,13.9498,11.7738,9.50882,7.62682,5.89182,6.21482,7.47982,9.06782,10.4498,11.7148,11.8028,10.4498,7.83282,6.06782,4.74482,2.74482,1.09782,-0.43218,-0.96118,0.36182,3.18582,4.44982,3.44982,1.18582,0.68582,1.71482,1.97982,1.92082,1.18582,-0.84418,-1.28518,0.00882,1.00882,2.03882
CO2_TUG_BCT2,2021-09-27,108,False,7,4.03176,2.41376,0.00176,0.70776,7.38476,16.7968,20.9728,22.0908,26.9728,36.3848,40.0908,37.4438,29.1488,19.5318,14.0608,10.2078,7.67876,6.06076,5.91376,5.17876,3.59076,4.00176,5.97276,8.76676,9.09076,6.20776,2.94376,1.85476,1.94376,1.67876,1.23776,0.73776,0.59076,1.26676,2.79676,4.32576,5.35476,4.50176,4.38476,5.73776,6.82576,7.14876,6.17876,5.29676,4.73776,4.61976,5.53176,7.35476,7.94376,8.06076
CO2_TUG_BCT2,2021-09-27,109,False,3,7.03176,9.76676,10.1488,7.73776,5.56076,6.17876,9.14876,11.9138,19.3848,33.2968,38.1488,32.6788,25.5608,22.5018,23.1198,26.1788,26.1198,22.6788,21.2378,20.2968,16.8548,15.5318,16.5908,16.7668,16.8548,18.7668,18.5318,16.1198,15.7968,15.5908,14.2668,13.5318,13.2078,12.5608,11.0608,9.38476,10.2378,10.5318,9.26676,8.53176,8.20776,7.64876,6.85476,6.59076,8.11976,8.26676,6.53176,5.67876,6.26676,7.59076
CO2_TUG_BCT2,2021-09-27,113,False,10,7.92848,9.04548,8.89848,8.19248,9.39848,12.8695,15.3985,19.2515,26.8105,31.8395,32.0165,29.2815,24.0455,15.4285,10.3105,8.04548,6.10448,6.57548,7.33948,7.33948,6.33948,3.98648,2.19248,2.28148,3.39848,3.69248,4.01648,4.86948,4.86948,3.98648,3.51648,3.51648,3.98648,4.78148,4.07548,1.83948,1.04548,1.13348,0.25148,0.01648,0.39848,0.04548,0.57548,2.25148,2.10448,0.57548,0.81048,1.60448,3.57548,7.07548
CO2_TUG_BCT2,2021-09-27,114,False,15,6.08976,5.73676,5.79576,6.70776,8.26676,12.3248,22.5018,33.7078,39.2668,42.0898,42.8548,41.1188,37.7958,33.7958,25.8548,16.6778,12.8838,12.2958,11.2078,9.56076,9.91376,11.3548,12.8548,12.5608,9.85476,5.14876,3.17776,3.11876,2.17776,1.58976,1.97176,2.88376,3.11876,2.85476,3.85476,6.64876,8.53076,7.41376,4.88376,5.29576,5.76676,4.91376,4.03076,3.50176,3.88376,3.82476,4.35476,7.17776,7.08976,3.70776
CO2_TUG_BCT2,2021-09-27,119,False,14,8.00236,5.11936,3.82536,4.59036,6.88436,11.5024,21.2664,30.8554,35.7074,38.6784,39.5604,39.0314,37.8554,35.6194,31.3254,27.7374,26.0314,24.2664,22.0904,18.9724,14.1784,11.8844,12.0604,13.0024,13.4724,13.5314,13.4434,12.7374,11.2374,9.85536,8.59036,8.35536,8.64936,9.85536,12.1494,12.8554,12.0604,11.7374,12.8554,15.1494,15.7374,14.0024,11.6784,10.9134,11.2964,11.7964,12.5314,13.2074,13.2374,12.7964
CO2_TUG_BCT2,2021-09-27,120,False,27,11.0065,8.35948,8.71248,11.4775,13.2415,13.4185,11.9775,11.0355,11.8595,14.3005,14.5065,12.3885,11.5945,11.6825,10.7415,10.1535,10.5355,11.5355,12.4775,13.3885,13.0945,11.2715,9.71248,9.85948,11.0655,10.8305,10.4475,12.8005,12.7715,10.1825,10.1825,10.8885,11.2415,12.8885,14.7715,12.9775,12.0945,13.7415,15.3595,15.6825,15.1825,14.3005,13.3305,13.4775,13.1825,12.0655,11.8005,11.7125,11.3005,11.3005
CO2_TUG_BCT2,2021-09-27,127,False,11,2.85418,13.3842,20.8542,20.7072,16.2662,14.3252,14.5012,14.3842,16.7362,21.8542,23.5602,22.0312,19.0602,16.8252,14.2952,11.7362,11.0892,12.6192,15.2072,16.4132,16.5892,16.7662,16.7662,16.0312,15.3252,14.5602,13.7072,12.2662,9.82518,8.17818,7.08918,6.67818,7.14818,8.56018,10.0892,11.5602,13.3542,13.1192,10.8842,9.82518,10.7952,14.0892,17.6482,17.5312,14.5602,14.2072,17.2952,20.2662,20.5892,18.8252
CO2_TUG_BCT2,2021-09-27,131,False,11,4.59546,3.00646,2.85946,4.62446,8.33046,14.7715,22.7125,31.5365,32.5065,32.8005,35.5655,34.9775,31.2425,25.4185,22.3895,21.8005,21.9185,21.0955,18.5365,16.1245,14.8305,13.8005,13.3595,13.5365,13.8895,13.1835,11.3305,10.3305,9.74246,8.65346,7.09546,5.56546,7.21246,10.3895,10.2425,7.18346,6.00646,6.56546,5.80046,4.44746,5.85946,7.12446,7.53646,7.91846,7.44746,6.09546,5.59546,5.74246,5.56546,5.85946
CO2_TUG_BCT2,2021-09-27,132,False,10,0.01354,1.89554,2.89554,3.48354,4.39554,4.63054,4.48354,6.57254,12.4255,17.7485,18.7485,15.8955,12.0425,11.4835,13.8075,16.3075,18.5725,18.3955,16.3075,12.2195,8.54254,7.89554,9.01354,8.60154,6.80754,6.57254,6.92554,7.21954,7.63054,7.39554,6.68954,7.74854,10.0425,9.68954,8.01354,6.18954,6.66054,9.36654,10.6895,10.1305,8.48354,7.39554,7.77854,9.27854,10.8955,12.6305,13.0135,12.1015,9.95454,7.92554
CO2_TUG_BCT2,2021-09-27,138,False,24,6.53058,8.47158,8.11858,8.20658,9.26558,9.05958,10.5896,14.7066,16.6186,16.6476,16.7656,15.8536,12.5896,8.85358,7.55958,7.79458,7.67758,7.70658,9.08958,9.76558,9.64758,9.88358,10.0896,10.0896,9.91258,9.91258,10.7066,11.8246,13.0596,13.2066,12.3536,10.9126,10.1186,9.32458,7.88358,6.94258,6.38358,6.26558,7.17758,9.11858,10.4716,11.0596,10.4426,8.94258,7.23658,7.50058,8.29458,8.67758,7.58958,5.50058
CO2_TUG_BCT2,2021-09-27,140,False,8,8.17758,9.29458,9.70658,10.5006,13.2656,14.3836,14.0896,17.6476,28.6476,40.1186,43.7656,40.7366,34.8836,30.5896,26.8536,24.1186,20.8536,17.5596,16.3246,16.6476,17.5006,17.2656,15.8536,14.7066,13.9126,13.9426,14.2366,13.7946,12.1476,11.2366,11.1186,11.0306,10.3246,8.91258,8.20658,8.05958,7.50058,5.85358,4.11858,4.61858,7.58958,10.1476,10.7656,10.3836,10.2366,10.9126,12.2066,11.7946,8.58958,5.03058
CO2_TUG_BCT2,2021-09-27,160,False,9,5.33636,4.65936,3.04236,2.89436,5.89436,13.4534,20.6304,22.3654,21.0124,21.8364,24.5424,24.4244,22.9244,22.1004,23.4244,23.7774,22.1304,18.4244,12.6894,10.5714,10.5124,9.39436,7.15936,6.92436,8.68936,9.89436,10.7184,11.3364,10.8364,8.98336,7.39436,7.30636,8.27736,9.36536,10.1304,9.54236,9.77736,10.8654,10.3064,9.01236,7.42436,6.13036,5.57136,6.60036,6.33636,4.57136,4.36536,4.92436,5.30636,4.42436
CO2_TUG_BCT2,2021-09-27,161,False,12,9.82712,10.9451,11.5041,10.8561,11.6801,14.9151,17.9451,18.9741,20.0331,22.6211,23.8861,23.1211,21.1511,19.5041,18.0921,18.2981,19.8561,20.3271,20.2091,20.0621,19.0041,16.1801,13.2981,11.7681,10.7091,10.2681,10.4451,10.8561,10.7981,11.2981,13.5621,14.1511,12.4451,10.6801,9.18012,7.29812,6.88612,8.18012,9.59212,10.0621,9.65112,8.76812,8.76812,9.56212,9.29812,7.70912,6.50412,5.91512,5.18012,4.44512
CO2_TUG_BCT2,2021-09-27,179,False,8,7.588,9,9.882,9.941,9.618,9.853,12,15.206,19.353,21.029,21.235,21.206,20.412,19.265,17.559,15.059,11.912,11.324,10.853,9.265,9.706,10.765,8.206,6.529,6.735,6.912,6.471,5.412,4.059,2.588,2.588,2.912,2.735,2.353,2.824,4.235,5.176,5.735,5.912,5.618,5.853,7.676,8.324,7.529,7.088,7.265,7.735,7.971,8,7.853
CO2_TUG_BCT2,2021-09-27,220,False,8,3.70894,3.53194,3.85594,4.76794,6.32694,8.32694,13.1209,19.8559,24.2089,28.7969,33.4739,33.3849,29.2379,25.7679,21.7379,17.8559,17.0909,17.6209,16.2679,15.6789,16.4439,16.6209,15.7379,14.3849,12.6499,11.1789,12.5319,13.2969,12.4739,11.4739,10.0029,8.56194,7.79694,7.26794,7.06194,7.26794,7.67894,7.29694,5.17894,2.12094,0.53194,1.09094,2.97394,4.14994,4.82694,5.79694,7.47394,8.67894,9.23794,9.73794
CO2_TUG_BCT2,2021-09-27,221,False,4,3.35594,3.73794,3.85594,2.94394,1.03194,-0.14406,-0.73206,0.00294,7.91494,24.8559,35.1209,34.9149,29.7379,25.6499,21.7969,18.8849,17.2089,15.0029,12.9149,12.3559,12.7089,12.4439,9.88494,5.41494,3.26794,3.00294,2.97394,2.73794,2.29694,2.26794,2.47394,2.32694,2.82694,4.17894,4.59094,3.73794,2.62094,2.62094,3.73794,4.76794,5.76794,7.09094,6.88494,5.32694,4.76794,4.14994,2.53194,1.44394,1.82694,3.20894
CO2_TUG_BCT2,2021-09-27,230,False,9,8.41846,9.06546,9.21246,8.53646,9.50646,12.5065,14.6245,17.2125,23.3595,29.7425,30.6835,27.1545,21.5655,15.2425,15.4775,15.4775,12.4775,11.5065,11.5065,11.1245,11.2425,12.6245,14.6545,14.9775,14.0365,13.3305,11.8305,10.8015,9.65446,8.47746,9.80146,11.8595,13.1835,12.0955,11.7715,12.8895,12.4485,10.4185,9.68346,9.59546,9.62446,10.1545,9.18346,6.50646,5.71246,6.24246,5.56546,5.18346,5.56546,5.85946
CO2_TUG_BCT2,2021-09-27,275,False,19,40.1799,47.3859,52.4739,52.7389,46.2089,37.7389,36.2679,42.6509,50.7979,55.2679,57.3269,52.9149,40.8269,32.6799,31.0329,30.1509,26.6209,24.5919,24.3269,24.2679,23.5919,21.0029,17.1799,15.0029,13.9449,14.3559,17.1209,20.5029,20.7979,18.3859,16.6209,15.2979,13.3559,12.2089,11.8559,12.0919,12.2389,11.7979,10.9449,11.1799,12.4149,11.9449,8.26794,3.70894,2.88594,5.00294,5.97394,4.47394,1.17994,-0.32006
CO2_TUG_BCT2,2021-09-27,368,False,8,16.01,15.893,16.834,18.04,19.746,21.069,22.51,24.422,24.716,24.863,25.716,25.716,23.422,19.422,17.481,17.01,16.422,15.246,13.363,12.746,13.804,15.393,15.481,13.216,9.951,8.716,9.157,10.481,12.157,11.863,10.893,10.334,10.863,11.746,12.746,13.069,11.951,9.569,8.128,7.275,6.687,7.363,9.128,9.363,8.069,7.51,8.481,9.893,9.216,8.657
CO2_TUG_BCT2,2021-09-27,397,False,19,15.9888,16.8718,15.6948,14.9888,14.9008,15.0188,16.0188,18.3718,20.3128,21.3718,22.1358,20.6658,16.4888,13.6658,12.6948,10.5188,6.34184,4.69484,5.34184,5.57684,5.16584,4.95984,5.16584,5.63584,5.98884,6.95984,8.63584,8.10684,6.34184,7.37184,7.37184,4.95984,3.48884,4.51884,7.34184,8.95984,9.37184,9.19484,9.51884,10.9008,12.2828,12.5768,12.1358,11.6658,11.1658,10.9298,10.9888,11.6948,13.0768,13.5478
CO2_TUG_BCT2,2021-09-27,405,False,6,11.9716,8.88258,8.35358,11.2356,11.9126,10.0006,8.70658,9.44158,12.4716,15.6776,16.2946,15.2656,14.9716,14.6476,13.7356,13.3246,13.7356,14.6776,15.1476,15.0596,13.8246,11.0006,8.88258,8.17758,7.41258,6.00058,5.29458,5.05958,4.05958,3.11858,4.70658,5.47158,4.47158,3.55958,3.50058,3.76558,2.79458,1.64758,3.55958,5.26558,5.94158,6.11858,5.67758,4.91258,5.82458,8.35358,9.11858,7.70658,5.32458,4.61858
CO2_TUG_BCT2,2021-09-27,485,False,8,20.5302,19.8832,18.9122,18.4122,18.1182,17.7952,18.7952,21.5892,23.7652,24.8542,25.6772,24.6182,20.9122,17.5592,16.0012,15.1772,15.1772,15.3542,15.2652,14.2952,12.1772,10.7362,10.3832,11.7652,15.0892,15.2952,12.2362,10.4712,9.32418,7.61818,8.14818,11.3242,13.5012,12.7362,10.0012,8.85418,9.38318,10.0892,10.3832,10.6482,11.0012,10.2952,8.35418,6.67718,4.91218,3.88318,4.67718,6.53018,6.67718,5.64818
CO2_TUG_BCT2,2021-09-27,534,False,2,5.12446,1.71246,1.33046,3.03646,3.88946,4.71246,6.77146,7.80046,9.83046,14.9485,17.2425,16.4485,14.4185,11.7715,11.4775,11.5065,10.7125,10.8595,12.9185,15.5365,15.1835,12.5065,11.7425,11.5065,10.3895,9.50646,9.68346,10.6245,11.3305,11.8595,11.9185,10.5365,7.71246,6.33046,6.38946,6.74246,6.03646,4.18346,3.18346,2.59546,1.77146,2.18346,3.53646,3.59546,3.83046,5.65346,7.94846,8.47746,7.68346,7.47746
CO2_TUG_BCT2,2021-09-27,545,False,13,5.44452,7.56252,10.3275,11.0925,10.5335,11.8565,14.8565,15.2975,14.6805,14.8275,15.7685,14.5625,11.0035,9.97452,10.9155,10.4445,9.76852,8.97452,7.62152,7.38652,8.32752,9.47452,10.7095,10.9445,10.7975,10.7685,10.7685,10.7685,10.6505,9.79752,8.62152,9.15052,10.1505,10.7095,10.0335,7.97452,4.76852,4.35652,6.97452,8.88652,8.00352,5.94452,6.73952,8.41552,9.94452,10.4445,10.2975,10.3865,9.47452,7.62152
CO2_TUG_BCT2,2021-09-27,598,False,4,0.82518,0.47218,2.26618,3.70718,5.00118,5.88418,6.17818,9.03118,16.2662,21.3842,24.4422,23.9132,19.8542,16.8842,15.1192,13.6482,14.1482,13.2952,10.1482,8.64818,8.20718,6.94218,5.70718,5.38418,6.97218,7.59018,6.91318,7.23718,7.88418,6.53118,6.06018,7.79518,10.0012,9.82518,7.82518,8.56018,12.4132,14.5012,12.8842,8.91318,7.32518,7.76618,8.79518,9.61918,9.67818,8.26618,7.53118,8.59018,10.9722,12.3842
CO2_TUG_BCT2,2021-09-27,623,False,4,4.44316,2.76616,2.00116,4.26616,9.14816,10.7662,13.6782,29.8252,57.2662,69.7072,70.0312,69.4132,64.3842,50.8842,37.6482,22.6782,13.3252,9.70716,6.85416,6.38416,6.67816,4.23716,3.73716,6.32516,8.41316,8.79516,8.44316,8.61916,9.06016,8.73716,9.41316,11.0012,10.8252,10.7372,11.5902,11.9722,11.3252,9.79516,8.20716,6.70716,6.70716,7.06016,7.09016,7.00116,7.70716,9.79516,10.7952,11.1782,12.1482,11.1782
CO2_TUG_BCT2,2021-09-27,646,False,8,12.7519,13.8689,15.1339,18.7219,24.3689,26.9579,26.8109,26.1339,27.7809,31.7809,32.4279,29.3989,26.7519,23.7809,19.2519,17.1639,15.4579,12.3399,11.8109,13.4869,13.7519,13.6049,13.5459,12.8689,12.6639,13.2219,14.6049,16.7519,17.3399,16.2809,14.1339,12.8109,13.1639,14.4869,14.7809,14.3989,14.8689,15.1639,14.2809,12.2809,10.3989,8.57488,9.04588,11.7519,13.3399,14.7809,16.4279,15.5459,15.0159,15.7219
CO2_TUG_BCT2,2021-09-27,674,False,7,13.3542,13.8842,14.1482,15.7372,17.6192,18.3842,18.4722,18.5602,19.2662,20.6192,20.7372,18.9432,16.6482,16.1192,17.0602,18.1782,17.7662,13.9132,10.9722,9.32516,9.11916,10.2072,11.1782,11.8542,13.5312,16.0012,16.2662,14.5012,13.3542,13.0012,13.0312,11.7372,9.64816,10.4132,11.8542,12.8252,12.4432,11.3252,11.7372,11.9432,11.7962,12.5902,12.0602,9.91316,9.67816,11.4132,12.4132,12.8542,12.6192,10.7662
CO2_TUG_BCT2,2021-09-27,681,False,15,17.03,17.882,19.647,24.265,26.088,25.03,24.765,26.794,30.559,34.03,37.294,37.265,32.794,24.471,18.441,13,8.912,8.677,10.882,12,11.677,10.824,11.147,13.206,15.265,15.412,13.147,9.882,8.647,8.882,8.853,9.588,12.353,13.324,11.412,8.471,6.294,4.206,2.882,2.53,3.53,4.559,4.882,3.794,1.971,-0.353,-0.588,1.147,2.177,2.941
CO2_TUG_BCT2,2021-09-27,734,False,13,2.59742,6.47942,9.68542,13.4504,17.0384,19.0974,22.3034,27.1264,30.2444,32.3324,32.4504,28.8034,23.1564,23.8624,29.6264,30.3324,27.5094,23.5384,21.2744,19.3914,17.0384,17.5094,19.4794,17.9214,15.3324,12.6564,10.4794,7.97942,6.06842,5.30342,5.24442,5.86242,5.59742,4.21542,3.18542,1.92142,0.24442,-0.66758,-0.75558,0.00942,0.92142,1.89142,2.12642,1.71542,1.50942,1.74442,2.45042,3.06842,2.68542,1.77442
CO2_TUG_BCT2,2021-09-27,735,False,7,5.38788,5.38788,5.24088,4.26988,3.56388,6.03488,10.3589,16.3589,20.4469,23.8589,26.0349,23.5939,16.8589,11.6229,6.97588,4.24088,4.24088,5.59388,6.35888,6.91688,7.91688,8.74088,8.79988,7.38788,6.50588,6.38788,6.38788,6.38788,6.38788,6.35888,6.12288,5.85888,7.15288,9.47588,9.18188,7.97588,7.03488,7.47588,9.06388,9.41688,8.47588,7.50588,8.41688,9.00588,8.68188,8.76988,9.91688,11.4759,11.6229,11.1529
CO2_TUG_BCT2,2021-09-27,736,False,20,12.037,11.066,9.94904,9.89004,10.537,10.596,10.89,11.919,13.302,15.007,15.39,14.507,12.596,10.949,10.39,10.331,10.39,10.86,11.655,10.89,8.12504,6.09604,6.18404,7.47804,7.91904,8.71304,11.184,9.86004,3.71304,-0.34496,0.00704,2.94904,5.74304,7.09604,4.59604,3.33104,4.00704,3.77204,3.39004,3.47804,4.71304,7.53704,9.30204,7.27204,3.09604,3.06604,3.89004,3.62504,3.62504,4.06604
CO2_TUG_BCT2,2021-09-27,788,False,14,11.8901,15.3011,19.0071,20.0661,19.3311,19.1251,19.7721,20.5371,21.2721,22.2431,22.6251,21.9781,20.4481,18.7431,16.3011,14.4191,13.8311,13.6841,13.0961,12.6251,13.8011,14.5371,13.7131,11.8901,11.4191,12.1841,11.9781,9.44806,5.74306,4.59606,6.03706,7.89006,8.41906,7.80106,5.77206,2.68406,2.18406,2.53706,3.09606,4.65406,4.86006,3.59606,3.21306,4.30106,5.89006,6.15406,5.30106,4.83106,4.77206,4.83106
CO2_TUG_BCT2,2021-09-27,813,False,7,10.6556,11.5666,15.0966,16.2136,15.9786,18.2136,22.3316,28.1556,31.0966,32.3906,34.0966,33.3606,28.5376,23.0076,21.8026,24.5966,27.7436,27.8606,25.5966,23.9196,22.5966,21.4786,19.6556,15.8606,12.5376,11.1846,10.6846,11.3316,14.1256,17.8026,20.4496,22.7436,23.3606,22.5666,20.9786,19.0376,16.1256,14.0376,13.6846,14.3316,15.0666,15.5666,16.0376,16.0966,16.1256,16.8606,17.6256,18.8606,20.4496,20.7136
CO2_TUG_BCT2,2021-09-27,848,False,1,9.76852,8.76852,7.70952,7.18052,8.41552,10.2985,15.8275,25.9745,36.3865,48.2985,51.1215,47.1515,47.1215,44.5335,36.2985,31.2985,29.8565,28.6515,26.8865,26.3565,30.1805,31.4455,29.4455,28.8275,27.9455,25.6805,24.7395,25.0625,25.2685,24.6805,21.1515,14.7395,11.1805,9.82752,9.15152,8.85652,9.26852,10.9455,14.2685,16.4745,15.9455,13.8275,14.0925,17.0035,18.9745,20.0625,21.2685,21.4155,20.5625,19.2985
CO2_TUG_BCT2,2021-09-27,849,False,14,8.44612,9.88712,11.2691,13.9461,17.7691,19.9461,21.0931,21.5631,21.6221,21.7101,22.2401,22.2401,20.0631,18.3571,17.9461,18.7981,18.7401,17.2981,15.6511,13.6811,12.5631,11.1221,9.00412,9.00412,9.53412,9.82812,11.3571,13.7101,13.5041,12.9461,12.8281,12.2101,12.4751,13.7101,13.5931,12.7401,13.5931,13.6811,12.1511,10.9461,10.3871,9.88712,9.62212,9.35712,8.88712,8.71012,9.15112,9.85712,8.44612,4.85712
CO2_TUG_BCT2,2021-09-27,860,False,6,4.99628,5.64328,5.67228,5.73128,6.26128,7.26128,9.17228,10.9663,12.9663,17.4963,22.4663,21.2023,14.2023,9.05528,5.55528,4.26128,3.58428,3.61328,6.29028,6.87828,4.96628,5.34928,7.79028,7.79028,5.64328,3.67228,5.49628,6.67228,5.90828,5.11328,5.29028,7.05528,7.20228,5.23128,3.79028,3.20228,2.64328,2.08428,2.29028,4.08428,4.55528,3.76128,3.96628,4.11328,3.70228,3.58428,4.49628,6.31928,6.84928,6.49628
CO2_TUG_BCT2,2021-09-27,895,False,7,8.76676,6.47276,6.59076,10.3848,19.8848,30.4438,36.2078,39.8848,41.0318,41.4728,43.8548,43.7668,40.7968,39.9728,40.7078,39.6788,37.7378,32.9138,25.4728,20.9138,18.0018,15.5908,12.6198,10.5608,10.4438,11.5608,12.3258,11.2078,8.56076,8.29676,10.2378,10.9138,10.4728,9.03176,6.88476,5.67876,5.23776,6.06076,7.44376,6.91376,7.44376,9.44376,9.50176,9.44376,10.3848,11.4138,11.7078,10.0318,8.79676,8.88476
CO2_TUG_BCT2,2021-09-27,910,False,4,7.059,7.912,8.206,7.088,7.529,9.559,10.971,17.323,34.941,53.265,60.088,59.971,55.941,46.735,38.765,34.353,29.147,24.118,21.559,19.971,19.147,16.706,11.235,8,6.941,6.853,6.323,4.853,3.441,1.941,1.294,1.647,2.353,2.353,2.176,2,0.971,-0.206,0.971,2.118,3.206,5.029,5.5,4.588,3.5,2.735,3.441,3.941,3.088,1.176
CO2_TUG_BCT2,2021-09-27,935,False,5,3.16288,3.42788,3.92788,4.48688,5.69188,7.57488,10.1919,14.3979,18.9869,23.9279,24.7809,23.3979,21.1629,18.8979,16.9279,14.3689,12.2509,10.2219,9.36888,10.0449,12.1629,14.1339,13.7509,11.5159,10.5749,10.8979,10.9569,9.69188,7.80988,7.98688,6.39788,1.92788,0.51588,2.10388,2.92788,2.13388,0.48688,0.13388,1.19188,3.01588,3.42788,3.54488,5.66288,6.89788,6.36888,4.98688,4.51588,4.72188,3.66288,1.80988
CO2_TUG_BCT2,2021-09-27,945,False,2,7.17778,10.2958,10.7068,8.14878,6.97178,7.26578,7.94278,12.5898,28.3548,49.0308,56.0598,52.7958,49.5308,45.7368,41.3248,38.1488,35.1188,33.5598,32.2068,29.8838,28.5598,25.8248,19.8838,16.5018,16.1188,17.4128,17.3548,15.7068,15.7658,18.0018,19.5598,17.5898,12.7068,10.3548,8.38378,4.64878,2.82478,3.05978,4.11878,5.38378,6.14878,4.85478,4.73678,6.32478,6.23678,5.17778,6.29578,6.79578,5.53078,4.08978
CO2_TUG_BCT2,2021-09-27,946,False,2,7.85478,6.64878,6.14878,4.73678,2.91278,4.29578,9.11878,13.5898,19.5308,25.0598,26.2958,25.1188,24.8838,23.3548,19.7068,18.1778,17.9428,16.6188,16.4428,17.7368,18.2068,16.4128,12.6188,10.5898,10.5898,11.5598,10.6488,7.91278,7.38378,9.05978,11.6488,10.7658,6.70678,5.38378,6.14878,6.67778,5.44278,4.11878,3.00178,2.14878,1.85478,2.76578,3.11878,2.26578,1.03078,0.05978,-0.76322,0.00178,1.35478,-0.08722
CO2_TUG_BCT2,2021-09-27,947,False,8,7.38416,8.06016,7.47216,7.00116,8.50116,11.2962,11.4722,12.1782,15.0602,17.6482,18.7662,16.2962,13.6192,11.2662,10.0012,10.8252,13.0902,13.7372,12.4722,11.0902,10.7962,11.2072,11.4432,11.4722,11.4722,11.3842,10.6782,9.32516,9.09016,10.0012,10.9722,12.2072,13.0602,12.7072,11.7962,11.9722,11.7662,9.94316,7.64816,7.11916,7.94316,8.41316,8.47216,8.44316,8.20716,7.70716,7.20716,6.47216,5.76616,5.67816
CO2_TUG_BCT2,2021-09-27,986,False,5,6.23794,4.44394,3.12094,3.47394,4.73794,5.00294,7.20894,14.5319,20.5619,25.5319,27.8559,26.2379,21.9439,19.1499,17.7089,17.3259,16.0029,11.3259,5.47394,3.20894,3.44394,4.12094,4.85594,4.88494,4.88494,4.85594,4.20894,4.23794,5.00294,4.73794,4.56194,6.82594,7.64994,6.44394,5.70894,5.38494,4.94394,4.97394,5.64994,6.29694,6.14994,5.70894,6.17894,6.59094,6.62094,6.32594,5.38494,4.20894,3.76794,4.17894
CO2_TUG_BCT2,2021-09-27,999,False,29,14.2946,15.1176,15.5886,14.5886,13.2356,11.9416,12.8826,16.0296,17.2946,17.2656,17.9706,16.7946,13.5886,12.7946,14.2066,16.5596,17.2066,15.9416,14.5006,13.8236,14.0006,15.1176,15.3236,14.2946,12.4416,9.7946,9.0006,10.1766,12.0886,12.1766,10.6766,8.5886,9.9126,14.2356,15.4416,15.2656,15.4126,15.1766,14.9706,14.9126,14.5006,12.6176,9.7946,10.1176,12.7656,12.8236,12.5886,13.3236,13.0296,11.2066
CO2_TUG_BCT2,2021-09-27,1012,False,7,8.79694,12.9739,23.0909,31.8859,33.7679,31.6799,30.1799,30.2679,32.3559,34.8859,36.4439,34.0029,29.7389,24.2089,20.4439,16.3559,11.7679,10.5619,11.0329,9.64994,8.82694,9.14994,9.41494,9.67994,10.0029,9.23894,8.32694,9.94394,10.9739,10.5329,9.17994,7.26794,6.97394,6.82694,5.94394,5.38594,4.62094,3.17994,2.29694,2.20894,3.00294,4.03294,4.56194,3.35594,2.26794,1.79694,2.47394,4.09094,4.56194,4.44394
CO2_TUG_BCT2,2021-09-27,1041,False,27,11.2726,8.59664,6.50764,5.09664,5.89064,9.33164,12.0966,12.5966,12.4496,13.3606,13.7726,13.3316,12.7726,12.9786,14.6546,14.0966,10.7136,8.65464,8.68464,9.56664,9.83164,9.65464,9.71364,8.50764,5.71364,4.39064,4.91964,6.24364,6.24364,4.91964,4.21364,4.12564,4.12564,4.12564,4.12564,4.24364,5.21364,7.33164,8.80164,9.62564,10.5966,11.1256,11.6546,12.5966,13.0666,13.1256,13.0376,12.3906,11.4496,11.6846
CO2_TUG_BCT2,2021-09-27,1042,False,12,28.0725,24.7495,24.5435,27.1315,31.6025,34.7195,35.9255,34.3965,34.0725,35.7785,36.5725,35.5135,33.1025,31.4555,30.3665,30.0135,30.6905,30.9255,28.6025,27.3085,27.5135,27.3375,26.8965,27.3965,27.9845,28.0435,27.4845,28.2195,30.3375,29.9555,26.1025,22.3085,20.7195,20.1615,20.3965,21.3085,21.8965,22.8375,24.2495,24.1615,23.2495,22.9555,24.4555,24.3665,22.2495,21.8375,23.5725,25.1025,24.7195,22.8085
CO2_TUG_BCT2,2021-09-27,1057,False,9,5.05312,9.22912,10.6711,9.75912,9.61212,10.5241,12.4351,14.2591,16.2291,19.0241,19.6121,17.4351,14.8761,14.0241,13.9061,13.0241,11.1711,8.49412,8.46512,9.46512,6.93512,5.37612,5.11212,3.78812,3.61212,4.78812,4.52412,2.49412,1.11212,0.87612,0.37612,-1.18188,-1.38788,0.02412,1.70012,3.90612,5.25912,5.14112,4.22912,3.72912,3.43512,2.84712,1.78812,0.81812,1.72912,2.37612,2.49412,3.17112,3.37612,2.93512
CO2_TUG_BCT2,2021-09-27,1061,False,4,13.588,12.911,9.558,9.294,13.264,21.5,33.47,49.206,53.941,54.706,56.088,52.676,47.529,41.029,33.676,22.5,13.617,11.235,12.117,13.147,14.147,15.5,15.411,13.382,11.5,12.382,14.411,13,11.588,11.323,10.794,9.382,8.029,7.941,8.588,8.647,8.941,9.764,9.5,7.911,6.617,5.382,3.706,3.176,2.823,2.058,2.735,4.794,5.382,4.441
CO2_TUG_BCT2,2021-09-27,1062,False,1,5.3883,6.2403,6.1823,4.8293,3.9173,3.5933,4.7993,13.7113,36.7993,58.8293,60.9763,48.9463,40.3293,34.1233,29.5643,27.2703,24.5353,21.5933,21.2703,23.0643,24.4173,25.0053,24.5353,24.0933,23.7993,23.0933,20.9763,17.1233,14.7993,13.8583,13.6523,12.2403,9.4463,8.6823,8.4763,7.5053,6.4173,5.6523,6.1823,5.3883,2.8293,2.7703,4.9463,5.4463,5.3883,5.7993,6.0933,6.5933,7.4173,7.0353
CO2_TUG_BCT2,2021-09-27,1079,False,10,3.29754,3.94454,5.85654,8.94454,10.6205,11.4145,12.8265,15.2085,16.4445,17.0035,17.4735,16.9145,15.7975,14.2085,12.6505,11.3855,11.8565,12.5325,13.3265,14.6205,14.3855,12.3565,9.50354,5.38554,3.17954,4.06154,7.79754,11.5615,11.2385,7.50354,4.44454,1.85654,0.82654,2.00354,5.53254,9.00354,9.85654,9.00354,7.94454,6.00354,3.70854,3.20854,4.26754,5.20854,5.50354,5.59154,6.06154,7.00354,7.44454,7.12054
CO2_TUG_BCT2,2021-09-27,1096,False,8,3.0886,6.0296,9.7066,11.2066,11.9126,13.2946,13.8826,13.2066,12.7356,14.5006,14.8536,13.2066,12.7356,13.5006,13.5596,13.1476,13.5886,13.6476,12.2946,10.2646,10.0006,11.2646,11.5596,9.7646,6.7066,5.2946,5.3536,5.7646,5.5296,4.5296,3.5006,3.2066,4.8536,5.8236,5.0296,3.2066,2.7356,3.5886,4.3236,5.0886,5.7066,5.3236,4.4126,4.6766,5.2946,5.8536,6.2356,6.0296,4.7356,3.2946
CO2_TUG_BCT2,2021-09-27,1154,False,4,7.14818,6.41218,4.32418,3.14818,4.94218,10.7952,17.5302,24.8242,35.2362,42.1182,45.5592,44.7062,42.3242,39.3242,36.8542,33.4122,27.3242,21.2952,13.6482,8.26518,6.79518,5.94218,3.76518,2.14818,1.11818,1.14818,2.26518,3.29518,4.26518,5.47118,5.79518,6.35418,7.64818,7.58918,5.79518,4.14818,3.70618,4.58918,6.53018,7.94218,8.88318,8.32418,5.79518,3.41218,2.41218,2.32418,3.11818,4.26518,5.73618,6.44218
CO2_TUG_BCT2,2021-09-27,1155,False,1,5.7691,5.3571,5.8871,6.3281,4.5341,4.4161,9.4161,18.1811,26.2691,34.9461,36.7401,30.4461,23.0341,19.0631,15.4461,11.7101,10.4161,10.5631,9.6511,7.5631,6.7401,5.8571,3.7691,2.3871,2.2691,2.7101,2.9161,2.7101,2.3281,2.7401,3.6511,3.4161,3.0341,2.9461,2.6221,1.4461,-0.2009,-0.8189,0.0341,1.8571,2.3281,1.5341,1.2991,1.7101,1.9461,1.9751,2.0341,2.5631,3.9751,5.2691
CO2_TUG_BCT2,2021-09-27,1165,False,2,1.82458,2.23658,2.70658,2.26558,2.20658,3.55958,5.70658,6.91258,7.91258,11.1776,15.6776,14.6476,12.0006,8.44158,4.26558,4.64758,8.91258,9.79458,8.20658,9.32458,10.0306,9.03058,8.14758,8.32458,9.38358,10.9716,12.9126,13.1776,13.0596,13.2366,12.9416,12.2656,11.2656,10.5006,9.50058,8.41258,8.58958,9.70658,9.82458,8.73658,6.88358,6.35358,6.70658,6.32458,6.50058,6.91258,5.76558,5.14758,5.47158,5.50058
CO2_TUG_BCT2,2021-09-27,1189,False,12,5.36142,5.89142,6.45042,9.00942,13.0094,16.5974,20.6564,23.3324,25.6854,27.7444,27.8614,25.3614,21.8324,22.0094,25.5384,27.0094,25.3614,22.3034,20.6854,19.0974,16.1264,13.5384,11.0674,10.3614,11.1564,11.7144,12.4204,13.3614,13.0974,12.4794,11.8914,11.1854,10.2144,9.89142,10.7444,10.9794,7.80342,4.89142,2.71442,1.45042,0.15642,-1.40258,-1.28558,1.21442,4.15642,4.47942,2.77342,2.03842,2.15642,1.89142
CO2_TUG_BCT2,2021-09-27,1214,False,25,16.0006,15.7646,15.4706,14.3826,14.4116,15.7646,16.6476,16.7356,16.3236,18.0886,21.5586,21.4706,19.8826,18.3536,17.6476,16.1476,12.3826,8.6476,4.6176,2.5586,2.3236,3.0296,3.5586,4.3236,5.6176,5.5006,4.6476,5.5586,6.1476,5.7356,5.0296,4.0586,3.5886,3.6176,4.3236,5.7056,6.1766,5.7356,5.1176,4.8536,5.6476,5.2646,4.1766,5.2946,5.8536,5.0296,4.2946,3.5296,3.0296,4.4116
CO2_TUG_BCT2,2021-09-27,1241,False,10,6.76694,7.38494,6.35594,6.67894,8.79694,9.26694,9.41394,14.6199,35.8259,77.2379,100.679,92.2379,64.1199,44.0619,28.2089,17.4139,12.7669,9.88494,9.56194,9.35594,8.11994,8.32594,11.2969,15.5619,19.3559,23.3259,24.1789,21.3849,15.7969,10.5029,5.47294,4.56194,5.35594,5.70894,5.47294,5.26694,5.26694,5.53194,6.23794,6.82594,6.23794,5.09094,5.64994,6.94394,8.38494,8.64994,8.03194,7.97294,7.59094,5.97294
CO2_TUG_BCT2,2021-09-27,1262,False,28,19.7125,21.4185,25.0655,26.0065,24.3005,22.8595,21.5655,20.8595,22.6245,27.7715,32.0355,30.1535,22.9765,16.9475,10.6245,5.94748,4.71248,5.03548,5.24148,5.03548,4.62448,4.68248,4.18248,2.03548,2.30048,5.18248,6.30048,5.80048,4.77148,3.85948,3.09448,3.21248,4.27148,5.71248,5.71248,5.35948,5.27148,5.06548,4.82948,5.06548,5.30048,5.56548,6.00648,6.00648,5.53548,5.09448,4.82948,5.03548,4.94748,4.03548
CO2_TUG_BCT2,2021-09-27,1270,False,0,9.853,10.647,11.353,9.97,9.353,11.323,14.794,16,15.264,14.706,13.941,12.617,12.529,13.147,12.441,11.823,11.559,10.088,6.794,4.411,3.5,2.735,2.176,3.088,5.441,6.735,6.411,4.794,4.176,5,6.294,7.735,9.706,10.676,9.617,6.676,5.941,7.147,7.294,8.117,10.294,10.529,8.794,7.764,7,6.059,6.206,5.882,4.47,3.323
CO2_TUG_BCT2,2021-09-27,1379,False,5,5.177,4.971,3.089,2.353,5.265,13.883,36.942,79.442,116.206,151.177,165.03,162.706,151,132.824,113.5,87.883,66.03,40.324,19.912,11.736,6.824,2.589,1,0.706,0,0,2.795,4.412,4.883,6.089,7,7.442,6.648,4.089,1.883,2.324,5.295,7.795,7.942,6.706,6.589,6.971,5.736,4.53,4.412,5.765,6.177,5.53,6.442,8.971
CO2_TUG_BCT2,2021-09-27,1415,False,8,4.17836,3.82536,4.17836,4.59036,2.82536,2.47236,4.79636,10.8554,22.2664,29.7964,29.9724,26.6194,24.9434,22.8254,18.7084,17.2374,17.9134,17.7084,17.4724,17.1784,16.0024,15.3254,15.1784,14.8844,15.3554,17.5904,18.0314,16.5614,15.9134,14.6194,11.7664,9.70836,7.17836,3.91336,2.76636,3.76636,5.32536,5.35536,4.00236,3.03136,2.23736,1.50236,1.03136,0.76636,0.91336,0.41336,-0.82164,-0.35064,1.91336,3.17836
CO2_TUG_BCT2,2021-09-27,1424,False,15,12.0071,12.3301,11.4481,11.2721,12.1831,12.9781,12.8011,11.0361,10.9191,13.1251,14.7721,13.4781,9.53606,5.83006,2.30106,1.50706,2.77206,4.00706,2.88906,2.33006,3.15406,3.97806,5.44806,7.53606,8.36006,8.71306,9.91906,10.8301,11.2721,10.6541,9.50706,9.88906,9.77206,8.44806,7.83006,8.44806,9.88906,10.7721,10.8601,10.2131,10.2131,10.8601,10.8891,10.9481,11.3601,11.2721,10.1251,8.50706,8.06606,8.91906
CO2_TUG_BCT2,2021-09-27,1461,False,3,6.17778,7.94278,8.32478,6.85478,6.32478,5.97178,5.44278,9.47178,27.0598,52.9428,62.2068,53.7658,39.6488,33.2958,32.3248,30.4128,25.0018,18.9128,14.8248,10.3248,6.82478,5.91278,6.17778,5.73678,4.58978,4.29578,4.00178,3.32478,3.41278,4.29578,5.76578,6.58978,6.20678,4.53078,3.29578,2.00178,0.38378,-0.11622,0.47178,2.14878,3.82478,2.08978,0.08978,-0.35122,1.23678,1.85478,1.14878,1.41278,3.00178,4.17778
CO2_TUG_BCT2,2021-09-27,1466,False,4,4.94984,3.86184,2.56684,0.41984,0.94984,4.56684,7.41984,10.5378,17.4198,24.6848,27.3028,26.9198,24.6558,19.6848,15.3908,13.5088,12.3318,11.0968,9.15584,7.41984,6.33184,6.27284,8.44984,10.2438,11.1848,10.3618,8.53784,8.91984,8.89084,6.89084,5.00884,6.09684,9.71484,11.0088,9.36184,6.94984,5.56684,5.21484,6.12584,6.53784,6.18484,6.15584,6.36184,6.06684,5.50884,5.47884,6.83184,7.24384,6.27284,4.77284
CO2_TUG_BCT2,2021-09-27,1486,False,12,4.85378,6.14878,8.35378,10.9128,12.5598,13.5598,13.6488,14.8838,19.3838,22.1188,22.9128,22.8538,20.5308,15.7368,12.5018,9.38378,5.85378,4.29578,3.64878,2.76578,2.76578,3.79578,5.23678,6.00178,3.85378,2.32478,3.29578,6.05978,5.32478,0.97178,-0.08722,2.91278,5.79578,5.53078,3.29578,2.94278,4.17778,6.20678,7.70678,8.05978,6.47178,5.82478,6.26578,5.32478,3.26578,2.41278,3.11878,4.05978,3.23678,3.35378
CO2_TUG_BCT2,2021-09-27,1487,False,3,11.5631,9.85712,10.0041,9.94512,9.32712,10.0041,10.3861,10.1511,11.2391,14.7391,18.0331,17.5041,14.1211,12.4151,10.0631,5.53312,4.35712,6.41512,7.53312,7.21012,6.26812,5.71012,4.94512,3.56312,3.21012,4.53312,6.68012,7.79812,7.68012,6.38612,4.76812,2.91512,3.09212,6.26812,9.73912,8.97412,4.91512,3.71012,5.53312,8.88612,10.4741,10.2101,9.35712,9.32712,8.56312,4.97412,2.47412,1.32712,1.38612,2.73912
CO2_TUG_BCT2,2021-09-27,1489,False,7,1.41258,0.76558,0.97158,2.79558,6.41258,10.8246,19.0306,28.4426,35.6186,42.1476,42.8836,40.2956,36.5596,32.5896,26.5006,21.2066,19.9426,19.2656,15.5006,13.2656,12.8246,11.5596,8.50058,5.88358,4.73658,3.73658,2.79558,2.76558,3.00058,3.55958,4.97158,6.38358,6.91258,6.97158,6.88358,6.17758,4.70658,3.44258,1.70658,0.00058,0.67758,3.64758,5.53058,5.94258,5.91258,5.41258,4.23658,3.38358,3.91258,6.23658
CO2_TUG_BCT2,2021-09-27,1516,False,4,6.08858,4.94158,4.70658,3.97158,2.14758,3.35358,8.08858,12.0006,16.2946,19.9416,20.2946,18.0886,16.1476,15.0596,13.8246,12.8246,12.0596,11.1476,11.1186,11.7656,11.6186,10.2656,7.70658,5.32458,4.00058,5.73558,6.17758,5.20658,6.26558,6.35358,4.55958,3.14758,2.08858,1.67758,2.08858,3.03058,3.50058,3.55958,3.61858,4.03058,4.50058,4.03058,3.53058,2.76558,1.44158,1.44158,2.79458,3.79458,4.82458,5.94158
CO2_TUG_BCT2,2021-09-27,1580,False,2,7.67876,9.47276,9.88476,8.50176,7.00176,6.20776,8.59076,19.8548,55.0608,101.091,115.238,104.797,96.7078,90.5018,82.9138,71.2668,47.8848,25.5018,15.3258,10.1788,7.82576,7.09076,6.82576,6.70776,7.41376,9.29676,8.56076,5.20776,5.26676,7.85476,7.14976,5.91376,5.03176,3.50176,1.85476,0.00176,-0.08624,0.97276,0.59076,0.67876,1.76676,2.11976,2.91376,4.88476,6.67876,7.97276,7.59076,7.64976,8.50176,8.11976
CO2_TUG_BCT2,2021-09-27,1581,False,5,0.2946,1.2356,3.8826,6.0886,10.0296,17.0006,26.7066,40.7946,48.8236,55.0886,62.9116,59.2946,40.5006,22.6476,13.0586,5.5886,4.0006,7.5296,8.2356,4.8236,3.7066,5.3236,6.2646,6.3536,6.2646,6.9706,9.0296,9.7646,9.4416,9.9416,10.5886,10.9116,9.5886,7.0296,6.9706,8.7066,10.2066,9.0296,9.6766,13.1766,14.2646,12.3826,10.2356,9.3536,9.9706,11.9416,11.9116,9.7646,9.0006,9.3236
CO2_TUG_BCT2,2021-09-27,1647,False,6,3.118,3.206,4.03,5.412,7.265,8.03,10.971,19.5,29.441,39.618,39.883,32.647,21.177,13.236,7.853,6.265,6.883,7.794,7.559,6.206,5.53,5.736,6.677,7.588,5.971,2.03,1.853,5.824,8.677,9.706,10.941,12.559,13.059,12.5,11,9.324,10.118,9.971,8,7.177,6.353,4.736,4.383,5.441,7.236,7.294,6,6.059,6.883,7.853
CO2_TUG_BCT2,2021-09-27,1653,False,5,6.97176,7.29576,8.82476,8.53076,7.50176,6.47176,6.23676,8.06076,12.0018,15.1188,16.7668,15.4138,14.6488,15.3548,15.4138,15.0018,15.3548,14.9138,13.7958,14.0018,12.4718,8.38376,6.70776,7.14876,7.08976,6.53076,6.26676,7.32476,8.91376,10.9138,12.0308,12.1488,11.4428,11.1188,12.0018,13.7368,13.5018,11.3548,10.8248,11.6188,11.4138,11.1778,10.8838,9.79576,9.82476,11.1188,11.5608,10.9428,10.1778,9.44276
CO2_TUG_BCT2,2021-09-27,1656,False,12,11.735,13.441,18.559,26.147,26.147,22.794,20.853,23.765,30.118,39.118,41.5,35.235,26.353,21.088,16.882,13.529,11.941,10.794,9.647,8.412,8.088,7.647,7.118,7.588,7.029,6.618,7.882,10.235,10.677,10,8.294,5.882,6.088,8.677,9.324,7.618,5.941,5.088,4.088,3,3.206,4.588,5.5,5.824,5.5,4.882,5.794,9.677,11,9.412
CO2_TUG_BCT2,2021-09-27,1679,False,14,0.36418,0.01118,0.92318,5.83418,13.9822,20.5702,26.4232,28.0992,28.0112,28.5112,29.1872,27.0992,19.8052,13.8342,7.92318,2.80518,1.39318,2.15818,2.83418,3.12918,2.89318,2.80518,3.71718,5.48218,5.48218,3.89318,4.27618,6.27618,6.21718,5.24618,4.45218,4.54018,5.42318,6.89318,7.74618,7.59918,6.48218,6.33418,7.65818,8.92318,8.27618,5.89318,4.09918,3.24618,3.92318,4.42318,4.98218,6.54018,6.74618,5.39318
CO2_TUG_BCT2,2021-09-27,1680,False,20,5.7744,4.9804,5.7744,6.4804,7.0094,7.3924,8.6274,11.2154,12.9214,13.7744,14.3924,12.0394,6.4504,3.6564,3.4804,3.4804,2.8924,3.3924,5.2154,6.1864,6.5394,6.9804,6.9804,6.5394,6.2154,5.4804,4.1274,3.8924,4.7454,5.2454,5.5394,6.0094,6.1274,5.2154,3.2454,1.9214,2.9804,7.3334,8.8624,7.0684,5.6564,5.3034,5.3334,5.8334,7.0094,7.8624,7.3624,5.2744,3.1864,2.6274
CO2_TUG_BCT2,2021-09-27,1685,False,8,8.18464,8.15464,9.15464,10.5076,11.8606,10.9196,8.83164,9.00764,11.4486,14.2726,17.2426,15.1256,7.80164,4.03764,3.71364,4.89064,7.15464,7.62564,6.33164,5.39064,4.83164,4.47864,3.56664,2.15464,2.18464,2.77264,3.36064,3.97864,4.24264,3.33164,2.97864,3.83164,4.97864,5.24264,4.80164,4.44864,4.89064,6.47864,6.86064,5.56664,4.21364,4.15464,4.97864,5.09564,5.15464,6.41964,6.12564,3.94864,3.09564,2.71364
CO2_TUG_BCT2,2021-09-27,1686,False,14,25.7095,22.2095,19.1505,16.5625,15.5915,17.0915,20.5625,23.7675,27.9735,31.7385,32.8855,31.3855,27.7385,23.2675,17.1505,12.2095,7.62054,5.62054,6.17954,7.12054,6.20954,5.62054,6.03254,6.59154,6.38554,4.53254,3.65054,3.97354,4.32654,5.29754,7.06254,7.06254,5.29754,4.44454,5.03254,6.41454,6.79754,5.70954,4.06254,3.29754,2.97354,2.53254,2.53254,2.85654,2.29754,1.62054,3.00354,3.88554,4.03254,4.56254
CO2_TUG_BCT2,2021-09-27,1698,False,11,8.62916,10.6002,11.6292,11.0412,8.92316,8.04116,10.0112,14.3642,17.4232,19.6002,20.6292,20.0412,17.8642,16.2472,15.1582,14.6002,13.8352,12.4232,11.5702,10.3052,8.04116,7.51116,8.30516,8.04116,7.42316,6.83516,6.18816,5.68816,6.18816,6.83516,7.36416,7.65816,8.15816,9.07016,9.30516,8.89416,8.51116,7.48216,6.54116,8.07016,8.39416,6.65816,5.60016,5.95316,7.68816,9.21716,10.0412,9.21716,7.65816,5.86416
CO2_TUG_BCT2,2021-09-27,1713,False,19,7.88436,9.03136,8.79636,9.91436,13.0904,15.6494,17.8254,19.6204,22.3254,25.3554,26.2084,24.4724,21.4434,20.2374,20.6494,21.7674,23.2084,23.3254,23.8254,24.9434,24.6494,25.4724,28.0314,27.8554,23.7964,19.5614,17.8554,16.7374,14.8254,13.6494,13.0314,12.7084,13.3844,15.3554,15.3254,13.1204,11.9434,11.7964,11.7964,11.7674,11.5314,11.1494,11.5614,12.4724,12.2374,11.8554,11.8554,12.2674,12.7374,12.2374
CO2_TUG_BCT2,2021-09-27,1726,False,4,6.38376,6.53076,6.32476,5.94276,6.41376,7.97176,11.1778,22.7958,41.9138,52.6488,54.4428,48.3548,41.1188,33.0308,25.2658,16.3548,11.9718,10.5018,10.0308,12.5608,13.8248,13.0898,12.4138,12.1188,12.3548,12.4428,11.5308,9.58976,8.17776,7.11876,6.53076,5.53076,3.64876,2.70776,2.67776,3.41376,5.06076,6.23676,6.41376,5.32476,3.44276,3.20776,3.56076,3.91376,4.85476,5.94276,5.79576,4.91376,5.17776,5.79576
CO2_TUG_BCT2,2021-09-27,1762,False,4,8.44688,8.12288,7.91688,9.97588,15.5939,20.9169,25.6529,32.8879,43.1529,56.0059,57.3879,47.9759,32.0059,23.5349,22.5639,25.4169,27.3289,27.3289,25.9469,23.6529,20.5059,19.2409,18.5639,17.0059,15.0059,13.0349,13.2999,12.4169,9.35888,8.62288,10.0639,10.5349,10.2409,8.79988,6.15288,6.15288,8.76988,9.94688,9.65288,9.47588,9.94688,11.1229,12.0059,11.8289,11.0059,11.1229,11.5349,10.2119,8.15288,5.44688
CO2_TUG_BCT2,2021-09-27,1777,False,6,8.05958,8.70658,9.35358,11.0886,17.4716,28.3246,42.1476,70.0006,101.56,116.413,121.472,117.06,96.1476,68.4416,49.8826,34.1766,27.0006,28.7066,34.2066,35.9126,32.9716,29.0296,26.0886,23.1476,22.0596,21.6476,19.6766,17.6476,14.4416,10.4416,8.70658,8.35358,7.20658,5.08858,4.47158,5.14758,5.64758,4.55958,4.41258,5.55958,5.23558,4.14758,5.26558,5.82458,5.02958,4.55958,4.50058,4.38258,3.44158,1.55958
CO2_TUG_BCT2,2021-09-27,1812,False,2,8.26852,8.97452,9.41552,9.20952,7.12152,3.12152,1.73952,4.41552,13.3865,24.5035,26.1805,20.0335,15.5625,12.8865,12.4455,13.9455,14.9455,13.8565,10.9745,8.79852,6.73952,5.06252,4.26852,3.73952,3.47452,3.20952,2.65052,1.73952,0.53352,0.26852,0.41552,1.85652,5.23952,5.91552,3.94552,4.15052,8.00352,12.2985,12.8275,11.3865,12.1215,11.4745,8.29852,6.41552,5.73952,5.65052,6.70952,8.35652,8.12152,7.56252
CO2_TUG_BCT2,2021-09-27,1900,False,19,11.6209,13.0619,14.7979,15.8559,15.2389,13.3859,12.5029,12.8559,13.9149,15.1799,15.9449,14.4149,12.4449,10.6509,10.0619,9.23894,7.41494,6.67994,6.79794,6.56194,6.29794,5.79794,4.94494,5.17994,6.50294,7.00294,6.85594,7.15094,7.65094,7.20894,4.94494,4.29794,5.41494,5.32694,4.70894,6.06194,6.82694,7.44494,9.67994,10.0919,8.47394,7.94494,6.88594,3.03294,2.06194,5.06194,8.03294,8.41494,7.03294,5.73894
CO2_TUG_BCT2,2021-09-27,1969,False,9,9.38436,9.94336,8.64936,6.70836,7.41436,12.2374,18.0024,21.2374,23.5024,25.2964,26.5904,26.0614,25.0024,23.9434,23.1494,21.9144,20.2674,19.4724,18.9144,17.9724,17.5024,17.3254,16.4434,15.0314,14.9724,14.8554,13.9724,13.5314,13.7084,14.0614,13.2964,10.9724,9.03136,7.85536,5.91436,3.64936,3.35536,4.61936,5.20836,5.76736,7.38436,8.03136,7.44336,6.73736,6.47236,6.50236,6.97236,7.91436,8.32536,8.09036
CO2_TUG_BCT2,2021-09-27,1978,False,14,20.5927,34.7397,42.7107,44.2687,41.0927,36.3277,30.6217,30.0927,38.2107,50.5337,57.7687,57.7107,48.0337,38.4747,29.6217,24.8867,24.1517,26.4457,27.2107,24.1217,18.9157,16.2687,15.5927,15.7987,15.0637,11.5927,10.0927,11.2397,12.5337,12.1217,10.3277,9.56372,9.44572,8.59272,6.91572,4.03372,1.97472,1.82772,2.71072,3.32772,4.56372,6.76872,6.82772,5.09272,4.79872,4.65172,3.94572,4.85772,7.38672,8.44572
CO2_TUG_BCT2,2021-09-27,1979,False,12,14.4771,16.1541,18.5361,19.3301,17.8301,15.3011,14.7421,16.9481,20.3601,22.7711,24.5951,23.5071,18.6831,14.5651,13.9481,14.5071,13.0651,11.7711,11.1541,10.9481,11.1541,11.7421,12.8601,14.3011,14.2131,13.1541,11.7421,11.6241,13.4181,15.8011,16.8601,16.0361,13.5071,12.5951,13.1831,12.3601,10.5361,11.0651,12.3301,13.6241,14.4771,14.0651,12.5951,11.1831,9.68306,9.06506,9.62406,10.5651,10.2421,9.15406
CO2_TUG_BCT2,2021-09-27,1997,False,9,2.88652,2.79752,5.03352,7.62152,8.65052,8.97452,10.5035,12.8565,12.7395,12.8565,13.9155,13.4745,13.1215,13.3565,12.3865,9.82752,8.15052,7.53352,7.03352,6.73952,6.23952,5.32752,5.18052,6.29752,7.79752,7.38652,5.35652,4.53352,3.68052,1.82752,1.06252,2.35652,5.23952,7.15052,8.50352,9.32752,8.68052,6.94452,6.88652,8.18052,8.09252,6.97452,5.03352,3.73952,6.00352,11.4745,13.3275,11.5625,9.97452,8.29752
CO2_TUG_BCT2,2021-09-28,1130,False,4,244.959,245.018,244.077,243.282,243.459,245.812,250.782,259.165,264.518,267.106,269.694,268.165,260.341,251.93,247.4,244.459,242.812,237.224,225.194,212.871,195.459,179.841,169.518,155.077,140.018,128.871,116.635,107.959,98.5467,88.6937,82.7527,75.4877,66.6347,61.7237,58.6347,54.8707,48.1347,41.9297,38.9587,36.6057,34.3117,32.1057,29.1347,27.1647,25.3407,23.2817,21.1347,18.4587,17.5467,17.8407
CO2_TUG_BCT2,2021-09-28,1271,False,8,7.147,6.088,6,7.941,10.823,16.588,22.97,26.088,29.441,34.676,35.882,33.176,29.794,23.735,16.941,14.47,15.323,16.941,17.441,16.765,14.323,10.765,10.647,10.588,8.853,7.941,8.059,8.412,7.647,5.323,3.559,3.853,5.206,5.323,5.912,7.765,8.794,8.206,6.118,5.323,6.588,8.529,8.088,5.323,3.588,3.647,5.353,5.235,3.97,5.47
CO2_TUG_BCT2,2021-09-28,1305,False,23,6.76618,8.38318,9.23618,8.82418,8.00118,7.50118,8.64818,9.47218,10.7662,13.7952,15.1772,14.8832,14.3832,13.6482,12.8832,12.0602,10.3832,8.53018,8.00118,8.38318,8.85418,10.7662,14.5302,16.3542,16.1192,15.1482,14.4422,13.9722,14.2362,15.3832,16.2362,15.8832,14.9722,15.0602,14.2662,12.0892,11.7952,13.0602,13.0892,12.8242,12.0602,10.0892,10.1192,12.3542,13.7662,14.3832,14.7662,15.8242,17.0012,15.9422
CO2_TUG_BCT2,2021-09-28,1373,False,3,6.73678,6.58978,5.44278,3.32478,2.82478,5.82478,19.2658,42.2658,61.5308,80.2078,84.5898,71.8248,54.8548,44.0308,35.2078,30.7958,28.4128,25.1188,21.7658,17.5898,15.2368,14.6778,13.9428,12.3838,10.5018,8.11878,7.41278,8.20778,8.56078,7.67778,5.88378,5.56078,6.14878,5.47178,5.06078,5.20778,4.91278,4.32478,4.06078,5.06078,6.17778,7.06078,6.47178,5.11878,5.82478,6.61878,6.73678,6.61878,5.67778,3.85478
CO2_TUG_BCT2,2021-09-28,1408,False,0,12.6015,14.0715,17.6605,18.6305,17.2195,16.7775,17.1305,17.6305,17.8665,17.8955,17.7195,16.4245,14.5425,14.9545,15.2485,14.4245,13.8955,13.3665,12.3075,10.7775,7.89554,5.10154,4.33654,5.16054,6.36654,7.10154,7.66054,8.01354,7.57154,5.86654,4.42454,2.89554,1.57154,1.74854,3.07154,3.63054,3.95454,5.13054,5.68954,4.83654,3.16054,3.86654,6.86654,7.21954,5.54254,5.98354,6.57154,6.68954,7.24854,6.51354
CO2_TUG_BCT2,2021-09-28,1468,False,11,21.9202,20.7432,21.6852,23.4792,21.5382,19.4202,18.3022,18.4792,20.7732,24.0382,25.0672,23.1262,19.6852,18.7142,19.8322,19.7432,17.7142,15.7432,16.1262,18.3902,19.6552,20.5082,21.8612,22.1552,21.7732,22.3612,23.5672,24.3322,23.0672,23.1852,25.3022,25.7432,24.2432,23.1262,23.2732,24.1852,24.6262,24.4492,23.7142,21.1262,14.9792,9.18524,7.86124,9.97924,12.7142,14.9202,17.4202,18.5962,17.3322,13.5672
CO2_TUG_BCT2,2021-09-28,1469,False,10,17.3832,18.6192,18.0892,15.4132,14.2072,14.2662,14.0302,14.0302,15.6482,18.9422,20.5892,20.5012,18.2072,13.9712,12.5302,12.3832,11.2662,9.73618,9.94218,11.5602,11.1192,8.64818,7.73618,8.03018,8.53018,8.79518,9.06018,9.44218,9.03018,8.11918,8.26618,8.00118,7.11918,7.38318,8.00118,8.70718,10.2662,12.4132,12.4422,12.1482,12.4132,11.6482,9.32418,7.44218,6.88318,7.06018,7.47118,7.23618,6.29518,5.58918
CO2_TUG_BCT2,2021-09-28,1498,False,10,9.19464,9.60664,10.0766,9.78264,10.9296,14.8706,18.9596,22.9006,28.4006,32.0766,32.6356,28.7236,25.2826,23.7826,24.9296,25.7236,25.4296,25.3706,25.3416,24.6946,24.7826,26.1356,27.4296,27.0176,25.1646,23.9296,22.8706,21.7236,21.4296,21.6066,21.2826,20.3706,18.9886,18.7236,19.3416,19.1946,17.8416,15.5766,15.2536,16.2826,15.8116,15.2826,15.6646,16.3706,14.9596,11.0766,7.84164,5.25364,4.78264,5.28264
CO2_TUG_BCT2,2021-09-28,1499,False,19,11.4439,14.4439,15.6789,14.4439,11.7379,11.1789,12.1789,11.9139,12.9729,16.0029,16.2079,13.3559,11.5029,11.5029,13.3559,16.1199,15.2079,10.7669,9.06094,9.70794,9.44394,8.73794,7.50294,5.97294,6.17894,8.09094,9.79694,10.3849,8.47294,6.85594,5.50294,3.91394,3.64994,4.47294,4.70794,4.29694,4.14994,4.64994,4.64994,2.44394,0.41394,-0.90906,0.47294,4.38494,6.06094,6.38494,7.29694,8.38494,8.17894,6.70794
CO2_TUG_BCT2,2021-09-28,1504,False,3,1.85594,1.47394,1.50294,3.50294,5.41494,4.56194,2.14994,7.50294,25.1789,41.3559,42.5619,30.5029,17.6789,11.9739,9.41494,7.47394,6.41494,7.97394,8.35594,5.70894,2.00294,-0.90906,-3.67306,-3.26206,-0.14406,0.79694,0.56194,0.50294,0.56194,1.03194,2.12094,3.73794,5.91494,6.38494,4.67894,3.00294,5.32694,6.97394,6.70894,5.85594,3.70894,1.03194,1.00294,3.44394,4.94394,4.14994,1.85594,1.03194,2.29694,4.17894
CO2_TUG_BCT2,2021-09-28,1537,False,2,10.1198,11.3848,11.5608,11.8548,14.2078,19.1788,23.7958,29.5018,34.1198,36.7368,39.0608,38.5018,33.2368,26.3548,21.1488,15.4138,11.7368,11.4428,12.8258,13.9138,14.2368,13.4138,13.7078,15.2078,13.9728,10.7958,11.1198,11.0018,8.35476,6.32576,6.41376,7.58976,7.03176,5.47276,6.29576,6.44276,5.41376,5.91376,6.73676,7.26676,7.35476,7.61976,8.82576,9.67876,9.76676,9.14876,9.41376,10.7668,11.4728,11.5608
CO2_TUG_BCT2,2021-09-28,1579,False,19,17.8548,24.0898,27.6488,26.8248,23.6488,22.5608,24.0018,26.0898,28.4128,31.0898,31.2658,30.2958,29.1488,27.5608,24.2078,20.5608,19.7368,19.5608,16.6188,13.9128,11.6778,10.0018,9.64878,11.9718,13.3838,14.0608,15.5018,14.7658,11.5898,9.85478,8.94278,7.44278,6.06078,4.79578,4.58978,4.97178,5.44278,5.47178,5.26578,5.35478,4.38378,2.06078,0.97178,1.53078,3.03078,4.44278,5.94278,6.64878,6.70778,6.47178
CO2_TUG_BCT2,2021-09-28,1603,False,0,2.70834,1.35534,0.85534,1.88534,6.32634,12.5913,16.9143,23.1203,31.7383,38.4733,44.6203,44.3553,37.9143,33.9143,31.2383,26.2673,21.9733,20.0913,19.0913,19.1793,19.3553,17.6203,15.9143,15.0613,15.7673,16.3853,16.5023,16.7973,17.7383,18.9143,19.1793,17.3553,13.6203,11.9733,12.2383,12.6493,12.6793,12.0913,12.5913,14.4143,15.4143,16.0023,16.8553,16.5613,14.7383,13.0613,12.3263,12.2673,12.9443,13.1493
CO2_TUG_BCT2,2021-09-28,1613,False,16,12.3848,14.4438,16.7968,19.7968,21.7078,23.0608,23.9728,24.1788,24.9138,26.9138,27.1198,25.4438,24.9138,25.2668,24.7078,23.6788,22.9138,23.5018,23.1788,21.4138,20.7078,21.0608,21.2968,21.1498,19.7378,17.0318,16.5608,18.4138,20.5608,23.2668,24.9138,25.2078,24.5318,23.1198,22.4138,22.0908,20.2668,16.9728,15.8258,14.4438,11.4438,10.2078,9.76676,8.79676,7.88476,7.11976,7.14976,7.59076,8.32576,9.06076
CO2_TUG_BCT2,2021-09-28,1617,False,10,7.65406,5.86006,5.68406,7.44806,9.12506,9.91906,10.5951,12.2421,16.5071,21.3311,22.5071,21.5661,21.8601,21.0371,18.2131,16.0071,13.7131,11.7131,11.8311,13.3891,13.8011,13.2131,12.1841,11.3891,11.5661,13.5071,14.8311,13.8011,10.2721,10.0951,13.5661,15.0951,13.9191,11.7721,10.6541,10.7721,11.8601,11.8311,10.5661,10.3311,11.1841,11.6841,11.9481,12.1841,11.9781,12.0071,12.4781,12.8011,12.1251,9.88906
CO2_TUG_BCT2,2021-09-28,1733,False,2,14.3542,15.1482,15.4122,14.4122,13.2952,12.2072,11.3242,10.7952,11.4422,13.1772,15.3542,15.1482,12.9712,9.70718,9.03018,10.9422,12.2362,11.7072,10.3242,10.3832,11.2072,12.1772,12.3542,11.4712,10.2952,9.88318,10.5302,11.8242,11.5892,9.82418,9.11818,9.47118,9.64818,9.20718,8.20718,7.23618,6.00118,5.00118,4.32418,4.06018,5.00118,5.64818,5.88318,7.00118,8.88318,9.20718,9.50118,10.1482,9.44218,8.79518
CO2_TUG_BCT2,2021-09-28,1767,False,16,23.9712,25.4712,24.5592,21.2952,18.3542,18.2062,20.0302,21.6182,24.0892,27.2062,27.3542,25.4122,25.2952,24.8832,23.1482,22.7952,24.5592,26.6772,25.5592,20.0302,14.5012,13.3242,14.9122,15.3832,14.5592,14.0012,13.2652,12.0892,11.8242,11.7362,11.2652,10.8542,10.8242,11.4122,10.9122,9.08918,8.23618,8.82418,10.2362,10.7952,9.70618,7.38318,6.44218,6.85418,7.85418,9.76518,11.4122,12.0012,12.2952,12.7362
CO2_TUG_BCT2,2021-09-28,1790,False,9,1.35594,1.56194,2.06194,2.00294,4.20894,9.59094,13.5619,16.4729,21.9729,27.7679,29.3849,28.1199,26.3259,23.1789,19.8849,18.5029,17.6499,16.1499,14.7379,13.2679,12.6499,11.8559,9.56194,7.11994,5.09094,5.56194,6.32594,6.38494,5.82594,4.17894,2.41494,2.53194,3.85594,3.73794,2.44394,0.59094,0.41494,2.17894,3.79694,4.14994,3.97294,4.23794,4.67894,5.20894,5.73794,6.70894,7.70894,6.91494,5.09094,5.41494
CO2_TUG_BCT2,2021-09-28,1966,False,8,4.67658,4.61858,3.50058,4.61858,9.23558,13.4716,13.4416,11.7356,13.6186,15.2656,15.4716,15.1186,13.7066,11.4716,9.64758,8.35358,8.79458,9.14758,8.55958,6.94158,5.73558,8.02958,7.58858,3.14758,0.85358,1.02958,1.91258,1.88258,0.76558,-0.02842,0.88258,3.44158,5.14758,6.00058,7.02958,8.00058,9.23558,10.2066,10.5886,9.91258,7.76558,6.38258,5.73558,5.26558,4.76558,4.64758,5.47158,6.64758,6.08858,4.79458
CO2_TUG_BCT2,2021-09-28,1967,False,9,0.11858,0.70658,4.88258,11.5596,17.0596,22.5296,24.7356,24.8246,25.9716,27.9416,28.7356,25.2066,22.8246,22.3246,20.7946,17.0296,13.5296,10.6766,6.55958,3.70658,4.44158,7.52958,8.26558,6.82458,6.23558,5.38258,3.29458,1.91258,1.79458,2.17658,2.00058,1.55958,2.02958,2.44158,2.44158,2.08858,2.08858,3.50058,4.23558,3.17658,0.97158,0.97158,3.23558,4.85358,5.70658,5.58858,4.50058,2.82458,2.38258,2.73558
CO2_TUG_BCT2,2021-09-28,1982,False,11,5.618,8.147,8.706,7.912,7.529,6.765,4.971,6.794,14.882,23.471,25.912,24.324,22.706,21.412,20.941,19.206,15.471,13.647,13.882,14.735,14.5,13.147,12.588,13.382,13.382,9.853,7.647,7.235,6.382,5.206,5.647,6.147,6.941,8.853,8.353,5.353,4.706,5.441,3.618,1.029,-1.265,-1.118,0.588,2.971,3.677,2.882,2.471,2.912,4.088,4.824
CO2_TUG_BCT2,2021-09-28,2099,False,1,30.7956,29.8246,29.1776,29.1186,29.7066,29.2066,27.3836,26.4426,26.3246,26.3536,26.3836,25.2066,22.0006,19.2066,16.6776,15.5896,14.7366,12.7066,12.1776,12.7366,12.0896,11.9426,12.7656,13.1186,13.6486,15.2066,15.5306,15.1776,16.4426,18.0006,19.4426,19.3836,17.5896,15.9426,15.3836,15.3246,15.2656,14.7956,13.7066,12.0896,9.91258,9.14858,8.85358,8.64858,9.47158,9.17758,7.38358,6.55958,7.38358,9.26558
CO2_TUG_BCT2,2021-09-28,2117,False,6,17.9433,17.7383,17.5913,17.9733,17.9733,17.5323,17.3853,18.0913,19.7383,21.0323,22.0023,21.5613,17.9433,16.8853,18.8553,19.3263,18.0613,17.2963,16.7383,15.8853,16.1493,17.7383,18.7963,18.2963,17.3853,18.2963,18.6493,16.4143,12.4733,11.0323,11.7963,12.7383,13.7383,14.1793,14.0023,13.5023,13.0323,12.5323,12.4143,13.1793,13.8853,12.5323,11.9433,12.7083,12.9433,12.5323,12.2383,11.7673,11.0613,11.0613
CO2_TUG_BCT2,2021-09-28,2118,False,10,7.265,8.706,9.441,9.736,9.53,9.559,10.059,10.853,12.53,14.441,15.236,14.147,10.912,7.883,5.059,5.206,7.618,7.794,6.883,6.324,6.853,7.736,8.647,8.441,7.324,7.147,7.794,9,9.853,9.441,8,6.765,5.265,3.883,3.618,4.265,5,5.5,5.941,5.736,5.059,5.059,5.236,5.206,4.883,5.118,7.089,8.706,8.618,6
CO2_TUG_BCT2,2021-09-28,2121,False,3,2.4753,2.0933,3.8583,4.2113,2.8873,5.2993,13.6523,21.6523,26.3283,30.8583,33.5343,33.0643,30.5643,27.5933,22.9753,18.9463,17.3583,16.9753,17.1523,16.8873,16.0053,15.8873,17.2403,19.2403,19.3283,18.0343,18.1523,19.4463,21.2113,20.5343,16.1813,11.6523,11.2403,13.8583,15.2403,15.1813,14.8283,15.5053,17.1223,17.4173,15.9463,13.5643,13.0343,12.8583,11.9173,11.1223,11.2993,13.1523,14.0343,13.7113
CO2_TUG_BCT2,2021-09-28,2125,False,2,7.03,7.412,7.206,5.971,5,5.383,8.912,19.677,39,50.353,51.53,43.206,34.236,27.471,28.412,28.794,25.412,23.618,22.677,20.5,19.059,19.383,21.559,21.5,18.824,17.03,15.206,12.706,12.177,13.206,13.383,12.765,11.794,11.294,11,10.559,10.559,11.03,11.647,13.324,15.736,15.706,14.441,15.736,16.177,15.647,16.941,17.059,15.294,13.941
CO2_TUG_BCT2,2021-09-28,2159,False,16,16.3577,16.3867,14.8577,12.8577,10.8867,11.4747,13.1807,15.2397,16.6517,17.7107,18.0337,16.9747,15.0927,14.8867,15.4457,15.9457,15.6517,12.8577,7.94572,5.88672,6.76872,8.35772,8.62172,7.73972,6.97472,5.97472,4.71072,3.59272,2.82772,3.62172,4.85772,5.65172,4.94572,4.32772,4.23972,4.35772,5.29872,7.15172,7.85772,7.59272,8.03372,9.18072,9.29872,8.29872,7.09272,7.62172,8.59272,8.91572,7.97472,7.32772
CO2_TUG_BCT2,2021-09-28,2160,False,10,11.4175,11.0065,11.2415,12.2415,13.4475,15.1535,16.2415,16.0065,15.8005,17.3295,17.4765,15.6235,13.8885,13.0645,14.2115,13.1825,9.32948,7.74148,8.18248,9.27048,10.5065,11.0355,9.18248,8.21148,9.21148,10.8295,11.3295,10.8885,10.2115,9.47648,9.35848,8.74148,8.06448,9.44748,10.2705,9.85848,9.00648,8.27048,8.91748,9.06448,8.21148,7.82948,8.47648,9.82948,10.2115,10.5355,12.3295,12.7115,11.2115,10.0355
CO2_TUG_BCT2,2021-09-28,2176,False,3,2.971,3.177,3.618,3.647,3.441,4.147,8.824,22.03,37.353,45.588,49.971,47.236,35.5,24.794,20.265,18.236,17.647,16.824,15,14.206,13.853,12.765,13.118,17.03,22.677,23.471,19.912,17.088,14.971,13.941,12.941,10.118,6.53,4.559,3.53,3.912,6.441,9.471,10.53,10.441,10.647,10.618,10.03,8.647,6.5,5.824,6.147,6.647,6.824,6.383
CO2_TUG_BCT2,2021-09-28,2191,False,5,7.24206,10.6841,12.6841,17.2131,25.1841,27.3601,28.8901,33.8601,39.7721,47.3601,51.2421,50.9191,48.5951,46.6841,45.8601,45.2421,44.3311,43.1251,42.6541,40.7721,35.8601,31.7131,31.0071,32.1251,31.4781,27.8011,23.8311,22.5071,22.8011,23.1251,23.8601,25.1251,24.6541,22.3901,21.1251,20.3601,19.6541,20.1251,18.8601,15.0661,12.3011,10.6541,10.5371,10.1251,9.71306,11.3311,10.5071,6.50706,4.80106,5.00706
CO2_TUG_BCT2,2021-09-28,2235,False,8,8.64918,6.35518,5.67818,9.53118,17.8252,24.4432,31.7662,38.4132,41.2962,42.5602,43.2962,42.6492,39.9132,38.8842,38.9132,37.1782,35.3842,33.6782,31.7662,29.0902,27.5312,27.8252,28.9722,28.9722,26.9432,22.8552,18.5602,13.1492,9.85518,9.11918,9.29618,9.73718,9.73718,9.32518,9.26618,9.23718,8.59018,8.59018,9.23718,9.20718,8.79618,8.35518,8.56018,9.23718,9.23718,8.88418,7.44318,4.73718,4.26618,6.03118
CO2_TUG_BCT2,2021-09-28,2250,False,5,14.2101,16.0931,14.1521,12.1811,12.1811,15.0041,23.6521,39.0341,47.9461,51.4751,52.2691,50.6811,45.4751,38.5931,35.1521,33.5631,30.5631,24.3871,19.2691,18.3571,21.7101,27.2401,28.9461,27.4161,26.5931,26.0041,24.3871,23.6221,23.2691,22.0631,21.1521,20.4461,18.9751,16.1221,13.9461,13.1221,14.2401,17.8571,18.7401,16.7401,16.2401,17.2691,17.5931,18.0931,19.0041,18.6521,17.3281,15.4461,15.0341,16.3281
CO2_TUG_BCT2,2021-09-28,2257,False,10,1.53116,3.47216,3.88416,4.91316,7.20716,7.88416,9.23716,12.6192,15.4132,17.7372,18.4722,18.2662,15.8842,10.7372,10.0602,13.7962,14.7962,13.1782,12.8842,12.5312,10.0012,6.32516,5.32516,6.41316,6.41316,6.50116,9.26616,10.5902,10.1192,10.1782,10.8252,11.6782,11.3252,10.4432,11.3252,11.6192,10.3252,8.88416,8.11916,7.70716,8.35416,9.73716,9.91316,10.8252,12.4132,11.3252,9.14916,6.76616,6.35416,6.67816
CO2_TUG_BCT2,2021-09-28,2264,False,0,7.21148,7.41748,6.44748,5.09448,3.62348,4.00648,8.50648,23.3885,43.8885,53.2115,54.2415,49.8295,38.0945,27.1535,22.4175,20.3595,19.6535,17.8885,14.1235,11.9765,11.0355,10.3005,9.80048,9.30048,8.94748,7.97648,6.15348,5.71148,6.77048,7.68248,7.74148,7.30048,7.06448,7.03548,7.00648,6.77048,6.30048,6.00648,5.56448,5.09448,5.68248,7.03548,8.91748,9.27048,7.50648,5.21148,4.82948,6.82948,9.71148,11.4175
CO2_TUG_BCT2,2021-09-28,2353,False,3,1.59506,1.91906,1.83006,0.80106,1.97806,3.00706,3.41906,5.97806,13.7421,22.8011,25.2421,20.5071,12.8301,8.24206,5.53606,4.77206,5.09506,4.56606,3.68306,2.77206,2.77206,2.24206,-0.63994,-1.08094,1.03606,1.56606,1.74206,2.59506,2.97806,3.74206,5.80106,6.50706,5.94806,5.97806,6.38906,6.77206,6.12506,4.74206,4.68306,4.65406,4.47806,5.44806,6.33006,6.91906,7.41906,8.15406,8.86006,9.00706,8.09506,6.30106
CO2_TUG_BCT2,2021-09-28,2425,False,4,4.10154,5.16054,5.07254,3.39554,3.13054,4.18954,4.74854,7.51354,15.2485,22.8665,24.6015,22.3955,19.8665,17.3665,16.8075,16.3075,14.2485,12.2195,12.1305,13.4545,14.1605,14.2485,14.2195,13.8665,12.4545,10.2775,8.83654,7.71954,6.86654,6.57254,7.45454,7.74854,7.83654,9.16054,9.33654,8.07254,7.39554,6.13054,3.24854,3.01354,5.39554,6.18954,4.95454,2.80754,3.39554,6.07254,6.16054,6.01354,6.13054,4.57254
CO2_TUG_BCT2,2021-09-28,2428,False,8,4.14758,5.35358,4.85358,4.73558,4.32458,5.29458,10.9126,20.9126,36.2066,46.0596,50.5006,48.8536,44.8836,38.2656,31.1186,27.5886,25.7066,23.6186,19.5306,15.0306,12.8836,11.2656,9.35358,10.0306,13.2066,15.1476,17.7066,22.3536,24.2356,23.5886,22.9416,21.4716,18.5596,16.6476,16.7066,19.2356,20.4126,20.3836,21.0306,19.3246,14.7356,12.6476,13.0596,13.6476,12.9416,10.8536,9.44158,9.08858,9.05958,8.97158
CO2_TUG_BCT2,2021-09-28,2435,False,5,7.5466,7.5466,8.8706,10.1946,10.0176,8.8996,10.3706,16.3996,23.1356,26.6646,27.4296,24.6946,21.7826,19.2826,18.6946,19.0176,17.9296,17.6356,17.7526,16.1946,15.8116,17.0766,17.8416,18.3996,19.4586,20.6056,20.4296,17.2826,16.4586,18.3996,18.3116,15.3996,12.8996,12.7526,14.0766,14.8416,15.3996,16.3416,16.7826,16.6056,16.1946,16.3996,17.0766,17.2526,18.4886,21.1646,21.5466,19.1356,16.8116,16.2826
CO2_TUG_BCT2,2021-09-28,2449,False,16,14.1646,18.8706,20.1056,21.1356,23.0766,24.4886,25.7236,27.6946,31.2826,34.1056,34.9006,34.2826,32.8416,31.9006,31.1946,29.7826,27.4006,26.0766,24.8416,23.1946,23.3116,22.9296,20.9886,18.8116,15.8706,13.6356,12.2526,11.7236,13.5476,14.3706,13.6056,13.1646,13.3416,13.8416,14.2826,14.5476,14.1056,12.2526,8.78264,6.04764,4.19464,4.31164,4.01764,2.92964,3.31164,3.19464,1.98864,2.34164,5.07664,8.01764
CO2_TUG_BCT2,2021-09-28,2450,False,2,10.8577,10.0047,6.7987,5.3277,6.5337,9.3277,11.4457,18.6807,34.5047,48.9457,57.4167,48.1217,37.5047,28.2107,20.0927,16.2107,14.4747,17.3577,25.2397,29.7107,28.7697,25.0337,22.8577,21.6807,20.3577,18.8577,17.8577,19.4457,19.9747,17.0927,12.4167,10.4747,10.6807,11.0047,11.7397,13.1517,13.8577,13.8867,13.3577,11.9457,10.5927,10.5337,11.4167,11.7987,11.1517,9.9747,11.0637,14.0337,14.4747,13.6807
CO2_TUG_BCT2,2021-09-28,2451,False,8,7.73718,9.53118,11.6782,14.6192,17.0312,20.0012,24.7372,27.3842,31.4422,39.5312,42.1782,37.2952,30.2072,28.6482,31.5012,32.5312,30.6192,27.7952,26.5892,26.6782,27.0892,26.8542,25.9422,25.4132,24.8842,23.8542,22.8842,23.0602,25.4722,25.6192,23.0602,21.9422,21.2952,18.9422,17.5312,16.8842,16.0312,16.2662,17.5602,17.9722,18.5312,20.8842,22.0892,21.0892,18.6782,17.0312,16.0602,16.5312,18.3542,19.2952
CO2_TUG_BCT2,2021-09-28,2457,False,10,14.0319,18.2679,19.0909,18.0909,15.2969,13.1209,12.3559,13.9439,18.7089,21.7089,22.9149,22.9149,22.0319,21.5319,21.1209,19.7089,17.6499,17.1499,17.9739,18.4149,18.2379,17.7969,17.7679,17.9739,17.7379,17.5319,17.5029,17.4149,16.7089,15.3849,15.2379,15.3849,13.7379,12.6499,12.4439,11.8849,10.2379,8.41494,7.97394,7.64994,5.79694,4.91494,5.44394,7.06194,8.26794,5.64994,3.41494,1.97394,0.29694,-0.67306
CO2_TUG_BCT2,2021-09-28,2458,False,9,4.53194,2.59094,3.53194,6.09094,7.35594,9.88494,15.1789,19.1789,23.7379,28.5619,29.3259,25.0909,18.8559,15.2089,12.9439,11.4729,9.94394,8.50294,7.82594,8.00294,9.00294,8.26794,5.53194,4.00294,2.88494,1.03194,0.38494,1.20894,2.44394,3.41494,4.61994,6.56194,8.50294,7.35594,6.23794,5.35594,3.47294,4.20894,7.73794,8.85594,7.20894,5.61994,5.53194,6.41494,6.76794,5.88494,3.88494,2.20894,1.85594,4.11994
CO2_TUG_BCT2,2021-09-28,2470,False,13,3.91376,5.53176,7.88476,11.2668,13.0318,14.1198,15.5318,15.7668,17.2958,20.9438,22.1788,20.0608,16.8258,15.7958,16.3258,16.2958,15.8848,15.3848,15.1488,15.1198,15.0318,14.2958,12.6488,11.5318,11.6788,12.5608,12.7668,12.1198,11.3848,10.8548,10.1198,9.29576,8.09076,6.35476,6.94376,10.5908,13.7958,14.2078,13.0318,13.1788,14.2668,13.7668,12.8848,11.8548,10.6488,9.91376,9.29576,8.32576,6.64876,5.59076
CO2_TUG_BCT2,2021-09-28,2471,False,2,7.39024,9.09624,8.00824,4.50824,1.92024,2.92024,7.39024,15.9792,31.7432,43.5962,45.6262,40.3322,32.4202,27.8022,24.7732,21.4492,16.8322,14.3022,14.3322,15.7142,17.0082,16.5962,14.8322,14.3022,14.6552,14.2142,13.9492,13.6552,12.4492,11.5382,11.0962,11.6262,12.0672,10.1552,8.62624,7.97924,7.65524,6.92024,5.59624,5.44924,5.59624,4.09624,4.18524,6.39024,7.59624,7.97924,8.44924,8.65524,8.44924,7.89024
CO2_TUG_BCT2,2021-09-28,2472,False,4,3.7356,2.6176,2.0586,3.0006,4.4706,5.4706,5.2066,15.7356,43.5586,65.9706,69.9416,63.7066,56.6766,44.7356,30.7356,24.2066,23.2946,25.7646,28.2356,30.2646,30.6766,29.3826,28.1766,29.2946,32.5296,34.2066,34.6476,35.1766,35.6176,34.4706,30.5296,27.0886,24.2356,23.2356,22.8236,21.6766,19.1176,13.6476,8.7946,9.4416,13.9416,15.8236,17.5586,21.1766,22.3236,20.9116,19.6766,18.7356,16.5886,13.7946
CO2_TUG_BCT2,2021-09-28,2476,False,9,7.2703,7.3583,8.4173,7.6523,10.7703,24.0353,41.1233,49.5353,52.7993,54.4173,55.2703,54.8883,51.1233,40.7403,28.9463,22.2113,17.4463,15.3583,15.3293,15.7113,15.3583,14.9173,16.0643,16.6823,16.3883,16.7403,18.5933,21.0053,22.3293,22.2113,20.3883,19.7403,20.2703,18.7403,15.5053,15.1523,14.9763,13.9173,14.3293,14.4463,13.5933,13.3293,14.9173,18.1523,19.2993,18.3293,17.3583,16.8293,16.2703,15.5353
CO2_TUG_BCT2,2021-09-28,2477,False,12,11.0024,19.6494,31.2964,36.3254,37.3254,38.9144,40.0904,40.4144,40.6194,41.8844,43.5314,42.5314,41.1194,40.5024,40.7674,39.5314,36.3254,34.7674,33.8554,31.6494,29.8254,28.5024,28.3844,29.4724,31.2964,31.6494,31.2964,32.3554,32.2674,30.3844,28.7674,28.8844,32.0024,32.6194,30.2964,29.4724,30.4724,32.3254,32.8254,32.2374,32.1194,31.2674,28.7084,26.3554,25.5314,25.2674,23.8254,20.7674,18.8554,18.2374
CO2_TUG_BCT2,2021-09-28,2482,False,1,2.4167,4.5047,4.7107,4.1517,6.2107,7.3287,7.2997,8.4467,10.7407,14.0637,15.1227,13.4467,11.1517,10.4167,9.5937,6.7997,5.4467,5.7997,6.7407,8.1817,8.7997,8.1817,6.7697,6.0347,5.7107,5.2697,5.0637,3.8577,0.8577,-0.2303,0.9757,2.4167,3.1817,3.7997,4.5637,4.5937,2.6817,2.9467,5.5937,6.2697,5.7697,5.2107,4.7697,4.5047,4.8287,5.6817,6.6517,6.5047,6.8287,8.0637
CO2_TUG_BCT2,2021-09-28,2483,False,5,4.17758,3.94258,4.88358,5.53058,5.61858,5.67758,6.47158,10.0006,15.8246,19.8836,22.8836,22.8246,18.2946,12.6186,11.7656,14.7066,15.7366,13.8246,11.2366,11.6776,13.6476,12.2066,10.5596,9.94258,10.0596,10.0306,8.73658,8.70658,9.76558,9.41258,9.76558,11.5596,12.4126,11.8246,10.3536,9.08958,7.35358,5.55958,5.50058,6.91258,8.32458,9.82458,10.5006,10.2946,9.35358,8.20658,7.94258,8.26558,7.85358,6.94258
CO2_TUG_BCT2,2021-09-28,2489,False,3,-0.6764,1.0296,2.7066,3.5886,4.8236,7.7946,19.1186,40.6476,53.2656,58.1186,58.5296,55.7946,51.4706,49.8236,48.1186,43.9706,38.6186,31.7946,29.2656,29.6476,29.7066,28.2656,27.1476,26.5006,25.7946,24.8236,24.1186,22.1186,17.8826,14.9416,13.2946,11.4126,11.0886,13.0886,15.7066,15.4126,13.2066,13.5296,14.9706,16.3536,15.8826,13.6186,12.5886,13.4416,14.3826,12.8536,12.5296,14.1766,14.6766,14.0886
CO2_TUG_BCT2,2021-09-28,2490,False,17,8.9173,14.2403,17.9463,20.1523,20.3873,20.0053,19.4763,18.7403,19.9173,23.0643,24.0643,23.3293,23.4763,23.0643,21.0053,18.8583,17.8293,17.2703,17.0643,17.2703,17.5933,16.6523,14.1523,11.7403,10.1813,11.7403,13.8293,13.7703,9.5933,5.7403,2.6813,2.0933,4.2703,6.8583,7.7403,6.6813,4.2703,2.6233,1.5933,1.5643,2.2113,2.2113,1.9763,1.4763,0.5933,0.5933,1.3873,1.2113,0.3293,0.5643
CO2_TUG_BCT2,2021-09-28,2492,False,1,5.73558,3.64758,3.05958,3.88358,4.14758,1.97158,1.85358,4.82458,9.32458,17.2656,24.0006,23.8836,19.1776,18.2356,21.2066,22.6776,21.4416,18.3836,16.2946,14.2356,11.0006,10.0306,11.0006,11.3836,12.1776,12.6186,10.0596,8.55958,8.70658,8.26558,7.11858,6.70658,5.61858,4.23558,5.67758,7.14758,7.85358,8.47158,8.73558,7.61858,5.64758,3.44158,3.32458,2.91258,1.29458,1.73558,4.20658,5.05958,4.41258,3.91258
CO2_TUG_BCT2,2021-09-28,2494,False,9,7.29518,10.2072,13.2072,12.3242,9.17718,9.67718,11.0302,11.6772,12.0302,13.0012,14.7072,14.2662,11.7952,10.7952,10.3832,9.64818,10.5302,12.8242,13.3242,13.2662,13.6772,13.8242,13.1482,11.7662,11.2072,10.8832,9.67718,8.79518,8.47118,8.94218,11.0302,14.6772,15.3542,13.0012,11.2362,10.0602,9.32418,10.5892,10.4712,8.29518,7.32418,7.41318,7.20718,7.29518,8.20718,9.50118,10.9422,12.9422,14.1772,13.8242
CO2_TUG_BCT2,2021-09-28,2495,False,3,4.94628,3.82928,3.53528,3.21128,2.29928,2.18228,4.94628,11.4173,20.7413,33.5643,38.4173,35.5643,27.2413,18.5053,14.8883,13.8583,12.2113,9.35828,8.00528,8.32928,9.50528,10.4173,10.4763,10.1233,10.3883,10.1233,7.59428,6.68228,8.82928,11.9463,12.0053,9.38828,8.27028,9.03528,10.1823,10.2113,7.91728,3.91728,2.00528,1.88828,2.79928,4.44628,4.94628,5.12328,6.03528,7.18228,7.44628,7.03528,6.65228,5.44628
CO2_TUG_BCT2,2021-09-28,2502,False,5,-0.58488,-0.84888,0.56212,3.88612,5.82712,5.56212,3.62112,5.76812,13.8271,20.2391,20.8861,18.1511,15.8561,14.2681,14.2981,14.7391,14.0921,11.9151,10.2981,9.09212,7.73912,6.26812,6.32712,7.23912,8.94512,10.7391,10.7981,9.68012,10.4451,12.2391,10.9451,8.94512,8.06212,9.38612,9.73912,8.50412,8.09212,8.94512,10.0331,9.85612,8.73912,8.53312,8.91512,9.35612,9.09212,7.94512,7.00412,6.82712,7.73912,9.56212
CO2_TUG_BCT2,2021-09-28,2504,False,19,6.26618,7.47218,8.38318,8.79518,7.97218,6.58918,7.70718,12.4722,24.5892,38.2662,40.5602,33.8832,28.0892,23.6482,22.7362,23.4132,24.2072,24.8832,24.9132,24.6192,25.3252,25.7662,23.2952,22.4422,23.6192,23.5012,22.2072,19.9722,16.8542,13.4422,14.0012,15.7362,16.6192,16.0312,16.3542,18.1482,19.0012,18.4132,17.0312,16.5602,16.9422,17.0892,16.4132,15.1192,15.2952,16.6192,16.4722,15.0312,13.3252,13.4422
CO2_TUG_BCT2,2021-09-28,2508,False,11,4.64994,2.64994,2.44394,4.11994,4.76694,5.35594,7.67894,9.14994,11.6789,17.0029,19.0909,17.7969,15.1789,11.0909,8.64994,7.44394,5.76694,4.76694,5.85594,8.56194,9.29694,8.29694,8.00294,7.73794,7.29694,7.70894,7.64994,6.85594,7.11994,8.70894,9.88494,10.0909,9.17894,7.29694,6.35594,6.26694,6.59094,7.76694,9.26694,8.79694,6.29694,4.85594,6.11994,9.23794,9.94394,9.67894,12.1199,12.7379,11.0909,10.7379
CO2_TUG_BCT2,2021-09-28,2512,False,5,2.97394,2.94394,2.35594,1.91494,2.41494,4.03294,5.47394,8.03294,13.2379,17.2089,18.1799,17.7089,16.5909,15.1499,15.0329,14.4439,12.6209,11.6799,11.5619,11.6209,12.0029,12.2379,11.4149,11.5619,12.1799,11.0029,11.8269,15.5029,17.7379,17.9739,16.5619,15.4149,13.1799,8.97394,7.09094,7.23794,7.14994,7.41494,9.09094,8.67994,6.47394,6.59094,6.38594,4.56194,3.32694,3.67994,6.00294,7.00294,5.76794,4.00294
CO2_TUG_BCT2,2021-09-28,2513,False,10,2.29616,3.03116,3.44316,6.59016,13.3842,17.1782,18.0602,18.7372,20.3252,22.7072,23.0312,21.4722,18.3542,15.7372,14.6492,13.9722,12.8542,11.4132,11.4722,12.1492,11.9722,10.1492,9.50116,10.2662,10.4722,9.82516,9.17816,9.38416,10.2962,10.8842,11.8842,13.6782,13.8542,12.0902,10.5012,10.4132,11.2962,11.7662,11.8252,11.8252,11.7072,10.7662,8.79616,7.20716,6.14916,6.35416,6.50116,6.23716,7.06016,8.44316
CO2_TUG_BCT2,2021-09-28,2517,False,6,1.32712,3.73912,5.23912,4.62212,3.71012,5.68012,9.53312,14.9741,18.2391,19.7391,19.7981,18.2101,15.1221,13.0921,11.5041,9.38612,10.2691,13.8861,14.8271,12.7391,8.91612,7.09212,7.32712,8.23912,8.50412,8.32712,8.44512,7.85712,7.18012,8.53312,9.12212,8.44512,8.79812,9.68012,8.76912,8.06312,7.47412,6.00412,6.32712,7.62212,6.23912,5.23912,5.47412,5.23912,4.32712,4.15112,6.44512,11.0631,12.7391,11.8571
CO2_TUG_BCT2,2021-09-28,2519,False,16,11.8571,17.5041,19.7981,20.0341,19.7691,19.0631,18.2981,17.7101,17.9161,19.7391,20.3871,19.4751,18.0921,16.3871,16.0631,17.3571,19.4751,18.5341,14.4451,12.1811,10.7691,8.65112,7.94512,7.97512,7.53412,6.68112,6.91612,8.15112,8.03412,7.18112,8.00412,7.88712,6.18112,5.71012,6.53412,6.73912,4.76912,1.23912,0.62212,1.76912,3.26912,3.88712,3.26912,1.94512,1.94512,3.26912,3.85712,3.00412,1.23912,1.12212
CO2_TUG_BCT2,2021-09-28,2524,False,4,4.4753,4.5053,4.8573,4.8873,4.3283,5.0633,8.2403,16.5933,31.7993,40.7103,42.1223,40.3573,36.8573,31.8873,24.4463,19.5933,18.4463,22.1223,25.5933,27.5633,27.4163,27.4463,27.8283,26.6813,26.0633,26.2993,25.5343,23.2103,21.2993,20.4753,19.9463,19.5053,17.8283,14.5933,13.4753,14.6813,16.3283,18.7403,22.2103,21.2993,16.1223,13.6813,12.7993,10.9463,9.3283,9.0053,9.5053,10.2403,10.0343,7.4163
CO2_TUG_BCT2,2021-09-28,2525,False,4,3.82536,2.38436,1.14936,2.00236,4.53136,5.76636,8.06036,14.1494,27.3844,46.9724,51.2964,46.2374,38.7664,33.5604,30.1194,25.7084,23.0904,21.6494,20.7374,20.5904,20.3254,19.1784,18.7374,18.8554,16.9724,12.7664,10.7374,11.2964,13.6494,16.1784,16.7374,15.8844,15.0314,13.3254,10.6494,8.91336,8.76636,10.7664,11.1194,9.17836,7.76636,7.41336,7.35536,7.09036,6.38436,5.73736,5.94336,6.85536,7.32536,7.38436
CO2_TUG_BCT2,2021-09-28,2534,False,8,4.235,4.705,5.647,6.264,7.617,10.911,13.941,14.794,14.558,15.205,16.588,16.411,14.5,10.441,6.647,5.058,4.529,5.058,6.911,8.617,9.411,8.529,5.294,3.941,4.647,5.205,5.97,7.323,7.647,7.5,8.441,9.088,9.088,8.529,8.294,9.735,9.147,5.764,3.97,6.117,11.029,11.676,7.764,5,4.735,5.382,5.352,4.941,4.441,4.294
CO2_TUG_BCT2,2021-09-28,2536,False,19,16.5915,17.2385,18.1795,18.1215,19.1505,21.9745,23.7975,24.4445,24.1215,24.7385,25.8565,24.7685,24.4445,25.5915,25.3855,23.8275,23.3275,23.1215,21.9745,20.4445,20.6505,22.4155,22.9445,21.1795,18.0625,16.1505,15.0325,14.5915,14.7685,15.1215,14.5325,13.6215,14.5625,15.4745,16.2975,17.7385,18.6795,19.0625,17.9155,15.3565,14.4155,14.4445,14.2385,13.8565,14.3275,15.7685,16.8855,17.4445,16.9445,16.2975
CO2_TUG_BCT2,2021-09-28,2540,False,10,2.00824,0.86124,3.30224,7.56624,12.9492,15.4192,16.2142,17.8612,18.7722,18.9782,19.4782,19.2432,16.5372,13.9492,11.1552,8.74324,7.44924,6.47824,6.47824,7.36124,7.71424,6.83124,4.94924,4.15524,5.21424,7.44924,7.62524,5.41924,3.71424,4.47824,6.77224,7.03724,5.09624,1.83124,0.97824,2.89024,5.06624,6.21424,6.30224,5.00824,5.06624,6.80224,7.39024,6.09624,3.91924,2.53724,1.94924,2.59624,4.41924,7.18424
CO2_TUG_BCT2,2021-09-28,2541,False,5,5.94494,6.50294,7.38594,7.38594,6.44494,6.32694,11.9149,24.7389,32.2979,35.7089,37.8269,36.7679,32.9739,30.1499,28.0329,27.0329,26.3559,24.7089,22.7089,21.0029,18.9739,17.4449,15.4449,13.1499,12.4449,11.8559,9.56194,8.67994,9.67994,11.7979,13.7389,11.9449,10.8559,10.8559,9.35594,9.44494,11.6499,12.7089,11.9149,10.1209,9.79794,10.3859,9.76794,9.85594,11.0619,10.7089,7.97394,5.20894,4.53294,4.64994
CO2_TUG_BCT2,2021-09-28,2543,False,2,8.38946,9.50646,9.53646,8.80046,9.35946,10.4775,9.91846,14.4485,29.1245,43.8005,48.1835,46.0065,41.0655,31.9775,24.6245,21.8595,20.9185,20.5655,17.9185,12.4485,10.8595,13.3305,15.4485,16.0955,16.3895,16.9185,17.6245,18.6535,19.5955,20.5955,21.1835,22.1535,23.8005,24.0065,21.7715,17.3895,14.4775,13.5065,14.8895,15.9185,17.2425,20.1245,20.3305,17.7125,16.1535,14.8005,12.6245,12.7125,14.2125,13.1535
CO2_TUG_BCT2,2021-09-28,2548,False,19,4.97452,4.26852,4.35652,5.23952,6.91552,9.73952,15.4745,21.2095,24.0035,25.4155,25.5335,24.4455,22.3865,20.2395,17.5335,15.7985,14.7095,13.2095,12.0335,11.0035,10.3865,9.26852,7.85652,8.65052,10.1505,11.5625,11.2685,9.00352,7.18052,6.94552,6.88652,5.47452,4.59252,4.56252,5.12152,5.35652,3.79852,3.41552,4.68052,5.35652,5.20952,4.70952,4.20952,3.47452,2.94552,4.12152,7.15052,8.91552,8.38652,6.56252
CO2_TUG_BCT2,2021-09-28,2551,False,6,2.26558,1.29458,0.58858,2.97158,6.58858,11.5886,18.5006,30.2946,40.1776,44.9126,46.6476,43.5596,39.0886,32.6776,26.9126,25.7066,27.3836,28.2946,26.7656,22.7946,20.9416,21.0596,20.7066,20.2656,21.2066,20.0886,15.7366,12.3246,10.4416,8.23658,5.67758,3.91258,6.17758,7.32458,5.94158,4.58858,2.85358,0.11858,-0.41142,0.82458,0.79458,0.23658,-0.05842,0.17758,0.38358,0.38358,0.20658,0.20658,1.05958,2.47158
CO2_TUG_BCT2,2021-09-28,2558,False,4,6.4416,7.8826,8.5886,8.7356,9.2056,10.2356,11.4116,13.2056,16.3526,20.4416,20.6476,19.5586,18.9416,18.7056,18.6766,18.4706,16.9116,14.3236,14.0296,14.0296,12.9416,12.1476,13.0296,15.2646,15.7056,14.2056,13.1476,13.5886,14.0296,12.2356,11.6476,12.7946,12.7356,10.9416,9.2356,8.1176,6.4116,4.5296,3.7646,3.8526,5.1476,7.0296,6.5586,5.7056,4.8826,3.5586,3.5586,4.9116,5.8826,6.6766
CO2_TUG_BCT2,2021-09-28,2560,False,19,8.26676,8.73676,9.64876,9.91376,9.73676,10.2958,13.4428,21.4728,29.8258,33.9138,35.9728,35.3258,31.2078,26.9138,24.8258,23.4728,22.3838,20.9138,18.4138,16.4728,15.8548,17.7078,18.7958,18.7368,18.9428,18.9138,18.3548,17.2368,15.7958,15.5898,14.4138,12.1198,12.3548,13.0898,13.1198,12.3258,10.2078,8.20776,8.26676,9.35476,8.85476,8.03176,7.56076,8.06076,9.67876,10.7668,10.4138,9.26676,8.97276,8.64876
CO2_TUG_BCT2,2021-09-28,2561,False,9,0.3583,-0.2597,3.7403,15.6233,25.8583,26.6523,21.7403,22.2403,31.5353,42.0933,44.1233,38.7403,33.3583,31.6823,31.9763,32.3293,31.8873,30.1823,28.7703,27.4763,26.2113,23.3293,18.2113,16.3293,17.4173,17.9763,17.0353,15.8583,16.9463,17.2703,16.0353,15.6823,17.0053,19.0933,19.8583,19.7403,19.9463,19.9173,19.5053,19.3583,18.6233,16.4463,14.7113,12.6823,10.4463,10.3873,12.0053,11.6823,8.7403,6.3583
CO2_TUG_BCT2,2021-09-28,2565,False,3,-0.20188,-0.67288,0.00412,1.62112,2.06312,1.88612,2.79812,5.79812,10.4741,17.0331,18.5631,14.7391,11.1801,9.65112,7.88612,5.23912,3.56312,2.50412,2.21012,2.15112,1.56312,1.97412,3.09212,2.76912,3.35712,5.56312,6.29812,5.73912,5.79812,6.47412,7.68012,8.59212,8.65112,8.21012,7.76912,6.09212,2.91612,2.29812,4.68012,6.94512,7.06312,5.85712,5.91612,6.29812,4.56312,4.32712,5.56312,4.91612,4.59212,5.32712
CO2_TUG_BCT2,2021-09-29,0,False,10,6.5018,8.3258,15.8548,30.0018,36.6488,35.6488,33.0608,35.4728,43.5318,48.5908,48.8258,46.9438,45.0318,41.3848,36.5318,34.7078,33.2668,28.8258,26.5608,26.7668,27.3848,27.6488,26.7078,25.8258,23.8548,20.0908,18.2078,17.8848,17.0608,14.7078,12.2378,12.1788,14.1788,15.4728,14.8848,13.0318,12.2378,13.2968,15.5908,16.1788,14.4438,12.0018,10.2968,9.0018,10.0608,12.7968,12.6198,10.4438,7.0318,4.7968
CO2_TUG_BCT2,2021-09-29,2,False,13,10.4739,9.38594,7.73894,8.06194,9.38594,11.3559,13.0029,13.5619,13.6499,13.8859,14.3559,14.2969,12.0029,7.53294,5.70894,6.12094,7.12094,7.64994,6.76794,4.47394,5.29694,8.64994,8.59194,7.23894,6.26794,6.67994,8.03294,7.91494,6.62094,4.59194,3.00294,1.94494,2.20894,2.91494,4.14994,5.79694,6.53294,6.47394,5.41494,4.00294,4.56194,4.26794,2.73894,2.97394,3.53294,3.62094,3.59194,3.35594,2.94494,2.97394
CO2_TUG_BCT2,2021-09-29,9,False,4,5.00176,6.38476,7.20776,6.88476,6.61976,6.35476,6.50176,11.8548,26.8848,41.8258,44.6488,38.4728,33.3848,32.5608,33.5608,32.2668,29.0608,28.7958,29.2378,28.7958,27.5908,24.0318,18.8258,14.5318,10.2668,8.61976,8.59076,8.50176,7.56076,5.67876,4.61976,3.53176,1.41376,0.03176,-0.08624,0.44376,1.38476,2.82576,3.38476,2.26676,-0.32124,-1.70424,0.03176,4.14876,5.56076,4.41376,3.67876,3.44376,3.67876,4.91376
CO2_TUG_BCT2,2021-09-29,12,False,2,3.11918,3.11918,2.70718,2.88418,4.73718,7.64818,8.85418,14.2072,28.2662,37.0602,40.3542,37.8542,29.3252,23.0312,20.0012,17.2662,16.1782,15.0602,12.7372,11.4132,10.0892,7.67818,6.03118,4.94218,4.41318,3.88418,3.06018,3.56018,5.61918,7.03118,7.35418,7.14818,6.73718,6.97218,7.88418,8.38418,8.67818,9.03118,8.38418,7.00118,6.97218,7.08918,6.73718,6.97218,7.88418,8.35418,8.53118,9.47218,11.2372,11.2372
CO2_TUG_BCT2,2021-09-29,15,False,27,3.2356,3.4416,3.1766,3.4416,6.2066,9.1766,12.2656,14.2356,16.0596,17.9126,18.4126,17.7946,17.0886,16.8236,16.7656,16.4706,15.5296,14.2656,13.1476,12.3826,13.0596,13.4416,13.0596,12.7356,12.0006,10.5596,9.6476,9.3236,9.6186,10.2946,11.3536,12.5296,14.0006,14.6186,14.0596,13.1186,13.4706,14.7946,16.5886,16.4126,14.6476,14.3536,14.1766,13.0596,12.0296,11.0296,9.6186,9.0006,8.2066,6.0886
CO2_TUG_BCT2,2021-09-29,28,False,10,1.47218,0.91318,-0.20482,1.14818,3.58918,6.79518,10.3542,16.4132,22.6192,25.4722,25.5012,22.9722,21.7072,21.0302,18.7362,17.8542,18.6192,18.7952,16.5012,11.9722,11.0302,13.4722,14.1482,12.6772,11.4722,10.9132,10.4132,10.1482,9.88318,9.35418,8.73618,8.47218,9.32418,9.17718,7.14818,5.20718,5.82418,8.44218,8.79518,6.14818,3.41318,2.88318,2.76618,0.88318,1.44218,4.91318,5.76618,3.41318,1.17718,1.26618
CO2_TUG_BCT2,2021-09-29,29,False,29,11.9132,13.5312,14.7362,15.2952,15.6782,15.1192,14.4422,15.7662,16.3542,16.9722,19.9132,20.7662,19.0602,17.5312,15.5312,13.3252,13.4132,14.9422,14.8252,15.2072,17.0012,17.9722,18.3252,18.6192,17.3542,13.8542,10.9722,9.61918,8.82518,10.2662,14.2072,16.6192,17.4422,17.4722,16.0012,14.6482,13.6192,13.3842,13.7952,13.8542,12.5602,10.4422,10.5312,11.7662,13.2662,13.9132,13.5312,12.5602,11.7662,10.5312
CO2_TUG_BCT2,2021-09-29,36,False,4,6.589,7.294,6.059,5.5,6.441,7.618,6.794,8.589,14.383,19.412,23.294,23.294,22.412,22.265,22.118,20.941,18.441,15.971,12.53,9.5,8.883,11.118,14.853,14.647,10.736,9.089,8.353,5.412,4.559,6.206,7.265,8.324,10.03,9.559,6.853,5.353,4.471,3.147,3.118,4.206,4.471,4.412,3.677,1.647,1.206,2.471,3.089,2.471,1.059,0.441
CO2_TUG_BCT2,2021-09-29,39,False,2,0.30164,2.30164,5.03664,5.41964,2.97864,0.27264,1.83164,7.86064,15.1836,26.1256,34.2726,34.1546,27.8316,22.2136,18.8316,15.2726,13.0076,12.0956,12.7136,12.5956,11.0366,9.97864,10.5956,12.3016,12.1836,10.8896,11.5366,11.8316,10.7726,9.86064,9.80164,10.1836,9.91964,8.77264,8.12564,9.86064,11.9486,9.06664,6.30164,5.12564,5.38964,6.97864,8.15464,8.41964,7.97864,7.03664,6.56664,6.44864,6.18364,6.88964
CO2_TUG_BCT2,2021-09-29,41,False,8,7.38318,6.14818,4.85418,5.50118,7.76518,8.70718,12.7952,25.2072,38.8832,44.5302,45.4422,44.1482,40.4122,36.8832,33.7952,29.2072,25.9122,24.9712,24.7652,23.7072,20.8832,17.8542,15.2652,12.7952,13.0302,13.7652,13.7952,13.2652,13.2652,15.2952,16.0012,15.4712,16.1482,16.5302,16.0592,15.2652,15.0012,16.6772,18.0012,18.6182,18.9422,19.6772,20.6772,18.2652,13.1772,12.7072,13.7652,14.4122,15.2652,15.0302
CO2_TUG_BCT2,2021-09-29,43,False,2,2.882,2.706,3.558,3.529,2.441,2.264,2.882,4.558,10.558,20.97,24.588,23,19.117,15.206,14.353,15.676,16.97,17.529,16.264,14.529,11.588,8.147,7.353,8.617,9.617,10.647,11.823,12.176,11.088,8.97,8.382,9.441,11.588,13.029,13.529,13.323,12.088,10.941,9.764,8.147,5.97,5.235,5.117,4.911,5.117,5.088,4.735,5.147,6.058,5.853
CO2_TUG_BCT2,2021-09-29,44,False,7,0.2356,3.3236,5.1476,6.7646,9.6766,11.8826,14.1766,16.4416,18.4116,20.9116,22.2056,20.4706,15.1766,11.5886,10.2946,11.2356,12.0586,12.0586,11.2056,10.0296,10.3826,9.9116,7.1766,4.4416,4.0886,5.3236,5.7356,6.2946,8.5886,9.5886,9.7646,11.0296,10.7356,8.5006,7.3236,7.1766,7.1476,6.9116,6.4416,6.2946,6.9706,8.4416,9.5296,9.8526,8.8826,7.9416,6.9116,5.7356,5.2356,5.3236
CO2_TUG_BCT2,2021-09-29,46,False,8,2.7646,2.8536,3.5886,3.8236,1.9116,4.1176,12.6176,19.6766,23.6476,27.5006,28.4706,27.0596,26.4706,25.6476,23.7946,22.7356,21.6766,19.7646,18.6176,18.2646,18.3536,17.3236,14.5296,12.2646,10.4706,8.2356,8.2646,9.2946,7.4116,6.0296,6.5296,7.8826,8.1176,7.2356,6.4706,5.4706,4.3236,4.0006,3.9416,3.3536,3.8536,5.5296,5.5886,5.7066,9.0296,9.5596,6.3236,4.1476,3.2356,2.2946
CO2_TUG_BCT2,2021-09-29,47,False,3,7.5939,7.8589,6.7999,4.9759,6.1819,7.6229,8.4169,10.0059,13.7999,17.7409,18.7999,17.7999,16.6529,14.7109,11.3589,9.5639,9.5939,10.7699,11.3589,10.7409,9.2699,8.0939,7.2409,8.0939,10.1529,10.0939,9.1229,8.3289,8.2109,7.4469,5.5639,4.3879,3.7999,3.4759,2.8879,2.6529,4.2699,5.1229,4.7699,4.3589,4.3289,5.0939,5.8879,5.9469,4.6229,4.4469,5.7109,6.1819,5.7999,5.5349
CO2_TUG_BCT2,2021-09-29,48,False,5,4.35712,4.97512,4.35712,3.03312,3.35712,7.26912,13.4451,18.6221,24.8271,29.4451,30.2101,28.9751,28.4751,28.6221,28.2981,27.3571,25.6801,24.5041,24.1801,24.1511,24.0921,23.6221,22.6801,22.2391,22.4161,22.9451,23.6511,24.4161,23.0041,17.8861,12.5041,10.7101,11.4161,12.5921,13.0921,13.0041,11.7981,9.21012,7.62212,7.59212,7.56312,6.18012,5.53312,5.94512,6.68012,7.88612,8.82712,9.12212,9.15112,9.18012
CO2_TUG_BCT2,2021-09-29,50,False,2,4.5886,5.0296,4.6766,5.2066,7.0296,8.4416,12.3236,19.9126,24.2066,26.0886,27.2646,25.9126,22.3826,21.7646,23.1766,22.0006,19.1176,15.0596,12.1476,10.7356,11.8826,12.6176,11.8236,10.6476,10.1176,9.8236,9.4706,10.1766,12.0596,13.0596,12.2356,9.7356,9.0596,10.2646,10.6766,9.8236,8.6766,8.3536,8.2946,7.5596,6.8826,6.3536,6.2066,6.8826,8.2946,8.9706,8.8236,8.2066,6.7946,4.5006
CO2_TUG_BCT2,2021-09-29,51,False,10,7.09446,7.97746,8.06546,7.35946,6.80046,5.80046,4.21246,5.62446,10.3885,14.0655,16.4775,16.2715,13.9775,9.65346,6.12446,4.97746,4.85946,4.85946,4.85946,4.80046,4.27146,2.85946,1.50646,1.44746,2.30046,2.53546,2.12446,1.85946,1.68346,1.91846,3.03546,3.24146,2.50646,3.00646,5.06546,6.35946,5.71246,3.38846,1.44746,0.38846,-0.52254,-0.31654,0.80046,1.12446,1.68346,3.06546,3.68346,3.06546,1.83046,2.44746
CO2_TUG_BCT2,2021-09-29,52,False,1,7.01116,8.10016,7.51116,5.86416,4.74716,4.89416,6.12916,10.1292,22.8942,40.0702,43.8642,34.9232,25.9532,19.1292,10.7172,5.80616,3.65916,3.30616,4.24716,5.21716,4.30616,3.71716,4.10016,4.57016,5.07016,5.33516,5.57016,5.80616,5.54116,5.10016,4.39416,2.54116,-0.54684,-1.66484,-1.07684,0.60016,2.45316,2.98216,2.57016,2.39416,4.24716,8.65916,10.3062,8.01116,4.27616,2.80616,3.01116,2.77616,1.86416,1.42316
CO2_TUG_BCT2,2021-09-29,53,False,0,3.0633,2.4753,2.5633,3.4463,5.0343,7.7103,16.5053,31.0633,41.9163,45.0633,33.4753,25.2103,23.1813,22.4463,21.6813,20.9463,20.6813,22.0633,25.5053,26.6523,25.4463,24.2403,21.5633,16.8573,12.8573,9.0633,7.8283,9.2403,12.0053,12.7693,12.0053,12.2693,12.8283,12.8873,12.2403,12.2693,13.0343,12.7403,12.3283,14.0343,13.9753,11.7993,11.2403,10.8283,9.4753,8.7693,8.6813,8.8283,9.8873,11.2993
CO2_TUG_BCT2,2021-09-29,58,False,9,0.64878,3.23678,6.11878,7.64878,8.67778,8.97178,9.03078,9.82478,11.1188,13.7658,16.6488,16.5018,13.8548,12.6188,12.4428,11.7368,11.2658,10.9718,10.5308,10.5308,11.1188,12.3548,13.3248,11.7658,11.2368,12.7078,13.8248,13.6778,12.7958,12.4428,11.9128,10.1188,8.14878,6.61878,7.35478,8.38378,8.91278,8.47178,5.91278,2.17778,0.79578,1.76578,3.47178,4.67778,5.53078,4.67778,2.61878,2.73678,4.17778,5.91278
CO2_TUG_BCT2,2021-09-29,60,False,2,0.89652,0.07252,0.57252,1.24952,0.01352,0.36652,3.69052,11.0725,27.9555,45.6905,51.3075,48.1025,43.8075,43.4255,45.9255,46.4555,45.2195,44.6605,40.1025,27.6905,16.0135,10.7495,8.07252,7.83752,9.57252,10.3665,9.45552,8.27852,9.30752,9.16052,6.92552,5.60252,5.69052,6.92552,8.16052,9.89652,11.9255,13.8665,16.0725,15.5435,13.3375,14.2195,14.7785,12.8375,10.0135,8.77852,8.69052,9.04352,9.04352,7.57252
CO2_TUG_BCT2,2021-09-29,61,False,2,3.14936,3.70736,4.47236,5.79636,5.94336,5.79636,7.73736,11.7074,20.7964,31.4434,34.5604,31.8254,26.9724,20.4434,18.3544,18.7374,18.3544,16.6194,15.0024,13.5904,13.6194,13.7664,11.5904,11.3544,13.0314,12.5024,11.2664,10.1494,9.20736,8.20736,7.82536,8.50236,10.1494,11.2664,11.1194,10.0904,8.61936,6.20736,4.29636,3.53136,3.47236,4.35436,6.20736,8.88436,8.67836,5.79636,4.61936,4.56036,3.88436,2.50236
CO2_TUG_BCT2,2021-09-29,62,False,1,4.47236,3.97236,2.38436,1.91436,2.50236,2.59036,3.12036,4.79636,7.91436,13.1784,16.3554,15.8844,11.7084,6.00236,3.06136,1.91436,2.17836,3.76736,4.88436,4.91436,5.41436,7.70836,8.59036,7.64936,5.82536,3.41436,3.06136,4.20836,5.44336,5.03136,4.91436,5.73736,5.91436,5.03136,4.00236,4.56136,5.91436,5.14936,3.88436,2.94336,3.35536,4.70836,4.59036,3.53136,3.47236,6.09036,6.20836,3.26736,2.56136,4.23736
CO2_TUG_BCT2,2021-09-29,63,False,23,3.91906,6.44806,7.94806,7.47806,7.74206,13.3011,28.2131,54.7721,77.2421,96.6831,100.948,94.8891,79.4781,59.4191,46.7421,37.0951,31.3311,27.0361,23.4481,19.9781,15.1541,12.7421,11.9781,10.9781,10.1541,10.0951,11.4781,12.0661,11.2421,10.0361,9.30106,8.68306,7.80106,6.83106,7.00706,7.03606,7.09506,8.50706,9.38906,9.36006,8.18306,5.83106,4.80106,5.59506,6.06606,3.50706,2.00706,2.30106,2.94806,3.44806
CO2_TUG_BCT2,2021-09-29,64,False,5,4.27224,4.41924,3.39024,4.97824,9.47824,17.6252,23.7432,25.5672,25.9192,27.1252,28.3022,26.4192,24.8612,23.9492,22.6842,23.1552,25.1252,23.9782,19.6552,17.5372,15.5962,11.8612,10.0082,10.0082,10.4782,10.6842,10.4782,10.0962,10.7432,13.5372,16.8902,16.9782,14.2432,12.2722,11.8612,13.3902,13.6252,12.5962,12.9492,12.5962,10.7722,9.53724,8.47824,7.30224,6.80224,6.74324,6.91924,8.33124,10.9492,10.7142
CO2_TUG_BCT2,2021-09-29,65,False,9,0.00766,1.33066,4.56566,11.2127,16.6837,19.0367,21.3307,24.3307,26.9777,30.0367,31.8307,30.8307,26.2127,22.5367,19.8607,18.6837,18.5367,18.5957,19.1247,20.5367,21.9187,22.2127,21.8017,21.5077,21.0077,20.0367,19.4487,19.8607,21.3307,21.0077,19.7127,20.9487,20.7717,18.0077,15.5367,12.5367,9.53666,7.06566,4.12466,2.86066,3.86066,6.09566,6.47766,5.91866,7.30166,8.18366,8.33066,9.03666,9.47766,9.41866
CO2_TUG_BCT2,2021-09-29,66,False,0,3.86476,1.12976,0.68876,2.62976,4.54176,15.0118,71.9828,172.777,213.512,199.718,169.512,116.424,72.5998,59.2768,58.7178,55.9238,50.6888,42.8948,35.2478,25.8648,19.8058,16.8648,13.2178,10.4528,10.0418,10.8358,10.9828,11.2768,13.0418,13.2768,12.0118,12.0418,12.6298,13.0998,12.8058,11.4238,9.98276,9.33576,9.74776,11.1888,10.4528,7.09976,4.07076,1.27676,0.33576,0.48276,1.21776,2.74776,4.39476,6.42376
CO2_TUG_BCT2,2021-09-29,67,False,3,0.0047,-1.0243,-0.2303,1.6227,1.8877,1.7997,2.2997,4.0347,11.8287,24.9757,29.1817,24.7997,20.7697,19.3287,18.3577,14.8877,7.3287,1.6517,1.5347,4.8877,7.0347,7.7107,8.2107,8.5347,9.2697,10.4467,9.3287,6.1227,5.2997,6.4757,8.4467,9.4757,8.8877,6.7997,5.8877,6.2107,6.3577,5.6817,4.4757,5.4757,9.1517,11.6817,11.8577,10.7407,9.7697,9.2407,8.7407,8.5347,8.7407,9.2697
CO2_TUG_BCT2,2021-09-29,71,False,2,3.3281,4.8571,6.2101,7.2101,6.4161,6.7691,9.1811,11.9161,16.0631,19.7991,20.8281,19.7991,18.1521,17.4161,17.1811,15.9161,12.8571,10.3571,10.1521,11.0041,10.7991,10.6521,10.9161,10.0041,7.9161,7.2401,7.5631,8.0631,8.3571,8.8571,9.7101,9.5341,8.6521,8.7991,8.4751,7.1221,6.2691,5.0041,2.7691,2.3871,2.9461,1.5931,0.9461,1.2691,0.8571,0.9161,1.7991,2.2101,1.7991,0.9751
CO2_TUG_BCT2,2021-09-29,73,False,3,5.70776,5.32476,4.85476,5.38376,6.26676,7.64876,11.0898,16.5608,18.3248,18.8548,19.9428,19.3248,17.5608,15.1198,13.8548,13.0018,11.6198,10.9718,9.94276,7.35476,5.97176,5.88376,6.56076,7.73676,7.91376,7.20776,5.53076,3.79576,4.20776,6.35476,6.61976,5.11976,4.64876,4.88376,5.85476,7.67776,8.14876,7.29576,6.50176,5.26676,3.64876,3.08976,3.00176,2.41376,2.91376,4.85476,6.61976,7.67776,6.76676,5.94276
CO2_TUG_BCT2,2021-09-29,75,False,14,6.8883,8.7993,10.3883,10.4763,9.6823,9.8583,10.7403,10.5933,11.0053,13.0643,15.0353,14.6523,12.3883,11.0933,10.0053,7.9463,5.7993,4.5053,6.3583,7.5933,7.2703,6.5053,5.0643,3.6523,3.2403,4.1233,5.9463,6.4173,5.6523,5.5643,5.7403,4.9173,5.1233,6.2113,5.7993,5.6823,6.3293,5.1233,1.6523,-0.3477,0.1233,1.7403,2.2993,2.8883,4.4463,6.3883,7.8883,6.5643,6.0353,7.1523
CO2_TUG_BCT2,2021-09-29,80,False,2,2.53606,4.36006,4.12506,4.97806,19.5661,53.8601,80.0361,91.7131,101.448,109.448,113.272,105.86,95.9191,84.6251,77.3601,73.9481,70.2721,66.6251,61.7131,57.6831,54.2421,48.7131,44.2131,42.5361,42.1831,44.1251,48.8011,51.4481,48.8011,41.5661,36.8301,35.4781,34.8301,33.9781,33.2421,34.0071,35.0951,36.1251,36.5661,36.3891,35.8601,35.0071,32.8601,30.0361,28.7131,27.8601,26.3891,25.2131,24.1541,23.4781
CO2_TUG_BCT2,2021-09-29,81,False,0,15.5376,15.3316,15.5966,15.1546,13.5666,13.1256,13.8606,13.8906,14.6546,18.0966,19.4496,18.5376,18.2436,17.9196,16.8906,15.5966,14.5966,15.4786,15.7726,14.4786,13.0076,12.0076,11.0376,10.8606,11.7436,12.9496,13.6846,14.3606,15.5376,16.0376,13.5076,12.2436,12.9496,13.3606,12.9496,12.0966,12.3316,13.6846,14.2436,13.2436,11.5966,11.7436,11.5966,10.2726,9.59664,9.74364,10.0666,9.15464,7.06664,6.44964
CO2_TUG_BCT2,2021-09-29,82,False,9,1.50178,0.56078,0.00178,-0.08722,1.20778,4.73678,8.58978,12.5018,17.9428,21.4128,23.1488,22.8838,20.3838,15.8548,13.2658,12.7658,12.5608,11.1488,8.32478,7.03078,7.64878,8.35478,7.06078,6.94278,8.50178,8.08978,5.85478,5.53078,7.08978,10.2078,12.8548,14.1778,15.2368,15.7958,15.1488,13.0898,12.3838,12.9428,12.7958,11.4428,9.17778,8.97178,10.9428,12.2658,11.9128,10.5898,10.2958,10.6778,10.2368,10.0898
CO2_TUG_BCT2,2021-09-29,91,False,18,7.38612,5.50412,4.56312,4.50412,4.97412,6.03312,7.44512,9.38612,10.4451,11.5041,13.2101,12.7101,9.76912,7.85712,7.21012,6.76912,7.09212,8.71012,10.5041,10.4161,7.91612,5.00412,4.91612,7.03312,7.53312,6.50412,6.38612,7.41612,8.85712,8.88612,8.76912,9.03312,8.23912,7.09212,8.23912,9.00412,8.44512,7.68012,6.94512,6.12112,6.76912,8.59212,8.76912,8.00412,7.23912,7.26912,7.68012,8.21012,8.59212,8.38612
CO2_TUG_BCT2,2021-09-29,92,False,8,12.6494,13.7964,12.7964,13.7964,21.4144,32.4434,35.4434,32.5024,36.0024,48.2084,56.5614,56.0614,50.3554,45.2964,39.7674,35.5024,32.1494,27.5614,25.2964,27.3844,32.6784,36.2674,37.5314,35.5614,31.6784,26.0904,22.9724,21.9434,20.8554,19.3554,16.7084,14.1494,11.5314,6.97236,3.06136,2.38436,3.70836,4.97236,6.70836,8.38436,7.50236,4.29636,2.61936,2.17836,1.76736,2.06136,3.44336,4.82536,5.03136,3.91436
CO2_TUG_BCT2,2021-09-29,93,False,9,3.73558,4.55958,7.35358,10.0886,10.5006,9.67758,10.8536,18.7656,34.2066,44.0886,48.3246,46.7066,41.7356,35.3826,33.6476,33.4416,31.9716,29.7946,26.4126,23.9416,22.0886,18.0296,12.8826,10.8826,11.0296,10.7656,9.61858,8.73558,8.82458,9.02958,8.08858,7.44158,7.35358,7.38258,7.61858,8.05958,8.14758,8.41258,9.64758,10.7946,11.5296,9.79458,6.32458,6.35358,7.32458,6.76558,4.88258,5.61858,9.08858,9.88258
CO2_TUG_BCT2,2021-09-29,111,False,0,10.2066,11.9116,13.2946,14.2646,14.0006,12.4116,11.6476,15.1766,26.2066,38.3826,42.7946,42.2356,40.0886,35.0886,29.3236,25.9116,22.3536,18.6476,17.5886,18.4706,19.9116,22.0886,23.5006,23.8536,23.8826,23.6476,21.7646,18.0586,16.6176,17.0886,17.0586,16.5296,15.0886,13.0006,12.2646,12.7646,14.1476,16.2946,16.8826,15.9706,15.0006,15.7946,15.4416,13.1476,11.4706,10.1476,9.1476,8.3826,7.4116,6.8826
CO2_TUG_BCT2,2021-09-29,117,False,1,1.67758,1.20658,1.26558,2.17758,3.23658,3.08858,3.61858,8.70658,21.5306,42.8836,52.4126,50.9126,47.6186,42.3246,30.9126,19.5306,14.5886,12.6186,11.3246,10.7656,11.9126,12.5306,12.0886,11.2066,10.2366,10.5886,11.9716,14.3836,16.1186,15.5306,13.2366,12.0886,12.1776,12.5886,12.3536,11.4416,10.8836,10.1186,8.88358,9.44158,11.0006,10.2656,10.8536,13.5306,14.1776,13.4416,12.5596,13.0596,15.1186,16.4416
CO2_TUG_BCT2,2021-09-29,118,False,8,15.8295,29.8595,39.2415,41.2125,39.3005,35.7705,34.0945,34.1235,36.0355,40.0355,42.1825,41.0645,38.2705,37.6825,38.8885,40.5945,39.2705,32.5645,24.4175,19.9765,17.4765,16.8295,17.3885,18.2415,17.8005,16.2125,15.8005,16.3885,17.3595,17.8595,18.1535,18.4475,17.3005,14.7415,13.8295,14.2125,15.4175,16.9475,16.7415,14.9765,14.4175,15.9475,18.5065,19.3885,18.3595,16.7705,16.5065,17.3595,17.8005,17.6235
CO2_TUG_BCT2,2021-09-29,119,False,1,6.06194,5.47294,4.11994,4.76694,5.09094,4.23794,4.23794,9.35594,21.0619,31.4439,39.2089,37.9139,36.2089,37.6789,38.3849,36.6199,32.9729,31.8559,32.0909,30.1789,28.6499,27.8259,26.2089,23.5909,22.4729,21.1199,18.3259,16.7969,15.6789,13.5619,10.8849,8.17894,8.73794,10.3559,11.6789,11.8559,11.2379,10.3559,10.5319,11.4139,11.0029,9.41394,8.17894,9.94394,10.4729,8.82594,7.97294,7.14994,5.14994,4.88494
CO2_TUG_BCT2,2021-09-29,120,False,4,1.32654,1.44454,2.44454,3.53254,4.29754,4.32654,10.1505,26.2975,41.2385,47.3855,49.5615,48.1505,42.1505,36.2095,33.4445,31.0915,27.8855,23.5915,17.1205,12.4735,9.26754,8.47354,8.00354,6.41454,5.26754,5.17954,5.73854,6.82654,8.03254,7.44454,6.12054,5.79754,8.09154,9.15054,8.47354,8.32654,8.03254,6.12054,4.88554,5.20954,6.67954,6.17954,3.47354,2.12054,2.41454,3.38554,3.97354,3.56154,1.91454,1.00354
CO2_TUG_BCT2,2021-09-29,141,False,5,12.5892,13.7952,14.4122,14.5892,14.1482,13.2362,13.0592,13.9422,15.1482,15.8832,16.3832,16.2652,14.8832,12.7362,11.6482,12.0012,13.4422,12.7062,9.76518,9.88318,12.5012,12.5892,12.4712,12.8242,11.6182,10.5302,9.91218,9.47118,9.20618,9.23618,7.82418,4.79518,3.58918,3.38318,3.03018,3.47118,4.61818,4.76518,4.03018,3.53018,4.53018,3.97118,1.32418,0.35318,0.88318,0.91218,0.91218,0.88318,0.14818,-0.52882
CO2_TUG_BCT2,2021-09-29,159,False,6,3.67658,3.82358,3.50058,3.52958,5.88258,9.08858,13.4716,19.1766,28.8236,36.8826,37.7656,31.2356,21.5006,14.7356,9.17658,7.58858,9.61858,11.5006,12.1186,12.4126,12.8536,12.8536,12.2946,11.0596,8.67658,6.85358,6.76558,7.88258,8.76558,8.58858,7.67658,7.17658,6.88258,6.55958,7.55958,10.3536,12.5596,13.8826,15.1476,14.1476,10.4716,8.00058,8.17658,9.29458,8.97158,9.55958,11.7946,12.5596,10.8236,7.79458
CO2_TUG_BCT2,2021-09-29,171,False,4,4.12564,4.38964,3.71364,3.36064,11.1256,28.1546,39.4196,54.3606,78.0956,90.8016,94.0666,92.6546,89.4786,84.9196,81.8606,78.5666,71.0666,62.1836,48.3016,35.1256,26.7726,18.7726,15.2136,14.9786,14.5366,12.6836,9.36064,7.65464,6.97864,6.03664,5.71364,6.83164,9.09564,9.56664,8.33164,7.77264,7.44864,6.30164,5.91964,6.77264,7.91964,8.18364,7.83164,8.18364,10.0366,12.3316,12.8016,11.5076,10.1546,10.0956
CO2_TUG_BCT2,2021-09-29,191,False,4,2.41316,2.23716,3.17816,4.47216,6.88416,10.0012,15.1482,22.7952,25.2662,25.7952,27.3542,26.5602,22.6782,19.6482,18.9132,18.8252,18.0602,17.1482,16.1192,15.3542,14.3542,13.1192,12.1192,10.8842,9.94316,9.64816,9.70716,10.2372,10.2372,8.14816,7.00116,6.82516,6.00116,4.61916,2.76616,2.50116,3.56016,3.85416,4.26616,5.88416,7.67816,7.73716,6.35416,5.29516,5.20716,6.53116,6.76616,5.94316,6.26616,7.35416
CO2_TUG_BCT2,2021-09-29,207,False,0,10.6535,10.0945,9.50648,9.47648,10.8885,11.7705,13.0355,23.4765,51.9475,80.3595,83.7415,69.9475,63.9035,64.5065,65.8295,63.1235,54.1975,44.6235,33.7705,29.0355,29.0945,29.1825,29.7125,31.0355,31.1825,29.6235,27.6535,25.9765,22.8295,18.5945,14.9765,11.1825,10.7705,13.8295,16.0645,15.9175,15.2705,16.6535,17.4765,17.0945,16.3595,15.1535,14.4175,15.9175,20.3595,24.3595,25.7415,25.7415,24.4475,21.1535
CO2_TUG_BCT2,2021-09-29,235,False,5,3.77088,3.59388,3.59388,4.32888,5.00588,5.47588,5.44688,6.18188,9.32888,13.3589,17.5649,17.5059,14.2999,9.47588,7.35888,7.53488,7.71188,7.24088,6.06488,5.18188,5.35888,6.35888,7.47588,8.47588,8.15288,7.06488,5.59388,4.97588,5.59388,6.94688,7.09388,5.53488,3.74088,3.56488,3.94688,2.79988,2.18188,2.71188,4.32888,6.94688,7.82888,7.29988,6.32888,5.85888,5.79988,5.79988,5.82888,6.06488,6.59388,7.12388
CO2_TUG_BCT2,2021-09-29,253,False,13,11.1204,12.4434,11.8264,11.0904,11.5314,10.0314,6.09036,5.67836,9.17836,11.7964,12.5314,11.6494,9.17836,8.73736,10.4434,11.2084,9.91436,7.17836,6.44336,7.44336,7.64936,7.26736,6.70836,6.09036,5.82636,6.64936,6.50236,5.88436,7.14936,7.03136,4.91436,4.44336,5.70836,6.38436,6.23736,5.76736,5.44336,4.70836,3.32636,2.94336,4.03136,5.64936,6.12036,5.50236,4.70836,3.73736,2.44336,2.70836,3.32636,1.20836
CO2_TUG_BCT2,2021-09-29,254,False,5,1.76736,2.97336,3.76736,4.76736,6.00236,6.97336,8.35536,12.1204,20.1784,27.0904,29.6784,28.2674,22.7084,18.5614,15.4734,11.7374,8.06136,9.47336,11.0614,9.91436,6.88436,3.82636,0.47336,-0.20364,1.70836,3.00236,2.53136,1.62036,2.62036,3.91436,5.00236,5.59036,5.17836,3.50236,2.32636,1.50236,0.85536,1.06136,1.97336,2.53136,3.29636,4.76736,5.94336,6.91436,6.91436,6.03136,5.59036,5.67836,5.44336,4.26736
CO2_TUG_BCT2,2021-09-29,311,False,2,3.26676,3.64876,3.35476,3.38376,5.50176,6.82576,8.26676,19.5608,49.2078,78.0308,87.3258,83.0898,74.5898,66.9428,58.2368,52.0308,46.5898,42.8838,40.4428,37.0608,34.5898,33.0018,31.2078,31.0308,29.9728,24.4138,19.9428,16.0018,12.4138,10.6198,9.50176,8.94276,9.58976,11.6488,12.1778,10.2078,7.32576,5.61976,4.58976,4.44276,4.14876,2.32576,1.76676,3.26676,5.11976,5.64876,5.23676,4.70776,3.73676,2.64876
CO2_TUG_BCT2,2021-09-29,318,False,2,10.9422,9.11818,5.41218,4.00118,4.73618,5.56018,7.03018,9.20718,10.7362,12.5012,14.2362,13.8242,11.4712,9.73618,9.35418,10.7952,10.2952,7.61818,6.91218,7.17718,7.32418,7.97118,8.91218,8.70718,8.53018,8.70718,8.50118,8.53018,8.94218,8.88318,7.97118,6.82418,6.50118,6.44218,5.82418,6.08918,7.44218,8.06018,7.44218,6.11818,6.03018,6.64818,5.91218,5.06018,4.56018,4.76518,5.44218,5.47118,5.47118,5.44218
CO2_TUG_BCT2,2021-09-29,333,False,9,5.04236,6.39436,6.77736,5.68936,4.18936,4.86536,9.01236,14.2774,18.8944,24.0424,24.2184,17.9534,11.0714,7.89436,5.95336,4.07136,3.30636,3.27736,3.68936,4.15936,3.86536,4.74736,6.57136,6.04236,4.80636,3.68936,2.86536,2.80636,4.21836,4.98336,4.15936,2.18936,0.54236,-0.95764,-1.31064,0.01236,2.15936,3.36536,3.95336,4.13036,3.68936,2.77736,2.65936,4.01236,6.15936,7.15936,6.10036,3.13036,2.21836,3.33636
CO2_TUG_BCT2,2021-09-29,369,False,5,0.41258,1.05958,1.58858,1.73558,1.05958,-0.02842,2.32458,11.1776,21.4126,26.3246,27.7356,26.4716,23.0596,17.7066,14.9716,16.2946,20.9416,22.7066,19.7356,14.6776,13.2066,14.6476,14.4416,12.4416,11.6476,11.1186,10.4416,11.0596,10.9716,9.73558,9.64758,10.2656,9.47158,8.14758,6.64758,5.97158,6.11858,6.61858,7.05958,7.32458,7.08858,6.85358,6.58858,6.17758,6.41258,7.29458,7.52958,7.11858,6.79458,6.08858
CO2_TUG_BCT2,2021-09-29,383,False,16,33.7732,34.3912,31.8612,27.5972,26.9502,28.0382,29.3322,31.7142,35.7732,38.1262,38.5082,37.8322,36.1552,33.3322,29.0672,27.2442,26.5082,24.1852,22.9202,22.0382,19.9792,19.3022,20.1552,21.0382,21.5672,21.0382,20.1552,18.9502,16.8612,13.7442,12.6852,13.4202,13.4502,10.6552,9.12622,9.27322,8.71422,6.62622,4.59722,4.53822,6.09722,7.27322,7.59722,7.56722,7.00822,5.36122,3.50822,2.95022,3.09722,2.80222
CO2_TUG_BCT2,2021-09-29,392,False,18,11.735,12.765,14.029,15.588,15.618,14.441,15.059,18.5,22.206,24.853,27.118,26.647,22.353,14.647,10.147,8.029,6.853,6.471,5.971,5.029,4.559,4.5,4.647,5.824,8,7.824,5.618,5.176,5.706,6.324,7.176,7.912,7.206,6.529,5.971,5.029,4.559,4.382,3.588,2.882,4.147,4.118,2.618,2.794,2.882,2.118,2.235,2.647,1.618,1.941
CO2_TUG_BCT2,2021-09-29,404,False,8,9.56018,10.0602,10.7952,11.4422,11.5302,12.9712,17.4712,21.8832,26.5892,29.9712,31.8832,31.0012,30.2662,29.4132,26.3242,22.6192,18.3242,17.3832,19.4712,20.6192,20.3832,18.7362,16.0602,14.1482,12.6192,12.1772,12.7952,13.6192,14.8542,17.0012,18.2662,17.4422,15.1482,14.1482,14.0012,13.2952,12.9132,13.3242,14.2072,14.2072,13.1482,11.0012,6.00118,0.47118,-0.76382,1.79518,4.44218,4.08918,1.35418,0.00118
CO2_TUG_BCT2,2021-09-29,429,False,16,13.4487,15.7127,16.5367,15.2717,14.3017,14.9187,18.3897,26.1837,44.9777,66.4777,74.1837,72.2717,66.3607,56.5657,51.6837,53.1247,57.0957,57.7717,55.2427,50.6547,46.3897,41.6547,38.9187,37.2427,34.8607,33.8017,34.5957,36.2717,35.6547,33.1837,33.1837,35.4187,38.0957,37.4487,34.9777,31.0657,27.3897,23.2127,17.0077,14.0957,13.4777,12.3017,11.6247,11.5077,11.0957,9.21266,6.27166,5.91866,8.80166,12.2427
CO2_TUG_BCT2,2021-09-29,435,False,0,4.8826,5.0586,4.1766,3.9116,6.9116,15.1176,30.4706,59.3826,82.8526,88.2356,83.7646,76.2946,61.8826,46.7056,38.2646,32.9116,31.9116,32.0296,31.2056,30.5586,29.0886,26.2946,25.1176,25.5006,26.4706,28.1476,29.1476,27.9416,24.2056,20.8826,19.5296,19.0586,19.7646,21.6176,22.5296,22.3826,21.6766,20.7056,18.3236,13.9116,10.6766,8.5296,8.1176,7.0296,4.2646,2.9116,3.2056,4.0886,4.0586,2.9416
CO2_TUG_BCT2,2021-09-29,454,False,10,5.59154,5.56254,4.15054,6.35654,14.4735,22.3265,24.0915,22.1795,21.9735,23.9445,25.2975,25.1205,23.7385,22.0915,19.6795,15.7385,13.0325,11.8565,12.6795,12.5625,10.7975,9.85654,9.73854,9.65054,9.00354,8.06254,8.17954,7.59154,5.53254,4.20954,4.56254,5.88554,6.12054,5.26754,4.70954,4.12054,4.12054,6.03254,5.70954,2.70954,2.00354,3.67954,4.53254,4.03254,3.32654,4.12054,5.44454,6.88554,7.09154,6.00354
CO2_TUG_BCT2,2021-09-29,468,False,4,0.91494,0.09194,0.44494,2.73894,5.64994,9.41494,15.8859,21.0919,24.7089,29.0029,30.3559,28.7389,27.0329,26.0029,25.0029,24.5619,24.7389,25.1209,24.5919,22.7389,21.0029,19.8269,19.0619,19.5919,18.7979,16.0619,14.6499,14.4739,14.3859,13.7979,13.3269,14.4149,14.5619,13.2979,12.6499,11.6209,9.17994,8.91494,10.6209,10.7979,10.0029,8.94494,7.94494,6.47394,5.00294,4.06194,3.53294,3.88594,3.35594,1.67994
CO2_TUG_BCT2,2021-09-29,509,False,0,10.6799,10.5029,10.2089,9.00294,8.09194,8.06194,12.9439,28.4439,46.9439,55.3559,55.7679,50.8269,44.3859,36.0919,29.0919,22.5029,20.0919,19.6799,18.7969,18.3559,18.5329,19.0329,19.6209,21.0619,23.1209,23.5619,22.2679,20.9149,20.8559,21.4439,19.5329,14.6499,11.9149,12.0619,13.2089,13.4739,13.5619,14.0029,14.1499,13.4739,12.0029,10.8559,10.0619,10.0919,10.5029,11.0619,11.5919,11.1499,8.94394,8.64994
CO2_TUG_BCT2,2021-09-29,539,False,9,1.91846,3.71246,4.85946,6.62446,10.1535,13.6245,17.1245,18.3305,20.2125,24.4185,26.4775,24.8595,20.2425,16.7425,14.0955,12.9185,12.7715,12.7125,12.2125,11.0365,10.0955,9.74246,9.24246,8.33046,8.09546,8.53646,8.85946,8.18346,6.00646,4.44746,3.83046,4.33046,4.97746,5.35946,4.50646,2.88946,3.03646,2.88946,1.74246,2.47746,5.44746,7.30046,7.47746,7.03646,6.80046,6.77146,6.74246,6.56546,6.56546,7.12446
CO2_TUG_BCT2,2021-09-29,550,False,7,0.863,3.216,5.069,5.421,5.069,5.48,7.804,11.451,15.627,20.51,21.421,20.598,19.892,18.539,15.216,11.186,7.745,4.98,6.127,7.274,6.833,5.186,2.333,1.069,2.039,4.157,4.833,4.51,3.921,2.98,1.539,0.833,0.804,1.274,2.274,3.216,4.304,5.392,6.157,5.539,5.627,6.951,7.627,7.48,6.921,5.98,4.539,3.804,3.48,2.863
CO2_TUG_BCT2,2021-09-29,591,False,14,5.4806,5.7456,7.5396,8.5396,9.1276,9.9516,9.5986,8.7166,9.8046,11.6276,12.6866,11.0396,9.7746,9.4806,8.5396,6.6576,5.8046,6.2456,6.4806,5.0696,5.8636,9.3046,9.7746,7.1866,5.7746,5.6576,6.1276,7.0696,7.5396,7.4516,6.3636,4.7166,4.8926,5.2746,6.7746,10.8926,12.2456,10.7166,10.0986,9.7456,7.8336,6.4226,5.3336,4.2456,4.4516,5.7166,5.8336,5.4516,6.6276,7.4806
CO2_TUG_BCT2,2021-09-29,603,False,3,6.44158,8.17758,7.41258,5.14758,4.53058,6.03058,7.94158,9.05958,10.5596,12.6776,13.6476,13.6476,12.7066,10.8246,9.88358,9.82458,10.2946,11.0006,9.58958,6.05958,5.44158,6.85358,5.94158,5.08958,4.70658,3.55958,3.11858,3.50058,3.73658,3.76558,3.88358,4.70658,5.64758,4.73658,4.14758,4.44158,4.32458,4.35358,5.85358,7.35358,8.17758,7.41258,6.23658,4.50058,2.70658,2.64758,4.03058,5.08958,5.17758,3.85358
CO2_TUG_BCT2,2021-09-29,652,False,10,2.29636,1.82536,4.03136,7.91336,13.0604,14.0604,11.5604,11.0604,12.9724,16.3254,17.8544,17.1194,14.9724,11.8544,7.03136,4.00236,3.64936,5.23736,7.85436,9.29636,9.88436,9.85436,9.17836,8.26636,6.50236,4.35436,5.00236,5.50236,4.73736,4.56036,5.44336,6.59036,6.91336,6.97236,7.70736,8.38436,8.88436,8.85436,8.17836,7.44336,6.91336,6.17836,5.41336,4.67836,3.70736,3.11936,2.11936,0.44336,1.03136,3.26636
CO2_TUG_BCT2,2021-09-29,674,False,8,10.235,10.765,12.559,14.559,16.323,16.029,15,14.206,15.529,18.529,18.823,16.941,14.029,12.588,12.176,11.676,11.265,11.235,11.823,11.5,11.088,12.912,13.735,12.97,12.617,13.5,15.323,15.794,14.97,14.5,14.441,14.588,15.676,17.323,16.912,14.941,12.117,11.382,12.382,12.617,12.294,10.853,7.941,5.823,4.206,3.529,5.088,8.97,10.088,8.235
CO2_TUG_BCT2,2021-09-29,675,False,13,0.11976,1.44276,4.88476,5.73676,6.47276,8.79576,10.5018,12.0608,13.6198,15.1488,16.1488,14.4428,12.7078,11.7368,12.4428,14.7368,15.8548,15.4428,13.7958,11.8848,10.8848,10.4428,11.1488,13.0018,13.9728,14.1788,13.4728,11.4428,11.0018,12.1488,11.9428,10.3848,9.79576,8.97276,7.03176,5.32576,3.32576,1.73676,1.64876,2.53176,2.97276,2.79576,2.23676,1.44276,1.17876,2.88476,4.38476,5.00176,4.50176,3.85476
CO2_TUG_BCT2,2021-09-29,695,False,29,13.0904,13.9724,15.8254,16.1194,16.1494,16.0904,14.8254,15.1194,17.5904,20.5904,24.0314,24.9434,24.4134,23.4134,22.2374,21.7374,21.8254,22.8844,24.2964,23.4434,21.4134,18.4724,16.3254,15.4724,14.8544,14.0904,14.0604,16.2074,17.6494,17.3544,15.6194,14.0024,12.3844,11.1194,10.7964,12.3544,12.8254,12.2664,12.9724,13.5904,13.8844,15.5604,19.0904,21.0604,20.2374,17.2074,14.6494,14.0314,14.3844,14.2964
CO2_TUG_BCT2,2021-09-29,715,False,6,8.5106,7.0106,7.3046,8.3926,7.4216,8.0396,11.7456,19.4216,41.0396,70.2156,81.3636,78.3336,69.3636,51.9516,37.3336,32.4516,32.8926,35.4806,36.8636,36.8926,35.5106,31.5106,27.0106,24.7746,22.4516,18.8636,16.7156,15.4216,13.8336,11.8926,11.5686,11.2456,10.3636,10.5396,10.4516,9.4516,8.0986,6.6276,6.5986,6.8336,7.3636,8.7746,7.8046,4.3046,3.3926,3.8636,1.8046,0.8926,2.5686,4.7746
CO2_TUG_BCT2,2021-09-29,749,False,9,13.882,13.058,13.676,15.264,15.206,16.058,18.794,20.382,21.97,24.706,25.411,24.176,23.294,21.911,20.029,20.353,19.941,17.588,15.441,13.176,11.882,12.441,14.058,14.47,13.882,12.941,12.764,13.647,14.794,15.176,15.706,17.294,17.735,16.911,16.441,16.382,16.235,15.117,13.235,12.617,9.882,4,2.264,4,4.058,4.088,5.647,7.5,8.029,7.735
CO2_TUG_BCT2,2021-09-29,920,False,6,15.441,17.147,19.059,19.324,18.265,17.971,17.912,19.118,22.971,25.735,27.235,26.5,23.53,21.559,20.353,18.206,15.912,13.706,10.853,9.912,10.677,11.147,11.206,11.412,12.971,15.559,15.765,15,14.206,13.559,13.765,14.5,13.706,12.088,12.794,13.147,11.647,8.941,8.706,10.941,12.588,13.677,14.118,13.882,12.941,11.824,11.794,12.735,13.559,13.618
CO2_TUG_BCT2,2021-09-29,930,False,17,3.82458,5.47158,9.82458,14.6776,20.1186,22.1186,22.9426,24.8536,26.6186,29.0896,31.3246,29.4716,23.4716,19.7656,19.4126,20.2656,20.5006,20.0896,19.8246,19.5306,18.8246,18.0596,17.3246,16.4426,16.5896,17.2366,16.5596,16.1776,16.4716,16.0896,15.4126,16.2066,17.5006,18.7656,18.9716,18.5896,18.0596,17.5006,16.2956,14.7366,14.6486,15.5006,15.2066,14.3536,13.2956,12.3246,11.0896,10.2956,11.2366,14.0306
CO2_TUG_BCT2,2021-09-29,986,False,5,4.57312,4.33712,4.30812,4.30812,4.66112,7.48412,13.8961,23.4551,40.9841,56.8671,61.7201,61.1611,61.3961,60.1021,55.7201,48.1901,36.6611,30.8371,28.5141,24.0431,19.4551,18.5731,20.0431,19.4551,17.2201,17.8961,22.1901,29.6021,33.3961,32.4261,28.8961,25.0141,19.6321,15.5731,13.8671,12.5731,11.5731,10.8081,9.57312,7.16112,4.27912,5.04312,6.60212,7.24912,6.83712,6.89612,7.83712,8.60212,8.19012,5.95512
CO2_TUG_BCT2,2021-09-29,1003,False,8,0.30282,0.62582,4.77282,12.2148,18.6258,25.3318,29.8318,33.2728,35.2148,36.0678,36.8028,36.6558,35.3028,32.4498,27.4788,19.5678,15.3318,14.5968,14.3318,13.8028,13.0968,12.1848,12.1558,12.8028,12.7438,12.2438,12.4498,14.3908,15.9788,17.0678,17.5088,17.3318,16.5678,13.9208,8.71482,5.44982,4.92082,5.30282,5.50882,6.71482,9.56782,9.56782,6.71482,5.53782,5.56782,5.50882,4.83182,3.65582,3.56782,4.86182
CO2_TUG_BCT2,2021-09-29,1075,False,2,-0.43218,4.53882,5.97982,2.86182,0.74482,0.44982,1.59782,5.24482,16.7738,37.4798,46.1558,41.0978,31.8918,27.5088,26.2738,23.9208,19.6558,17.4208,16.1858,14.0678,12.5978,11.6858,10.0088,8.12682,7.36182,7.21482,6.59782,4.47982,1.71482,0.94982,1.68582,1.80282,1.86182,3.36182,4.83282,5.42082,4.21482,3.12682,2.62682,3.06782,4.21482,4.56782,5.30282,6.68582,6.50882,4.74482,1.94982,1.24482,2.47982,3.15582
CO2_TUG_BCT2,2021-09-29,1076,False,0,8.08858,9.73558,10.3536,10.8826,11.7656,11.7656,11.0296,13.5596,30.4416,60.9126,75.6476,71.8246,57.8536,51.6186,52.8826,52.3826,46.1776,36.7656,30.4416,23.8246,17.0296,12.7946,9.14758,7.00058,5.61858,4.73558,5.00058,6.61858,8.50058,9.26558,9.23558,8.26558,6.14758,4.67758,3.97158,3.94158,5.52958,7.82458,10.5006,9.94158,7.05958,7.23558,7.55958,5.82458,3.55958,3.26558,4.50058,4.73558,3.88258,3.35358
CO2_TUG_BCT2,2021-09-29,1079,False,5,6.5933,5.5933,5.0053,4.8583,5.5343,7.2113,10.0053,14.0933,15.9163,17.2403,19.0933,18.4753,16.5343,13.9163,11.6223,9.5933,9.3583,9.6813,9.7113,9.5053,9.2693,9.5343,10.0053,10.7403,11.4163,11.4463,10.9463,10.2993,9.7993,10.2693,10.6223,10.2113,9.5053,10.9163,14.4753,15.2113,13.3283,12.6523,12.9463,13.2113,12.9463,12.5053,11.9463,11.2693,10.5343,10.4753,10.0933,8.4753,6.6813,6.6223
CO2_TUG_BCT2,2021-09-29,1198,False,5,9.35536,9.67836,8.59036,6.56136,5.32536,9.23736,17.7374,37.5904,62.5024,77.2674,82.0024,72.4724,63.0314,56.4434,53.1494,50.4434,46.2674,42.9434,39.8844,38.2964,36.7084,33.7964,31.4724,28.2374,24.2374,22.5024,22.0024,19.5314,13.8844,9.53136,7.38436,5.62036,5.26736,6.32536,8.26736,9.47236,10.2964,10.9144,10.4144,8.56136,6.91436,6.35536,6.32536,6.64936,7.82536,9.38436,9.41436,8.09036,7.26736,6.23736
CO2_TUG_BCT2,2021-09-29,1220,False,0,15.6837,17.3597,17.9187,18.5077,19.7127,19.1547,17.5957,18.6547,20.4187,21.0367,19.1837,18.1247,18.3597,18.0077,16.1547,13.7127,12.1247,11.5367,12.5367,11.9777,9.30166,8.12466,8.41866,8.65466,8.77166,9.47766,10.8307,11.0657,10.2717,10.3597,11.9487,13.7427,13.8017,12.5957,12.6837,13.3017,11.9487,11.3017,11.6247,11.1547,10.6837,10.1547,9.18366,8.47766,7.83066,6.71266,5.27166,5.15466,4.59566,3.00766
CO2_TUG_BCT2,2021-09-29,1233,False,8,5.48452,5.24952,5.39652,5.42552,5.48452,5.95452,7.24952,10.6905,17.5725,22.7195,23.6315,20.2495,13.8075,10.0135,8.19052,7.54352,9.33752,13.6605,14.7495,12.2195,10.0135,8.69052,7.24952,6.77852,7.16052,7.45452,7.86652,8.10152,7.16052,6.51352,6.36652,5.92552,5.21952,5.21952,5.36652,5.16052,4.66052,4.19052,3.69052,3.45452,3.42552,3.51352,4.21952,5.51352,5.42552,4.80752,6.16052,6.71952,5.69052,4.77852
CO2_TUG_BCT2,2021-09-29,1247,False,18,7.00588,9.76988,10.0939,9.35888,8.68188,8.15288,8.00588,8.68188,10.2409,11.9469,12.9759,11.2119,8.97588,6.68188,5.21188,4.38788,3.47588,3.44688,4.09388,4.06388,3.62288,2.88788,2.35888,3.50588,6.29988,7.53488,6.29988,3.41688,1.62288,1.21188,2.06388,2.00588,0.74088,0.47588,1.09388,1.26988,2.38788,4.24088,3.76988,3.00588,2.97588,3.65288,4.82888,5.09388,5.03488,4.29988,2.12288,0.50588,-0.49412,-0.28812
CO2_TUG_BCT2,2021-09-29,1265,False,5,1.97218,3.03018,4.73618,4.03018,0.85418,-0.64582,0.32518,3.23618,9.14818,20.3542,28.4132,25.8542,15.2952,8.91318,5.67718,1.50118,0.26618,1.41318,1.53018,2.00118,2.88318,2.03018,1.91318,3.11918,3.23618,2.85418,4.03018,5.03018,6.32518,8.67718,9.79518,9.47218,8.53018,8.06018,7.91318,7.29518,6.58918,7.17718,6.85418,5.06018,4.26618,5.32518,7.61918,8.20718,6.47218,4.17718,3.64818,4.44218,4.58918,3.47218
CO2_TUG_BCT2,2021-09-29,1280,False,8,7.1523,9.8873,12.5053,14.1233,13.3583,12.0933,11.1233,11.3873,12.9763,14.1523,14.2703,12.6523,9.4463,8.5053,9.6813,10.1813,10.0343,10.1813,9.6813,8.2993,7.5933,7.5053,7.3583,6.2403,4.3583,4.0643,3.8583,2.5053,1.1813,1.3583,2.7113,3.4173,3.5053,3.3873,2.5053,1.0933,1.1523,1.9763,2.8293,2.2993,1.4173,3.0343,4.0053,3.2403,2.0053,1.0343,0.0053,-0.6707,-0.9657,-0.7007
CO2_TUG_BCT2,2021-09-29,1281,False,14,8.5643,10.3873,11.9173,11.8583,11.0343,10.1813,10.9173,13.4463,15.2113,16.3293,16.5933,14.2113,12.4463,11.6523,10.5053,8.8293,8.4173,9.0053,9.9763,10.5053,11.0343,11.9173,11.9763,11.5643,12.1813,13.5643,14.3293,12.2703,11.2403,11.9173,12.0343,12.0933,13.4763,13.9463,12.1523,8.8583,6.9463,6.5643,6.8293,7.7703,8.9173,9.2403,9.2993,10.0343,10.7113,11.3293,12.2113,13.1813,12.8583,11.8293
CO2_TUG_BCT2,2021-09-29,1311,False,5,10.9255,11.6315,11.6315,8.92554,8.10154,9.98354,12.7485,16.1605,17.1605,17.3665,18.0135,17.8955,16.7485,14.6015,13.0135,11.2485,8.42554,7.24854,7.60154,8.30754,9.30754,10.0135,10.5425,10.8365,11.2195,11.2785,10.3365,10.3955,10.7485,10.8665,11.1015,10.1605,6.95454,5.57254,4.63154,1.27854,0.66054,3.13154,3.89554,3.13154,3.39554,3.92554,3.74854,2.57254,1.89554,1.71954,0.98354,-0.66346,-1.83946,-2.04546
CO2_TUG_BCT2,2021-09-29,1336,False,7,0.53724,0.21424,1.89024,3.21424,4.15524,6.94924,11.9202,13.9492,13.4492,12.9492,13.9782,13.6552,11.3022,9.03724,5.83124,2.53724,1.33124,1.71424,1.71424,-0.40376,-1.60976,-0.90376,0.50824,0.53724,0.47824,1.36124,2.50824,2.77224,2.30224,1.62524,1.00824,1.94924,3.94924,4.36124,2.83124,0.94924,0.30224,1.12524,2.77224,3.27224,3.56724,5.42024,8.27224,8.06724,4.89024,2.83124,2.15524,2.62524,2.92024,2.03724
CO2_TUG_BCT2,2021-09-29,1352,False,7,10.4157,8.59272,8.38672,8.56272,7.79872,8.56272,11.2987,12.9747,15.2687,19.4457,20.8867,18.5627,14.7687,12.8277,12.0927,11.6217,12.5337,15.5627,15.2397,11.0047,8.47472,8.44572,9.38672,10.0927,10.6217,10.7107,9.56272,7.35772,7.38672,9.82772,11.4157,11.2987,10.1517,9.18072,8.65172,8.03372,7.03372,6.53372,8.26872,8.53372,7.53372,8.82772,10.7987,12.7687,13.1807,11.8867,10.4457,9.79872,10.2107,11.7687
CO2_TUG_BCT2,2021-09-29,1363,False,3,-0.34594,1.36006,2.41806,2.06506,0.62406,2.21306,12.2131,28.0071,39.0361,47.4481,47.5071,37.6541,27.4481,22.7421,18.8011,13.8301,11.3891,10.5651,9.53606,7.38906,5.27106,4.53606,4.91806,6.03606,7.91806,10.7421,11.6541,10.6541,10.0361,12.2421,16.6831,17.4771,14.0361,7.91806,5.38906,5.00706,2.86006,1.36006,1.18306,2.03606,3.65406,5.80106,5.06506,2.62406,3.77106,4.91806,4.68306,4.68306,5.12406,5.24206
CO2_TUG_BCT2,2021-09-29,1378,False,19,3.5006,3.1476,3.7356,5.0886,8.1476,20.1766,55.3536,100.324,131.56,156.765,161.118,146.795,120.089,92.8826,56.2946,28.5886,20.3826,19.7646,18.8236,18.1766,17.7646,15.0596,8.9416,4.5006,3.5006,4.0886,4.7646,4.7946,4.3536,4.0296,3.2946,1.8826,1.1766,1.0006,0.5006,0.7356,3.1476,3.3536,1.2066,0.9126,2.6176,5.4416,6.4126,5.8826,5.7356,4.8536,3.4706,4.1476,4.7066,4.3236
CO2_TUG_BCT2,2021-09-29,1379,False,5,6.50058,4.91258,4.61858,4.47158,3.58858,3.17758,3.58858,4.67758,6.44158,9.79458,12.6776,12.4126,10.1776,9.64758,9.47158,8.44158,6.82458,4.64758,3.97158,4.35358,5.32458,6.41258,6.20658,4.94158,4.85358,5.47158,4.76558,4.08858,3.53058,2.70658,3.17758,4.94158,5.35358,4.05958,2.67758,2.47158,3.58858,5.08858,4.64758,2.53058,2.53058,4.73558,5.76558,4.76558,2.64758,1.97158,2.29458,2.82458,3.29458,3.79458
CO2_TUG_BCT2,2021-09-29,1412,False,5,6.0984,6.7744,6.2744,5.8044,6.8334,14.0984,27.8044,38.5094,48.2454,53.3624,53.8924,53.0394,52.7154,52.4214,51.2744,50.3044,46.4514,37.9214,31.3624,25.9214,21.7154,16.4804,11.5684,10.0094,10.7454,11.6864,10.3044,6.6864,5.5094,6.6864,7.5684,9.0394,11.6274,12.5094,11.9804,10.9214,9.7744,8.5394,8.3334,8.6564,8.6864,7.8624,6.4804,4.6864,4.8924,6.8924,7.4804,6.3624,3.7454,1.5984
CO2_TUG_BCT2,2021-09-29,1434,False,4,0.4806,1.1576,1.2456,1.2166,0.9806,1.0696,6.0396,20.8336,37.1866,44.3926,45.5986,43.2746,38.4516,31.1276,27.1276,27.1576,30.0106,30.0396,26.0396,22.3636,20.0396,17.4516,15.4516,14.3636,15.3636,16.6576,17.7166,18.2166,18.5106,18.6576,16.4516,12.4806,12.1866,12.5696,11.6866,10.5106,9.0396,8.2456,7.3336,4.9806,2.3636,1.1576,1.0396,1.8046,2.7166,3.6576,3.5986,2.2456,0.8336,0.3046
CO2_TUG_BCT2,2021-09-29,1447,False,9,3.91318,3.26618,1.14818,0.00118,-0.05782,0.91318,4.44218,10.0892,17.7362,27.6482,29.6482,25.8832,19.9132,15.9722,12.3252,8.44218,5.94218,3.64818,2.29518,2.41318,3.29518,3.50118,2.85418,2.11918,1.67818,1.64818,2.41318,3.32518,4.23618,4.11918,3.70718,4.79518,4.97218,3.91318,3.64818,3.56018,3.03018,2.00118,-0.14582,-2.14582,-1.85182,1.11918,4.41318,5.70718,5.76618,5.03018,3.38318,2.20718,1.94218,2.38318
CO2_TUG_BCT2,2021-09-29,1486,False,19,6.17836,11.0904,15.1784,15.3554,12.6784,10.6494,10.7374,12.2374,14.0604,16.0314,16.2084,15.2964,13.3554,10.9434,9.47236,8.38436,7.59036,6.35536,4.82536,5.06036,7.09036,8.23736,6.47236,2.35536,0.88436,1.56036,1.35536,1.32536,2.67836,4.67836,4.70836,2.97236,2.32536,3.14936,4.26636,4.26636,3.14936,2.14936,1.41336,0.67836,0.79636,1.91336,3.79636,4.53136,4.41336,4.56036,4.06036,2.53136,0.76636,-0.73364
CO2_TUG_BCT2,2021-09-29,1512,False,2,5.442,4.589,4.765,5.647,5.442,5.618,8.618,15,25.383,41.059,47.383,45.295,43.089,39.559,30.118,18.912,13.177,10.324,9.5,10.765,12.765,12.824,11.295,10.795,10.677,10.265,10.295,10.971,11.647,11.736,11.765,12.412,12.383,11.295,9.177,5.824,4.118,3.412,2.236,1.5,2.853,6.059,7.177,5.971,4.53,3.736,2.971,2.353,2.795,4.265
CO2_TUG_BCT2,2021-09-29,1516,False,15,13.5302,11.9422,11.5012,12.2952,12.5302,12.2362,12.9722,15.0602,16.5302,17.3542,18.1782,17.4722,15.1782,14.0892,14.6782,16.3252,17.4132,17.0302,15.7072,15.4132,15.7952,15.3252,14.8832,14.5892,14.1782,14.4132,15.3542,15.9422,15.5302,13.8542,12.7072,12.1192,11.8252,11.3252,10.3252,9.64818,10.6782,13.7362,14.2952,13.1482,11.7072,11.4722,12.3252,12.8542,13.3832,14.1782,13.5012,11.4422,10.7662,11.0892
CO2_TUG_BCT2,2021-09-29,1519,False,6,6.6374,8.0494,8.2844,7.3724,5.4604,4.2844,3.9904,6.3724,13.1664,19.5194,19.9904,16.0194,13.1374,11.9604,10.9904,10.7254,10.9024,10.6964,10.7254,11.1664,11.3724,11.1664,10.6664,10.1664,9.4314,8.7844,8.9604,9.6374,9.5784,8.9314,8.0494,8.2844,9.6374,10.2254,9.3434,7.2254,5.7844,5.1964,4.8434,5.6664,7.0494,6.3434,5.5194,5.1664,4.7844,5.4904,8.7554,12.8724,12.0194,6.6964
CO2_TUG_BCT2,2021-09-29,1536,False,0,11.5018,12.8548,15.2078,15.5318,14.1788,12.7078,13.3848,13.9438,13.5908,13.2668,12.5318,11.2078,11.1198,11.7378,11.0608,10.6788,11.0608,11.2968,11.3258,11.2378,10.4728,8.59076,6.85476,5.59076,4.26676,4.70776,6.73776,7.41376,6.97276,5.53176,3.50176,3.23776,4.50176,4.91376,4.06076,2.88476,2.38476,2.41376,3.00176,3.47276,2.29676,1.38476,0.79676,-0.08624,0.00176,1.59076,3.41376,3.70776,2.94376,3.23776
CO2_TUG_BCT2,2021-09-29,1540,False,14,19.9463,28.6813,34.1523,35.8283,36.6813,35.7403,32.9753,31.6813,32.5343,35.1223,37.0933,34.8583,28.7113,24.6523,21.9163,20.0933,20.0053,21.1223,22.0053,21.8283,20.9163,20.3583,19.5933,18.1523,17.1523,16.1223,14.9463,14.4463,14.5933,16.0343,17.6813,16.1813,15.8283,17.2693,16.9463,15.6813,14.2403,14.0053,14.8583,15.3873,15.9163,16.8583,17.4163,18.1813,19.4463,18.9753,16.7113,15.4463,14.6813,13.9753
CO2_TUG_BCT2,2021-09-29,1562,False,10,6.82888,6.41788,6.82888,7.71188,7.97588,9.21188,12.9759,15.0349,15.3289,15.5349,15.7709,15.3589,13.7409,10.8879,9.44688,9.03488,8.71188,9.53488,10.9179,10.2999,10.2119,11.4759,12.0649,12.6239,14.0939,13.6239,11.1529,10.1819,10.0059,9.53488,9.06488,8.56488,8.38788,8.85888,10.0349,10.9759,11.2709,11.3289,11.4469,10.9759,9.21188,7.29988,4.82888,3.03488,3.15288,4.50588,5.27088,5.82888,6.62388,6.03488
CO2_TUG_BCT2,2021-09-29,1563,False,11,4.9757,3.8287,2.9167,3.6517,7.5937,12.9757,17.0637,22.2697,27.3287,30.1227,31.7107,28.6227,20.5047,16.0937,15.7107,15.6817,14.3287,13.9167,14.7107,14.9757,14.7987,14.7407,12.7407,9.2407,9.3877,11.4457,13.9167,14.8877,14.7987,14.8287,13.3877,10.2697,9.8287,12.2107,13.9167,14.6817,14.9457,13.9757,13.0937,12.5047,11.9167,10.4757,8.3577,7.3287,6.7407,5.7987,5.3287,5.2407,5.1817,6.1227
CO2_TUG_BCT2,2021-09-29,1568,False,5,5.53058,5.50058,7.85358,11.8836,22.4126,38.9716,57.7946,83.2946,100.413,110.384,111.06,109.148,106.266,88.5896,50.6776,25.6186,18.5596,16.3836,17.1186,20.5306,22.5306,22.1476,21.2366,22.1186,22.4716,21.4426,19.2946,15.7066,13.7066,14.1186,15.2656,14.7366,13.6776,12.6186,11.8246,10.5896,9.00058,8.82458,10.3836,12.2366,12.7656,12.2946,11.4426,10.7066,11.3536,11.6186,11.7066,12.9716,12.6776,10.5306
CO2_TUG_BCT2,2021-09-29,1569,False,10,11.2656,7.76558,5.11858,5.64758,8.38358,9.82458,10.2366,10.7956,11.7366,13.1776,13.8536,13.7066,12.9426,10.5896,7.73658,9.14758,10.6186,9.91258,8.05958,7.35358,7.76558,8.41258,8.91258,8.50058,8.58958,9.70658,10.5006,9.61858,7.50058,7.76558,9.26558,7.55958,5.67758,4.76558,4.88358,6.00058,7.88358,8.50058,7.44258,5.91258,6.11858,7.91258,8.82458,8.70658,8.08958,6.97158,6.94258,10.2956,11.1476,9.08958
CO2_TUG_BCT2,2021-09-29,1587,False,8,9.30166,9.47766,9.65466,9.65466,9.06666,9.53666,11.1247,12.0667,15.7137,23.2137,26.5957,24.0077,17.9197,15.0667,14.9197,14.5667,13.4197,11.4197,9.86066,9.03666,9.71366,10.1547,10.2427,10.9197,10.9777,9.38966,6.74266,5.06666,3.91966,3.03666,2.50766,3.06666,4.18366,5.62466,6.09566,5.71366,5.59566,6.47766,8.12466,8.41966,6.88966,4.15466,3.65466,5.12466,5.62466,5.68366,5.65466,4.97766,4.77266,5.12466
CO2_TUG_BCT2,2021-09-29,1596,False,8,11.882,12.441,12.823,12.617,11.47,11.058,11.676,12.852,16.882,24.323,26.882,23.352,18.088,15.058,12.676,10.47,8.97,7.323,5.529,3.794,4.029,4.529,4.147,3.176,2.47,2,2.235,3.147,3.529,2.941,2,2.264,2.882,3.264,2.382,0.529,0.264,0.441,0.735,2.058,3.911,6.294,6.97,5.941,5,4.735,4.941,5.323,4.852,3.382
CO2_TUG_BCT2,2021-09-29,1602,False,15,17.0602,19.4722,20.4432,20.3542,20.5902,20.8252,21.0902,21.5602,21.7962,21.8542,21.9432,21.2372,19.0902,17.7662,17.6192,18.1192,16.9132,13.7662,12.9432,15.0902,17.5312,17.4432,15.6782,15.2962,14.4432,12.2962,12.2072,13.7072,13.4722,12.8542,12.2962,11.2372,9.82516,7.91316,7.38416,9.14916,12.3252,14.7072,16.7662,17.6192,17.0312,15.5902,14.5602,13.2962,11.6492,10.8842,10.5602,10.0902,9.85416,9.85416
CO2_TUG_BCT2,2021-09-29,1625,False,16,0.03234,3.47334,6.29634,7.12034,6.73834,5.97334,6.91434,9.70834,11.3853,12.2673,12.7963,11.6793,9.12034,8.06134,7.17934,5.50234,5.97334,8.67934,9.88534,8.44334,5.38534,4.17934,3.97334,3.50234,3.20834,4.12034,6.64934,7.38534,5.20834,2.06134,1.76734,3.82634,4.03234,2.06134,0.76734,1.26734,2.41434,2.00234,1.88534,2.79634,3.67934,4.20834,3.76734,3.44334,2.67934,0.67934,0.47334,2.20834,3.23834,4.06134
CO2_TUG_BCT2,2021-09-29,1629,False,5,6.09154,3.47354,3.53254,5.23854,4.20854,4.17954,6.47354,9.15054,15.6505,25.3555,28.2975,24.1505,18.7675,15.0615,11.6505,10.9735,12.8855,14.1205,13.0325,10.0035,8.03254,6.91454,5.53254,5.20854,5.35554,4.35554,3.23854,2.29754,2.53254,3.88554,4.53254,4.12054,2.94454,2.03254,1.97354,2.41454,2.70854,3.20854,4.15054,4.41454,2.82654,-0.37946,-1.32046,-0.17346,0.12054,-0.26146,0.15054,0.17954,0.00354,1.06154
CO2_TUG_BCT2,2021-09-29,1632,False,20,8.17758,7.38358,8.44258,14.8246,28.7366,38.7956,41.3536,42.0896,44.5306,46.5896,47.9126,46.5006,42.3536,40.2956,40.0896,37.7366,31.3836,26.2656,21.9716,19.1476,17.0306,16.1186,16.2066,16.4426,16.0596,14.6776,12.2956,10.9716,9.64758,7.41258,7.17758,8.91258,9.73658,8.91258,7.00058,5.79558,4.97158,4.29558,4.20658,4.17758,3.50058,3.29558,3.88358,5.50058,8.11858,8.94258,8.00058,6.55958,6.47158,6.11858
CO2_TUG_BCT2,2021-09-29,1640,False,18,13.6789,14.6789,15.6209,16.7379,18.1209,19.8259,20.4739,22.0619,27.2089,33.2379,35.0619,33.6789,30.6499,24.6789,19.0619,15.6499,13.3259,14.0319,15.0029,15.2089,15.8849,18.4739,22.1499,23.0029,20.6209,17.5909,16.5619,16.7969,16.3849,15.4739,15.7089,16.0319,15.6209,14.5619,13.1499,11.2089,10.1209,8.82594,6.70894,7.47394,11.5619,14.2679,14.0319,12.1789,10.8259,8.82594,5.85594,5.00294,5.29694,4.09094
CO2_TUG_BCT2,2021-09-29,1650,False,22,6.91906,6.39006,6.09606,5.15406,4.94906,5.21306,6.39006,9.91906,14.3311,17.2431,18.1541,15.0661,11.0071,6.56606,4.86006,5.06606,4.47806,3.18406,1.71306,1.74306,2.33106,2.83106,2.89006,2.91906,3.47806,2.86006,1.50706,2.30106,3.80106,5.15406,4.41906,1.44906,-0.34594,0.00706,1.86006,3.56606,4.59606,5.56606,5.80106,5.39006,5.03706,4.06606,2.18406,1.33106,1.91906,3.36006,4.27206,4.59606,4.41906,4.74306
CO2_TUG_BCT2,2021-09-29,1689,False,11,2.392,2.069,8.304,22.157,32.51,40.657,44.569,44.539,43.569,45.951,50.804,50.51,46.539,38.569,29.775,23.569,15.892,8.951,5.569,3.392,2.275,2.157,3.039,4.892,7.687,8.363,6.892,5.834,6.422,8.039,8.451,7.863,6.892,6.422,6.363,6.392,6.539,6.304,5.245,5.51,7.187,7.157,5.157,3.775,3.657,4.098,4.304,4.098,3.775,4.657
CO2_TUG_BCT2,2021-09-29,1747,False,15,4.94258,5.00058,7.14758,12.0306,15.8246,17.7656,16.8836,21.8246,35.9716,46.1476,47.6186,44.7656,40.7656,34.0006,27.8536,25.4126,24.4716,23.8246,24.0306,24.6776,23.1476,19.9126,19.6476,20.0896,19.7366,19.4716,19.2066,18.7656,18.7956,19.4716,20.1776,20.4126,20.2066,19.6186,18.4426,16.3536,14.0896,11.8536,11.7656,11.5896,10.2656,9.61858,10.0006,11.0896,12.7656,15.4126,17.0306,17.1476,16.4716,15.6476
CO2_TUG_BCT2,2021-09-29,1764,False,19,3.85654,5.79754,7.35654,9.59154,12.2095,11.7975,8.76854,8.32654,12.1215,17.3565,19.8265,19.1505,15.6795,12.4445,9.29754,7.23854,6.12154,6.17954,5.29754,3.70954,4.56254,4.85654,3.65054,3.32654,3.47354,2.53254,1.94454,2.32654,3.23854,3.47354,3.15054,3.47354,3.67954,2.12154,1.70954,2.73854,2.94454,2.56254,2.15054,2.65054,4.26854,5.32654,4.65054,2.32654,0.50354,0.38554,1.26854,1.67954,1.26854,0.41554
CO2_TUG_BCT2,2021-09-29,1797,False,9,1.41336,1.09036,2.20836,4.50236,5.29636,5.20836,6.38436,8.91336,12.9724,16.3254,18.4434,17.1194,14.6784,11.6784,9.56036,8.94336,8.88436,8.91336,9.14936,9.82536,11.5314,13.4434,12.1784,10.2664,8.67836,8.20836,10.0024,13.7964,15.7664,15.2964,13.0604,10.9724,9.06036,9.00236,10.2964,10.0904,8.09036,4.73736,3.20836,3.94336,5.94336,7.76636,9.29636,9.26636,8.53136,6.82536,4.23736,3.03136,2.97236,3.64936
CO2_TUG_BCT2,2021-09-29,1834,False,16,21.599,23.599,23.716,22.893,21.952,23.158,26.334,32.569,38.628,42.187,44.922,43.716,38.481,35.158,32.599,29.275,28.893,28.393,26.128,24.834,25.158,26.716,27.01,26.422,27.069,27.216,26.422,26.305,26.246,24.805,23.687,23.099,22.716,21.51,19.128,17.658,16.569,15.393,14.863,14.569,14.069,13.599,13.04,12.363,11.628,11.422,10.216,9.069,11.569,12.775
CO2_TUG_BCT2,2021-09-29,1846,False,12,7.235,6.676,8.235,10.47,13.118,15.853,21.412,29.088,35.412,42.382,45.794,41.941,32.382,26.118,22.941,22.529,21.323,16.235,10.206,8.382,9.353,8.97,7.412,7.676,8.559,9.823,11.412,11.676,10.823,10.441,11.088,12.412,12.382,10.823,9.647,9.323,9.235,8.647,6.765,4.382,3.029,1.5,-0.559,-1.059,-0.206,0.676,2.618,5.529,5.823,3.882
CO2_TUG_BCT2,2021-09-29,1866,False,10,3.08858,4.61858,7.44158,8.55958,7.79458,6.70658,7.20658,10.9126,16.5006,20.3536,23.3246,23.3246,19.2656,14.4716,13.5306,14.9416,14.6186,13.3246,11.5886,10.2656,8.76558,6.44158,5.70658,6.26558,6.23558,5.82458,5.44158,6.03058,6.94158,5.91258,4.38358,3.03058,3.67758,5.94158,6.35358,5.53058,4.05958,2.55958,1.32458,-0.05842,-0.02842,1.53058,2.61858,2.23558,0.85358,0.23558,0.85358,2.20658,2.44158,1.58858
CO2_TUG_BCT2,2021-09-29,1867,False,12,14.0006,13.0596,13.1476,12.3536,10.2946,11.0006,14.5596,16.5886,20.8236,30.1176,33.7646,30.1476,24.7356,24.1476,27.5596,28.8536,27.2066,24.6476,21.8536,17.2646,13.2066,11.3536,10.3826,10.8826,12.9416,14.3536,14.5006,12.8826,9.6176,8.2066,8.4706,8.6176,7.9416,6.6476,6.7646,7.6176,6.6476,5.5886,5.1176,5.9416,8.7356,11.5886,12.9116,13.7356,14.5006,15.2356,16.0596,15.3536,13.0596,11.8236
CO2_TUG_BCT2,2021-09-29,1897,False,8,17.1599,17.3959,17.4249,17.5719,18.6009,19.7779,19.5129,26.7189,48.6899,70.5429,74.9839,67.3069,58.2779,47.1899,40.6309,37.6009,33.7489,31.1599,30.4839,30.5429,31.2489,31.2489,28.2189,24.8369,21.5429,20.2489,19.3369,17.4539,16.2779,15.6899,15.3959,14.8959,13.9539,13.3959,12.6309,11.3369,11.6309,13.8959,15.7489,16.1009,15.6899,15.5429,16.2189,17.6899,18.9839,20.9539,23.2489,23.6599,21.8959,19.4539
CO2_TUG_BCT2,2021-09-29,1928,False,8,6.765,5.03,3.941,2.5,1.912,2.765,4.765,6.824,10.235,13.853,14.206,12.059,11.059,10.912,10.147,9.235,8.235,7.765,7.706,7.706,7.677,7.441,6.971,6.677,6.177,5.412,6.353,9.088,10.206,9.441,8.118,6.324,2.971,0,-0.382,0.824,0.912,0.294,0.971,1.382,1.235,1.412,1.147,0.324,0.618,2.441,3.882,3,1.412,3
CO2_TUG_BCT2,2021-09-29,1937,False,8,2.67994,0.67994,-0.20306,0.14994,1.14994,2.14994,3.62094,5.14994,6.85594,10.6799,15.1209,15.0029,11.0029,8.76794,7.56194,5.47394,3.20894,2.38594,5.79694,7.23894,5.73894,5.29694,6.35594,7.23894,7.09194,6.41494,6.35594,6.06194,5.17994,4.82694,4.29694,2.85594,3.32694,4.38594,1.91494,0.94494,2.62094,4.09194,5.62094,6.94494,6.82694,5.94494,6.20894,6.82694,7.38594,7.76794,7.56194,6.29694,5.00294,4.20894
CO2_TUG_BCT2,2021-09-29,1940,False,8,4.51236,5.30636,7.42436,7.10036,5.12936,6.07136,9.39436,17.0714,26.4824,30.4824,30.7774,29.0414,23.6294,17.0124,14.1004,14.0124,15.3354,17.1884,19.6594,20.9824,20.8944,19.7474,19.2184,18.8944,17.5714,15.7184,13.3944,13.1004,14.3654,14.3944,14.2774,14.6884,14.8354,14.1594,12.9244,13.6294,16.3654,17.8354,18.2474,17.3064,13.8354,10.6004,7.42436,5.12936,3.54136,3.54136,3.86536,3.68836,3.12936,2.18836
CO2_TUG_BCT2,2021-09-29,1948,False,22,22.2791,25.2501,26.6321,26.5731,26.0141,25.0731,23.6321,23.1321,24.7201,28.2501,30.1031,28.4261,24.2201,21.9561,20.5141,18.0141,15.6321,12.8971,11.1911,10.3671,9.6321,9.6621,10.0731,10.5441,10.5441,10.1031,9.9261,10.3671,11.1621,10.4561,8.1621,7.0441,7.1911,6.7201,4.4851,4.0731,5.6911,6.0441,5.6911,6.8381,7.4261,6.8381,6.1321,5.8671,5.9261,6.5731,7.5141,7.3971,7.8971,9.2501
CO2_TUG_BCT2,2021-09-29,1984,False,26,32.6523,33.4463,34.5343,35.5343,35.2993,34.9173,34.8293,34.6523,34.6523,35.3873,35.9763,35.7993,34.7113,34.7403,36.0343,36.4463,35.5933,34.4173,33.9763,34.3873,35.4173,36.5933,37.9763,38.0053,36.9173,36.5643,35.6233,32.5933,29.3583,28.5343,29.3293,29.8873,30.6523,32.0933,33.0933,34.1233,35.1523,34.4763,32.1523,30.6523,29.3293,27.6523,26.7113,26.3873,26.5643,26.2993,25.3873,24.6233,22.2113,17.5053
CO2_TUG_BCT2,2021-09-29,1991,False,10,6.735,6.353,6.941,9.265,11.882,13.147,14.529,21.706,39.147,54.353,55.324,46.5,40.706,36.618,30.5,27.824,27.676,26.706,25.912,26.059,26.794,23.765,15.382,8.912,6.118,4,2.676,2.324,3.294,4.176,4.618,4.029,3.118,4.235,6.265,7.559,5.794,5.265,6.794,6.559,4.324,3.206,3.529,4.5,5.235,6,6.676,6.647,5.735,4.529
CO2_TUG_BCT2,2021-09-29,2104,False,8,9.20718,9.23618,9.56018,11.3832,12.0312,11.2362,11.0312,13.0892,17.4422,20.3832,21.5892,20.5892,19.2952,18.2072,17.5892,17.7662,18.7362,17.8252,15.0892,14.4422,15.2072,16.4422,17.4722,18.4722,19.9132,20.6192,20.7072,20.7072,20.7072,20.6782,20.3832,19.4422,18.1192,16.5602,15.0892,15.8252,16.8542,17.5012,18.2072,19.1782,19.5312,18.6782,17.0312,16.4422,15.6192,13.7072,12.3252,11.5012,11.5312,11.9132
CO2_TUG_BCT2,2021-09-29,2134,False,29,6.67836,7.56136,7.56136,7.09036,9.91436,16.4434,19.7964,20.8844,23.4734,27.1494,28.1494,26.6784,23.9144,20.0614,19.0024,20.2084,22.6204,24.5024,25.0904,25.1784,25.3844,25.6204,25.2374,23.8554,21.4734,20.1494,18.8254,16.7084,17.3844,20.7674,22.1494,21.9144,21.4144,21.2084,21.4144,21.6784,20.4434,18.5904,19.7374,20.7084,20.5614,21.4434,23.2964,23.4434,22.1784,18.8254,14.5024,13.7084,15.7674,16.4734
CO2_TUG_BCT2,2021-09-29,2166,False,14,13.4822,23.6002,25.6292,23.8062,22.3942,22.2472,23.1002,24.5112,25.1002,25.6592,27.1882,27.1592,25.3942,24.3352,23.2762,21.3062,19.7472,18.9232,19.4232,18.4532,15.7172,14.8642,13.9532,11.7472,11.2472,12.2762,12.4822,12.1002,11.6002,11.5112,12.6592,14.8352,14.6292,12.1882,11.2472,11.3062,11.3352,11.1592,9.74716,6.89416,5.36416,5.65916,7.18816,7.15916,5.62916,6.51116,9.68816,10.5412,9.57016,7.86416
CO2_TUG_BCT2,2021-09-29,2205,False,8,4.23618,2.76518,1.58918,0.64818,0.97118,3.03018,5.47118,10.3542,27.6182,53.8242,63.0892,58.2362,52.9422,45.9712,38.0302,31.7362,25.2652,22.7652,21.6482,19.4422,18.8542,19.1772,17.8832,16.0892,14.1482,13.7652,15.2952,17.1482,17.7362,17.8242,18.4422,18.1772,16.8242,16.1482,16.2952,16.7362,16.9122,17.8832,20.4122,21.3242,20.4712,19.5012,19.6772,22.0302,21.4712,16.0302,10.3542,8.00118,7.26518,6.67718
CO2_TUG_BCT2,2021-09-29,2232,False,0,27.1929,30.2509,29.6039,26.8979,26.8689,27.3399,26.9869,26.5749,25.1339,22.1929,19.6629,16.1929,12.3399,10.1039,8.51588,8.04588,9.83988,13.5459,14.9279,13.9869,13.0459,12.7509,12.6339,12.0159,11.3099,12.0749,13.1629,14.1929,14.7809,15.7809,17.6629,18.5459,18.1929,17.2219,16.3689,14.6629,11.9869,10.0749,8.72188,9.51588,11.5459,10.8689,10.1929,10.9869,12.1039,12.1339,11.3689,11.8099,13.3979,13.7219
CO2_TUG_BCT2,2021-09-29,2233,False,17,1.47158,1.88258,3.50058,7.52958,11.9126,13.0596,12.3246,12.6476,13.7356,15.1476,15.1766,12.6766,8.91258,7.26558,7.52958,8.47158,8.91258,8.73558,8.17658,7.23558,5.79458,5.20658,6.05958,7.79458,7.55958,5.32458,4.29458,5.32458,7.55958,7.79458,6.05958,5.17658,5.52958,6.50058,7.17658,7.47158,7.26558,7.29458,7.73558,8.00058,8.26558,8.76558,9.20658,9.47158,9.23558,8.91258,7.94158,6.08858,5.38258,5.58858
CO2_TUG_BCT2,2021-09-29,2234,False,5,1.90064,1.84164,3.31264,5.45964,5.40064,4.40064,3.63564,5.98864,15.8126,29.1356,34.1356,31.7826,27.5766,24.1946,20.6946,18.9006,17.5176,15.0476,12.9006,10.6656,9.48864,9.60664,9.63564,8.34164,6.22364,6.22364,6.66564,6.04764,4.60664,3.66564,3.28264,4.45964,7.25364,8.48864,7.45964,6.28264,7.92964,7.51764,4.13564,3.72364,6.78264,9.04764,8.95964,7.37064,6.19464,5.87064,5.87064,6.10664,6.57664,6.60664
CO2_TUG_BCT2,2021-09-29,2249,False,28,8.53018,9.38318,11.5302,14.2072,14.2652,12.0602,10.9712,11.5302,13.0012,14.0892,14.4122,13.5892,13.8242,15.1482,15.0892,14.2652,13.1772,12.0302,10.7952,10.5602,10.7362,11.0012,11.4122,11.1772,10.2652,9.82418,10.0012,10.4422,10.3832,9.47118,8.23618,7.26518,6.23618,5.56018,5.26518,5.47118,5.61818,6.58918,8.94218,8.44218,4.91218,3.47118,3.94218,4.00118,4.17718,4.14818,2.79518,2.38318,3.26518,4.11818
CO2_TUG_BCT2,2021-09-29,2256,False,10,1.00234,1.64934,3.94334,5.12034,5.26734,5.79634,10.9143,26.4433,45.0913,54.7963,58.5023,56.5323,50.4733,40.8553,32.7963,24.7083,20.2963,19.9143,21.2673,22.7673,24.0023,25.3553,25.0023,22.2673,19.4733,18.6203,18.7383,18.4733,18.0323,17.4733,16.7083,15.2673,14.0323,14.7963,16.6203,16.3263,16.9733,19.4143,18.7083,14.6493,12.6493,13.3553,15.4733,16.8553,16.9733,16.5323,16.1493,14.9433,12.5323,10.7083
CO2_TUG_BCT2,2021-09-29,2260,False,22,10.6356,11.1056,11.6056,11.7526,11.1056,9.92964,9.75264,10.3706,11.4586,12.8116,14.2826,14.2826,13.7236,12.0176,8.78264,7.60564,8.48864,9.95864,10.9586,9.39964,8.75264,9.28264,8.51764,7.42964,6.51764,6.92964,8.28264,8.04664,5.81164,2.04664,0.72364,2.13564,3.98864,4.51764,4.13564,3.92964,4.13564,4.57664,4.54664,3.87064,3.19464,3.13564,3.34164,3.07664,2.63564,2.22364,2.78264,4.87064,6.75264,5.72364
CO2_TUG_BCT2,2021-09-29,2287,False,17,0.15524,2.65524,8.47824,12.9782,16.8612,18.9782,19.4492,19.7142,20.2142,20.6842,21.0962,20.5082,18.1842,15.7732,16.0672,18.0672,17.8022,15.1552,10.7732,8.39024,8.83124,11.6552,13.2432,13.4202,13.0962,11.9202,10.2142,8.92024,7.18424,5.33124,4.80224,5.09624,4.68424,3.77324,4.09624,5.09624,5.86124,5.15524,4.53724,4.44924,4.39024,3.92024,2.97824,2.53724,2.71424,3.15524,3.15524,2.68424,2.33124,2.77324
CO2_TUG_BCT2,2021-09-29,2288,False,9,1.4706,1.2656,1.1186,1.5886,2.1766,2.2066,3.1476,23.0006,75.8236,123.56,127.795,103.648,96.9416,112.207,126.677,123.354,104.413,89.7356,77.8536,60.5006,47.6766,36.7656,30.5596,30.1476,31.6766,31.1766,28.5006,23.8236,18.8536,12.7066,9.5886,10.1476,10.8236,8.2066,7.9126,10.9416,12.7066,13.8536,15.8536,17.5886,18.4126,16.9126,15.1476,13.7356,14.2066,16.4706,17.4706,16.2946,14.1766,14.2656
CO2_TUG_BCT2,2021-09-29,2295,False,10,3.18424,4.65524,5.36124,5.44924,5.92024,10.1842,21.7142,33.5372,38.4782,40.0372,41.1842,41.0082,37.5672,34.2432,30.4492,26.8022,24.5372,22.4782,21.1552,19.3902,16.7432,15.1252,14.5082,15.0372,15.9202,16.8022,16.4202,15.3022,15.6552,15.3902,14.3022,14.5372,13.2432,9.47824,6.92024,5.50824,5.30224,5.68424,6.18424,6.30224,5.39024,3.92024,6.00824,10.3612,9.24324,6.12524,3.15524,2.74324,4.92024,6.80224
CO2_TUG_BCT2,2021-09-29,2296,False,29,9.97688,9.09388,8.59388,8.32988,8.09388,8.29988,8.27088,8.00588,9.18288,11.9769,13.3889,13.5649,13.5649,13.4469,12.5059,10.7119,10.5059,12.0359,13.1829,13.2409,12.5649,11.8589,11.5939,11.5059,10.9179,9.03588,6.71188,5.82988,5.24088,3.62388,2.94688,3.38888,4.41788,6.56488,8.56488,8.29988,5.56488,2.88888,3.00588,5.18288,5.97688,5.88888,6.56488,5.12388,1.21188,-0.28812,0.85888,3.21188,4.18288,4.09388
CO2_TUG_BCT2,2021-09-29,2312,False,12,6.47512,7.85712,8.44512,7.59212,5.82712,6.21012,11.0331,18.3861,23.8271,28.2101,29.0041,27.4161,24.8861,23.0921,22.2391,23.0041,24.0041,24.3271,23.3861,22.7391,22.7101,23.2101,24.3861,25.2391,24.8861,23.9751,24.0631,23.2691,20.7981,18.2981,16.0331,16.0921,17.0921,18.1221,18.4451,17.3271,14.9751,13.7691,13.3861,12.9751,13.3271,15.1801,17.4451,17.7391,16.4161,15.4751,14.9161,14.6221,14.1221,13.1801
CO2_TUG_BCT2,2021-09-29,2318,False,9,4.00058,4.53058,3.73658,3.97158,4.44158,5.20658,6.97158,10.5006,16.3246,19.7946,21.0886,20.7366,19.2066,15.6186,11.2946,8.82458,7.17758,6.29458,6.20658,6.76558,6.08858,4.26558,4.11858,5.14758,6.61858,7.35358,7.67758,8.03058,7.32458,5.47158,4.67758,5.73658,8.11858,9.41258,9.08858,7.58858,7.76558,9.29458,9.05958,8.50058,8.38358,8.14758,7.67758,7.38358,6.91258,6.20658,6.14758,5.85358,5.00058,5.03058
CO2_TUG_BCT2,2021-09-29,2319,False,29,14.8559,14.5029,13.1209,12.3559,11.7979,10.8859,10.7089,11.5919,12.9149,14.7389,18.3269,21.7679,22.3859,21.2679,21.5029,21.8859,19.1799,16.5919,15.1799,15.3859,13.8559,9.82694,8.56194,9.47394,9.20894,10.1799,12.6799,12.8859,12.1509,11.7389,12.6509,14.7389,15.4449,15.2679,14.5329,13.0029,11.3559,9.29794,7.65094,6.12094,5.47394,5.76794,6.00294,5.29794,6.53294,10.1509,11.5919,11.1209,11.0329,10.5919
CO2_TUG_BCT2,2021-09-29,2320,False,8,3.471,3,3.824,4.353,4.853,5.559,5.794,7.5,11.353,14.029,14.971,13.559,12.324,10.765,7.794,5.206,2.794,2.471,3.5,3.177,3.677,5.235,5.029,4.706,5.029,4.853,4.412,4.853,5,4.353,3.765,4.441,6.235,6.735,6.147,6.088,5.824,5.147,5.265,6.382,8.177,8.206,6.677,6.235,6.559,6.824,6.588,6.382,6.382,6.559
CO2_TUG_BCT2,2021-09-29,2327,False,8,3.30106,4.21306,4.09506,3.56606,3.47806,7.44806,17.6541,28.8891,42.2721,49.0071,50.0361,48.8011,45.6251,39.4191,34.0661,30.9481,27.9781,26.7421,26.5661,25.9481,26.2421,27.8311,28.9191,28.0951,23.1841,15.4781,12.3311,12.8011,13.0361,12.6251,12.5071,13.4191,15.2131,15.2131,12.0361,7.56606,5.71306,6.41906,8.21306,8.44806,7.27206,7.53606,9.56606,10.8011,9.77206,7.21306,6.15406,5.27206,3.50706,3.33106
CO2_TUG_BCT2,2021-09-29,2328,False,6,2.088,1.794,0.941,0.882,1.294,0.853,1.412,8.294,25,40.324,45.353,42.706,36.588,34.118,33.324,32.206,32.647,33,32.765,33.471,33.912,31.441,30.529,31.235,30.235,28.941,27.824,26.941,26.412,26.735,26.059,24.471,24.382,22.353,17.294,14.853,14.294,13.177,13,14.088,15.235,17.177,20.441,21.412,19.029,15.294,13.706,13.029,11.412,10.735
CO2_TUG_BCT2,2021-09-29,2329,False,10,2.88436,6.38436,7.06036,6.11936,8.85436,17.1494,31.0024,37.9434,39.7374,41.7074,42.9434,41.1784,35.0604,29.8544,24.7374,20.7964,18.2074,15.2374,13.6494,13.4724,14.0024,13.0904,10.7964,10.2964,10.3544,10.1194,11.3254,14.3544,16.2074,16.2964,15.1494,13.5024,12.7664,12.7964,13.6194,14.5604,13.7374,13.8844,15.8844,16.9724,14.7374,9.50236,6.26636,5.00236,5.29636,6.14936,7.14936,7.64936,7.94336,8.29636
CO2_TUG_BCT2,2021-09-29,2335,False,16,4.14876,5.70776,7.64876,9.06076,11.5018,14.7368,15.7368,15.0308,15.0608,16.1778,16.9428,15.9138,13.8248,13.7368,13.5608,12.2668,11.7958,12.1778,12.4138,12.4428,12.4428,12.4138,12.1778,11.6778,11.2078,10.7078,10.3838,9.70776,8.76676,8.97176,9.11876,8.76676,8.91376,9.11876,8.14876,7.41376,8.03076,9.91376,9.17776,5.64876,4.47176,5.64876,6.35476,6.35476,5.64876,4.38376,4.85476,7.14876,8.58976,9.44276
CO2_TUG_BCT2,2021-09-29,2344,False,6,4.91218,6.94218,8.26518,7.91218,6.56018,6.11818,6.73618,7.56018,8.82418,11.2072,12.8242,11.2952,7.08918,4.76518,4.26518,4.64818,6.08918,8.94218,11.0602,11.6772,11.7652,12.0012,12.4712,12.7072,12.7072,12.4712,11.8832,10.7072,8.76518,7.53018,6.47118,5.44218,6.00118,7.35418,6.67718,6.11818,6.41218,6.14818,5.00118,4.11818,4.29518,5.20718,5.64818,5.47118,4.97118,4.50118,4.00118,3.82418,4.20718,4.67718
CO2_TUG_BCT2,2021-09-29,2345,False,11,0.44866,1.85966,2.35966,2.21266,2.77166,5.97766,14.4777,23.7717,28.3307,30.5957,31.1837,29.8897,27.7127,26.2717,24.9187,21.8017,14.6837,7.56566,4.53666,4.00766,4.88966,5.06566,4.18366,3.56566,3.74266,5.00766,6.35966,7.62466,7.83066,7.44866,6.94866,6.77166,7.21266,8.00766,7.33066,5.27166,4.77166,6.50766,9.74266,10.6837,9.47766,8.68366,8.00766,7.53666,8.56566,8.33066,6.80166,7.00766,7.33066,6.91866
CO2_TUG_BCT2,2021-09-29,2346,False,16,3.50766,3.06566,3.71266,5.09566,5.12466,5.06566,5.94866,7.30166,9.21266,11.9777,12.3897,10.2127,8.44866,8.65466,9.30166,7.91866,7.09566,7.38966,7.38966,6.94866,6.83066,7.59566,8.30166,6.91866,6.09566,6.38966,6.41866,6.21266,6.47766,6.91866,7.41866,7.71266,8.21266,9.06566,8.88966,8.00766,8.24266,8.65466,8.94866,9.30166,8.59566,6.85966,6.88966,8.88966,10.1837,9.59566,7.74266,6.88966,7.47766,8.77166
CO2_TUG_BCT2,2021-09-29,2349,False,8,16.7468,16.0408,15.9238,15.7178,15.4818,15.7468,16.5408,19.8648,25.7768,28.8648,29.3348,26.5118,19.0118,12.8348,13.8058,19.4528,21.3648,21.3058,21.5118,20.3058,17.2768,15.2768,13.8938,11.7468,10.3938,10.5118,11.4818,12.5118,14.2178,16.0998,16.6588,15.0998,11.9818,11.7468,14.1288,13.6878,10.3348,8.89376,8.65876,8.21776,8.07076,8.74676,10.0708,10.1288,9.27676,9.51176,9.92376,10.2178,10.7468,11.4528
CO2_TUG_BCT2,2021-09-29,2362,False,10,1.12094,0.50294,0.56194,1.29694,2.97394,4.82694,5.35594,5.26794,7.50294,12.8559,15.0329,12.5029,11.4439,11.7089,12.2379,13.0619,12.5619,10.5029,9.12094,9.00294,9.44394,9.67994,9.70894,9.79694,10.4739,11.6499,11.8269,11.2379,10.5029,10.4439,10.1499,9.14994,7.97394,6.50294,5.76794,5.50294,5.50294,6.29694,7.44394,8.76794,8.23794,5.50294,3.44394,3.38494,4.97394,6.91494,8.14994,9.00294,8.20894,6.53294
CO2_TUG_BCT2,2021-09-29,2367,False,18,6.66052,6.63152,5.71952,8.27852,14.5425,17.4845,18.6315,20.7195,22.3955,24.8665,28.6895,27.2195,19.9545,15.3665,13.5135,11.5725,10.6605,10.7785,11.1015,10.1605,7.83752,6.66052,6.48452,6.24852,5.77852,5.54252,5.48452,5.30752,5.30752,5.95452,5.92552,5.04252,4.63152,5.04252,6.04252,6.95452,7.71952,7.68952,7.39552,7.83752,9.54252,10.9255,11.7485,10.3665,6.89552,5.48452,5.51352,5.77852,6.16052,5.68952
CO2_TUG_BCT2,2021-09-29,2377,False,9,2.79694,2.23794,2.11994,1.59094,1.61994,4.53194,7.00294,8.82594,10.9149,13.5909,14.3259,12.7089,10.0909,9.76794,9.56194,8.11994,6.70894,6.61994,9.32594,10.1499,8.41494,6.76794,5.23794,4.44394,3.64994,2.23794,1.73794,3.14994,5.26794,4.59094,3.85594,4.17894,4.35594,3.91494,3.09094,3.56194,5.47294,6.97294,7.32594,5.70894,4.82594,4.91494,4.79694,5.47294,6.85594,6.82594,6.23794,5.70894,5.59094,6.50294
CO2_TUG_BCT2,2021-09-29,2385,False,8,8.8826,8.8826,8.1176,7.2646,6.7356,7.7356,12.3826,22.1476,35.9416,53.6476,58.3526,56.5296,51.8826,39.8826,26.9416,20.1476,16.0586,14.6476,14.7946,16.0006,18.2646,18.7356,17.5886,17.7946,19.3526,19.5886,17.5296,13.2646,10.5886,11.0586,13.2646,13.9116,14.0586,15.9116,15.1476,11.3236,9.8236,10.9706,13.1766,13.1476,12.1176,14.0296,15.7356,16.4116,16.4116,14.5586,10.8526,9.2646,8.5586,6.1476
CO2_TUG_BCT2,2021-09-29,2395,False,5,10.3979,10.3099,8.98688,8.48688,8.63388,8.39788,8.39788,10.0159,13.3689,15.4869,16.3979,14.8389,9.95688,5.80988,5.36888,8.75088,13.5159,14.3099,11.6919,9.89788,9.48688,10.5449,12.1039,13.8389,14.2219,13.3979,12.0749,12.3689,14.6339,16.3689,15.7509,13.2219,11.5449,10.9279,10.2509,8.66288,6.28088,5.80988,6.16288,6.69188,7.63388,8.10388,8.13388,7.89788,7.42788,7.28088,7.86888,8.57488,7.92788,7.78088
CO2_TUG_BCT2,2021-09-29,2397,False,11,4.0094,4.1274,3.5984,3.3924,6.3624,12.8334,22.9214,27.9804,29.5394,31.4514,32.3044,30.3044,25.1864,21.2154,18.0394,16.2744,14.6864,12.5394,11.2454,9.9514,8.3334,7.8334,8.2744,8.9514,9.6864,9.7154,9.7744,10.2154,10.5394,11.2744,12.6864,13.2454,12.1564,9.6864,7.5094,5.0094,3.1864,3.0684,3.9514,4.4214,4.4804,4.4804,4.5394,5.0094,5.8624,5.6274,4.2154,3.1864,3.3334,5.2154
CO2_TUG_BCT2,2021-09-29,2400,False,14,4.94336,6.38436,7.38436,8.41436,9.59036,10.0904,10.1494,10.2674,11.2084,13.0314,13.3844,11.7674,10.5904,11.8254,11.9434,10.1204,8.50236,7.20836,6.97336,7.17836,7.67836,8.56136,8.56136,7.59036,6.50236,5.73736,6.44336,7.06136,7.14936,7.17836,7.41436,7.82536,7.62036,6.94336,6.94336,7.00236,6.09036,4.26736,3.79636,4.70836,5.79636,6.56136,5.88436,5.50236,5.88436,6.03136,5.35536,4.03136,3.94336,4.56136
CO2_TUG_BCT2,2021-09-29,2407,False,12,5.0296,6.7056,10.1766,17.7356,23.5886,28.3826,31.3236,33.9416,36.7646,39.5586,42.5006,41.9706,37.0296,28.0886,21.0886,15.3826,13.4416,13.0886,12.2056,11.6766,11.1476,10.0586,8.4116,6.0006,4.8526,4.8526,4.6176,3.5586,3.8236,5.5586,5.9706,4.6766,3.3826,3.8826,6.4116,8.6766,8.7946,7.5006,7.0586,7.6766,8.3526,8.3236,7.4116,6.2946,6.2646,7.1476,7.6176,7.6766,7.5586,6.5586
CO2_TUG_BCT2,2021-09-29,2408,False,10,3.3826,2.7646,3.2066,4.4706,4.5586,5.3536,9.7066,13.3236,17.1766,21.3236,22.3826,21.0886,19.7356,18.7066,18.8236,18.1766,15.6476,13.2356,11.9416,10.9416,10.7646,11.6476,12.6766,12.0006,9.6766,8.2356,7.3826,6.8536,7.9416,10.2646,10.6476,9.6476,8.1476,7.2946,7.4416,8.6176,9.3536,9.9116,10.9416,12.1176,13.4416,12.8536,9.6476,6.6476,6.0296,6.8536,7.2646,6.8536,5.9706,5.7946
CO2_TUG_BCT2,2021-09-29,2411,False,8,1.471,1.588,6.588,16.353,23,25,20.882,18.971,21.618,24.824,25.412,23.853,20.706,15.206,11.294,9.294,8.265,9.765,9.853,7.647,6.324,6.412,7.588,8.235,8.088,7.559,6.853,5.824,4.971,4.677,5.647,6.471,6.559,6,6.735,8.853,8.529,5.147,2.441,2.471,4.029,4.382,3.324,1.588,1.971,3.971,3.971,3.441,3.265,2.559
CO2_TUG_BCT2,2021-09-29,2412,False,13,12.774,15.833,14.892,11.127,8.745,8.745,11.392,13.539,15.627,17.892,18.186,16.922,16.333,15.774,13.98,11.922,9.686,9.098,10.127,11.863,11.392,8.686,7.216,6.627,6.157,6.539,6.245,4.98,4.951,6.039,6.274,6.127,6.098,6.01,5.304,3.863,3.01,3.157,4.451,5.833,5.922,3.127,1.598,1.951,2.951,3.451,1.745,1.774,3.716,3.804
CO2_TUG_BCT2,2021-09-29,2414,False,7,5.09624,5.56724,5.09624,2.44924,3.94924,10.3022,13.5672,13.7432,13.4492,14.5372,16.6262,16.5372,15.2732,13.5372,12.2432,10.9792,9.09624,8.50824,9.80224,11.7732,11.6262,9.86124,9.62624,9.94924,9.92024,9.09624,6.74324,4.03724,2.36124,2.71424,6.27324,6.86124,3.94924,2.94924,3.68424,3.42024,2.80224,2.27324,2.09624,2.53724,3.47924,3.89024,3.47924,2.56724,2.33224,2.62624,2.12624,1.92024,4.15524,4.83224
CO2_TUG_BCT2,2021-09-29,2415,False,22,22.1823,20.9463,22.0643,25.5933,31.6523,33.6523,31.2113,28.6523,29.7113,33.8293,35.8583,35.4173,33.9463,32.7403,31.4763,30.4763,29.5643,27.4173,24.6233,23.6233,23.9763,24.3583,24.1523,22.9463,21.9173,20.4173,18.4763,18.9173,21.7113,23.5933,23.2993,20.1823,17.9763,17.2703,17.8873,19.4763,21.7403,22.0053,21.9173,25.0353,27.3583,27.6233,26.2703,25.8583,26.6823,26.9463,25.3583,21.9463,19.3873,17.5353
CO2_TUG_BCT2,2021-09-29,2416,False,8,4.82594,5.41494,5.41494,4.82594,6.20894,7.03194,7.03194,9.56194,16.1199,21.4149,22.2379,20.7679,20.0909,18.5619,15.3259,14.0319,15.2379,17.3259,18.0319,17.4439,16.7089,16.2089,15.4149,13.0319,9.94394,10.7089,10.5319,6.97294,3.85594,4.14994,6.76794,7.53194,6.76794,7.00294,7.35594,7.17894,6.79694,7.26794,8.59094,8.79694,7.70894,6.82594,6.85594,6.73794,6.03194,7.26794,8.35594,8.85594,8.85594,7.32594
CO2_TUG_BCT2,2021-09-29,2417,False,29,3.53254,3.20954,4.09154,7.32654,10.3855,11.4735,11.6505,12.2385,14.1205,16.5035,17.5325,16.4735,13.4445,12.0625,12.2975,12.2095,11.0625,9.56254,9.97354,12.0035,12.6795,12.3565,11.8565,11.6505,11.8565,12.2095,11.5325,9.91554,9.41554,9.29754,8.79754,8.12054,7.38554,7.26754,6.70954,6.50354,8.73854,9.32654,7.62054,6.44454,5.85654,5.76754,6.76754,7.94454,6.79754,6.00354,6.35654,6.82654,7.32654,7.56254
CO2_TUG_BCT2,2021-09-29,2418,False,16,3.765,4.765,6.147,7.912,9.676,9.5,7.882,8.353,11.059,12.471,12.559,11.853,10.471,10,10.265,9.706,9.029,10.471,11.559,10.529,7.382,5.059,3.529,3.412,3.794,2.706,2.588,4.118,5.323,5.882,6.294,5.794,4.176,3.147,3.912,5.529,5.176,3.676,1.853,2.118,4.588,6.176,6.176,5.971,6.882,7.294,6.941,6.882,6.853,6.147
CO2_TUG_BCT2,2021-09-29,2419,False,19,14.0378,14.1558,13.4208,11.5088,10.3028,10.8908,13.8618,16.8908,21.5678,26.8028,27.6558,25.1558,24.1268,24.1848,23.2738,22.3618,18.7438,11.0968,8.06782,9.50882,10.9208,11.9798,12.4498,12.5088,12.5088,12.4798,12.2438,11.7738,11.5968,12.0378,12.8908,12.6558,11.3028,10.6558,11.0378,11.8908,11.5678,9.50882,7.47982,7.39082,8.71482,9.53782,10.5678,12.4208,13.0088,11.7148,9.68482,9.36182,10.1848,9.89082
CO2_TUG_BCT2,2021-09-29,2423,False,12,1.76736,5.32536,11.7374,15.2964,16.6204,17.1784,17.9434,19.4734,21.1204,23.0904,23.8554,22.5024,19.2084,16.7084,14.8844,12.5024,11.6204,12.2964,12.5314,11.2374,11.0614,12.2374,12.0024,10.1494,8.76736,7.94336,8.00236,8.59036,9.09036,8.85536,10.3254,13.9434,14.9144,12.0904,8.06136,6.06136,5.14936,4.41436,3.91436,3.29636,2.17836,0.73736,0.85536,2.06136,3.29636,2.79636,1.97336,1.44336,1.47336,2.14936
CO2_TUG_BCT2,2021-09-29,2424,False,5,3.97824,0.94924,0.59624,3.68424,6.74324,8.36124,12.7142,21.4492,27.8022,32.5962,34.5672,32.2432,26.2732,22.4782,20.2142,18.6252,18.5372,19.4782,20.1252,18.7732,14.6252,12.9782,13.6252,13.3902,13.0082,12.9202,12.6842,12.2142,11.9782,11.9202,11.6842,11.3022,11.7732,13.0962,13.4782,13.8022,15.5082,15.1842,12.2732,10.3902,9.97824,9.92024,9.74324,9.74324,10.4202,10.6252,10.2142,9.89024,9.15524,7.65524
CO2_TUG_BCT2,2021-09-29,2428,False,11,0.74246,1.97746,2.80046,4.00646,5.15346,7.09546,10.5065,13.0955,16.5955,20.9775,22.2425,20.7125,17.1535,11.1835,7.88946,7.41846,8.33046,10.2125,11.1535,11.2425,11.0065,10.5365,10.3305,10.4475,10.2125,9.00646,8.09546,7.56546,7.56546,8.00646,8.15346,7.50646,6.33046,5.91846,4.65346,2.09546,2.41846,4.83046,4.35946,3.38946,3.00646,2.71246,3.88946,6.65346,7.83046,7.53646,7.41846,8.27146,9.68346,9.56546
CO2_TUG_BCT2,2021-09-29,2433,False,1,15.4716,16.0006,16.5296,17.2946,16.4716,14.6476,15.3826,20.5296,43.0006,81.0596,97.0886,93.9416,85.8536,73.5596,66.4126,63.8826,59.0886,51.1766,42.8536,32.5596,27.5886,26.7356,26.1186,24.6476,21.7946,19.7066,19.3246,19.6476,19.1766,17.7946,17.0886,16.8536,15.6766,13.3536,12.4126,12.6766,12.6186,13.1186,15.4716,16.6476,15.4126,12.5886,11.1766,11.0006,10.8826,9.94158,8.02958,6.79458,5.73558,4.44158
CO2_TUG_BCT2,2021-09-29,2434,False,9,3.74012,6.82812,11.0341,14.4161,17.7691,18.4161,17.6811,19.7691,24.5631,31.7981,35.2401,34.9751,33.5931,33.0631,32.9751,32.0931,30.0631,25.7691,21.2691,17.5631,13.3281,12.5931,14.9161,15.8871,16.0041,15.9751,15.2101,14.2981,13.2691,12.4451,10.9751,9.09312,9.91612,12.8571,13.3281,12.8571,12.7691,12.6811,11.9751,10.3871,8.29812,5.62212,4.79812,5.79812,7.74012,8.82812,8.71012,7.53412,6.82812,6.50412
CO2_TUG_BCT2,2021-09-29,2435,False,5,3.80106,3.56606,3.03606,3.03606,5.06606,6.83006,14.7721,33.8301,54.2131,77.5661,85.0661,74.4781,59.4191,51.0071,44.3891,38.1251,34.5951,32.1831,32.3891,33.4191,30.4481,25.3891,18.3011,13.6251,10.8891,7.53606,6.09506,6.12506,6.06606,7.30106,10.3301,12.1831,12.3601,11.8301,10.9191,9.71306,9.36006,8.65406,7.50706,7.86006,7.50706,5.83006,5.80106,7.33006,7.71306,6.97806,6.24206,6.88906,7.03606,6.18306
CO2_TUG_BCT2,2021-09-29,2436,False,10,8.9806,15.4516,20.1576,19.7746,16.0106,13.1866,12.4806,15.2746,18.6576,22.2456,24.0686,23.0106,19.9516,19.7746,18.7746,15.0106,11.9516,9.3636,8.2156,8.2456,8.2456,7.5396,7.0106,6.3926,6.1576,7.7156,8.0986,6.6576,4.7156,3.2156,4.5986,5.4516,3.9806,1.5396,1.5106,3.5686,3.5986,1.6276,1.0396,2.0686,3.9806,4.8336,4.2456,2.8336,2.1276,2.0396,2.0396,2.1276,2.8336,4.0686
CO2_TUG_BCT2,2021-09-29,2437,False,26,8.44512,9.26912,10.7391,12.0041,11.5631,11.2101,11.5041,11.2981,12.0331,15.4161,16.2981,14.4451,13.5331,11.9751,8.59212,6.21012,5.76912,8.06312,9.21012,9.18112,9.97512,9.44512,7.18112,6.00412,5.85712,5.76912,5.12212,4.18112,4.32812,4.00412,2.73912,2.71012,3.79812,4.12212,4.53312,4.73912,3.09212,2.00412,1.91612,2.41612,3.59212,4.44512,4.12212,3.44512,4.12212,4.50412,4.09212,3.65112,3.38612,3.71012
CO2_TUG_BCT2,2021-09-29,2443,False,4,2.18052,1.53352,1.32752,1.70952,1.32752,1.62152,3.65052,10.5335,27.5625,45.0335,50.2685,47.0335,42.8275,37.9445,30.5925,25.6505,20.9745,16.0035,13.6215,11.9745,9.91552,9.41552,10.1805,10.1215,8.76852,7.38652,7.12152,7.76852,8.44452,8.47452,7.88652,6.53352,4.62152,4.41552,4.88652,4.70952,3.47452,2.32752,1.44452,2.15052,4.44452,5.65052,5.91552,5.44452,3.82752,3.15052,3.35652,2.59252,1.68052,3.26852
CO2_TUG_BCT2,2021-09-29,2449,False,10,4.17954,4.85654,4.85654,4.29754,4.06254,6.26854,12.2385,24.6205,35.7385,40.0625,41.3265,41.0625,39.4735,38.2975,37.8565,36.8855,34.9735,33.7975,33.0915,32.0325,31.0625,31.9735,32.4155,30.8855,28.4445,28.4155,30.4735,30.2685,26.4155,21.7685,18.3265,13.4155,8.32654,6.97354,8.00354,7.73854,7.12054,9.23854,10.7975,11.4735,12.6205,14.7385,17.9735,18.4445,14.8855,10.3565,9.47354,9.70954,6.41554,4.23854
CO2_TUG_BCT2,2021-09-29,2450,False,4,6.06076,5.88476,6.82576,7.47276,7.47276,6.88476,6.41376,7.88476,11.0898,15.8258,17.5018,16.6198,16.2078,14.7958,10.8258,7.06076,5.70776,5.58976,5.82576,6.29576,6.44276,5.85476,5.14876,5.94276,7.26676,8.79576,9.58976,8.97276,7.00176,7.06076,9.50176,10.9428,9.67876,6.38476,4.53176,4.08976,4.20776,3.67876,3.47276,5.82576,7.35476,7.56076,7.53176,7.29576,6.88476,7.00176,6.97276,5.79576,6.79576,10.3258
CO2_TUG_BCT2,2021-09-29,2453,False,12,10.4151,13.0921,15.6211,18.1211,18.6801,19.0631,20.1801,20.6511,22.3861,25.9151,26.2391,23.8861,23.5041,22.6801,19.2391,15.5921,13.3271,11.4151,11.4451,13.4451,14.7981,14.7101,14.0331,14.0331,14.2101,14.1211,13.2101,11.5631,10.7391,8.18012,3.73912,3.35712,4.88612,6.50412,7.68012,8.71012,9.23912,9.59212,9.12112,6.76812,5.41512,5.12112,4.29812,3.35712,4.41512,6.09212,7.38612,6.71012,4.47412,1.35712
CO2_TUG_BCT2,2021-09-29,2454,False,4,3.85418,3.14818,2.85418,2.58918,2.11918,1.88318,4.06018,28.7952,120.795,246.678,264.178,185.795,122.53,69.5892,37.4132,27.7362,22.5892,17.6192,13.6782,9.17818,6.58918,5.38318,5.06018,6.20718,8.79518,10.5012,11.3542,12.1782,11.3832,8.38318,5.64818,3.76618,2.50118,3.64818,4.44218,4.20718,4.61918,5.53018,5.23618,4.35418,3.11918,2.08918,1.08918,-0.23382,0.00118,1.79518,2.82518,3.50118,3.73618,2.17818
CO2_TUG_BCT2,2021-09-29,2455,False,6,1.7107,2.9457,3.3287,3.3577,5.2697,9.5927,12.6817,15.0637,16.6227,17.9167,18.4167,15.7987,13.8287,13.2107,13.5927,14.2697,13.6817,13.9167,15.0047,14.5637,14.2107,14.5927,14.8867,15.3867,16.0337,14.1517,9.5047,6.8867,4.4757,0.3867,-0.5243,1.7987,3.4167,3.5337,2.8577,2.0927,1.3577,0.4167,0.1817,0.5927,0.9457,1.8287,3.0047,2.5927,2.4757,3.4757,5.0047,6.4757,5.6517,3.9167
CO2_TUG_BCT2,2021-09-29,2459,False,2,6.33476,5.86476,4.89376,3.80576,4.01176,5.33476,6.07076,7.80576,11.9528,15.1298,17.0408,16.6588,14.9238,12.3648,10.2468,8.21776,7.33476,7.68776,8.62976,9.15876,9.68776,10.4828,9.74676,7.21776,5.71776,6.42376,8.04076,8.01176,9.09976,12.1588,12.6588,10.7468,9.86476,8.59976,6.27676,5.89376,6.89376,8.33476,8.71776,7.62976,5.86476,4.24676,2.74676,2.89376,4.42376,6.80576,7.65876,6.62976,5.09976,5.30576
CO2_TUG_BCT2,2021-09-29,2462,False,5,6.18424,5.74324,5.47824,5.68424,5.77324,6.27324,8.12524,10.6842,14.1842,16.4202,17.0962,15.8902,14.7732,13.9492,13.2432,12.9782,12.8902,12.3612,10.9492,9.53724,8.97824,8.68424,8.09624,6.92024,5.15524,5.42024,7.89024,9.47824,9.53724,9.80224,11.5372,11.4782,9.30224,8.42024,9.21424,10.4202,11.1252,11.4202,11.0372,9.65524,7.33124,6.56724,6.89024,6.44924,6.18424,5.89024,4.92024,5.89024,8.92024,9.27324
CO2_TUG_BCT2,2021-09-29,2468,False,29,2.35948,2.32948,3.71248,4.82948,5.38848,5.00648,7.06548,22.5355,52.5655,75.4765,93.2125,89.1825,57.5655,26.4185,12.7715,6.62348,4.65348,5.74148,8.24148,10.5655,14.2415,18.5065,20.2415,18.8005,14.5945,10.8595,7.27148,5.35948,4.44748,3.74148,3.53548,3.97648,5.00648,6.18248,7.59448,7.74148,6.18248,4.32948,3.77148,3.91848,3.74148,4.00648,4.88848,5.27148,6.03548,7.97648,7.85948,6.35948,7.21248,7.50648
CO2_TUG_BCT2,2021-09-29,2469,False,9,2.21658,2.27558,2.89258,5.01058,7.95158,10.1286,12.0696,12.5106,12.8636,15.3046,15.5986,12.7456,10.1876,9.56958,9.86358,9.56958,9.59858,11.6286,12.1286,9.95158,7.12858,4.21658,0.51058,0.06958,2.89258,4.65758,4.09858,2.01058,0.65758,0.77558,1.59858,1.36358,0.01058,-0.66542,-0.51842,0.06958,1.21658,2.89258,3.30458,2.68758,1.48158,0.71658,1.83458,4.56958,5.59858,5.54058,6.42258,6.77558,7.33458,9.36358
CO2_TUG_BCT2,2021-09-30,0,False,4,4.106,3.9,4.165,4.606,5.195,6.489,10.753,17.371,22.342,26.459,27.312,24.518,19.136,15.4,12.959,12.283,12.43,11.518,8.842,6.753,5.283,5.4,6.253,5.342,4.812,5.636,6.871,7.842,8.871,9.489,9.312,8.224,8.136,8.518,7.371,6.753,7.136,7.636,8.371,8.989,8.636,7.959,8.665,9.283,9.342,8.989,7.577,5.489,4.871,6.165
CO2_TUG_BCT2,2021-09-30,4,False,3,5.00118,4.47218,3.56018,3.32518,3.76618,4.23618,4.73618,5.88318,12.9722,25.6772,29.1772,27.9722,27.3252,27.5602,28.4722,28.6772,26.5602,21.8542,18.8252,18.1482,17.1482,14.5602,13.1772,12.9422,12.3542,10.4722,8.14818,7.44218,8.26618,9.32518,8.88318,7.00118,5.67718,5.32518,6.23618,6.67718,6.53018,6.79518,7.23618,7.64818,7.11918,5.26618,3.64818,3.26618,3.20718,2.64818,3.38318,5.70718,6.94218,6.14818
CO2_TUG_BCT2,2021-09-30,5,False,14,11.2964,11.1494,11.9724,13.3554,12.7664,12.7374,13.0904,11.5024,12.5614,16.8844,17.6194,14.8554,13.5024,12.1494,9.59036,8.59036,8.17836,7.35536,7.59036,8.94336,9.59036,9.26636,8.79636,9.23736,9.41336,8.94336,8.14936,6.47236,4.73736,5.23736,8.20836,10.7374,11.1194,10.1784,9.06136,8.06136,8.23736,8.09036,6.73736,5.29636,4.53136,4.11936,4.59036,4.56136,1.73736,0.03136,0.26636,1.23736,1.94336,2.44336
CO2_TUG_BCT2,2021-09-30,8,False,5,6.0984,4.8334,4.4214,3.2744,2.9514,4.2744,7.0684,13.4514,24.6864,32.0684,34.3924,30.4514,26.0394,20.9514,15.7454,13.4514,12.7744,12.5984,11.6274,9.0094,7.3624,6.4804,5.7454,5.2454,4.6564,3.8924,3.8624,5.9804,7.1864,6.4214,4.6274,4.3924,5.6864,6.3044,5.6864,4.2454,3.3924,3.5394,4.5684,4.0684,1.8924,1.5684,4.0094,7.0094,7.7744,6.7454,5.6864,4.4514,2.6564,2.5684
CO2_TUG_BCT2,2021-09-30,9,False,4,4.53194,4.17894,4.38494,4.35594,3.94394,4.12094,5.97394,9.53194,14.9149,22.6209,25.6499,25.4439,24.7089,22.6789,18.1789,14.0619,11.9149,11.2969,13.2089,14.7379,15.4149,15.7679,15.3259,13.7379,13.1499,12.7969,10.8849,9.53194,8.91494,8.76794,9.44394,10.8559,11.4739,10.8559,9.41494,8.47394,8.09094,9.06194,10.2089,8.41494,7.76794,9.91494,12.5029,13.5319,13.5319,12.3559,8.59094,3.94394,2.41494,3.00294
CO2_TUG_BCT2,2021-09-30,10,False,11,2.61976,4.53176,8.79576,11.3848,12.5908,13.0608,13.1198,13.0318,12.5018,12.5018,14.4438,14.3548,11.6488,9.76676,8.64876,8.20776,8.26676,7.79576,6.17876,5.50176,5.88476,6.35476,6.85476,7.06076,6.88476,6.64876,6.76676,6.03176,4.20776,3.50176,3.85476,4.11976,4.32576,4.32576,3.53176,2.38476,0.88476,0.00176,-0.08624,0.76676,2.38476,4.79576,5.82576,4.79576,2.47276,1.61976,2.64876,4.38476,5.79576,7.06076
CO2_TUG_BCT2,2021-09-30,11,False,8,13.4751,13.1801,11.5921,11.1511,12.0041,12.7691,13.7691,15.0041,16.0041,17.2391,18.1221,17.9451,16.9451,15.6801,13.5041,11.4451,11.1221,11.9751,12.4451,12.5041,12.4161,11.7101,10.2981,9.76912,11.0331,13.3861,13.9161,14.0921,14.9451,15.1511,14.5041,13.7391,13.1221,13.0921,14.4161,14.5921,13.2981,12.5331,11.8861,10.2391,8.29812,7.06312,6.00412,5.29812,4.76912,4.65112,5.56312,7.29812,7.15112,5.62212
CO2_TUG_BCT2,2021-09-30,17,False,19,10.6889,10.1309,10.2779,10.8069,11.5129,12.5419,13.6309,15.8069,18.6309,19.8659,20.0129,19.9839,19.7479,19.1009,17.5419,15.3949,15.3949,16.0719,17.3369,19.5719,19.8069,18.2189,18.3069,19.3659,18.2779,18.0419,20.0129,22.0719,22.3949,21.6309,21.7479,22.1599,20.8949,19.3949,18.3369,18.3659,17.1009,13.9249,12.7479,13.4839,13.9539,14.0719,14.5419,15.5419,16.4839,17.3069,16.5419,15.1889,16.4539,16.6009
CO2_TUG_BCT2,2021-09-30,18,False,2,4.794,4,4.265,5.794,5.559,5,5.441,11.383,33.5,64.677,75.206,64.677,48.471,39.883,35.736,33.853,33.177,33,33.412,34.118,33.736,30.5,24.03,18.412,13.088,11.03,11.353,11.853,11.441,11.5,12.265,11.765,9.706,8.5,9.794,13.088,14.941,15.383,15.177,15.059,14.324,12.324,12.118,13.824,14.5,13.912,12.941,10.647,7.088,6.383
CO2_TUG_BCT2,2021-09-30,20,False,24,13.7946,14.0596,14.1476,14.5006,14.0006,12.3826,11.3536,12.2656,15.0596,17.1476,17.5296,16.9416,15.3536,12.9716,12.3536,11.7066,11.2946,13.6476,13.5006,10.0886,9.02958,9.73558,8.76558,7.73558,7.38258,7.52958,7.02958,5.64758,5.00058,5.38258,6.35358,6.85358,5.73558,2.79458,2.11858,3.73558,4.14758,2.85358,1.35358,0.23558,-0.29342,0.91258,2.00058,2.50058,2.05958,0.91258,0.76558,1.70658,3.85358,5.88258
CO2_TUG_BCT2,2021-09-30,21,False,15,15.9457,14.3867,13.3577,13.5047,15.4167,16.9457,18.9757,22.5047,27.7107,35.3277,38.3867,37.4457,36.7397,36.5337,35.5927,33.6517,32.2397,31.2697,31.3277,31.2697,29.1227,27.4457,25.8577,23.6227,21.7107,19.8277,19.7697,21.0637,20.9757,19.9757,18.9757,19.1517,19.0637,18.1807,17.6517,17.1227,16.1517,15.5927,16.2397,18.2397,18.4457,16.7697,16.1807,16.0637,14.8867,15.8867,19.5337,21.4167,21.6517,21.7397
CO2_TUG_BCT2,2021-09-30,23,False,20,14.2339,15.0869,15.6459,14.9109,13.9989,15.7629,17.9689,19.9399,20.2929,19.9399,20.8809,19.9399,16.9989,16.6159,17.7929,19.3219,20.2339,20.5579,20.3219,20.1749,20.6159,21.5279,21.7629,21.0579,18.4109,13.2049,9.99888,9.88088,10.7629,10.5279,10.1459,9.93988,8.93988,7.99888,9.70488,11.3519,11.7629,10.7049,9.11588,7.17488,6.43988,6.55788,6.23388,5.08688,1.76288,-2.56012,-3.35412,-1.23612,-0.05312,0.11288
CO2_TUG_BCT2,2021-09-30,29,False,8,16.0686,16.3336,16.7746,17.1866,16.8636,16.6576,18.1866,18.5106,18.1866,20.0396,21.0986,20.8636,20.8636,19.8926,16.7456,16.0686,17.9516,18.6866,18.8336,19.3046,19.5986,18.6866,16.1576,15.2456,16.0396,16.7156,17.0106,16.7156,16.1576,16.1276,17.4806,17.8926,17.0106,16.1866,16.1276,17.4216,17.4516,16.3926,16.7746,16.6576,15.3636,14.8336,14.7456,14.0106,13.4806,14.1276,16.1276,16.3336,14.6276,13.7746
CO2_TUG_BCT2,2021-09-30,31,False,10,4.14936,5.23736,7.03136,7.29636,6.23736,6.50236,10.6494,19.2664,27.7964,36.2964,37.8544,34.5024,29.6194,28.0904,28.7664,27.4134,21.5604,16.7374,13.0314,11.5024,12.2374,13.9434,13.4724,10.7374,9.06036,8.17836,7.61936,8.29636,8.73736,6.14936,4.41336,4.17836,4.11936,3.64936,2.70736,2.44336,4.03136,7.20736,7.91336,6.35436,6.35436,8.11936,9.17836,10.1494,11.3254,10.8844,10.5314,10.9724,11.5024,11.0604
CO2_TUG_BCT2,2021-09-30,32,False,11,1.35534,2.12034,3.20834,4.32634,5.62034,8.03234,10.6493,12.0613,13.8263,16.2963,16.5613,14.6793,12.5913,10.3553,9.62034,9.70834,11.1493,14.5613,15.4733,13.7383,12.0613,10.2963,9.12034,8.91434,9.82634,11.6493,12.1203,11.3853,11.6493,13.2383,14.3853,14.2383,11.9143,7.82634,5.20834,3.64934,3.59134,4.44334,4.38534,5.23834,6.59134,5.20834,4.20834,4.59134,5.38534,5.64934,4.00234,2.79634,1.70834,0.00234
CO2_TUG_BCT2,2021-09-30,34,False,25,8.794,6.794,6.558,9.441,12.735,14.029,14.147,14.058,14.764,16.764,17,15.5,14.97,14.617,13.735,13.588,14.705,16.264,16.352,15.5,15.588,14.794,12.529,11.558,11.647,11.47,11.735,12.705,13.588,14.117,13.735,13.852,13.794,11.676,10.352,10.323,11.47,13.588,14.382,14.941,15.852,15.617,15.235,15.147,14.941,14.705,14.911,14.764,13.382,11.441
CO2_TUG_BCT2,2021-09-30,36,False,5,2.73678,4.44278,5.58978,4.91278,3.73678,4.32478,6.61878,14.7078,28.2078,37.0308,42.5598,41.9718,36.6488,34.7078,30.7658,20.5308,12.5018,9.85478,9.05978,8.23678,7.73678,8.88378,9.41278,8.35478,6.97178,8.35478,12.3548,13.2958,11.2078,10.1188,10.5598,11.0308,9.76578,8.20778,6.73678,6.50178,7.35478,7.82478,7.85478,7.61878,7.08978,6.38378,5.53078,5.91278,7.03078,6.61878,6.50178,7.35478,7.79578,7.61878
CO2_TUG_BCT2,2021-09-30,37,False,3,-0.35124,1.29576,4.58976,6.14876,5.64876,4.41376,6.20776,17.6488,36.5898,46.4138,48.8548,45.5898,37.4718,33.6188,32.6188,31.2368,30.2958,28.3248,24.5308,22.5018,22.5018,23.5608,23.2078,20.7078,18.4718,18.5898,20.1778,19.4428,16.0308,13.8838,13.1778,12.4428,11.7368,11.4718,11.5608,12.4718,14.1188,14.4138,12.8838,10.0308,8.58976,8.17776,7.67776,7.20776,6.70776,6.58976,7.50176,9.38376,10.2368,9.64876
CO2_TUG_BCT2,2021-09-30,38,False,10,0.235,0.117,4.647,11.588,17.088,20.97,19.705,19.117,21.47,24.647,28.088,28.029,25,19.882,15.264,10.97,9.853,8.823,5.853,4,3.823,4.411,5.882,8.735,10.853,11.294,9.941,7.205,6.5,7.588,7.235,5.911,6.617,7.411,7.529,7.5,7.264,6.705,5.794,4.588,4.382,4.676,4.47,3.411,3.676,5.5,6.558,6.205,4.617,4.117
CO2_TUG_BCT2,2021-09-30,39,False,3,4.06506,3.83006,2.80106,3.30106,5.56506,7.33006,12.1831,22.3601,32.8601,43.0951,43.8301,40.3601,36.4771,32.6831,28.0071,25.4181,24.8301,24.0951,22.6831,21.9771,21.8301,21.3011,19.8891,18.5071,18.1831,18.3601,17.9481,16.3301,13.5361,12.7421,14.6831,17.4181,18.0071,17.2131,17.3891,17.3011,16.3011,14.8301,12.4181,10.5361,9.94806,9.88906,9.88906,9.88906,9.71306,8.44806,6.80106,7.62406,7.80106,7.00706
CO2_TUG_BCT2,2021-09-30,40,False,11,12.412,12.206,7.677,4.618,2.912,2.442,4.471,10.118,15.794,18.147,18.677,17.412,13.912,11.118,10.471,10.853,11.059,10.853,10.294,9.412,8.442,8.589,8.442,8.5,10.442,10.353,7.765,6.736,6.794,5.912,5.794,7.118,8.442,8.265,6.736,4.736,2.765,3.059,2.706,2.353,5.618,7.559,7.353,6.824,5.853,4.794,5.147,6.265,5.736,4.677
CO2_TUG_BCT2,2021-09-30,41,False,2,3.9416,3.9416,3.0586,2.7056,3.3826,3.6176,1.4416,2.0886,10.8236,24.1766,28.1176,23.9116,19.2946,13.5886,9.2056,8.4706,9.6176,9.3536,7.3236,5.9416,5.8536,6.5296,7.2946,8.0296,9.0296,9.7356,10.2646,10.2946,8.6766,5.3826,3.6176,2.4706,0.7056,0.7056,2.4706,3.5006,4.2356,4.9416,4.2356,3.6176,3.4116,2.5886,1.6476,2.5006,2.6176,1.3236,0.5886,0.2646,-0.0294,0.9416
CO2_TUG_BCT2,2021-09-30,42,False,11,5.26618,7.26618,13.2072,16.8842,17.9422,16.1782,12.4722,12.4422,16.6192,23.7952,27.2372,26.9722,25.4422,23.8252,22.0902,21.5602,21.0902,19.2372,16.9722,16.6782,18.0602,19.2372,18.8542,15.8252,14.2372,14.2372,14.0602,14.3252,15.2372,15.7372,16.0312,16.3842,15.5312,12.5012,9.23718,8.17818,8.38418,7.70718,6.09018,5.67818,6.11918,5.91318,4.11918,3.70718,4.97218,5.50118,4.17818,1.64818,2.53118,6.59018
CO2_TUG_BCT2,2021-09-30,43,False,6,7.47628,6.77028,6.44628,7.32928,9.06428,8.82928,6.77028,7.03528,9.94628,11.7993,12.0053,11.7993,12.0053,11.9763,11.5643,11.4763,11.2113,10.0643,9.56428,9.47628,8.77028,8.32928,8.29928,8.41728,7.94628,6.24128,4.91728,4.32928,4.88828,6.00528,7.44628,7.82928,6.74128,5.12328,4.65228,5.27028,6.15228,7.82928,10.6823,11.7993,9.62328,5.06428,3.91728,6.21128,7.82928,7.97628,7.56428,7.50528,7.47628,6.68228
CO2_TUG_BCT2,2021-09-30,51,False,8,0.17894,0.79694,1.97294,4.09094,7.44394,9.35594,11.7379,16.4439,19.6499,21.5619,23.6209,21.9439,16.2089,12.7379,10.7379,7.88494,6.53194,6.82594,7.70894,7.64994,6.29694,4.88494,4.44394,5.09094,6.56194,7.73794,8.79694,9.44394,9.50294,8.85594,8.88494,9.76794,10.1499,9.50294,8.14994,7.85594,8.23794,7.70894,6.76794,5.29694,3.97294,4.14994,5.41494,5.44394,4.35594,4.09094,4.00294,3.56194,3.44394,4.35594
CO2_TUG_BCT2,2021-09-30,52,False,26,9.70836,10.0904,10.3264,10.3554,10.3554,10.2674,9.56136,8.29636,8.76736,11.0024,11.8844,11.0904,9.97336,9.94336,10.8264,11.2084,10.5614,9.14936,8.47336,8.62036,9.09036,9.32636,9.41436,9.91436,11.0904,11.9434,11.6204,10.9434,11.5614,11.4734,10.1794,9.73736,10.3554,10.9144,10.1494,9.00236,10.1494,10.9434,10.5614,9.97336,9.94336,11.3264,12.0614,12.4144,13.5904,14.3264,14.8844,15.8264,16.2964,16.2964
CO2_TUG_BCT2,2021-09-30,53,False,11,5.8783,8.1133,11.8783,17.7603,21.4373,22.9663,22.5543,22.5843,24.6133,27.4073,28.4073,28.0253,27.3193,26.3483,25.9073,25.9373,25.2313,22.9373,20.3783,17.4373,16.1433,15.4953,13.7903,12.4073,11.3483,10.7013,9.2313,6.3483,4.5843,4.4073,5.8783,7.1133,7.2313,5.8783,5.4663,6.2903,6.6133,5.4953,3.1723,2.3483,3.6133,5.5843,5.3783,3.2313,2.7903,4.2903,5.3483,4.8483,3.9373,4.8193
CO2_TUG_BCT2,2021-09-30,54,False,5,4.56488,4.00588,4.56488,3.94688,3.94688,4.56488,4.65288,10.3879,23.5349,33.5349,38.0939,32.7409,27.1819,24.0059,23.0349,22.8289,22.1529,21.2999,19.8589,17.5059,16.5939,17.1529,17.5059,14.9469,9.44688,7.65288,9.88788,12.2119,12.7119,11.6239,9.94688,8.97688,8.35888,7.71188,7.21188,7.59388,7.32888,6.21188,6.03488,6.65288,7.53488,7.29988,5.94688,5.38788,6.35888,7.77088,7.06488,6.27088,6.15288,6.12388
CO2_TUG_BCT2,2021-09-30,55,False,27,10.8034,9.9214,9.7744,10.8624,11.8334,12.3624,12.8034,12.6564,12.4514,13.3624,13.6864,12.5984,10.9804,10.4804,10.8924,11.3924,12.1274,12.8334,12.9214,11.5394,8.8034,8.0984,9.3624,10.3924,11.6564,13.1274,12.5684,10.7744,11.3034,12.5394,13.5094,13.3924,12.9804,14.1274,14.5684,12.8034,9.6864,7.7744,6.6864,6.5684,7.9214,10.0394,10.9804,10.8624,10.2154,8.5684,5.7744,4.8334,5.5984,6.0984
CO2_TUG_BCT2,2021-09-30,56,False,11,2.852,5.941,9.382,11.852,14.323,15.205,14.411,13.323,13.529,14.882,15.294,13.029,8.323,5.941,5.411,5.058,5.705,7.088,7.058,6.47,5.911,5.382,4.411,3.382,3.911,5.029,3.941,3.617,4.97,6.294,7.088,6.294,4.882,2.676,0.676,0.823,2.647,3.705,3.352,1.676,0.588,0.47,1.205,1.882,2.441,2.882,3.147,2.941,2.911,2.882
CO2_TUG_BCT2,2021-09-30,59,False,4,10.7078,10.4138,10.9438,12.8848,14.7668,16.9138,19.6788,27.3258,39.1498,46.2378,46.8848,39.5018,32.5018,26.6198,22.9138,19.2968,15.4728,13.5318,12.8848,13.4438,14.5608,16.0318,16.6788,16.2968,15.2668,14.0318,12.0908,10.4138,9.61976,9.23776,9.91376,10.1198,7.26676,6.91376,9.70776,10.8258,10.3258,9.29676,8.47276,8.41376,9.97276,12.0318,14.2668,13.7378,11.5318,12.4438,13.4438,13.6198,14.2078,13.7078
CO2_TUG_BCT2,2021-09-30,62,False,12,10.2964,8.26636,8.67836,11.3554,12.0314,11.6194,11.7964,13.0314,14.1784,15.2374,15.7964,15.1494,13.1494,12.9134,14.4134,14.7374,13.4434,11.0904,10.1194,10.2084,10.0314,10.2964,11.1784,11.4134,11.0024,10.5614,9.00236,6.64936,7.00236,8.59036,9.88436,9.38436,8.56136,7.97236,7.47236,6.73736,6.09036,6.17836,6.14936,4.76636,4.11936,4.47236,4.67836,4.47236,3.85536,2.61936,1.64936,3.20836,3.76636,2.44336
CO2_TUG_BCT2,2021-09-30,66,False,16,6.8826,6.8826,6.6766,6.4116,5.8526,4.9116,3.4706,3.0886,5.5886,10.5886,11.7056,8.7356,6.3526,5.4706,5.0006,5.2946,6.6766,7.9706,7.5006,5.2056,3.3826,3.2646,4.1766,4.7646,4.3526,2.7356,2.0886,2.6766,3.3526,3.3826,3.0006,3.2356,4.1476,4.5586,4.0886,2.6766,1.1766,-0.0584,-1.3824,-0.9994,0.5586,0.3526,0.0006,0.1476,-0.0294,0.2356,1.1476,1.6176,1.6766,1.6176
CO2_TUG_BCT2,2021-09-30,67,False,24,9.53,8,8.912,12.324,13.794,14.471,17.03,20.853,23.03,24.235,25.03,24.853,22.882,21.147,20.294,20.647,18.559,13.941,13.206,15.441,18.647,18.735,16.353,15.882,14.5,10.765,8.324,6.441,4.647,4.5,5.118,4.5,4.588,5.882,6.324,5.706,5.147,5.971,7.588,7.324,6.53,5.971,5.794,6.235,7.118,7.03,5.441,3.706,4.118,6.265
CO2_TUG_BCT2,2021-09-30,71,False,7,1.47394,1.00294,0.41494,0.53294,2.32694,6.79794,10.8859,13.3559,17.9739,24.7089,27.1509,25.7389,21.8269,14.4449,9.03294,7.41494,6.79794,5.82694,5.12094,4.56194,4.26794,5.17994,7.56194,7.29794,4.23894,3.15094,4.59194,6.38594,6.50294,5.65094,5.82694,5.73894,4.82694,4.12094,3.59194,3.35594,3.41494,4.12094,5.47394,5.70894,4.79794,4.03294,4.44494,6.73894,7.65094,7.12094,7.03294,6.50294,5.03294,3.56194
CO2_TUG_BCT2,2021-09-30,72,False,12,5.282,5.811,6.576,8.017,9.458,10.223,10.605,9.87,9.193,11.223,11.899,9.752,7.135,5.782,4.488,2.899,2.635,3.458,3.811,4.341,6.164,8.488,11.311,11.782,10.076,9.105,8.723,8.017,7.282,6.782,6.282,6.076,6.282,6.693,6.517,6.076,6.752,8.811,12.017,12.429,9.811,7.811,7.929,8.105,5.899,5.546,7.693,8.782,8.223,6.782
CO2_TUG_BCT2,2021-09-30,73,False,2,4.59446,4.91846,5.65346,7.09446,8.03546,8.59446,13.4185,50.1535,132.271,230.8,312.094,254.594,184.624,142.683,119.977,101.3,71.8885,50.5945,32.3595,19.7415,14.8885,12.2715,11.9775,14.6535,18.3595,20.9185,21.0945,16.8595,14.2125,13.8005,13.3305,12.3885,11.8885,11.6835,11.9185,13.1835,14.5655,15.9775,15.9475,14.3885,13.3305,13.9185,15.5355,15.8885,14.8305,12.9185,11.9475,11.5945,11.2415,11.8005
CO2_TUG_BCT2,2021-09-30,74,False,22,3.05958,3.70658,2.88258,1.91258,3.08858,6.55958,8.73558,9.64758,10.6766,11.5596,12.0886,11.5886,10.7946,9.08858,6.64758,6.61858,8.70658,9.00058,7.73558,7.70658,7.64758,5.82358,2.88258,2.38258,4.05958,4.70658,3.88258,2.67658,2.02958,2.20658,3.41258,4.32358,4.91258,5.26558,4.82358,3.17658,2.35358,2.94158,4.41258,5.58858,6.55958,6.58858,5.94158,5.97158,6.47158,7.67658,9.26558,9.52958,8.70658,8.50058
CO2_TUG_BCT2,2021-09-30,75,False,11,9.09036,9.20836,9.61936,9.47236,9.26736,10.1784,10.5904,10.1784,9.79636,10.0024,11.0024,10.3254,8.06136,7.56136,7.61936,7.29636,7.67836,8.35536,7.53136,6.11936,5.32536,6.73736,7.79636,7.94336,7.85536,7.14936,5.76736,5.29636,5.61936,5.56136,6.06136,8.23736,8.35536,7.11936,8.47236,9.23736,8.35536,6.97236,5.26736,4.79636,5.09036,6.53136,9.20836,9.44336,7.23736,5.79636,4.94336,4.32536,4.61936,5.00236
CO2_TUG_BCT2,2021-09-30,77,False,12,2.4416,3.7066,5.2646,6.9126,8.5296,10.2646,10.7066,10.4416,10.6476,11.7646,11.8826,10.3236,8.4416,7.6766,7.6476,7.9416,7.4706,5.0886,3.5006,2.9126,3.0886,3.5296,3.1176,3.1766,4.0596,4.5296,4.5886,4.6766,5.1766,4.9416,2.2356,-0.0294,-0.2354,2.5006,3.5596,2.4416,2.1176,2.2646,1.3536,0.9416,1.3236,1.6476,2.3826,3.6766,3.5596,2.7066,3.5596,3.6766,2.3826,1.6476
CO2_TUG_BCT2,2021-09-30,87,False,7,1.09976,0.98276,1.01176,2.33576,2.51176,1.24776,1.65876,9.09976,23.9528,34.6298,40.2178,37.2178,31.1298,24.2478,21.9238,23.6298,25.0118,25.1298,24.6888,24.2478,22.5708,19.3358,18.0418,17.8358,16.5118,16.3058,17.3648,17.5708,17.1888,16.6888,16.3358,15.3648,13.3058,10.9528,8.01176,6.51176,5.62976,4.24776,3.57076,2.30576,-0.57624,-0.87024,1.04176,1.07076,0.77676,1.15876,1.33576,0.89476,0.01176,0.01176
CO2_TUG_BCT2,2021-09-30,91,False,7,4.117,5.353,5.97,6.765,6.147,4.559,5,7.206,10.706,13.176,14.323,13.323,11.941,10.176,8.323,7.794,8.059,7.412,6.029,6,6.206,6.5,7.765,9.147,10.412,9.412,7.147,8.029,8.676,7.441,5.941,4.706,3.265,2.882,3.97,5.529,5.647,5.029,5.706,6.088,5.676,5.206,4.706,4.47,4.412,4.176,3.765,4,4.912,5.382
CO2_TUG_BCT2,2021-09-30,97,False,16,14.9439,15.3269,15.8269,16.5619,19.1799,23.7679,26.8559,29.0029,30.0029,30.5909,31.3269,30.0329,25.8559,22.4439,22.2379,23.7969,23.1499,20.4439,19.7969,20.3859,20.2089,18.3269,17.2089,17.0619,16.8859,15.4739,12.6499,11.3559,12.1209,13.9739,14.6499,14.0619,13.2379,12.0329,9.97394,8.00294,6.70894,7.94394,9.44394,10.5909,11.3559,10.9439,8.59094,7.17994,6.53294,5.56194,5.06194,6.17994,9.17994,10.3269
CO2_TUG_BCT2,2021-09-30,98,False,22,9.38652,9.15052,9.09152,10.2395,12.7095,14.8275,16.8865,18.0915,18.9155,19.6505,20.0035,19.3275,17.2395,16.3275,16.7395,17.6805,19.1215,19.6505,18.2975,15.2395,13.3275,12.6805,12.2395,12.3865,12.5915,11.6505,10.8565,9.59152,7.23952,6.06252,5.94452,6.09152,5.85652,4.76852,4.79752,6.12152,6.94452,7.97452,9.79752,10.2095,8.91552,7.53352,7.12152,6.59152,4.88652,3.50352,2.53352,2.68052,3.32752,2.62152
CO2_TUG_BCT2,2021-09-30,99,False,21,12.2119,11.3589,7.85888,3.71188,2.85888,5.71188,9.77088,11.9769,13.2999,15.0349,16.7409,15.5939,12.9469,9.47688,7.62388,7.18188,7.41788,7.53488,6.85888,5.62388,6.32888,9.06488,10.4769,10.6529,10.6239,10.4179,10.1819,10.3879,10.3589,9.79988,8.56488,6.18188,4.44688,4.91788,6.27088,5.62388,5.29988,6.18188,7.03488,7.32888,6.32888,5.35888,5.50588,7.24088,7.18188,5.12388,5.06488,6.79988,6.97688,6.27088
CO2_TUG_BCT2,2021-09-30,100,False,29,4.8293,4.0643,3.3583,3.0933,3.1823,4.1523,6.2703,7.7403,8.6523,10.3293,12.2403,13.2403,13.7113,13.4173,13.4463,15.4463,15.7403,13.3293,11.0643,10.9463,12.1233,11.6233,9.1233,7.3883,6.3883,5.6523,6.3583,6.8883,6.2703,4.9763,5.2113,7.0643,8.5353,10.0643,11.4463,11.7403,11.2403,10.3583,9.3883,9.5643,9.4763,8.5933,8.0933,7.7993,7.2993,6.8583,6.5933,6.8293,7.0053,6.7993
CO2_TUG_BCT2,2021-09-30,114,False,15,0.2946,1.1766,2.5886,2.6766,3.2056,5.9706,9.4416,10.4706,9.9416,11.1176,12.9416,10.9416,8.4416,7.0296,7.5006,8.0886,8.1476,7.8826,7.1766,6.4416,5.9706,5.7056,6.0006,6.6766,7.5586,7.2056,4.9116,2.5296,2.8826,3.9416,1.4116,-0.0294,0.7356,1.9116,3.3826,4.0006,3.4706,2.7646,3.4706,4.0886,4.1176,3.6476,2.7056,2.2356,2.2646,2.9706,4.2946,4.2946,2.9416,1.9706
CO2_TUG_BCT2,2021-09-30,135,False,7,3.9416,6.2056,7.4116,7.7946,8.5006,10.9116,17.0586,23.8826,28.3826,32.6766,34.8236,33.6476,30.2356,27.3536,24.3236,22.0586,20.3826,18.9116,19.5586,19.8826,19.0006,18.2646,18.9116,21.7646,23.5006,23.4706,21.9416,18.4416,12.8536,11.2056,13.2056,14.3826,14.6766,15.8536,18.0296,17.7946,15.0296,13.0586,12.6476,14.0886,13.5586,10.6476,9.3236,8.1766,5.8826,4.9706,5.5296,6.2646,6.6176,5.9416
CO2_TUG_BCT2,2021-09-30,162,False,10,0.3236,-0.7054,-0.0294,3.7946,17.4126,43.6766,58.8536,59.5596,56.9416,59.6476,61.1766,59.0296,52.5596,37.8536,23.3826,17.0596,14.1176,12.2356,11.6476,11.4706,10.5296,8.6476,7.7066,7.5596,7.3236,6.8826,6.8826,7.2066,6.5006,4.6476,3.7066,3.6476,4.1176,5.0886,5.7946,6.2066,5.4416,3.1176,1.2356,0.6766,0.8536,1.3536,1.8236,2.2946,2.2946,1.8536,1.6176,1.5886,1.5886,1.6476
CO2_TUG_BCT2,2021-09-30,166,False,16,3.74012,5.74012,7.26912,9.38712,11.7691,14.9451,16.8871,17.8571,19.5341,21.3571,21.6511,20.8571,20.5931,19.3571,15.4451,12.2401,9.85712,9.03412,8.18112,6.41612,6.09312,6.68112,6.03412,5.65112,4.62212,1.47512,0.82812,2.91612,3.85712,3.53412,3.32812,3.56312,4.26912,4.91612,4.71012,3.79812,3.35712,3.53412,3.97512,3.82812,2.21012,-0.20188,0.00412,2.68112,4.00412,3.47512,2.03412,1.24012,1.85712,3.97512
CO2_TUG_BCT2,2021-09-30,177,False,20,19.0029,17.5319,16.0029,14.7969,15.9439,19.4149,21.5619,22.2379,22.9149,24.2679,24.7679,21.4739,19.2379,18.4739,17.3849,15.7379,13.1789,10.7969,8.06194,6.44394,6.17894,5.67894,4.12094,3.91494,5.26794,6.38494,6.94394,6.47394,6.03194,5.73794,5.23794,4.76794,4.29694,4.17894,3.67894,2.17894,2.44394,4.67894,5.79694,5.47394,4.56194,4.29694,4.47394,4.23794,4.03194,3.91494,3.14994,1.26794,-0.29106,-0.14406
CO2_TUG_BCT2,2021-09-30,241,False,12,3.09152,2.26852,2.56252,4.29752,4.88652,5.00352,6.59152,9.15052,14.2095,19.7685,21.3565,20.1805,19.1505,17.8865,15.9745,13.1805,9.32752,8.09152,7.82752,7.00352,7.03352,8.15052,9.06252,9.12152,8.68052,8.50352,8.94452,9.91552,10.6215,11.1505,11.1805,9.56252,6.35652,5.32752,5.82752,5.09152,4.18052,3.15052,2.03352,2.00352,3.03352,4.56252,6.03352,5.26852,4.06252,3.47452,3.88652,3.82752,3.00352,3.06252
CO2_TUG_BCT2,2021-09-30,246,False,20,6.97176,7.79576,7.88376,8.38376,9.53076,9.76576,9.61876,9.67776,10.3548,11.5308,11.6188,10.2368,7.38376,5.23676,4.38376,4.06076,5.32476,7.41376,6.73676,5.88376,5.26576,3.73676,3.76576,5.47176,5.91376,4.85476,3.97176,4.06076,4.26576,3.35476,2.94276,3.35476,3.91376,5.11876,6.61876,6.29576,4.97176,5.61876,5.94276,5.06076,4.29576,4.70776,7.06076,8.35476,8.06076,7.14876,6.91376,7.44276,8.53076,9.73676
CO2_TUG_BCT2,2021-09-30,372,False,14,8.29518,10.1482,12.2952,14.5602,18.2072,21.5312,21.3832,19.6482,20.9132,22.8252,24.2952,23.8252,20.1482,15.3252,12.2072,8.67818,4.82518,2.58918,1.11918,1.41318,3.67818,5.64818,6.88318,7.88318,7.64818,7.26618,7.11918,6.41318,5.00118,4.38318,5.06018,6.94218,8.50118,8.35418,6.97218,6.00118,5.20718,4.50118,4.23618,4.20718,4.11918,3.41318,2.03118,1.64818,2.73618,4.35418,4.85418,4.44218,4.00118,3.73618
CO2_TUG_BCT2,2021-09-30,373,False,1,4.70716,6.03116,6.88416,5.79516,3.26616,3.06016,4.06016,6.73716,11.4432,15.4722,19.1482,18.0312,11.2072,5.38416,2.29516,0.00116,0.14816,1.85416,4.11916,3.97216,2.00116,2.00116,2.53116,2.61916,2.67816,3.14816,4.09016,4.41316,3.29516,0.94316,-0.05684,1.20716,4.03116,5.44316,5.50116,4.61916,3.20716,3.09016,2.50116,0.67816,-0.26284,-0.38084,-0.17484,1.29516,3.17816,2.11916,1.91316,4.09016,5.82516,5.23716
CO2_TUG_BCT2,2021-09-30,403,False,20,8.2356,11.6176,13.7946,15.4116,16.2646,16.1176,14.9706,14.6766,16.2356,18.6766,18.7056,16.6176,16.2946,17.3236,16.8236,15.9116,14.6476,13.2056,14.1176,17.1176,17.1766,14.5586,13.9116,14.5586,14.8526,13.8826,13.0006,12.2946,10.9116,8.7646,7.9706,7.4416,6.7646,7.5886,9.1476,11.0006,11.0586,9.7646,9.7056,9.5886,8.7056,8.2056,7.9116,7.2946,5.9416,4.0296,3.7646,4.0006,4.7646,7.0006
CO2_TUG_BCT2,2021-09-30,404,False,19,10.1239,8.09388,6.97688,6.91788,8.74188,11.8299,13.4769,13.8889,13.6829,13.7119,14.1239,13.9179,11.8299,8.35888,7.15288,7.77088,7.41788,6.53588,7.38888,7.44688,5.68288,4.15288,4.50588,6.09388,6.53588,6.18288,5.68288,5.38888,4.88888,3.97688,3.74188,4.15288,4.35888,4.15288,3.74188,4.00588,5.15288,6.21188,7.44688,9.24188,9.27088,7.74188,7.29988,7.53588,7.09388,5.44688,4.53588,4.47688,4.85888,5.09388
CO2_TUG_BCT2,2021-09-30,411,False,12,7.70718,9.41318,10.6482,11.4422,12.5012,13.7362,15.6772,17.3542,18.1482,18.6772,18.8832,18.6772,18.1772,17.6182,16.4132,14.5302,11.9712,8.58918,7.53018,6.82418,5.08918,4.79518,5.61818,5.35418,4.67718,3.67718,2.50118,2.00118,2.03018,2.67718,3.61818,3.44218,3.47118,3.88318,3.38318,2.73618,2.26618,2.56018,3.94218,5.26618,5.14818,4.26618,4.58918,5.67718,6.97118,6.35418,4.32418,4.32418,4.79518,4.41318
CO2_TUG_BCT2,2021-09-30,618,False,6,4.23776,5.26676,7.91376,9.53176,8.76676,5.76676,6.29576,10.8548,13.9728,16.1488,17.5898,16.3848,12.2078,8.73776,8.06076,8.67876,7.64876,5.58976,6.35476,7.67876,7.82576,6.47276,6.06076,6.85476,7.11976,6.94276,7.17876,7.38476,7.41376,7.38476,7.14876,6.70776,6.67876,6.88476,6.58976,6.06076,6.26676,8.17876,9.53176,9.97276,8.88476,6.79576,6.76676,7.06076,6.73776,6.97276,7.88476,8.53176,9.73776,10.4428
CO2_TUG_BCT2,2021-09-30,621,False,6,2.38358,4.11858,4.41258,4.55958,5.38358,5.47158,5.29558,6.61858,10.3836,17.0596,20.8246,19.7956,15.8836,12.1776,7.23658,2.88358,2.17758,3.64758,4.08958,3.73658,3.08958,1.91258,1.41258,3.94258,5.20658,4.53058,4.23658,4.17758,3.47158,2.97158,2.44258,1.58958,1.82458,3.05958,2.85358,1.29558,0.88358,1.44258,2.17758,2.20658,2.26558,2.85358,3.97158,4.00058,0.58958,-0.64642,1.17758,2.61858,3.20658,3.79558
CO2_TUG_BCT2,2021-09-30,681,False,18,34.2136,43.5076,51.7726,53.0666,49.6256,47.2426,48.2136,51.5956,54.4196,56.8896,57.2136,54.7726,51.0956,44.7136,33.2726,25.3896,22.4196,20.1546,17.5076,13.6256,11.0666,10.6836,11.5666,12.6256,12.1836,10.2426,8.47764,7.41964,8.27264,8.30164,6.30164,4.15464,3.12564,2.65464,2.97764,3.18364,1.59564,1.00764,2.03664,3.06664,4.06664,5.56664,6.65464,6.97764,6.00764,5.18364,5.09564,5.83064,6.50764,6.94864
CO2_TUG_BCT2,2021-09-30,702,False,11,4.56136,5.79636,7.29636,8.67836,9.20836,10.6784,14.1784,15.7964,15.6784,16.2964,17.4434,16.7964,14.6784,10.8254,7.53136,6.41436,6.32536,6.53136,6.76736,6.47236,5.76736,4.56136,3.59036,3.06136,2.59036,2.53136,2.50236,1.85536,1.79636,1.97236,1.09036,0.91436,1.76736,2.32536,3.09036,4.32536,3.64936,1.14936,0.23736,0.53136,1.14936,2.29636,3.97236,4.41436,4.00236,3.03136,1.82536,1.09036,0.56136,0.29636
CO2_TUG_BCT2,2021-09-30,703,False,21,21.1813,22.0053,22.3283,21.2103,18.8873,17.9463,18.9463,24.8583,37.8283,47.1813,47.5053,42.1223,37.7993,35.8583,34.1223,31.7693,28.3873,26.5933,25.1523,22.3283,20.2993,20.3873,21.5933,21.0633,18.3283,16.2103,15.6813,16.3283,17.7103,18.1813,17.8283,17.7403,17.4753,16.2103,14.8583,13.5933,13.2993,12.9753,12.2403,13.1523,15.6813,16.4463,14.9463,11.8583,10.1223,10.8873,13.1223,13.4753,11.2693,8.7103
CO2_TUG_BCT2,2021-09-30,754,False,10,1.9173,2.5053,3.6813,5.8583,8.8283,12.4763,13.7113,17.8583,29.0643,38.7703,40.7113,37.7993,32.7703,24.8283,19.8873,18.7703,18.9173,19.4763,20.4173,21.6233,20.6523,18.6233,19.8873,20.1813,18.5053,18.1523,17.5343,15.7993,15.5643,16.8583,17.4763,16.8283,15.1813,14.0053,13.6813,13.5933,13.1813,12.7113,12.9763,11.7993,9.0343,8.2993,8.3283,7.8583,7.2113,6.7113,6.9173,5.4173,2.8873,3.9463
CO2_TUG_BCT2,2021-09-30,780,False,16,7.03176,6.64876,6.97276,8.03176,10.6488,13.7668,15.5018,16.5018,16.3848,15.9728,16.9728,16.5318,14.7668,15.1198,14.9438,13.1788,12.1488,11.3258,9.85476,8.64876,7.38476,6.50176,6.67876,7.59076,8.03176,7.85476,7.35476,6.88476,6.29576,5.29576,3.38476,1.79576,1.73776,2.85476,3.79576,4.09076,4.11976,4.11976,4.11976,4.09076,3.88476,3.64876,3.76676,3.03176,1.17876,0.32576,0.91376,2.32576,2.97276,2.59076
CO2_TUG_BCT2,2021-09-30,793,False,27,8.94218,8.47218,7.47218,6.53018,5.53018,5.08918,5.26618,5.85418,7.08918,9.47218,11.1192,10.0012,7.70718,8.56018,9.03018,7.70718,6.32518,5.06018,4.70718,4.03018,3.11918,4.11918,5.41318,6.38318,6.23618,5.58918,6.23618,6.35418,5.26618,4.20718,2.97218,1.08918,0.44218,1.26618,2.47218,3.14818,3.20718,2.47218,1.79518,1.32518,1.47218,1.67718,0.88318,1.41318,3.67718,4.85418,5.00118,4.85418,3.76618,2.11918
CO2_TUG_BCT2,2021-09-30,813,False,8,2.83476,4.48176,4.15876,2.89376,1.59976,2.57076,6.01176,8.39376,10.9238,14.9528,16.4818,15.5708,13.4528,10.7758,6.65876,3.65876,3.30576,4.86476,6.80576,8.04076,9.01176,9.09976,8.92376,9.74676,9.42376,7.39376,5.92376,5.09976,4.12876,3.62876,3.33476,2.98176,3.62876,5.01176,4.95276,4.12876,3.15876,2.89376,3.07076,2.86476,2.86476,3.07076,2.77576,2.09976,1.21776,1.48176,3.07076,4.15876,3.86476,3.18776
CO2_TUG_BCT2,2021-09-30,1006,False,1,1.411,0.941,0.882,2.147,4.029,3.558,2.794,3.294,8.264,18.382,23.676,23.5,20.941,18.411,16.176,13.117,10.529,8,7.029,8.529,11.823,13.411,13.147,12.264,12.264,13.147,13.441,12.029,8.735,6.323,5.205,4.235,3.911,3.617,2.441,1.911,3,5.205,5.205,3.058,2.411,3.676,5.088,5.588,5.411,4.941,4.705,4.647,4.264,2.617
CO2_TUG_BCT2,2021-09-30,1007,False,9,1.0596,1.4706,2.0006,2.6476,4.5596,7.6176,9.0886,9.5006,10.0596,11.0006,12.3236,12.1176,10.5596,9.9416,8.8236,6.0296,3.9416,3.5596,4.1476,5.6476,7.3236,6.4706,6.0006,5.8536,3.8536,3.4706,5.0596,5.0596,3.2946,2.2946,1.9416,2.8826,6.0596,6.9416,5.2356,3.8536,3.0296,3.0596,3.2946,2.3826,0.0006,0.2646,3.3236,4.4116,2.9706,1.1176,0.6476,1.5006,2.6176,2.6476
CO2_TUG_BCT2,2021-09-30,1010,False,5,7.2107,7.5337,7.2987,5.3577,4.0337,5.0637,9.0337,12.7697,16.5637,18.6807,19.1227,19.0927,18.6227,17.6807,17.2107,17.1517,16.9167,15.0637,11.5337,10.0637,9.5047,7.8867,6.0337,5.5047,5.7987,5.2987,3.6807,2.5337,2.4457,2.8867,3.0637,2.6227,1.7107,1.4457,1.6227,1.3867,1.2397,1.6807,2.5337,2.2987,1.0337,1.0047,2.0927,2.3867,2.5927,2.5637,1.2397,1.0637,2.2697,2.2987
CO2_TUG_BCT2,2021-09-30,1057,False,0,1.97218,1.82518,2.67818,3.91318,3.14818,1.35418,2.64818,5.00118,8.70718,12.8842,14.1782,13.3252,11.8252,9.17818,6.91318,6.91318,9.17818,11.6782,12.0012,10.6782,9.76618,9.44218,9.61918,9.44218,9.23718,10.0892,10.0312,8.67818,7.79518,7.70718,8.29518,7.94218,7.29518,8.67818,9.50118,9.26618,9.70718,10.8542,11.0312,10.3252,8.64818,6.91318,7.32518,9.47218,9.64818,7.44218,5.67818,6.00118,7.58918,7.85418
CO2_TUG_BCT2,2021-09-30,1106,False,0,14.0608,13.0898,10.8248,11.0018,18.8548,34.5898,50.5608,67.2078,70.7368,65.5308,57.4138,51.7078,48.4138,49.1188,49.6188,44.6188,34.1188,27.7668,24.7668,23.5898,23.4428,23.2668,21.6778,17.4428,13.2078,11.6188,11.3548,10.7958,10.5608,12.2368,13.4718,13.3838,12.1488,11.0018,10.0898,10.5018,11.8548,11.7078,10.2368,8.29576,7.94276,7.32476,5.53076,4.85476,5.44276,6.06076,5.61876,4.23676,3.58976,3.97176
CO2_TUG_BCT2,2021-09-30,1113,False,7,5.13564,6.01764,6.42964,7.42964,9.98864,11.0766,10.3116,9.31164,10.2236,12.9586,14.0766,13.3116,11.9586,10.0476,7.16464,5.81164,6.10564,7.01764,7.28264,7.10564,7.31164,7.25264,6.57664,5.84164,5.34164,4.81164,4.34164,3.84164,3.48864,2.54764,0.90064,0.37064,0.01764,-0.86436,-1.01136,0.10564,1.69464,1.84164,0.04764,-2.12936,-1.71736,0.92964,1.92964,1.63564,2.10564,2.51764,2.66464,3.31164,4.25264,4.04764
CO2_TUG_BCT2,2021-09-30,1144,False,0,6.20718,8.70718,17.5012,32.7652,44.7072,53.0892,51.7952,48.2362,45.8242,43.8832,41.4122,39.3242,36.9422,32.4122,28.2952,25.9712,23.9422,22.9422,22.3542,21.4712,21.4122,21.8242,21.5012,22.2652,24.2072,22.3542,15.2072,9.05918,6.76518,5.61818,4.55918,5.00118,6.64818,6.26518,4.26518,4.38318,5.61818,5.70718,2.97118,1.91218,3.11818,3.97118,3.82418,2.70718,2.44218,2.82418,2.35418,1.94218,1.76518,0.97118
CO2_TUG_BCT2,2021-09-30,1200,False,24,11.8583,11.3293,11.5643,12.4763,13.0053,13.4463,13.6813,12.9463,13.9463,17.0343,17.6233,15.0053,12.0933,10.2403,8.0053,5.9463,5.6233,6.4173,6.4763,6.0643,6.5643,7.1813,7.4763,7.2403,7.0343,6.8873,6.0643,5.1233,6.0053,6.3873,5.7993,5.8293,6.2403,6.6233,5.9763,4.5933,4.6523,5.4463,6.2113,6.1813,5.7703,5.2403,4.8873,5.3293,6.9463,7.5643,6.7403,5.5343,4.7993,4.1523
CO2_TUG_BCT2,2021-09-30,1208,False,11,6.23678,3.82478,3.82478,7.44278,12.1488,14.1188,14.1188,13.7078,13.9428,14.7958,14.8248,14.1778,14.1488,13.7958,11.0018,6.08978,3.94278,4.00178,3.32478,1.70778,1.32478,1.97178,2.00178,0.00178,-0.38122,1.35478,2.53078,3.11878,3.32478,3.14878,2.91278,3.08978,2.82478,1.88378,1.23678,1.17778,1.91278,2.61878,3.38378,4.08978,4.35478,4.44278,4.79578,4.79578,3.23678,1.26578,-0.49822,-0.17522,1.08978,2.58978
CO2_TUG_BCT2,2021-09-30,1239,False,4,3.2113,2.4463,1.2993,1.1813,2.5343,2.9463,2.3873,4.1813,9.5343,14.0053,15.1523,12.9463,8.1223,4.8283,2.8283,3.2693,5.7403,6.6813,6.5053,5.5343,3.6813,2.9753,3.2403,2.8583,2.1813,2.8583,3.1813,2.3283,1.1813,0.9173,1.2693,1.1223,0.9173,1.9173,3.1523,5.1223,7.2693,6.6223,3.4463,1.7693,1.3283,0.9173,1.1523,2.0643,2.5343,2.5933,2.6223,2.8283,3.0643,2.7993
CO2_TUG_BCT2,2021-09-30,1277,False,6,6.0933,5.0343,5.3283,8.7403,12.9463,14.4753,14.2403,14.4173,16.2703,19.2703,19.9753,17.0933,12.4753,11.0053,12.2113,13.4173,14.6813,15.5343,15.1223,13.7403,12.9173,11.8583,9.7403,8.1523,6.3583,3.2703,1.5053,2.0343,3.8283,4.2993,3.4753,3.0343,3.2113,3.6813,3.7703,2.7113,1.0643,1.2113,1.0643,-0.2597,-0.8477,0.0053,1.9753,3.6223,5.0343,4.7703,2.7403,1.3873,1.4173,1.6223
CO2_TUG_BCT2,2021-09-30,1299,False,4,2.03058,2.05958,1.70658,1.70658,3.29458,6.05958,12.7656,21.9426,27.7656,31.8536,32.2066,27.2656,20.1186,14.6776,10.0896,9.35358,9.73658,9.41258,9.38358,9.58958,9.44258,9.94258,11.3246,11.9126,11.0596,9.14758,7.94258,7.11858,6.38358,5.88358,5.55958,6.53058,7.67758,5.91258,5.32458,6.53058,6.50058,5.91258,5.38358,5.11858,4.85358,4.38358,3.97158,2.53058,-0.02842,0.67758,4.67758,6.26558,5.11858,3.73658
CO2_TUG_BCT2,2021-09-30,1313,False,4,7.44806,6.06606,4.06606,4.03606,5.80106,6.97806,8.97806,13.4781,20.9191,30.3311,30.6841,25.6841,17.1251,9.09506,5.91906,5.09506,4.77206,5.44806,7.41906,7.68406,7.83106,11.3311,13.3011,13.0661,12.4481,12.1841,13.0361,12.6841,9.00706,3.77206,2.74206,5.36006,7.41906,8.53606,8.30106,7.77206,6.53606,4.30106,4.06606,5.62506,5.41906,4.83106,7.53606,8.47806,6.38906,4.62506,4.97806,6.68406,6.77206,5.71306
CO2_TUG_BCT2,2021-09-30,1326,False,12,8.15172,8.65172,9.15172,9.88672,10.5627,10.6217,10.4157,10.7397,11.6517,13.0927,13.7397,13.3577,12.4157,11.9747,12.1517,12.6217,12.8577,12.8277,12.2397,10.3577,8.00472,7.12172,7.94572,9.76872,10.2397,9.32772,8.03372,5.62172,3.15172,3.06272,4.82772,5.73972,5.62172,5.26872,5.85772,6.76872,5.85772,5.26872,5.62172,5.79872,5.35772,4.44572,4.18072,4.35772,4.12172,3.91572,4.00472,4.85772,6.03372,5.62172
CO2_TUG_BCT2,2021-09-30,1381,False,8,4.88494,4.35594,5.38494,5.76794,6.79694,9.35594,12.5319,17.3849,21.2089,22.7969,23.3849,22.7969,21.4439,19.3259,16.8849,13.2379,10.2379,8.03194,5.82594,5.82594,6.35594,6.56194,7.35594,8.06194,6.70894,6.14994,7.17894,8.11994,8.41494,8.38494,7.91494,6.97294,6.50294,6.53194,7.23794,8.56194,8.56194,7.20894,6.29694,5.97294,6.20894,6.56194,7.76794,10.0619,10.7679,9.79694,8.06194,6.35594,7.38494,9.00294
CO2_TUG_BCT2,2021-09-30,1414,False,11,2.17778,2.85478,3.23678,4.23678,6.79578,7.94278,8.05978,11.2078,18.4718,23.1188,23.3548,19.2078,12.0598,8.00178,6.08978,4.73678,3.70778,3.97178,4.58978,5.11878,5.32478,5.11878,4.82478,5.85478,7.47178,6.61878,6.20778,6.53078,5.35478,4.50178,4.47178,5.11878,6.05978,5.94278,6.50178,8.32478,9.26578,9.38378,9.35478,9.00178,7.58978,5.35478,3.44278,1.61878,2.03078,4.26578,4.76578,4.47178,3.00178,-0.26322
CO2_TUG_BCT2,2021-09-30,1443,False,2,6.55958,3.50058,1.79558,2.26558,3.79558,5.44258,9.61858,31.9716,97.5006,172.648,181.531,129.06,81.1476,57.2366,38.0896,28.0306,24.5896,24.1476,24.6776,25.2066,25.3536,24.6776,23.1776,21.5896,18.6776,15.0596,12.7956,10.7366,8.91258,6.94258,4.20658,4.17758,8.00058,12.4426,13.8246,12.1476,9.11858,7.91258,8.17758,8.11858,7.20658,6.00058,5.23658,4.47158,3.70658,2.97158,1.97158,1.32458,1.26558,1.94258
CO2_TUG_BCT2,2021-09-30,1444,False,26,8.06606,11.5661,13.0361,13.4771,14.1541,14.1831,14.2421,14.7721,15.7421,17.4191,18.3891,17.1241,14.3301,13.5661,13.3601,12.3301,10.5661,7.21306,4.06606,2.36006,1.53606,2.18306,2.33006,1.47706,1.09506,1.74206,3.15406,3.68306,2.36006,-0.34594,-0.81694,0.88906,1.77206,1.41906,0.47706,0.06606,0.47706,1.44806,2.15406,2.80106,3.91906,5.36006,5.38906,5.21306,5.15406,4.44806,4.00706,4.06606,4.94806,6.36006
CO2_TUG_BCT2,2021-09-30,1496,False,9,2.94552,3.79852,4.35652,5.12152,6.91552,10.6805,16.8865,20.0035,20.8565,21.7685,21.7985,19.7395,16.1805,14.2685,13.4745,12.3865,11.1805,11.5925,11.6215,10.0625,8.29852,8.47452,10.0925,9.68052,7.44552,7.03352,7.85652,9.32752,10.5925,9.94552,7.79852,7.70952,9.20952,8.91552,7.88652,6.85652,6.35652,6.06252,5.62152,5.53352,5.26852,4.15152,3.94552,4.79852,5.26852,5.32752,5.38652,5.82752,6.53352,6.47452
CO2_TUG_BCT2,2021-09-30,1506,False,7,1.91906,2.30106,1.33006,2.09506,5.03606,6.36006,7.50706,9.97806,12.2721,14.3011,14.3601,12.6251,9.74206,8.18306,6.83006,4.47806,3.38906,3.94806,5.33006,5.77206,5.15406,4.41906,3.91906,3.56606,4.33006,5.24206,3.68306,3.21306,5.15406,7.21306,7.53606,6.71306,6.41906,6.36006,5.68306,5.33006,4.56606,2.44806,1.30106,1.03606,0.24206,-0.46394,0.86006,1.36006,1.27206,2.77206,2.68306,0.50706,-0.34594,0.68306
CO2_TUG_BCT2,2021-09-30,1507,False,7,2.0006,1.6176,2.8826,3.6766,4.4706,6.4116,11.6766,22.8236,32.3526,36.2646,37.2946,35.4116,30.5886,22.7356,17.5296,14.0006,11.9416,10.0006,6.2056,2.9116,1.7946,1.8236,2.9416,4.8236,4.8826,3.3826,2.3826,4.6766,5.9116,5.2056,4.7356,4.6766,4.8526,6.0296,6.9706,4.6766,3.4416,4.1176,4.3236,3.6766,3.0296,3.2056,3.8826,3.9706,4.5006,5.7946,5.8526,5.0006,5.1766,5.0886
CO2_TUG_BCT2,2021-09-30,1512,False,14,3.50412,3.59312,3.35712,3.15112,3.03412,2.47512,2.24012,4.15112,7.47512,12.7981,16.4461,14.8281,9.26912,6.18112,5.12212,4.29812,3.18112,1.97512,2.44612,3.03412,3.06312,2.65112,2.18112,2.62212,2.85712,2.91612,3.65112,4.32812,4.85712,5.09312,5.12212,5.12212,5.12212,5.12212,5.03412,4.32812,2.94612,2.44612,2.59312,2.53412,3.76912,6.79812,8.59312,8.29812,6.88712,5.91612,5.12212,4.41612,4.21012,4.65112
CO2_TUG_BCT2,2021-09-30,1532,False,6,4.324,4.971,5.589,5.236,4.559,5.383,6.942,9.03,10.942,13.177,14.412,13.471,11.618,12.089,12.853,13.03,13.412,13.647,12.795,12.824,13.912,14,12.677,10.118,7.53,4.559,3.206,3.5,4.442,4.883,4.706,4.236,3.942,3.442,2.471,1.824,1.765,2.559,3.706,5.059,4.736,2.236,0,0.177,2.442,4.265,4.383,3.589,3.824,5.177
CO2_TUG_BCT2,2021-09-30,1560,False,15,7.70718,10.4722,11.2952,10.9722,11.3542,11.0602,9.67818,8.88418,9.50118,11.5312,11.9422,10.4422,9.26618,8.94218,8.97218,9.29518,9.06018,7.26618,6.91318,8.64818,10.1782,9.79518,8.08918,7.94218,8.53118,7.20718,6.82518,7.85418,7.94218,6.61918,4.41318,4.58918,6.79518,7.26618,6.97218,6.91318,6.94218,7.17818,7.67818,8.06018,7.85418,6.79518,6.85418,7.00118,4.70718,3.64818,4.32518,4.35418,3.70718,3.56018
CO2_TUG_BCT2,2021-09-30,1563,False,14,2.04118,0.33518,-0.60582,-0.72382,-0.54782,0.98218,4.74718,8.10018,9.71718,11.0112,11.8642,11.4522,10.0112,8.77618,7.27618,6.01118,6.68818,9.21718,10.8352,10.9822,10.5112,9.86418,7.95218,4.95218,3.95218,4.48218,4.51118,4.57018,4.89418,4.18818,2.33518,1.54118,2.48218,3.89418,3.10018,1.60018,0.15818,0.21718,2.01118,3.57018,3.48218,2.60018,2.83518,3.21718,3.21718,2.86418,2.86418,4.12918,4.01118,3.18818
CO2_TUG_BCT2,2021-09-30,1582,False,22,9.74266,11.3017,11.4487,9.97766,8.62466,7.62466,7.68366,9.03666,10.5077,11.4777,12.2427,12.1547,11.2717,9.86066,9.30166,8.97766,7.74266,6.68366,6.36066,7.38966,8.74266,10.1547,9.97766,7.24266,3.74266,2.62466,4.09566,6.71266,8.15466,8.65466,7.97766,6.36066,5.65466,4.15466,2.53666,4.86066,6.50766,6.33066,6.24266,5.97766,4.88966,4.80166,5.18366,4.09566,3.94866,5.12466,5.12466,5.21266,7.91866,8.62466
CO2_TUG_BCT2,2021-09-30,1595,False,6,0.06076,1.26676,3.53076,4.00176,2.73676,2.56076,6.70776,15.4138,21.6188,26.6188,29.7078,29.0018,25.6488,22.5608,17.8838,12.2668,8.38376,5.06076,3.76676,2.85476,1.08976,0.91376,2.67776,4.29576,4.56076,3.67776,2.50176,2.00176,1.94276,1.88376,1.41376,0.64876,1.41376,2.76676,1.41376,0.64876,1.41376,1.82476,1.41376,0.73676,2.17776,4.70776,3.67776,3.47176,5.58976,6.44276,5.41376,3.91376,4.11876,4.50176
CO2_TUG_BCT2,2021-09-30,1596,False,2,3.68188,3.29988,3.65288,5.47588,7.00588,6.62288,4.91688,5.35888,10.6529,18.6529,22.0939,20.8879,17.5349,15.4169,14.3289,14.1819,13.8879,12.0349,11.0939,10.9469,10.1529,9.00588,7.50588,6.65288,6.79988,7.94688,8.50588,9.06488,10.6529,11.0939,10.3289,10.2409,10.4169,9.47588,8.59388,6.62288,3.03488,2.56488,5.00588,5.29988,3.59388,3.21188,2.44688,0.85888,1.18188,2.44688,3.74088,2.85888,0.12288,-0.58312
CO2_TUG_BCT2,2021-09-30,1598,False,16,6.3281,4.4461,5.7991,6.9161,7.5931,10.1811,13.4161,17.4461,20.0041,21.4161,21.5931,20.8281,18.6811,15.7991,14.0931,13.0041,12.3571,10.8871,8.2101,7.9461,9.8871,10.7101,11.5631,13.3871,14.0341,13.2101,11.8871,10.3281,8.8571,9.5631,10.3571,10.2991,8.8571,5.7991,4.1511,5.5041,8.2991,8.1811,6.5341,4.6811,4.9751,7.6811,9.5931,8.5631,5.4461,4.7101,6.1511,6.6221,6.5041,6.4751
CO2_TUG_BCT2,2021-09-30,1638,False,5,6.88376,4.38376,4.17876,5.03076,4.82576,4.67876,5.67876,10.8838,22.4428,31.1488,31.8838,27.6788,24.3838,23.4428,23.2668,22.5018,20.6198,18.8838,17.4728,14.8258,11.6788,9.70776,8.08976,6.91376,5.88376,5.32576,4.73676,4.73676,6.85476,8.17876,8.26676,7.58976,6.41376,6.11976,5.85476,5.41376,5.79576,5.50176,4.23676,4.06076,3.97276,1.88376,0.85476,1.61976,2.79576,3.29576,3.26676,2.61976,1.67876,1.91376
CO2_TUG_BCT2,2021-09-30,1640,False,5,4.82634,3.47334,3.06134,3.91434,4.53234,4.35534,3.62034,6.64934,15.0323,21.2963,22.4433,21.2963,21.2083,21.8263,21.0613,20.0323,19.4733,19.8853,19.8263,18.7383,16.6793,13.7963,13.0903,13.1793,11.8263,9.00234,7.59034,7.47334,7.79634,7.56134,5.73834,5.00234,5.09034,4.32634,5.09034,7.64934,7.73834,5.79634,5.82634,6.50234,6.35534,5.14934,4.23834,3.70834,3.64934,3.62034,2.94334,2.79634,3.67934,4.82634
CO2_TUG_BCT2,2021-09-30,1649,False,28,6.62624,8.53824,11.4212,15.9792,18.5972,19.3322,19.7732,19.7152,20.2152,22.5382,23.5382,22.3032,20.1262,18.6852,17.5972,16.6852,14.5092,10.9502,9.18524,9.68524,11.6852,11.8912,10.1262,8.97924,8.62624,8.77324,8.30324,7.15624,7.00924,7.86224,9.45024,11.0972,11.6562,9.21524,8.68524,11.0382,12.3912,10.4212,5.92124,4.83224,6.18524,5.30324,4.68524,4.77324,3.80324,2.92124,2.42124,2.59724,3.03824,2.47924
CO2_TUG_BCT2,2021-09-30,1679,False,4,10.8265,10.6505,10.0915,9.85654,11.5325,12.8565,13.7095,16.6205,26.7675,41.1205,45.4445,39.4145,31.4445,28.3855,28.5035,28.9445,29.2095,28.9445,28.4445,27.4735,26.0915,23.9445,20.5325,18.3265,16.4735,14.5325,13.2975,12.2675,11.9145,12.7975,14.5915,14.7095,12.4735,9.88554,8.82654,8.47354,7.85654,6.44454,4.06254,2.91454,3.00354,3.70954,5.65054,8.03254,7.06254,5.65054,5.03254,4.88554,4.15054,2.09154
CO2_TUG_BCT2,2021-09-30,1704,False,5,4.00176,3.94276,3.82576,6.06076,7.29576,10.7958,20.5898,28.7078,35.5898,39.5018,41.0608,40.4728,38.9428,36.6788,32.9138,24.3258,14.3258,9.38476,7.50176,7.41376,7.06076,5.70776,4.91376,4.11976,2.73776,2.26676,2.64876,2.70776,1.32576,-1.35124,-1.61524,0.32576,1.11976,1.73776,3.11976,3.76676,3.38476,2.38476,1.53176,1.23776,2.17876,2.76676,2.38476,1.41376,0.70776,0.14876,-0.20424,0.23776,1.76676,1.82576
CO2_TUG_BCT2,2021-09-30,1705,False,7,2.85476,1.91376,1.97276,3.32576,4.85476,6.85476,13.0318,22.7378,29.4438,34.6498,36.6788,35.7968,33.9438,31.4138,26.8548,22.7968,20.9438,19.9138,19.9138,20.7968,21.2378,21.1198,21.1198,21.7078,21.2078,19.2968,17.5608,15.3258,13.2378,12.6198,12.5318,11.8258,11.3848,11.2078,10.1198,7.06076,3.73776,2.32576,2.64976,4.29676,5.20776,5.32576,5.38476,5.85476,6.70776,6.50176,5.38476,4.97276,3.70776,1.11976
CO2_TUG_BCT2,2021-09-30,1719,False,4,2.53606,2.53606,3.41906,3.97706,4.62406,5.09506,4.44806,7.83006,16.9771,26.4191,30.4771,18.2421,7.94806,2.80106,0.47706,0.24206,0.86006,2.41906,4.56606,4.53606,3.80106,3.47706,3.71306,3.91906,3.80106,2.80106,1.86006,3.53606,4.94806,4.88906,3.77206,3.56606,4.36006,4.38906,3.74206,3.65406,3.12406,1.74206,1.00706,0.68306,0.36006,1.27206,3.36006,4.03606,3.74206,3.47706,3.56606,2.59506,0.44806,0.47706
CO2_TUG_BCT2,2021-09-30,1737,False,5,5.38358,6.23558,6.97158,6.17758,5.29458,7.32458,15.7356,35.6476,69.2656,87.4716,92.1186,91.0006,84.8246,73.8536,67.4126,63.7066,57.8836,50.4416,39.5306,32.5006,30.7656,29.4416,26.6186,26.8836,30.1476,29.6186,24.6776,21.1776,18.6186,14.0886,10.0306,8.17758,7.20658,7.76558,10.2946,12.5596,12.5596,10.2946,7.73558,6.94158,7.29458,7.55958,7.82458,8.35358,9.05958,10.0306,10.5596,11.0886,11.8536,10.9126
CO2_TUG_BCT2,2021-09-30,1819,False,7,9.56194,14.8849,29.0319,38.5319,43.0319,40.3259,34.4729,39.2379,49.0619,59.2969,59.8259,54.7089,47.4729,41.3259,33.6199,26.3559,20.2969,12.2669,7.44394,7.23794,8.91494,9.06194,8.47294,9.97294,11.7669,13.5619,14.7089,14.7969,14.4729,15.0319,15.7089,14.1499,12.0029,10.2089,10.3559,10.2089,8.88494,8.14994,7.82594,7.38494,7.38494,7.82594,8.11994,8.61994,9.56194,9.88494,8.76694,6.50294,6.03194,7.29694
CO2_TUG_BCT2,2021-09-30,1824,False,5,9.912,10.735,13.029,15.588,18.765,21.853,25.559,27.912,30.206,33.765,34.941,33.059,29.206,26.794,25.147,23.5,21.235,18.588,19.323,22.382,26.5,26.353,21.206,16.647,14.5,12.941,12.206,11.882,11.353,10.588,9.147,7.823,7.941,8.823,8.588,8.206,8.176,8.382,8.618,8.353,8.088,9,11.647,13.5,14.647,15.382,16.147,16.912,17.412,16.5
CO2_TUG_BCT2,2021-09-30,1869,False,8,1.73894,2.76794,3.12094,3.65094,5.15094,5.23894,5.82694,10.6509,16.1509,22.2089,25.2389,24.4149,20.2089,14.5329,6.50294,1.59194,0.67994,1.09194,1.59194,2.32694,3.03294,3.29794,3.32694,3.35594,3.59194,4.00294,3.79794,3.12094,3.09194,3.09194,3.12094,3.82694,4.26794,4.35594,4.44494,3.73894,1.73894,1.38594,1.94494,0.59194,0.00294,0.85594,1.79794,2.79794,3.23894,3.03294,2.32694,1.59194,1.09194,0.73894
CO2_TUG_BCT2,2021-09-30,1870,False,6,3.47,4.147,3.47,2.941,2.147,0.353,1.794,7.441,15.059,25.97,32.088,31.382,26.529,22.264,20.617,19.941,19.206,18,17.059,16.794,17,17.382,16.911,15.559,15.117,15.735,16.353,15.97,15.059,15.176,14.617,12.676,10.735,8.264,6.353,5.706,6.588,9.059,9.5,7.853,7.176,6.353,3.647,3,4.559,4.676,3.853,4.823,5.97,7.264
CO2_TUG_BCT2,2021-09-30,1954,False,5,1.5394,0.3334,1.0984,4.8924,11.3624,20.5094,23.4214,22.7454,26.8624,38.7744,44.5094,43.6564,40.6564,34.9214,30.0984,28.6864,24.9804,14.9804,8.7454,6.2154,5.4804,5.5984,5.3624,5.1864,5.3924,5.7154,4.7744,2.6274,2.8034,5.0094,5.6564,6.7154,9.0094,9.4214,8.6564,7.6274,6.9514,6.6564,6.7454,5.8624,4.2454,4.5984,6.0984,8.1274,9.5094,10.3334,10.0984,8.1564,5.3034,5.2744
CO2_TUG_BCT2,2021-09-30,1959,False,4,4.57842,3.51942,2.66642,3.60742,6.37242,7.78442,9.04842,17.7544,35.2544,44.6664,46.8134,44.5194,37.5484,31.7544,28.8424,26.5484,25.6364,24.0784,20.6364,17.3724,12.6954,8.07842,7.01942,8.69542,10.3134,10.6364,10.1954,9.63642,8.43142,6.87242,6.84242,8.16642,8.87242,8.96042,8.90142,8.37242,6.96042,5.51942,4.75442,4.22542,4.04842,4.48942,5.25442,4.46042,2.87242,3.93142,5.87242,7.72542,7.37242,5.60742
CO2_TUG_BCT2,2021-09-30,1965,False,12,3.8236,8.7946,17.0586,28.3826,31.3536,29.9706,29.7646,32.1766,35.8536,40.6476,42.1476,39.8536,36.2946,30.7946,20.7646,12.9706,10.3536,9.5296,8.3236,6.1766,4.7066,4.0886,4.7646,7.5006,8.3826,7.1476,6.1766,5.3826,4.7066,4.6176,4.5886,4.0006,4.5006,6.2646,6.7646,6.1766,6.2646,7.1766,8.8536,9.9116,9.2946,7.5006,7.0586,8.1176,9.0006,8.7946,7.6476,6.4706,4.2946,0.6476
CO2_TUG_BCT2,2021-09-30,1991,False,5,2.65094,2.73894,2.73894,3.91494,3.79794,2.94494,4.73894,12.5919,28.0029,37.8269,37.9739,33.1509,28.0919,21.6799,17.1509,15.5029,15.1509,16.1799,17.5329,19.0329,19.6209,18.7679,16.7679,15.0919,14.7389,17.1209,18.8859,19.4739,19.0329,17.8859,17.7679,18.5619,18.1209,14.4149,12.6509,13.1209,12.2389,9.94494,9.50294,10.0029,10.2979,10.0619,9.85594,9.79794,9.47394,8.29794,6.85594,7.50294,8.59194,6.29794
CO2_TUG_BCT2,2021-09-30,2007,False,7,3.71776,3.51176,2.62976,1.21776,1.18876,1.54176,3.01176,6.68876,9.71776,12.2478,12.9828,12.4238,12.3948,12.3648,12.1588,12.1888,10.7478,7.48276,5.83576,5.62976,5.65876,5.92376,6.62976,7.45376,8.65876,10.4238,10.2178,8.21776,7.48276,7.39476,7.42376,8.01176,7.51176,5.71776,5.04176,5.62976,6.27676,5.98276,4.36476,2.48276,1.71776,1.68876,2.07076,2.30576,1.36476,0.77676,1.15876,2.07076,2.30576,1.92376
CO2_TUG_BCT2,2021-09-30,2092,False,25,12.5666,11.3896,10.3606,10.2136,10.3606,11.5376,13.8896,15.1846,16.2726,18.1546,19.0956,19.0956,18.1846,16.5376,15.7136,13.0076,7.38964,4.62564,4.74264,5.59564,5.30164,3.47864,1.91964,2.09564,3.68464,4.86064,5.18464,5.15464,4.59564,2.94864,1.09564,0.56664,0.94864,1.33164,2.53764,4.88964,6.06664,6.21364,6.06664,4.94864,3.06664,2.74264,2.36064,1.18464,1.86064,4.36064,5.21364,4.56664,4.06664,5.24264
CO2_TUG_BCT2,2021-09-30,2102,False,8,2.94494,3.76794,4.09194,4.38594,5.53294,6.41494,9.56194,16.9149,24.6509,33.5029,37.0029,34.4739,30.0029,29.6509,32.6799,33.6209,33.3859,33.2089,32.1509,29.3269,26.5029,25.3859,24.7979,23.8559,23.3859,23.3269,23.3559,23.5919,23.9739,23.3859,21.0619,18.5329,17.9739,18.7389,18.5919,16.5329,13.7679,13.0329,14.0619,15.0619,15.8269,16.5329,15.0029,11.7679,11.3559,10.6209,7.94494,6.70894,6.53294,5.88594
CO2_TUG_BCT2,2021-09-30,2138,False,10,2.21188,1.18188,0.00588,-1.11212,1.71188,12.9169,27.3879,36.3289,43.6229,48.2119,48.5649,46.6819,44.6229,41.2119,37.3589,34.9469,31.9469,28.3289,26.1229,24.6229,24.6229,25.9469,26.4469,24.7699,20.5349,16.9469,15.3289,14.2119,13.2119,11.7409,10.3879,10.2699,10.6819,10.1819,9.53488,9.00588,8.59388,7.15288,4.38788,3.53488,5.00588,6.79988,6.85888,5.38788,3.65288,2.38788,3.56488,4.62288,5.00588,5.38788
CO2_TUG_BCT2,2021-09-30,2194,False,2,9.59918,7.30518,6.95218,8.06918,9.06918,8.89318,14.1872,27.8632,46.2162,70.0402,78.0692,72.0112,58.3632,47.7162,43.9812,42.6282,41.2462,38.1282,33.9522,30.4222,24.3342,16.7752,13.3052,12.4812,12.3632,11.8632,10.1582,8.80518,7.98118,8.06918,8.95218,10.3052,10.2462,8.45218,6.71618,5.56918,5.04018,6.06918,5.74618,3.51118,2.45218,3.24618,5.09918,5.95218,6.77518,8.77518,8.98118,7.21618,5.89318,4.12818
CO2_TUG_BCT2,2021-09-30,2240,False,24,6.4857,7.7207,8.5147,9.4857,9.8387,8.9557,7.1907,7.3087,10.0147,12.7207,12.8387,10.8677,8.2797,4.8677,3.3387,3.9267,4.6327,3.3677,3.4857,5.5437,5.4267,2.2797,-0.7203,-1.2793,0.0147,1.3967,1.6907,1.2497,0.8677,1.0737,2.2207,2.6327,2.0147,1.4267,2.1027,3.8087,3.6027,1.6027,0.8967,1.1327,2.3387,4.6327,5.3387,4.5737,4.2797,4.2207,3.5737,3.4857,3.4267,2.0737
CO2_TUG_BCT2,2021-09-30,2251,False,7,3.41436,3.56136,3.85536,5.67836,6.47336,6.85536,9.47336,16.4734,28.7374,37.0904,40.6494,37.6784,34.2374,33.1784,35.2374,36.2674,35.2964,32.9434,29.1204,27.0024,24.9144,21.3844,19.7374,17.8554,14.0314,11.4434,9.79636,9.17836,9.79636,11.2084,11.8844,11.7374,11.2084,10.4144,8.73736,6.94336,6.73736,6.88436,5.20836,3.88436,3.38436,4.09036,5.94336,6.82636,6.47336,5.56136,5.26736,5.20836,4.62036,5.06136
CO2_TUG_BCT2,2021-09-30,2321,False,11,1.47236,2.03136,2.91336,4.88436,10.0904,16.5604,21.9134,28.1784,33.6784,39.9134,43.4724,40.6784,31.3554,23.1194,20.3254,20.1784,21.3844,23.9724,25.4724,24.5904,21.5604,18.8554,17.0604,15.0314,13.6784,13.0904,13.5904,14.1494,13.9724,12.7074,11.3254,9.91336,9.70736,9.38436,7.00236,6.88436,8.32536,6.76636,6.03136,7.20736,7.64936,7.03136,6.41336,6.85536,8.29636,9.29636,8.91336,6.61936,5.82536,7.29636
CO2_TUG_BCT2,2021-09-30,2322,False,27,10.6805,16.4155,23.2095,31.7385,34.8275,34.9155,35.3275,35.9745,37.8865,40.9445,42.0035,39.1215,32.9745,29.6805,28.6215,26.6505,22.6215,19.8275,20.9745,24.6505,25.5035,22.7095,17.3865,13.9445,11.0335,7.88652,5.94452,4.62152,4.38652,4.53352,4.62152,5.09152,6.03352,6.47452,6.23852,5.29752,4.15052,3.88652,4.32752,4.70952,4.50352,3.41552,3.35652,3.97452,3.20952,2.12152,1.32752,2.68052,5.91552,6.82752
CO2_TUG_BCT2,2021-09-30,2352,False,18,5.91612,5.35712,2.76912,2.44512,5.32812,8.35712,7.79812,5.82812,7.97512,10.0631,10.7391,10.3571,8.26912,5.59212,5.47512,7.21012,7.38712,6.59212,5.56312,5.00412,5.65112,7.71012,8.44512,8.12212,8.44512,7.68112,5.41612,4.50412,5.06312,5.71012,5.59212,5.38712,6.32812,6.97512,7.09212,7.06312,5.41612,1.73912,2.23912,6.94512,7.91612,5.18112,4.03412,4.12212,3.21012,0.82812,1.09212,4.21012,5.94512,6.85712
CO2_TUG_BCT2,2021-09-30,2353,False,29,6.97394,6.73894,7.76794,9.17994,11.1499,12.8559,13.8859,14.8269,14.8859,14.4739,15.0329,16.1209,17.3559,17.4739,16.3859,14.5329,13.9739,14.0909,13.2089,13.0329,13.8859,14.2679,13.6209,12.1799,11.1209,9.62094,7.44394,6.00294,4.94394,4.47394,4.41494,4.38594,4.17994,3.94394,4.23894,4.91494,5.88594,6.44394,7.20894,8.47394,8.03294,6.00294,5.17994,4.26794,1.94394,0.17994,0.53294,2.32694,3.12094,3.47394
CO2_TUG_BCT2,2021-09-30,2413,False,15,7.15876,18.8358,26.7178,27.8358,26.1588,25.3648,25.0118,24.0118,24.8058,28.0118,30.2768,30.2178,28.6298,25.8648,20.5998,15.8358,13.6888,12.3358,11.3948,11.0998,10.9528,9.86476,6.80576,3.57076,2.74676,3.54176,4.15876,5.39476,7.62976,7.86476,6.12976,5.18876,5.07076,5.01176,4.51176,3.33576,2.39476,2.21776,3.12976,4.95276,5.42376,4.62976,4.30576,4.01176,2.95276,3.21776,5.01176,5.92376,5.80576,5.30576
CO2_TUG_BCT2,2021-09-30,2425,False,3,1.82594,1.94394,1.32594,1.59094,2.85594,2.82594,1.26694,2.44394,22.2379,70.2089,107.856,105.503,76.0909,56.2379,44.2379,38.0909,36.1199,32.0319,24.7089,20.9139,19.7089,16.9439,10.7969,5.91394,6.53194,10.8259,12.8259,13.8259,15.7089,16.8849,17.4729,17.5909,16.6789,14.7969,13.7089,12.4139,10.1789,9.70894,9.56194,6.70894,4.70894,4.00294,3.70894,3.20894,2.20894,1.26694,0.26694,-0.14406,0.38494,2.26694
CO2_TUG_BCT2,2021-09-30,2470,False,5,7.70836,7.47336,8.38436,8.70836,7.62036,6.09036,6.29636,8.14936,9.59036,10.8844,11.7374,11.2674,9.41436,7.62036,5.88436,3.59036,3.35536,5.09036,6.12036,6.82536,7.29636,6.06136,4.73736,3.70836,3.53136,4.41436,5.56136,5.76736,4.88436,3.82536,4.26736,6.06136,6.82536,6.94336,7.59036,7.56136,6.62036,5.67836,4.67836,4.29636,4.94336,6.35536,6.97336,6.35536,4.88436,3.85536,4.00236,5.73736,5.59036,2.67836
CO2_TUG_BCT2,2021-09-30,2494,False,4,4.76676,5.38476,6.11976,6.14876,6.20776,6.91376,9.41376,14.8548,19.3848,21.2078,21.5898,20.5318,18.9428,17.0018,16.2078,15.8548,14.9428,16.1788,18.6788,17.5318,16.3848,16.6488,16.7378,15.5898,13.1788,11.5608,10.7078,10.6488,10.3548,9.56076,10.0018,11.5898,11.9138,10.7958,9.82576,11.5018,13.0018,13.6488,13.8258,13.3848,12.4728,12.1788,12.1198,11.2668,9.64876,7.44276,7.70776,9.20776,7.76676,7.97276
CO2_TUG_BCT2,2021-09-30,2495,False,5,0.32576,1.17876,2.23776,1.91376,1.03176,2.26676,5.44276,10.3548,13.4138,15.1198,15.7078,14.8548,12.9728,12.0318,11.9138,12.0018,12.5608,12.7958,11.2378,10.7078,10.7958,9.23776,8.85476,10.1198,10.5898,8.79576,5.14876,4.20776,5.85476,6.67876,5.85476,3.94276,2.79576,2.44276,2.70776,3.08976,3.11976,2.50176,2.76676,4.14876,5.00176,4.85476,3.82576,4.26676,6.06076,6.17876,4.91376,2.97276,2.11976,2.70776
CO2_TUG_BCT2,2021-09-30,2496,False,9,4.27028,4.06428,3.65328,4.06428,6.38828,9.91728,13.2703,17.4473,21.2113,25.2113,26.8293,24.9763,20.9763,19.1233,17.4473,14.1823,12.3293,10.4763,7.18228,5.50528,5.06428,4.65328,4.88828,5.59428,4.68228,3.56428,5.91728,6.15328,4.30028,5.53528,5.53528,2.82928,0.97628,1.50528,4.85828,5.53528,3.44728,3.06428,4.06428,5.44728,5.38828,3.59428,2.15328,3.24128,6.32928,6.74128,4.12328,2.09428,2.21128,3.80028
CO2_TUG_BCT2,2021-09-30,2497,False,9,4.20776,4.38376,4.06076,4.58976,6.44276,8.08976,8.73676,9.50176,10.9428,11.8838,12.3838,12.0898,10.7078,9.38376,9.58976,11.1788,12.2958,12.1488,11.1788,10.1788,8.70776,7.38376,7.61976,9.44276,10.9428,10.3258,7.91376,5.82576,4.03176,3.56076,3.76676,4.50176,5.85476,6.08976,5.11976,3.82576,2.82576,3.70776,4.14876,4.03176,4.88376,4.82576,3.56076,3.32576,4.11976,4.11976,3.35476,3.82576,5.53176,5.64876
CO2_TUG_BCT2,2021-09-30,2502,False,4,1.628,2.275,0.922,0.304,0.863,1.128,3.069,7.833,14.422,23.628,27.804,25.922,20.51,16.833,16.539,17.628,16.392,12.245,9.422,8.892,10.245,12.951,13.422,11.657,10.392,10.51,12.51,14.392,15.01,13.128,11.833,11.833,13.098,14.745,13.775,12.51,11.657,10.951,10.686,10.569,9.775,7.657,5.628,5.51,6.598,6.775,6.157,5.216,5.069,6.186
CO2_TUG_BCT2,2021-09-30,2505,False,5,3.70736,2.85536,2.29636,2.09036,2.29636,2.76636,3.23736,5.14936,9.06036,12.1194,14.4134,13.2074,8.41336,5.53136,4.61936,4.35536,5.32536,6.20736,6.64936,5.85536,3.29636,0.97236,0.50236,1.82536,3.82536,3.85536,2.17836,1.88436,2.70736,2.61936,3.41336,5.67836,6.56036,5.76636,4.64936,4.61936,5.50236,5.91336,5.50236,4.41336,2.79636,0.61936,0.00236,0.94336,3.56036,6.50236,6.82536,5.11936,4.38436,4.50236
CO2_TUG_BCT2,2021-09-30,2512,False,0,0.06624,-0.40376,0.15524,1.27224,2.74324,3.86124,7.24324,15.7132,33.7132,61.4192,70.2722,64.4492,51.8612,40.5372,34.5662,29.8612,27.3612,26.8612,27.6842,27.4192,25.8612,25.4192,25.7722,26.0662,24.5962,20.8612,18.3312,18.0372,18.2132,17.2432,16.3612,15.8022,15.4782,14.7432,13.4782,14.0662,17.2722,20.0662,19.0372,14.9492,13.0962,13.5372,14.2132,13.9782,11.4192,6.94924,4.80224,4.56624,4.86124,5.80224
CO2_TUG_BCT2,2021-09-30,2513,False,12,2.176,2.617,2.559,3.059,5.706,9.441,14.559,17.529,19.235,21.559,22.176,20.676,18.912,19,20.088,19.588,18.765,18.059,16.765,15.323,15.853,15.147,11.735,9,8.823,10.147,10.765,10.147,8.529,6.441,5.176,7.647,8.617,6.941,5.588,5,5.559,6.617,7.617,7.294,6.206,4.882,5.294,7.088,7.441,7.97,9.088,8.647,8.294,8.647
CO2_TUG_BCT2,2021-09-30,2524,False,2,0.5296,1.2356,2.0006,2.7356,3.7066,4.7646,9.5296,19.3536,27.1766,32.9416,33.3236,31.2946,27.1176,20.9116,15.6476,10.0006,6.3826,4.8826,5.9706,6.2066,4.2356,2.2946,2.9116,5.7356,7.4706,6.0006,0.8236,-0.3824,2.0596,2.2066,2.6766,4.8826,5.7356,4.7066,3.0596,2.4706,3.5596,5.7946,6.0296,4.3236,3.7356,5.0296,7.0296,7.0596,5.2946,4.4416,5.0296,6.3236,6.0886,4.3536
CO2_TUG_BCT2,2021-09-30,2530,False,8,2.38476,3.70776,6.50176,7.67876,7.44376,8.06076,12.0318,18.8548,24.0318,29.5908,34.0608,33.8258,30.0908,26.9438,23.6488,21.0608,20.0018,18.2668,14.9138,12.7958,11.7378,11.8258,12.0018,10.3258,8.91376,7.59076,5.82576,4.14876,2.32576,2.47276,4.00176,3.64876,2.38476,2.29576,4.91376,5.03176,2.00176,0.64876,1.38476,2.56076,3.11976,3.64876,4.73776,6.38476,8.67876,8.85476,6.64876,4.73776,3.91376,3.44376
CO2_TUG_BCT2,2021-09-30,2541,False,6,7.62212,8.15112,6.53412,6.18112,7.94512,10.2691,11.0631,10.9451,11.2691,12.1811,13.4161,12.5921,10.3281,10.5041,10.7981,10.2101,10.0631,9.06312,6.79812,6.03412,6.35712,5.94512,6.06312,7.41612,8.88712,9.88712,10.7981,10.5041,8.68112,7.09212,7.09212,8.68112,10.4751,10.5341,9.21012,8.41612,7.62212,6.29812,6.12212,6.03412,3.97512,3.12212,4.00412,5.18112,5.24012,2.53412,1.65112,2.82812,2.88712,3.00412
CO2_TUG_BCT2,2021-09-30,2553,False,10,5.56194,6.73794,7.67894,7.97394,7.91494,7.53194,8.70894,13.2089,15.9439,16.7379,16.8559,15.9439,14.2089,14.2969,15.3559,14.1499,12.8269,11.7379,10.5619,10.0619,10.1209,11.0029,12.4149,12.2969,10.9739,8.79694,7.29694,6.23794,4.76794,3.91494,4.06194,5.23794,5.82694,5.20894,3.79694,3.09094,3.03194,3.23794,3.47394,3.14994,2.29694,1.32694,1.62094,2.47394,3.41494,3.50294,3.32694,4.32694,5.20894,4.35594
CO2_TUG_BCT2,2021-09-30,2554,False,5,-0.73442,1.00058,3.26558,3.55958,2.70658,6.61858,22.2956,43.6776,56.4126,65.0306,69.1776,67.5006,61.7656,54.0006,41.9126,33.0306,28.8536,23.6776,18.0306,15.7366,15.5006,15.7066,15.9426,15.5896,14.5596,13.5896,14.4426,14.5596,13.2956,12.7366,12.4126,11.2956,11.1776,12.7366,14.4126,13.5306,10.2956,8.47158,8.26558,8.85358,8.32458,6.26558,4.91258,5.03058,5.91258,6.17758,6.00058,6.26558,6.73658,7.47158
CO2_TUG_BCT2,2021-09-30,2560,False,6,7.29578,6.00178,5.14878,5.29578,6.41278,6.70778,6.56078,7.73678,10.2658,14.1188,15.6778,13.3248,8.11878,5.20778,3.70778,2.03078,1.06078,0.53078,0.58978,1.50178,2.73678,3.61878,3.91278,2.82478,1.00178,-1.29222,-1.32222,0.64878,1.29578,0.94278,1.61878,4.44278,6.03078,6.29578,6.76578,7.70778,8.20778,8.47178,8.70778,8.29578,6.67778,3.88378,3.06078,4.76578,7.06078,7.67778,7.56078,8.44278,8.61878,7.76578
CO2_TUG_BCT2,2021-10-01,5,False,2,0.00412,1.71012,2.53312,3.12212,4.68012,5.56312,9.68012,20.3861,30.4161,40.4741,44.7391,43.2101,38.9741,31.5041,18.8271,10.6801,7.62212,5.09212,3.71012,3.32712,3.56312,3.71012,3.26912,2.26912,1.32712,0.38612,0.38612,1.26912,1.79812,2.41612,4.06312,5.85712,5.91612,4.62212,3.94512,2.68012,-0.20188,-0.49588,1.41612,1.44512,1.15112,1.47412,1.26912,0.59212,0.59212,0.82712,1.32712,2.26912,2.73912,2.73912
CO2_TUG_BCT2,2021-10-01,6,False,9,5.76912,5.12212,3.71012,3.24012,5.03412,9.18112,14.2101,21.2691,25.8571,27.7981,29.0631,28.4451,26.6811,24.2401,23.0631,22.9161,22.5631,19.7401,14.0921,11.2401,10.6511,10.1511,9.65112,8.91612,8.24012,8.24012,8.91612,9.56312,9.35712,8.59212,9.21012,10.7981,10.4451,8.97512,7.24012,6.74012,6.62212,6.06312,4.85712,2.71012,1.32812,1.26912,2.18112,3.35712,3.85712,3.79812,2.94512,1.76912,2.21012,2.68112
CO2_TUG_BCT2,2021-10-01,8,False,9,4.206,5.411,10.441,20.941,30.823,41.5,47.853,51.294,53.058,55.853,59.853,59.206,56.5,53.206,49.735,45.794,44.441,42.882,37.294,30.441,29.088,31.853,31.853,27.353,22.088,19.294,17.411,16.117,14.853,12.882,11.588,11.47,12.794,12.823,10.353,7.353,6.558,7.264,7.029,5.676,4.941,4.617,4.117,3.558,2.353,0.764,0.588,2.147,3.97,4.323
CO2_TUG_BCT2,2021-10-01,9,False,5,0.44394,0.59094,1.70794,1.91394,1.17894,1.76694,4.53194,7.56094,10.3849,14.7379,18.0909,17.8559,15.3849,14.2969,13.1789,10.8849,10.0029,10.7969,12.0319,13.0029,14.0609,14.9139,15.2079,14.2669,13.5609,13.0029,12.0609,11.5909,11.6499,12.5319,13.9439,13.9729,13.7379,13.2079,11.3259,8.53194,4.76694,3.79694,5.20794,5.59094,4.76694,3.32594,2.73794,3.59094,5.41394,5.82594,4.53194,3.14994,2.76694,2.47294
CO2_TUG_BCT2,2021-10-01,12,False,1,1.18188,2.06488,2.53488,2.59388,2.53488,2.24088,2.71188,5.74088,12.5059,23.5059,28.7409,28.0059,25.0059,21.9469,17.0649,11.7699,8.85888,7.44688,7.82888,7.71188,6.29988,4.91788,3.65288,3.44688,3.88788,4.85888,6.15288,7.59388,9.35888,8.85888,5.91788,4.09388,4.06488,4.26988,3.35888,2.94688,3.21188,2.62288,1.71188,2.62288,3.06488,1.53488,-0.90612,-0.93512,1.29988,2.74088,3.59388,4.18188,3.53488,1.91788
CO2_TUG_BCT2,2021-10-01,17,False,8,2.47218,3.08918,5.26618,7.00118,9.03018,11.7362,15.5602,21.6192,26.7072,31.0602,31.9422,31.1192,30.5602,30.7952,29.3252,25.6482,23.8252,22.6482,19.8832,16.9722,13.0302,9.67718,8.08918,7.03018,6.53018,6.23618,5.67718,4.82518,4.08918,4.85418,5.94218,7.00118,7.73618,8.50118,9.17718,9.32518,9.82518,11.3252,11.0602,8.79518,7.41318,7.03018,7.23618,7.20718,6.76618,6.53018,6.50118,6.47218,6.14818,4.97218
CO2_TUG_BCT2,2021-10-01,21,False,7,2.17758,2.38358,2.17758,2.26558,3.17758,4.41258,5.38358,6.53058,8.14758,10.3246,10.9716,10.4126,9.41258,8.73658,8.44158,8.61858,8.11858,5.32458,1.17758,-0.05842,1.17758,2.35358,3.38358,3.88358,4.20658,4.91258,5.61858,5.88358,5.97158,6.29458,6.05958,4.23658,3.58858,4.38358,4.79458,4.38358,3.50058,3.44158,3.85358,3.38358,3.00058,3.17758,3.55958,3.08858,1.76558,1.53058,2.38358,2.91258,3.41258,4.11858
CO2_TUG_BCT2,2021-10-01,23,False,9,3.00236,5.67836,9.82536,13.5024,14.1494,12.9144,12.4724,13.0904,13.8554,14.4724,14.5024,13.0024,11.4144,9.67836,7.38436,4.47236,3.64936,3.06136,1.94336,2.47236,3.53136,4.41436,3.82536,2.47236,3.06136,2.91436,1.11936,0.00236,-0.11564,0.76636,2.50236,4.44336,4.09036,4.26636,5.97236,6.38436,5.09036,3.88436,4.91436,7.44336,7.61936,6.64936,5.67836,5.59036,5.76636,4.79636,3.94336,3.61936,3.76636,3.26636
CO2_TUG_BCT2,2021-10-01,24,False,5,2.61936,3.61936,4.47236,4.76636,3.94336,4.23736,6.26636,9.32536,15.0904,20.7084,22.2964,19.7084,14.7664,12.3844,12.0314,11.3844,9.03136,5.73736,4.32536,4.61936,5.44336,4.97236,3.20836,2.79636,4.09036,5.44336,5.56136,5.14936,5.64936,6.29636,6.76636,6.64936,6.67836,7.91436,7.38436,4.67836,3.29636,3.35536,3.76636,3.67836,3.94336,5.85536,7.20836,7.82536,7.91436,6.76636,4.44336,3.50236,3.82536,4.17836
CO2_TUG_BCT2,2021-10-01,25,False,5,3.79518,5.67718,4.82518,1.64818,0.70718,0.94218,1.38318,4.94218,15.0602,26.0302,29.2362,24.5602,16.1482,10.8832,7.50118,5.47218,4.58918,5.29518,5.94218,6.26618,6.67718,6.44218,5.44218,4.23618,2.53018,1.38318,1.29518,1.73618,1.97218,2.00118,1.97218,1.70718,1.00118,0.41318,1.03018,2.41318,2.53018,3.11918,4.79518,4.58918,2.58918,1.94218,2.53018,3.73618,4.58918,4.17718,2.88318,2.82518,3.67718,3.53018
CO2_TUG_BCT2,2021-10-01,29,False,8,3.71364,3.44864,3.62564,3.44864,3.97864,7.00764,11.8016,14.8896,18.2136,22.0666,22.6256,20.2426,17.0666,12.2136,8.47864,7.53664,7.88964,8.00764,7.09564,5.24264,4.68364,6.21364,8.77264,9.74264,9.47864,9.59564,9.56664,8.15464,7.27264,7.15464,7.00764,5.83064,3.41964,1.88964,1.74264,3.09564,3.53664,2.94864,2.97864,3.38964,3.77264,3.15464,2.00764,2.44864,2.83064,2.68364,3.00764,3.91964,5.18364,4.47864
CO2_TUG_BCT2,2021-10-01,36,False,3,0.14878,0.08978,2.26578,2.73678,2.44278,2.38378,3.23678,10.0598,23.8838,31.9718,34.4718,33.2658,29.7958,22.5898,14.6188,9.88378,6.17778,4.17778,3.97178,5.38378,6.17778,5.58978,4.17778,3.47178,3.32478,2.94278,2.70778,3.82478,5.61878,6.41278,3.58978,1.64878,1.32478,0.94278,0.70778,1.58978,1.91278,2.23678,4.03078,4.44278,3.29578,3.50178,5.05978,5.44278,4.55978,2.64878,1.05978,0.97178,2.00178,3.44278
CO2_TUG_BCT2,2021-10-01,39,False,5,2.15054,1.91454,1.88554,1.79754,1.23854,1.00354,2.91454,6.32654,12.3565,17.6795,18.8855,17.5615,15.8565,13.4145,11.5325,10.9145,10.6205,10.1795,10.1795,10.5615,10.3565,9.67954,9.59154,9.06154,7.67954,6.97354,6.88554,6.82654,6.35654,5.41454,5.03254,5.67954,7.09154,7.76754,7.62054,7.23854,7.62054,8.29754,7.50354,6.20954,4.94454,4.73854,5.12054,5.62054,5.76754,5.09154,3.67954,2.97354,2.88554,3.15054
CO2_TUG_BCT2,2021-10-01,40,False,7,2.7946,1.9416,2.3536,3.7646,4.6766,5.0006,4.8236,5.4706,9.4416,15.8536,17.5586,15.0586,13.0586,11.0006,8.6176,7.2946,6.0006,4.3826,3.8826,4.2356,4.1766,3.2646,2.0006,0.9116,0.3826,1.5006,1.8826,1.1176,1.0886,1.7356,1.9116,3.0296,4.8826,4.4706,4.1766,5.0586,5.9416,6.4706,6.0006,5.5586,5.2646,4.7646,4.2946,3.7646,3.5006,4.6476,7.7056,9.3236,9.5296,9.5296
CO2_TUG_BCT2,2021-10-01,46,False,24,8.71306,8.15406,8.68306,10.7131,11.4191,11.3301,11.3011,11.3601,11.8301,12.7421,12.8011,10.9771,8.03606,7.53606,9.15406,9.38906,8.09506,7.47706,8.00706,8.71306,8.06606,7.91906,8.62506,7.97706,6.15406,5.91906,6.27206,6.56606,6.97706,6.74206,5.77206,4.80106,3.56606,2.62506,2.41906,3.09506,4.47706,4.94806,4.56606,4.38906,4.83006,5.65406,5.27206,4.15406,4.68306,5.74206,6.62506,6.09506,5.21306,6.71306
CO2_TUG_BCT2,2021-10-01,49,False,5,3.35652,4.26852,6.56252,5.82752,3.18052,4.82752,8.29752,13.2975,22.8275,36.2395,38.0035,31.2395,19.5915,10.9745,7.32752,4.82752,4.44452,6.41552,8.53352,9.29752,9.15052,8.82752,9.76852,12.1215,13.4745,13.6215,12.8865,12.2975,12.4745,13.5625,13.5335,12.2095,11.5035,11.4155,11.2095,9.56252,6.32752,5.18052,6.15052,7.06252,6.88652,4.56252,0.65052,-0.55548,0.59152,1.18052,1.73952,3.32752,3.73952,2.68052
CO2_TUG_BCT2,2021-10-01,52,False,6,1.62094,2.29694,3.50294,4.32694,3.67994,2.00294,3.41494,13.6499,30.5919,41.4439,44.9739,38.2679,29.0919,18.8859,12.5919,7.76794,3.59194,2.50294,3.50294,4.26794,3.14994,0.53294,0.47394,2.64994,3.17994,3.35594,4.23894,4.70894,4.76794,4.67994,4.03294,3.09194,3.26794,3.20894,2.56194,2.62094,3.26794,4.12094,3.67994,2.09194,1.64994,1.97394,2.23894,2.12094,2.85594,4.73894,5.76794,5.17994,3.12094,2.41494
CO2_TUG_BCT2,2021-10-01,54,False,5,6.59018,4.50118,1.79518,0.00118,-0.58682,1.50118,4.44218,9.50118,23.7952,48.9422,60.1192,56.0012,42.2952,29.0012,23.2372,20.8842,20.2372,19.6482,17.2952,16.0312,16.5602,17.8252,17.3542,15.0312,13.3842,12.2952,11.7072,10.7372,9.09018,8.59018,8.47218,7.94218,7.03118,5.82518,5.70718,6.82518,8.97218,10.3842,10.7372,10.6782,10.0012,8.82518,8.56018,8.47218,8.03118,7.76618,7.50118,7.09018,7.29518,7.97218
CO2_TUG_BCT2,2021-10-01,56,False,12,6.11916,8.09016,10.5902,13.1492,13.9432,13.4722,12.4132,11.4432,12.5312,14.3542,15.4132,13.8252,13.0312,13.7662,13.9722,13.3252,12.6492,12.5312,12.2662,11.1492,10.9432,11.6192,10.6782,7.91316,6.38416,5.35416,4.17816,4.59016,4.70716,3.88416,3.73716,4.85416,6.44316,6.70716,5.64916,3.70716,1.76616,2.88416,3.61916,2.85416,2.47216,3.11916,4.59016,5.61916,5.47216,3.64916,3.06016,4.32516,5.59016,4.94316
CO2_TUG_BCT2,2021-10-01,58,False,24,1.8867,4.2987,5.2107,4.9167,4.4457,4.6227,6.4757,9.4757,10.5337,10.4757,11.2107,10.2107,7.0047,5.4457,5.9457,7.4167,8.4167,8.0337,5.7397,4.8577,5.5637,5.5927,4.9457,5.0047,5.6227,6.3577,6.3277,5.9167,5.4757,5.6517,6.0927,5.6807,5.7107,6.3577,6.3867,6.4457,6.8867,7.0337,6.3577,4.8277,3.3277,2.5337,3.8867,4.4757,3.7697,4.0047,5.3577,6.0337,5.8277,4.8867
CO2_TUG_BCT2,2021-10-01,62,False,14,4.18052,6.73952,7.82752,7.06252,5.91552,5.65152,6.12152,7.06252,9.91552,14.0625,15.2685,13.8565,12.7095,12.6215,13.0035,12.7985,12.1215,12.0925,11.9745,11.0625,9.76852,8.32752,6.47452,6.20952,7.26852,7.47452,7.15152,7.12152,7.85652,8.53352,9.09252,9.59252,10.3275,10.9455,10.3865,8.06252,5.53352,4.97452,5.85652,6.79852,7.79852,8.23952,8.12152,8.12152,8.70952,8.20952,6.35652,5.38652,6.44552,9.44552
CO2_TUG_BCT2,2021-10-01,66,False,2,2.30224,2.59624,3.80224,3.41924,1.86124,2.27224,5.09624,14.8312,30.0372,38.2142,40.9782,38.3612,29.3312,21.3312,16.8312,12.3312,9.47824,8.53724,7.77224,5.71424,2.39024,1.41924,1.39024,0.74324,0.12524,0.56724,1.94924,2.56724,1.94924,0.59624,0.41924,1.74324,3.09624,3.15524,2.21424,1.30224,0.53724,0.65524,1.71424,3.15524,3.15524,2.80224,2.65524,1.89024,0.00824,-1.34476,0.44924,4.86124,5.50824,3.44924
CO2_TUG_BCT2,2021-10-01,67,False,2,0.97218,0.44218,1.23618,3.91318,4.79518,3.56018,2.44218,5.11918,16.5892,32.2362,36.5312,31.4422,26.1482,20.1482,16.0892,16.2662,18.9722,20.1482,18.4422,14.6192,12.2662,11.0892,10.5602,10.1192,9.88418,10.7362,10.6782,9.29518,8.20718,7.88418,8.56018,7.23618,4.26618,4.32518,3.82518,1.26618,0.79518,2.50118,3.38418,3.08918,2.61918,3.20718,4.56018,6.35418,6.14818,4.14818,3.32518,2.56018,1.41318,1.91318
CO2_TUG_BCT2,2021-10-01,70,False,2,3.50236,3.64936,4.70836,6.12036,5.47336,5.17836,6.23736,7.76736,12.7674,22.1784,26.4734,25.1784,22.0314,19.8554,18.0314,16.7964,16.0024,15.0614,14.8264,15.2374,15.4734,15.5314,15.7674,16.0904,15.1494,12.7674,11.0614,9.50236,8.09036,7.67836,8.56136,10.2964,10.0614,7.85536,6.85536,6.70836,6.03136,5.91436,7.03136,8.47336,7.56136,4.41436,3.29636,4.50236,5.82636,5.64936,4.29636,3.64936,4.03136,4.97336
CO2_TUG_BCT2,2021-10-01,71,False,5,-0.20188,0.00412,2.50412,4.85712,5.68112,5.85712,6.68112,9.03412,11.6811,13.1221,13.7101,13.2101,12.5631,12.0341,11.7981,11.7691,11.6221,10.4161,7.82812,6.09312,5.00412,3.47512,2.26912,2.41612,4.97512,6.29812,6.03412,5.79812,5.76912,5.79812,5.94512,5.71012,4.62212,4.71012,6.50412,8.06312,7.91612,6.56312,6.00412,7.09312,9.32812,9.62212,8.35712,8.24012,7.65112,5.85712,5.26912,6.56312,8.56312,8.65112
CO2_TUG_BCT2,2021-10-01,73,False,18,6.6286,11.7756,13.7166,13.0396,11.9226,11.8926,12.8336,13.7756,14.7756,15.2756,15.4806,15.2456,14.0696,13.2166,11.7166,8.6866,5.8046,3.7456,4.8336,5.3336,4.0986,3.4226,3.5696,3.9806,3.8926,4.1576,5.8926,5.9516,4.6866,5.3336,5.6576,4.7456,3.8336,4.4806,7.8046,8.2456,5.6866,4.9806,5.2456,5.3336,5.5106,5.5106,4.8336,4.5986,4.7756,4.4806,3.8046,2.9226,3.1866,4.7756
CO2_TUG_BCT2,2021-10-01,76,False,0,5.91906,5.47806,4.53606,4.15406,4.80106,6.12506,6.59506,9.03606,16.0661,20.8601,20.3891,13.4481,8.47806,5.97806,4.36006,3.06606,2.94806,4.12506,6.74206,8.83106,7.53606,3.65406,3.50706,6.30106,6.24206,6.62506,8.36006,7.91906,7.38906,7.77206,8.21306,8.47806,8.30106,8.44806,8.41906,6.97806,5.86006,5.36006,5.77206,6.68306,6.33106,5.06606,3.59506,3.56606,3.68306,3.36006,3.80106,4.94806,5.15406,4.83106
CO2_TUG_BCT2,2021-10-01,86,False,5,1.65564,0.21364,0.24364,1.80264,2.91964,3.15564,5.30264,11.2436,16.5966,21.5666,22.9196,20.8606,18.6846,15.6846,10.4496,7.06664,5.59664,4.12564,3.33164,2.53764,1.27264,1.68464,3.47864,3.68464,3.12564,2.77264,3.83164,5.68464,5.24364,4.65564,4.53764,3.83164,3.39064,3.44964,4.24364,4.94964,3.56664,2.71364,2.80264,2.62564,2.89064,3.89064,5.06664,6.53764,7.18464,6.65564,4.53764,1.77264,1.00764,1.83164
CO2_TUG_BCT2,2021-10-01,88,False,20,7.27264,6.18464,4.53764,4.91964,6.71364,9.62564,11.8606,13.4196,15.8016,20.0666,25.5956,25.4196,20.8906,13.8606,10.0076,8.65464,7.18464,6.30164,6.21364,6.89064,7.12564,6.94864,7.12564,6.86064,5.80164,4.24364,2.53764,2.83164,3.83164,4.62564,4.62564,4.44864,4.41964,4.41964,4.41964,4.47864,4.97864,6.15464,6.91964,5.80164,3.03764,1.74364,1.09564,-0.37436,0.18464,3.36064,5.68464,6.09564,5.62564,4.91964
CO2_TUG_BCT2,2021-10-01,92,False,4,10.2379,9.26794,9.47294,9.59094,8.94394,8.29694,8.50294,9.56194,11.1499,13.0909,13.2969,12.6789,11.6789,10.5029,10.0029,10.0619,10.9149,12.0909,11.5909,10.5909,8.61994,5.61994,4.64994,5.38494,5.59094,4.94394,4.23794,4.06194,4.73794,6.06194,6.06194,4.73794,3.94394,3.14994,1.76794,1.29694,1.67894,1.91494,1.94394,2.06194,3.09094,5.67894,7.82594,7.06194,4.32594,3.56194,3.35594,2.35594,0.94394,-0.99706
CO2_TUG_BCT2,2021-10-01,98,False,2,6.88888,6.27088,4.03588,4.15288,3.94788,2.27088,2.47688,7.29988,15.2999,20.6239,23.4179,22.1829,18.6529,13.7119,10.8299,9.12388,7.71188,7.12388,6.59488,5.68288,5.44788,5.77088,5.35888,4.44788,4.62388,4.59488,4.18288,4.68288,5.32988,6.00588,7.29988,8.74188,7.88888,5.82988,2.65288,0.15288,0.00588,1.32988,2.03588,2.12388,2.18288,2.71188,4.12388,5.38888,4.74188,2.56488,2.38888,4.59488,6.32988,5.74188
CO2_TUG_BCT2,2021-10-01,104,False,0,1.59624,1.65524,2.77224,2.86124,1.06724,0.42024,13.0672,43.6842,84.0962,134.743,148.155,129.272,89.2142,55.6842,43.6842,40.5672,39.3312,41.0962,46.9492,49.9202,49.8612,49.1252,45.0962,36.8902,31.3612,28.5082,28.6842,28.9492,28.1842,28.0672,28.0082,26.2432,22.3312,14.9202,8.89024,7.59624,8.71424,8.50824,5.53724,1.62524,0.53724,1.27224,1.12524,1.44924,2.77224,3.33124,3.65524,4.77224,5.09624,5.18424
CO2_TUG_BCT2,2021-10-01,108,False,22,19.2656,15.1776,13.2066,12.7066,11.6476,11.9416,13.9716,15.5596,17.3246,20.2366,21.8536,20.8536,16.8536,12.8836,8.61858,6.26558,5.79458,5.67758,5.00058,3.82458,3.61858,4.03058,4.76558,5.47158,5.67758,5.23658,4.44158,5.14758,7.38358,8.20658,8.35358,9.64758,9.58958,7.82458,6.82458,6.23658,5.35358,5.26558,5.44158,4.64758,5.17758,7.32458,7.67758,6.88358,7.79458,8.17758,6.17758,2.79458,2.29458,4.35358
CO2_TUG_BCT2,2021-10-01,113,False,4,2.2107,4.0637,4.5047,4.8577,7.4757,10.1517,17.8867,32.8577,44.8867,55.3577,57.4757,49.6227,39.8287,36.1817,34.7697,30.5347,26.3867,22.1517,18.8577,15.7987,14.5047,15.2397,16.8867,17.2987,16.7107,15.6817,14.5347,11.8867,8.1517,6.5637,5.8867,4.2987,4.0047,6.0047,8.7697,9.5347,8.7987,8.5927,7.8287,5.0927,4.2107,5.4757,6.7107,8.2107,9.5927,9.9167,9.7397,9.9757,10.1227,9.6817
CO2_TUG_BCT2,2021-10-01,117,False,4,3.35418,2.17718,1.11918,0.73618,0.35418,0.82518,2.41318,5.06018,10.7952,17.0602,18.9722,18.3252,18.3542,17.0892,13.9722,13.1772,14.1482,13.4132,10.7662,6.91318,5.73618,5.94218,5.94218,5.44218,4.26618,3.32518,3.06018,3.26618,3.73618,3.97218,3.94218,3.58918,3.58918,4.94218,5.23618,3.47218,1.29518,1.70718,4.38318,5.61918,5.79518,6.35418,5.61918,3.41318,2.88318,3.67718,3.44218,3.06018,3.00118,3.06018
CO2_TUG_BCT2,2021-10-01,418,False,3,5.67876,5.50176,5.38476,4.85476,4.85476,7.00176,8.67876,10.2668,12.4138,13.6198,14.0318,12.9728,11.1198,11.3848,10.5018,7.38476,6.11976,6.14876,5.20776,4.67876,5.53176,7.26676,7.03176,4.70776,2.88476,1.79676,2.06076,2.64876,2.94376,2.76676,3.03176,3.85476,3.76676,3.59076,5.20776,6.11976,6.26676,6.97276,7.41376,7.29676,5.91376,3.32576,2.35476,2.26676,2.53176,3.79676,5.17876,6.61976,6.91376,6.53176
CO2_TUG_BCT2,2021-10-01,419,False,8,4.17406,6.32106,7.64506,9.17406,11.2331,11.7331,11.5271,16.8211,33.2331,51.2041,57.0561,54.1151,49.9681,47.2331,44.4091,40.2921,30.7331,18.9091,13.2921,10.5861,7.90906,7.85106,10.0861,11.7331,14.2331,18.2921,20.5861,21.0561,19.9981,18.4091,16.2621,13.9091,10.9681,9.52706,9.11506,8.73306,9.35106,11.9091,14.9391,15.8801,14.8511,12.9981,10.6151,7.08606,4.29206,1.96806,1.29206,1.46806,0.79206,-1.32594
CO2_TUG_BCT2,2021-10-01,433,False,20,8.00824,10.5962,11.5672,11.2142,10.2722,9.80224,9.80224,10.3612,12.0082,13.8312,13.8902,11.1552,6.89024,4.71424,3.91924,3.12524,2.86124,4.27224,3.56724,0.65524,0.30224,1.71424,3.53724,3.27224,0.80224,-0.69776,0.06724,2.15524,2.86124,2.77224,2.74324,2.77224,3.00824,3.47824,3.80224,4.53724,5.86124,5.86124,4.53724,3.74324,2.94924,1.44924,0.15524,-0.40376,0.86124,2.41924,3.89024,4.06724,2.74324,1.30224
CO2_TUG_BCT2,2021-10-01,447,False,20,8.74306,9.12506,8.65406,7.27206,6.65406,7.21306,8.15406,8.06606,8.86006,11.1541,12.2131,11.4191,9.47806,8.24306,8.59606,10.9191,12.0371,11.5071,9.41906,5.86006,4.50706,4.97806,5.86006,5.65406,4.53706,4.36006,4.91906,5.41906,5.03706,5.33106,6.71306,7.62506,7.94906,7.65406,6.97806,6.00706,5.74306,7.33106,10.4491,10.5661,7.00706,3.89006,4.03706,5.56606,4.65406,3.89006,4.24306,4.59606,4.15406,2.59606
CO2_TUG_BCT2,2021-10-01,459,False,28,4.80106,5.21206,5.00706,4.33006,4.44806,5.56506,7.47706,8.41806,8.68306,9.77106,11.4181,11.0651,9.59506,7.86006,7.41806,7.77106,8.30106,8.77106,9.27106,9.65406,10.6831,11.6241,9.97706,8.71206,8.68306,9.68306,10.6241,8.97706,7.83006,8.59506,10.4481,11.1541,10.7711,10.3601,10.3301,11.0361,11.5361,12.0651,13.0071,13.4771,13.3891,12.2711,10.3891,10.2711,11.3601,11.8891,10.0951,9.50706,10.7711,11.6831
CO2_TUG_BCT2,2021-10-01,471,False,6,0.73794,-1.29106,1.00294,10.2679,19.9739,24.5029,28.9149,35.8849,42.0619,48.2969,48.8269,41.6789,32.7969,27.6209,22.7379,17.7679,13.8269,9.35594,6.91494,5.47394,3.88494,3.62094,4.47394,4.91494,4.73794,4.29694,4.09094,2.88494,0.00294,-0.14406,2.94394,5.26794,5.67894,5.20894,4.35594,2.20894,-0.43806,-0.29106,2.14994,3.20894,4.09094,5.97394,7.14994,7.73794,7.76794,6.32694,4.44394,5.53194,6.03194,4.88494
CO2_TUG_BCT2,2021-10-01,495,False,10,2.85378,3.41278,4.00178,5.38378,6.11878,6.44278,7.11878,9.05978,12.8538,15.4128,15.8538,15.1778,12.8538,8.82478,7.11878,6.67778,6.23678,6.73678,7.20678,6.32478,3.76578,2.58978,2.64878,2.41278,2.20678,2.35378,3.50178,4.20678,1.47178,0.14878,0.58978,-0.08722,-0.46922,0.00178,0.76578,0.79578,-1.14622,-0.99822,2.11878,4.41278,4.58978,3.61878,2.55978,2.03078,3.20678,4.05978,4.17778,4.23678,4.70678,5.64878
CO2_TUG_BCT2,2021-10-01,704,False,6,4.4457,3.1227,1.8287,1.2697,2.5637,4.3877,6.6227,8.2407,10.2407,13.3877,13.7407,12.0637,12.5047,13.0047,12.4167,11.6227,10.6517,9.2407,8.7987,9.4167,9.9757,9.1227,7.2697,6.9167,6.2987,4.4757,3.4757,2.8877,2.0927,2.7107,4.2987,4.0927,3.7697,4.1817,4.5637,4.3577,3.1817,2.3877,1.3577,-0.4073,-0.4073,1.4167,2.7407,3.0927,2.3287,3.0047,5.0347,4.9167,3.4457,1.6227
CO2_TUG_BCT2,2021-10-01,734,False,15,2.67836,3.38436,4.44336,5.53136,6.29636,5.67836,5.85536,7.88436,10.0604,11.3254,12.2084,11.5024,9.20836,8.11936,8.61936,9.56036,9.06036,6.56036,2.41336,1.32536,2.23736,1.03136,-0.11564,0.20836,1.82536,2.50236,2.20836,2.32536,2.29636,1.03136,1.29636,3.29636,3.97236,3.64936,3.11936,2.70836,2.67836,3.32536,3.35536,2.94336,3.29636,2.76636,1.00236,0.56036,1.61936,2.50236,2.29636,1.14936,0.35536,1.23736
CO2_TUG_BCT2,2021-10-01,828,False,2,7.59682,9.21482,10.4198,10.9788,11.4788,12.3908,17.8318,29.2148,38.9498,47.3908,49.4788,48.4498,46.4198,43.2438,40.8618,38.7148,36.9788,34.7438,32.4198,29.5678,22.8908,14.6258,10.8908,10.0378,9.94982,9.68482,8.59682,8.62582,9.97882,10.8618,10.9498,10.3028,10.2148,10.1558,8.83182,8.65582,9.74382,8.89082,6.39082,6.03782,5.71482,4.86182,5.89082,7.41982,8.91982,9.39082,9.00882,8.74382,8.47882,8.00882
CO2_TUG_BCT2,2021-10-01,904,False,8,3.06018,2.70718,3.11918,4.03018,3.79518,3.41318,3.50118,4.91318,9.14818,13.9722,15.0602,13.4132,12.3832,11.5602,10.0892,8.94218,8.14818,8.06018,7.53018,6.14818,5.53018,6.14818,7.47218,7.50118,6.41318,6.14818,6.08918,5.88318,5.97218,5.14818,4.00118,5.14818,5.94218,5.61918,5.23618,4.03018,1.76618,1.29518,2.47218,2.50118,1.41318,1.35418,2.82518,4.97218,4.88318,3.91318,4.53018,7.79518,7.70718,3.73618
CO2_TUG_BCT2,2021-10-01,959,False,5,9.14936,9.73736,9.06136,7.20836,6.41436,7.47336,9.85536,11.3844,12.9434,15.0314,15.7674,15.3254,14.4734,13.7374,14.4434,14.8554,13.2964,10.1494,9.67836,11.7084,11.9734,10.4734,9.94336,9.64936,9.20836,9.67836,10.0904,10.1204,9.76736,8.35536,6.12036,4.35536,3.53136,4.79636,4.67836,2.64936,2.79636,4.76736,4.79636,4.50236,4.88436,5.12036,5.14936,5.03136,4.06136,1.94336,0.70836,1.73736,4.29636,5.17836
CO2_TUG_BCT2,2021-10-01,1060,False,11,0.53116,5.59016,7.44316,6.14916,5.79616,6.85416,8.76616,9.73716,10.0902,10.6192,11.0902,10.1782,6.94316,5.59016,6.17816,5.82516,4.94316,5.97216,7.29616,7.17816,4.64916,3.56016,4.23716,4.26616,3.61916,3.59016,3.61916,3.88416,5.03116,5.47216,5.00116,4.11916,3.14916,3.35416,3.44316,2.56016,1.44316,1.41316,2.47216,4.20716,5.91316,4.85416,3.00116,1.67816,2.09016,2.20716,1.35416,1.06016,2.41316,5.09016
CO2_TUG_BCT2,2021-10-01,1145,False,5,2.50706,2.24206,3.30106,3.53606,3.33106,2.83106,2.18406,4.06606,8.77206,11.4781,11.7721,10.1251,7.36006,3.47806,1.68406,2.03606,2.50706,1.38906,1.00706,1.94806,3.30106,4.77206,4.80106,4.68406,5.03606,4.91906,4.94806,6.21306,6.06606,5.00706,6.15406,6.94806,6.53606,5.65406,4.68406,4.94806,5.36006,4.24206,1.36006,1.15406,3.71306,4.71306,4.41906,4.91906,5.41906,4.77206,2.88906,3.62506,7.15406,8.38906
CO2_TUG_BCT2,2021-10-01,1159,False,27,12.1799,10.4439,9.06194,7.09094,3.76794,2.41494,4.56194,9.26794,11.7969,13.5029,16.0909,15.6209,12.1799,11.2969,12.0029,10.3269,8.82694,8.17994,8.03294,8.70894,9.97394,9.59094,8.03294,8.29694,8.91494,8.06194,5.47394,4.09094,4.00294,4.76794,6.64994,8.26794,8.47394,7.12094,5.06194,4.56194,5.35594,5.64994,5.70894,6.41494,6.85594,6.79694,5.82694,3.70894,2.32694,2.17994,2.38594,2.09094,1.47394,0.97394
CO2_TUG_BCT2,2021-10-01,1166,False,0,6.35948,7.21248,8.35948,8.62348,8.27148,9.47648,18.1535,35.6535,55.0945,77.0065,82.7715,80.2715,77.6235,72.6235,58.3885,39.2125,29.9185,27.2715,26.4765,24.0065,18.7415,15.4185,14.8595,17.0065,16.9185,14.0655,13.0355,14.2415,16.4185,15.9185,12.5355,10.4475,10.3005,11.2125,12.4185,13.1535,13.6535,13.5655,12.4185,10.7415,9.68248,8.41848,6.53548,3.91848,0.12348,-1.19952,0.21248,2.24148,4.24148,7.15348
CO2_TUG_BCT2,2021-10-01,1210,False,5,5.29754,5.56254,6.26854,8.38554,12.1795,13.7685,11.6505,7.26854,7.65054,13.7095,18.2975,16.9735,11.4735,8.65054,8.29754,8.03254,6.03254,2.73854,2.62154,4.23854,6.32654,7.82654,8.17954,6.50354,5.17954,4.56254,4.38554,4.82654,5.79754,6.44454,6.50354,5.79754,5.29754,4.76854,3.91554,4.15054,5.44454,5.76854,5.62154,6.47354,6.47354,5.62154,5.70954,4.91554,2.59154,1.20954,0.82654,1.12154,1.79754,2.76854
CO2_TUG_BCT2,2021-10-01,1223,False,3,4.98688,5.63388,6.45788,7.36888,6.92788,3.33988,2.51588,5.60488,11.5159,20.8689,25.6339,25.0159,22.2219,20.9579,21.9579,24.1629,23.9869,20.3689,16.3099,14.2809,13.1049,12.0459,10.1049,7.72188,6.57488,6.69288,7.86888,8.54588,8.57488,8.25188,8.48688,10.1929,9.86888,6.95788,5.01588,4.13388,3.10488,2.30988,2.48688,4.25188,4.42788,2.69288,1.83988,2.42788,3.95788,5.51588,6.78088,6.19288,4.78088,3.75188
CO2_TUG_BCT2,2021-10-01,1228,False,13,9.24442,12.0974,13.7444,14.5684,16.1274,18.2744,18.0684,16.2154,15.4214,18.8324,20.2744,18.5384,16.3034,14.3034,14.5384,13.4504,10.0384,8.65642,8.89142,9.39142,9.53842,8.86242,7.36242,6.00942,4.98042,5.27442,6.12742,7.03842,6.86242,5.98042,6.06842,5.33242,3.50942,3.30342,3.86242,4.45042,5.03842,5.06842,3.62742,2.62742,2.98042,4.48042,4.21542,2.06842,1.56842,2.59742,2.89142,3.06842,2.80342,1.00942
CO2_TUG_BCT2,2021-10-01,1296,False,24,8.85948,9.80048,8.94748,6.88848,6.91848,7.74148,8.77148,10.0065,10.9775,11.9775,12.3885,11.9775,10.8885,9.12448,5.77148,2.88848,3.21248,5.83048,6.62448,6.09448,6.77148,7.03548,5.71248,3.74148,3.94748,6.21248,7.47748,6.91848,4.85948,4.18248,4.97748,5.53548,6.30048,7.65348,7.83048,6.50648,5.12448,4.62448,3.38848,0.53548,0.56548,3.68248,5.50648,5.71248,4.97748,4.30048,3.77148,3.59448,4.03548,5.06548
CO2_TUG_BCT2,2021-10-01,1390,False,3,6.3979,6.8689,8.1039,7.7799,6.6919,8.2799,13.3099,25.6919,40.3689,47.1329,48.9269,47.0739,42.2209,39.9269,38.0739,32.4569,25.3389,21.8689,20.3979,18.3389,14.0449,9.8389,8.3689,7.7209,6.2209,6.4859,8.5739,8.6629,7.1629,7.3979,7.9859,8.3099,8.7799,9.0159,8.9269,8.0739,6.8979,7.3689,7.9269,7.7799,7.2209,6.2799,4.8689,4.3979,4.7799,5.1039,5.8389,7.2509,7.9569,8.0449
CO2_TUG_BCT2,2021-10-01,1401,False,13,8.63154,9.89554,17.1015,27.4545,32.0725,32.3955,31.9545,31.9545,32.4545,33.1315,33.8665,33.8365,33.3075,31.8665,29.6015,27.4545,24.9255,23.1315,20.8665,18.0135,16.5425,15.9255,15.5135,14.0725,11.3665,10.8955,12.6015,13.6895,14.8365,16.0135,14.7785,13.2785,12.3075,12.8365,15.1315,17.0135,17.4255,16.0725,13.2485,11.8365,11.5725,10.7485,8.39554,5.86654,5.36654,6.66054,8.18954,9.66054,11.4845,11.4545
CO2_TUG_BCT2,2021-10-01,1471,False,25,10.3334,11.0394,9.7454,9.6274,11.5394,13.7744,15.7744,15.3034,14.5974,14.9504,15.8034,15.5684,14.2154,13.6864,15.0094,17.6864,17.9214,15.8034,14.9504,14.5684,12.6274,11.0684,10.2154,10.1864,10.1274,9.8624,11.0684,14.0974,16.0974,17.3334,18.3034,17.2744,15.7454,14.2454,13.8624,14.9504,16.4504,15.9804,13.4804,11.8624,11.7154,12.3034,13.6274,15.3034,15.0684,14.6274,15.4804,17.4214,18.8334,19.8924
CO2_TUG_BCT2,2021-10-01,1478,False,11,2.73834,4.06134,6.62034,7.06134,8.79634,16.7083,28.1203,35.8553,42.3553,46.7383,46.8553,39.7963,33.5323,27.7963,22.9733,20.3853,18.2383,16.7963,16.9143,19.5913,21.9433,24.2673,26.3853,27.1793,27.5023,29.0323,29.9733,26.1493,22.8553,19.6793,15.2673,11.9143,8.73834,6.23834,3.00234,-0.11466,0.00234,2.67934,3.97334,3.20834,1.29634,0.12034,-0.46766,-0.67366,-0.40866,0.53234,1.67934,1.94334,1.50234,1.09134
CO2_TUG_BCT2,2021-10-01,1592,False,1,7.41848,8.27048,8.15348,8.80048,11.3295,14.8885,25.3595,47.7415,80.2125,120.006,123.182,100.388,64.1535,41.8005,34.8595,30.8295,29.8295,31.0065,30.7705,28.4765,24.1825,21.5065,21.9765,24.0655,23.5945,20.4475,18.6235,17.0655,14.7125,14.3005,15.0655,16.0065,16.0355,15.3885,15.2125,13.9475,10.9185,8.82948,6.77048,3.53548,2.56548,3.53548,3.71248,3.21248,3.18248,4.59448,5.47648,5.56548,5.30048,4.59448
CO2_TUG_BCT2,2021-10-01,1619,False,8,10.4438,12.5318,15.0908,17.4728,23.0318,32.0018,38.2078,43.6498,51.2078,61.1198,63.2078,59.7378,52.0018,43.0018,36.9438,30.6498,25.7968,23.1498,20.5018,18.1788,15.9138,15.2378,15.5608,15.8848,14.7078,11.9138,10.5018,10.2078,9.26676,7.32576,5.91376,4.91376,4.91376,5.79676,6.32576,6.85476,7.79676,8.20776,7.79676,6.76676,5.76676,5.70776,7.82576,9.11976,9.06076,8.59076,8.35476,8.41376,9.03176,9.73776
CO2_TUG_BCT2,2021-10-01,1646,False,9,1.5596,0.8826,1.0296,2.3826,4.9706,7.8536,11.7646,14.4416,15.9416,18.3536,20.7946,20.6476,18.4706,17.6476,17.5006,16.0296,14.6766,13.5886,12.9706,13.1476,14.3536,15.1476,14.7646,13.1766,12.7066,13.2946,13.2066,12.3236,11.0296,11.3536,12.4416,11.3236,10.7646,11.5006,11.5296,10.8826,10.8536,10.7356,9.8236,8.7946,9.4706,11.7356,12.6476,12.0886,11.3826,11.0296,10.2946,8.9126,8.4416,8.7356
CO2_TUG_BCT2,2021-10-01,1747,False,8,22.0335,22.1215,22.4445,22.2095,20.4745,20.3865,21.4155,20.5335,21.8565,26.2685,27.3565,24.5915,22.0625,21.6805,22.5335,23.0915,23.8565,25.1215,24.6505,22.3865,21.2975,21.8275,23.0035,23.2975,23.6215,24.4745,24.3865,22.7975,20.8565,19.6215,18.5915,18.1215,18.0625,18.0335,17.6215,15.7385,12.7095,11.5335,12.0625,12.5915,11.5335,9.44452,9.47452,10.2385,10.8275,11.3865,12.5915,14.2385,14.9745,15.0335
CO2_TUG_BCT2,2021-10-01,1748,False,8,3.58978,5.97178,9.58978,11.6488,11.7368,11.7658,13.2658,14.8538,16.4428,17.5308,17.8538,16.8248,15.4128,13.4428,11.7368,10.7068,9.61878,8.38378,6.44278,4.82478,4.55978,5.44278,6.61878,7.14878,7.44278,7.85378,7.61878,6.67778,6.08978,6.50178,8.14878,9.05978,9.00178,7.64878,5.29578,4.79578,4.91278,4.97178,5.76578,6.94278,8.64878,9.79578,9.88378,9.53078,10.0018,11.3838,12.1778,12.9718,14.2658,13.8538
CO2_TUG_BCT2,2021-10-01,1816,False,6,10.1245,10.0065,8.53548,6.56548,5.80048,7.09448,9.80048,10.4775,10.4185,12.6825,13.5065,12.2125,10.8005,9.30048,8.50648,7.71248,6.30048,5.68248,6.30048,7.68248,8.15348,7.77148,7.50648,7.24148,6.71248,6.12448,6.09448,7.41848,7.62448,6.56548,6.47748,7.80048,9.94748,9.27148,5.88848,4.59448,5.56548,7.71248,9.03548,8.68248,7.24148,6.18248,6.09448,7.44748,7.85948,7.03548,6.38848,4.91848,2.12448,0.94748
CO2_TUG_BCT2,2021-10-01,1841,False,6,8.26736,6.53136,5.41436,5.29636,6.00236,6.67836,8.62036,12.5024,15.3264,17.4734,18.5024,17.9144,15.7674,14.4434,14.2964,14.9734,15.1784,14.6494,13.5614,12.3554,12.8554,13.6784,14.2374,14.5314,15.0314,15.9434,16.1204,15.2374,14.0314,13.3554,13.2964,13.9434,13.9144,13.0314,12.5904,12.7674,13.2674,13.7374,14.2374,14.4434,14.2374,13.7084,12.9434,11.5024,10.1784,10.2964,11.1784,10.8264,9.50236,7.53136
CO2_TUG_BCT2,2021-10-01,1844,False,25,7.17954,7.26754,8.09154,9.06154,8.88554,8.97354,9.79754,9.91454,9.97354,11.3565,11.8565,10.3265,7.73854,6.53254,6.38554,6.53254,7.70954,9.91454,9.94454,7.97354,7.38554,8.41454,10.2975,10.9735,10.3855,9.73854,9.70954,8.73854,5.56154,4.67954,6.35654,7.38554,6.79754,4.70954,3.85654,4.65054,5.82654,6.32654,6.26754,5.41454,4.23854,4.62054,4.59154,3.97354,4.67954,5.29754,5.44454,5.85654,6.32654,5.85654
CO2_TUG_BCT2,2021-10-01,1845,False,23,11.1241,12.5951,13.1541,12.0651,9.65406,8.18306,8.50706,11.0361,13.8011,16.6541,17.0361,16.0361,16.9481,15.7711,10.9771,7.44806,6.47706,6.36006,6.18306,6.18306,6.86006,7.00706,6.12406,5.06506,5.50706,7.24206,7.50706,6.44806,6.24206,6.56506,6.59506,6.00706,6.50706,8.27106,8.74206,7.91806,7.53606,8.06506,8.53606,7.27106,5.71306,4.24206,3.97706,4.59506,4.77106,5.83006,7.21306,5.86006,5.09506,5.80106
CO2_TUG_BCT2,2021-10-01,1908,False,3,6.03076,6.53076,6.64876,5.70776,3.58976,2.44276,4.20776,8.50176,11.3548,13.2668,14.3548,14.0308,13.1198,13.1778,12.1488,9.38376,7.94276,7.53076,7.17776,7.76676,8.67776,7.82476,7.70776,8.88376,8.61976,6.58976,5.29576,5.82476,7.20776,7.06076,5.53076,3.17776,2.53076,3.79576,5.26676,6.23676,7.00176,6.91376,6.03076,4.61976,4.08976,4.00176,3.32476,3.11976,3.53076,3.79576,4.06076,4.47176,4.17776,2.79576
CO2_TUG_BCT2,2021-10-01,1946,False,6,7.07194,10.3069,12.6309,13.0419,12.6309,12.3659,12.1009,12.1009,15.8069,24.7189,30.8659,29.2189,21.9249,15.0419,7.54194,3.42494,3.45394,5.04194,5.54194,5.65994,5.98394,5.27794,3.42494,2.63094,3.71894,6.30694,7.95394,8.33694,8.36594,8.45394,9.15994,10.5129,10.8069,10.4249,10.8369,10.7779,9.80694,8.68994,7.68994,7.98394,8.83694,9.83694,10.3369,10.6309,11.0129,10.6599,10.2189,11.2189,10.7479,8.74794
CO2_TUG_BCT2,2021-10-01,1967,False,16,10.2662,10.7952,12.1772,12.7072,12.7952,13.4132,13.3252,13.3832,15.5602,17.3542,18.2952,17.2952,14.0602,11.7952,11.7952,12.6772,12.5302,12.8542,14.2362,15.2072,16.0012,16.7072,16.9132,16.4722,15.5302,15.0602,15.1192,16.2072,19.2662,22.3252,21.7362,18.1192,16.1482,15.2072,13.9132,14.0892,15.4132,15.4132,15.1192,15.5302,16.3252,15.6192,13.5602,14.1192,16.5602,16.2072,16.2072,17.9422,18.8832,19.0012
CO2_TUG_BCT2,2021-10-01,1972,False,28,14.6493,13.8263,12.4433,13.1793,14.1493,14.2673,13.5903,13.3853,13.9143,14.9143,15.4143,13.5323,12.2673,12.3263,12.8553,13.5613,14.2963,12.8853,9.17934,7.50234,8.85534,11.6793,12.5023,13.1793,14.7083,13.4433,10.0323,10.0323,10.8553,10.5323,9.73734,10.4433,12.5903,12.6793,11.1793,11.3553,11.4143,10.3263,9.38534,9.09034,9.09034,9.41434,10.5903,12.1493,12.3263,12.1793,13.6203,13.0613,9.73734,6.70834
CO2_TUG_BCT2,2021-10-01,1976,False,6,16.2379,15.1499,14.3849,15.1499,16.2679,17.5319,18.4729,18.7679,18.9439,19.9149,20.6209,18.2679,14.9729,11.7089,11.2089,11.4439,11.2089,11.9439,12.6209,10.3849,7.88494,5.32594,3.47294,3.12094,3.53194,3.91494,5.12094,7.41494,8.14994,7.59094,7.53194,7.23794,6.53194,7.62094,10.1499,10.3259,9.41494,8.85594,9.44394,10.6789,11.6789,10.7089,9.64994,9.09094,9.09094,9.53194,9.76794,9.79694,9.73794,9.23794
CO2_TUG_BCT2,2021-10-01,1981,False,6,8.03136,7.73736,4.56136,1.59036,1.20836,2.70836,5.53136,12.6784,22.0614,27.5904,30.6494,30.5904,27.7374,22.7964,19.1494,15.5614,12.3554,10.1494,8.14936,7.73736,6.64936,3.97236,3.26736,4.50236,5.06136,3.94336,1.35536,-0.11564,0.91436,3.79636,5.97236,8.03136,9.53136,9.06136,7.94336,8.94336,8.56136,5.97236,5.32536,7.03136,8.56136,8.17836,6.44336,6.29636,8.29636,10.3554,10.7374,10.3554,10.7674,10.7084
CO2_TUG_BCT2,2021-10-01,1982,False,8,2.7397,0.7987,0.2697,1.2987,4.3287,6.9757,8.4167,10.3867,12.7697,14.0047,14.5637,14.5047,13.5927,12.3577,11.2987,9.5927,7.7397,7.2107,7.7107,8.8867,10.7987,11.6227,10.7107,8.1227,5.7397,4.6817,4.0637,3.3867,2.6517,2.5927,2.3287,1.6517,1.6817,2.0927,2.5927,2.7987,2.5927,2.1227,1.8287,1.3287,0.3287,-0.6133,-1.4073,-0.2303,3.0047,4.6227,4.5047,3.3287,1.6517,0.6817
CO2_TUG_BCT2,2021-10-01,2001,False,4,20.0951,20.7711,20.7421,19.8301,18.8301,19.7421,22.6541,25.8891,33.5951,44.9771,49.1241,47.2131,44.1541,38.8301,33.5361,32.4481,34.5661,36.3601,36.3011,35.4191,35.5661,35.2421,33.7131,31.6541,29.2131,28.8011,29.5661,30.4191,29.6241,26.6241,23.8891,22.0071,20.7421,21.8601,22.4191,21.5951,20.8301,19.8301,18.6241,17.8011,16.5661,14.9771,14.7131,15.6241,16.3601,15.7131,12.9771,11.8891,11.4481,8.74206
CO2_TUG_BCT2,2021-10-01,2012,False,25,12,13.264,14.647,14.647,13.323,12.676,13.029,13.735,13.823,14.353,15.617,15.382,13.588,12.558,11.764,10.588,10.264,9.705,8.47,8.794,9.882,8.705,7.676,7.705,9.117,11.941,13.353,13.382,12.205,9.853,8.735,9.058,10.058,11,12.029,12.676,12.735,12.058,11.853,12.235,12.176,11.264,10.088,9.588,9.529,9.441,8.735,7.47,7.911,9.941
CO2_TUG_BCT2,2021-10-01,2155,False,6,9.118,8.618,9.03,8.971,8.147,8.118,8.765,8.853,9.383,10.765,11.412,11.03,10,8.824,7.353,6.677,6.794,7.03,6.735,6.059,5.088,4.706,5.353,6.765,7.383,6.765,5.353,4.647,4.618,4.971,4.971,3.677,3.735,5.53,6.735,7.559,8.206,8,7.088,6.53,5.765,4.412,4.206,5.294,6.235,6.353,4.971,2.118,0.471,0
CO2_TUG_BCT2,2021-10-01,2171,False,8,14.3305,13.2715,16.5065,31.0065,51.5365,59.4185,58.0065,59.0955,64.8005,69.5065,70.8005,69.5365,66.3305,61.8595,55.1535,49.2125,45.5365,48.7425,50.8005,48.8595,45.9485,42.3305,36.8895,33.0655,29.9185,27.8895,27.8005,27.7425,25.6535,24.5655,24.9775,26.1835,28.3305,29.6835,29.6245,29.1835,29.5955,29.5365,28.6835,28.5065,29.3895,30.7125,32.3895,34.8005,35.8595,35.0655,33.2125,32.5955,33.6535,35.2425
CO2_TUG_BCT2,2021-10-01,2178,False,13,3.85418,7.88318,10.9422,11.8242,11.6772,11.1182,10.1772,8.97118,10.0302,12.7662,12.7952,12.2072,11.6182,9.85418,8.00118,5.91318,4.20718,2.20718,0.61818,0.53018,1.41318,1.79518,1.14818,-0.23382,-0.70482,-0.32282,-0.05782,0.20718,0.67718,0.91318,0.94218,0.88318,0.47118,0.00118,0.56018,1.76618,3.94218,5.94218,5.79518,4.06018,3.67718,5.20718,7.03018,7.26618,5.94218,4.61818,4.79518,6.26618,7.82418,9.08918
CO2_TUG_BCT2,2021-10-01,2199,False,0,35.2656,34.0006,33.2946,33.1776,32.9416,32.4716,32.2356,32.1776,31.9126,31.2066,30.3536,28.9126,26.5306,25.3826,25.4716,25.8536,25.3826,24.0006,23.3826,23.9416,24.8826,24.6476,24.2656,24.1186,23.4126,22.0006,21.2946,21.0006,19.3536,16.2066,15.7356,17.7946,18.2656,17.0006,16.3246,16.5596,17.7356,19.2946,19.3246,17.8246,15.8246,13.8536,14.3536,15.2656,15.1476,14.1186,14.6186,16.7656,17.0886,16.0596
CO2_TUG_BCT2,2021-10-01,2244,False,4,2.67718,2.73618,3.50118,5.41218,7.67718,7.97118,7.14818,10.0892,16.5892,18.5892,18.8242,18.7072,15.9712,14.9122,16.0012,16.0012,14.6772,13.6482,10.8542,4.73618,0.35418,-0.20482,1.00118,1.03018,-0.05782,-0.26382,0.29518,2.20718,5.14818,5.64818,4.00118,3.35418,2.76518,0.58918,0.73618,4.08918,6.76518,6.47118,4.11818,2.41218,2.26518,4.23618,4.58918,4.05918,6.08918,6.88318,5.58918,4.29518,3.73618,4.85418
CO2_TUG_BCT2,2021-10-01,2251,False,0,14.1835,12.9485,11.4485,10.3595,9.88946,9.83046,9.80146,9.65446,9.88946,11.0365,11.4775,10.9185,9.38946,7.47746,7.88946,8.21246,7.62446,7.62446,7.80146,7.68346,6.62446,5.21246,5.94846,7.00646,7.83046,8.53646,8.80146,8.77146,8.15446,6.03646,3.44846,4.09546,7.71246,9.50646,9.03646,7.59546,6.68346,6.35946,6.56546,6.62446,6.88946,8.12446,9.27146,10.1245,9.30146,7.47746,7.77146,7.09546,4.15446,2.06546
CO2_TUG_BCT2,2021-10-01,2260,False,11,16.4806,17.2456,16.8926,16.0106,16.8926,17.1866,15.8926,14.6866,15.8046,18.8926,19.2746,16.4216,13.8636,13.3046,14.1576,15.3636,16.0986,16.5106,15.8636,14.4806,14.5106,15.1276,15.8926,16.5106,16.0686,14.5396,12.7456,11.0106,11.1866,11.3926,11.4806,12.8336,13.2456,12.4806,12.4216,12.8336,12.3636,12.0106,12.4216,13.3636,13.8336,13.7746,12.8926,11.4806,11.6276,13.0106,14.2456,13.0396,11.7746,11.3046
CO2_TUG_BCT2,2021-10-01,2264,False,29,11.9416,10.8536,10.0886,10.7946,11.3246,10.7066,9.35358,9.11858,10.2066,12.5006,15.8536,16.7066,15.7656,14.2946,13.7066,14.5596,16.5296,17.9416,17.5886,14.6476,13.7946,15.2656,14.7946,12.0886,10.7066,10.8536,12.0296,13.5006,12.8246,10.1476,9.29458,10.7656,12.4716,11.9416,10.1476,10.6186,11.3826,11.5006,11.2946,9.64758,6.47158,5.82458,7.97158,9.79458,9.91258,9.00058,8.44158,9.08858,11.2066,12.2656
CO2_TUG_BCT2,2021-10-01,2269,False,18,34.824,32.559,30,27.471,26.912,27.941,30.265,35.265,40.236,42.265,42.471,41.559,39.471,36,33.353,30.794,28.794,27.471,27.177,29.412,30,28.206,26.441,25.383,26.412,27.941,29.53,30.618,30.941,30.03,29.618,30,30.059,28.677,25.824,24.089,22.736,20.853,18.294,14.912,14.059,15,16.294,15.647,13.383,13,14.059,16,17.736,19
CO2_TUG_BCT2,2021-10-01,2270,False,4,0.56194,1.73794,0.88494,-1.61506,-1.73306,-0.29106,2.11994,7.03194,17.7379,28.1789,30.9139,28.5319,26.2379,24.2089,21.0619,17.2969,11.0029,5.32594,4.94394,8.94394,12.4139,13.0909,12.1499,10.7379,8.79694,7.94394,8.41394,8.88494,7.79694,7.64994,8.79694,8.47294,7.38494,8.59094,9.76694,9.67894,8.47294,7.56194,7.00294,6.79694,7.00294,7.70894,9.76694,13.0909,14.0619,14.0619,14.5029,14.9439,15.2089,14.7089
CO2_TUG_BCT2,2021-10-01,2287,False,8,5.50236,6.53136,7.85536,9.09036,8.67836,8.73736,11.0024,14.4144,16.8254,18.8254,19.2674,18.2084,17.1194,15.7374,14.0614,14.2374,14.3254,13.5024,13.1784,12.8844,11.7964,11.8844,13.6784,15.2374,15.0904,13.7374,13.1194,13.7374,15.1784,16.0904,16.4144,16.1194,15.4434,14.3554,13.0614,12.0614,13.0614,14.2374,14.3554,12.9724,12.3254,12.5614,11.8254,9.73736,8.38436,8.53136,9.67836,10.6784,11.4434,12.4724
CO2_TUG_BCT2,2021-10-01,2319,False,19,16.7993,15.5933,15.7993,17.3573,17.8873,18.2403,19.1523,19.7403,20.7403,22.5343,22.6223,20.1523,17.0053,15.1523,14.5343,15.6813,16.2993,15.9163,15.3573,14.1523,12.4753,11.3573,9.6223,7.0933,6.3573,7.0933,7.2403,7.5343,9.2693,9.1223,6.2103,3.7103,3.5633,4.7693,4.4753,2.2103,0.3873,0.2993,1.4163,2.2103,1.3283,-0.9067,-1.2597,0.9463,3.3873,3.2403,1.0053,0.0053,1.2693,4.0053
CO2_TUG_BCT2,2021-10-01,2323,False,9,2.03234,2.17934,2.82634,2.20834,2.20834,2.82634,2.35534,3.62034,7.62034,11.8553,15.3853,14.2673,13.0903,13.0903,12.0613,10.7083,9.23834,8.76734,9.14934,9.41434,9.76734,10.9433,12.6493,13.8553,14.7673,14.3553,13.0023,13.0023,13.3553,13.4143,13.2673,12.0903,9.73834,8.56134,8.41434,8.50234,9.29634,11.4143,13.4733,13.7963,12.9143,12.1203,10.8853,9.14934,7.62034,5.41434,3.38534,3.29634,4.62034,5.35534
CO2_TUG_BCT2,2021-10-01,2334,False,16,25.0035,26.5925,28.7685,31.5625,32.5625,32.2395,32.2985,34.6215,39.3865,42.1215,42.6505,41.6805,40.7985,40.2095,39.7095,38.9745,37.9745,35.3275,30.3565,27.4155,25.9455,24.1215,23.8865,25.1805,25.8275,25.4745,24.7685,24.6505,23.8865,22.1215,21.9745,23.9745,25.9745,25.7395,23.2395,20.8865,20.1505,20.8865,23.2395,25.7095,25.7395,23.5035,21.6215,21.0335,21.0625,21.6505,22.1215,21.0625,21.2095,23.4455
CO2_TUG_BCT2,2021-10-01,2366,False,15,11.0643,13.7403,14.5343,13.2993,11.0643,11.0933,13.5343,15.2403,16.1223,17.3283,18.1523,17.5053,15.7993,15.8583,16.6813,14.9173,12.6813,10.3873,8.9463,8.3583,7.8873,7.7693,7.2693,5.7693,6.0053,8.0053,8.7113,8.6223,8.5053,8.0053,8.2403,10.6523,10.7993,8.1813,6.9173,7.9173,10.2113,10.9463,10.3873,10.2993,9.6223,7.0643,4.0933,3.5343,4.7693,5.3283,5.6523,6.7403,6.6523,4.8583
CO2_TUG_BCT2,2021-10-01,2524,False,10,4.32518,8.47218,14.2362,15.5302,14.0602,12.2072,12.5012,15.2072,17.5602,19.8542,22.0302,20.2952,16.2952,10.8832,8.08918,7.53018,7.67718,7.14818,5.53018,4.29518,3.50118,2.50118,1.85418,1.79518,2.44218,2.56018,2.85418,4.79518,6.38318,7.23618,5.82518,2.11918,0.26618,0.26618,0.73618,1.06018,1.79518,3.14818,3.29518,1.73618,-0.05782,-0.20482,0.41318,-0.11682,0.67718,3.32518,4.08918,3.32518,3.53018,3.70718
CO2_TUG_BCT2,2021-10-01,2525,False,5,6.12154,4.15054,3.03254,1.67954,1.79754,4.06254,7.26854,14.1215,31.1795,49.5915,52.0915,42.1215,32.8265,23.2385,17.1215,13.9445,11.2385,11.6505,12.1215,11.2685,10.3855,9.85654,10.2385,10.0035,9.12154,9.12154,7.62154,3.91554,2.03254,1.79754,2.00354,3.59154,6.41554,7.03254,6.06254,4.47354,3.09154,3.23854,6.44454,7.73854,6.59154,5.85654,5.59154,5.59154,6.23854,6.20954,5.26854,4.38554,3.85654,4.44454
CO2_TUG_BCT2,2021-10-01,2536,False,13,5.00118,8.76518,10.0592,10.8532,13.1482,15.0012,15.3532,15.0592,15.8832,18.6772,21.2952,20.6182,16.7362,13.6482,12.5012,12.0012,12.1182,12.0892,10.7652,10.5892,11.9422,13.1772,14.6772,15.9122,15.0012,12.0012,10.1182,9.70618,9.61818,9.11818,7.94218,6.97118,6.35318,5.14818,3.55918,3.29518,4.23618,5.35318,6.35318,6.03018,5.05918,4.53018,5.73618,6.82418,7.29518,6.64818,5.26518,5.17718,4.85318,3.73618
CO2_TUG_BCT2,2021-10-01,2543,False,3,6.00236,5.62036,4.73736,4.70836,5.35536,5.35536,5.82536,10.9734,21.5024,28.0904,31.2374,29.9434,24.0024,19.4434,17.5314,16.4734,16.5314,15.5024,12.7964,11.6204,10.5024,7.20836,5.35536,4.88436,4.41436,4.17836,4.20836,4.64936,5.35536,5.26736,4.47336,3.73736,4.62036,6.64936,9.44336,9.88436,7.94336,6.59036,6.59036,6.56136,5.20836,4.79636,5.62036,6.12036,6.41436,6.88436,7.03136,6.35536,4.91436,3.97336
CO2_TUG_BCT2,2021-10-01,2554,False,21,15.2366,16.5596,16.0596,14.8836,14.7366,15.5896,16.8836,16.6486,16.2656,18.8536,20.4716,19.7656,17.7066,15.3536,12.1776,8.88358,4.94258,3.23658,4.41258,7.08958,7.26558,4.61858,2.53058,2.17758,2.82458,3.44258,3.00058,1.58958,0.64858,0.08958,0.00058,1.11858,3.23658,3.82458,2.91258,1.94258,3.00058,4.76558,6.58958,6.11858,3.41258,2.08958,2.61858,3.94258,4.00058,3.14858,3.35358,3.58958,3.88358,4.88358
CO2_TUG_BCT2,2021-10-01,2556,False,13,2.85848,4.88848,6.27048,6.68248,8.59448,13.4475,18.8295,25.4475,30.3005,35.1535,38.7115,36.5645,29.2705,22.8295,17.4475,16.7415,17.3585,16.0945,13.2415,11.6235,11.2115,11.3295,10.5945,8.80048,8.27048,8.62348,8.32948,9.32948,12.0355,13.1535,13.8005,15.9475,15.7705,13.5945,13.8005,14.3005,13.8005,12.3885,10.0065,8.82948,8.53548,7.35848,5.06448,4.35848,5.15348,5.71148,6.47648,7.88848,8.59448,8.68248
CO2_TUG_BCT2,2021-10-01,2562,False,4,3.32948,2.56448,1.82948,1.91748,2.80048,4.38848,9.24148,35.4475,85.3885,118.27,133.711,127.506,109.447,83.8885,66.4475,52.4765,42.8595,38.4765,35.1535,34.2415,36.3885,40.3885,40.2415,35.0945,30.5645,28.6535,27.3595,24.8595,18.4475,10.6235,6.82948,5.03548,3.68248,3.62348,4.41748,4.30048,3.88848,4.94748,4.85948,3.09448,2.06448,1.24148,0.03548,0.97648,4.18248,5.85948,6.27048,6.50648,6.32948,6.59448
CO2_TUG_BCT2,2021-10-01,2566,False,29,9.94866,10.0957,10.0957,9.38966,8.94866,8.91866,9.12466,9.36066,9.30166,10.4777,13.0367,13.7717,12.0657,8.83066,7.71366,7.50766,5.36066,3.80166,3.15466,2.91866,2.88966,2.88966,2.88966,2.88966,2.88966,2.88966,2.88966,2.91866,3.15466,3.62466,3.86066,3.88966,3.83066,3.30166,1.88966,0.56566,0.74266,2.12466,2.83066,1.50766,-1.87534,-2.46334,0.36066,2.97766,4.06566,4.50766,4.18366,5.38966,10.8607,16.0367
CO2_TUG_BCT2,2021-10-01,2579,False,6,2.86712,0.54312,-0.77988,-0.69188,0.57312,1.95512,4.01412,9.51412,21.1311,30.7781,33.6901,32.1311,28.3371,26.2201,25.3081,23.4251,20.1021,18.3961,17.7491,17.0431,17.0431,17.2201,17.2201,16.8961,15.7201,14.1311,13.7201,13.3961,11.5141,10.3961,10.2201,10.2201,11.6311,15.1901,17.1611,16.9251,15.4251,15.6901,17.7781,17.7491,15.3081,13.6901,13.5731,14.2491,14.9251,14.9551,14.5431,14.5141,14.7201,14.4841
CO2_TUG_BCT2,2021-10-01,2585,False,7,-0.05782,2.50118,5.23618,5.61918,4.56018,4.64818,7.38318,12.9422,18.4132,24.8542,28.3542,27.0892,23.1482,21.6772,23.0602,25.4722,23.4722,17.5302,15.7952,15.6192,14.5602,14.4422,15.5302,17.4422,18.3252,17.9722,17.0602,16.8252,17.2362,17.4722,17.5012,17.4422,16.8252,14.7072,11.7662,9.47218,6.50118,3.88318,4.47218,7.47218,7.70718,5.08918,3.73618,3.94218,4.17718,3.23618,2.58918,2.61918,3.56018,5.44218
CO2_TUG_BCT2,2021-10-01,2598,False,3,1.873,0.167,0.138,1.667,2.167,2.609,5.638,11.667,19.226,29.315,32.903,28.344,20.873,17.903,18.197,18.02,16.432,13.579,12.256,12.785,14.079,13.697,10.726,7.491,6.667,7.579,8.991,10.932,11.697,10.55,8.903,9.903,11.373,12.373,12.109,10.52,9.373,9.079,7.873,4.962,4.52,6.55,6.844,5.579,5.579,5.873,5.462,4.491,3.785,3.197
CO2_TUG_BCT2,2021-10-01,2615,False,9,10.6482,11.9422,12.2952,10.6482,9.56018,9.53118,10.5312,12.8842,14.8542,16.0012,16.2952,14.4722,11.9722,9.17818,9.11918,11.2952,11.7952,11.7072,11.8842,11.6782,11.7072,12.0602,11.6782,11.0012,11.6782,12.0012,11.1482,9.91318,8.94218,8.08918,8.70718,10.2952,10.1192,10.1482,11.9422,14.1782,14.2372,12.4132,10.9722,9.67818,8.76618,8.76618,9.67818,10.8252,11.0892,10.7372,10.8842,11.0892,10.1482,9.44218
CO2_TUG_BCT2,2021-10-01,2616,False,22,3.56194,6.62094,10.5329,11.5909,10.6209,10.2379,9.20894,7.12094,7.76794,10.9149,11.7379,10.5029,8.09094,6.20894,5.62094,5.56194,5.67994,6.62094,8.41494,8.62094,7.09094,5.91494,5.59094,5.59094,5.79694,6.03294,5.91494,6.56194,7.70894,7.23794,6.64994,6.47394,5.85594,5.14994,5.88594,6.67994,6.76794,6.14994,6.41494,7.88594,9.44394,10.7089,10.3269,10.3269,10.7089,9.64994,9.73794,11.5619,12.9739,14.0329
CO2_TUG_BCT2,2021-10-01,2617,False,9,1.47158,2.61858,2.23658,2.41258,4.20658,7.20658,18.5896,41.3836,60.6776,77.5596,82.3246,80.0006,76.0006,72.0596,65.7656,55.0006,47.4716,42.1186,39.7956,39.8536,41.2656,43.3246,43.8246,43.2066,44.4426,48.1476,50.3536,47.7366,39.7956,32.9426,30.4426,29.3836,25.8836,16.6776,6.79558,3.00058,3.26558,4.58958,4.58958,3.32458,3.14758,4.47158,5.97158,7.05958,7.35358,5.73658,4.88358,5.38358,6.82458,8.03058
CO2_TUG_BCT2,2021-10-01,2623,False,7,1.50882,3.80382,5.59782,5.47982,4.30382,5.56782,12.7738,23.7448,33.3618,44.0388,49.2448,48.4508,45.1268,42.7148,39.2148,33.8038,29.3328,23.8618,19.1858,17.7738,18.0678,18.5088,20.1858,23.3618,24.1858,23.4508,24.3328,24.6858,23.8038,22.7148,20.5388,17.7448,16.7148,16.8038,16.5678,16.3618,16.1858,14.9208,11.8618,9.24482,8.12682,7.33282,6.68582,6.89182,7.92082,9.24482,10.4798,10.0088,9.27382,8.00882
CO2_TUG_BCT2,2021-10-01,2634,False,11,4.94276,5.79576,5.29576,4.58976,5.50176,7.76676,11.3838,14.8838,18.6198,20.0608,20.1488,19.4138,17.3258,16.4138,16.8838,18.2078,19.8838,19.6198,18.6778,16.9428,14.3838,13.4138,13.7368,13.9428,13.7368,13.2668,12.9428,12.2078,10.9728,11.6778,14.3258,14.9728,13.2668,11.6488,11.3258,11.7958,12.3548,12.1488,10.1488,8.20776,7.11976,8.00176,8.35476,7.47276,6.47276,5.00176,3.70776,3.79576,3.03076,-1.02724
CO2_TUG_BCT2,2021-10-01,2635,False,24,16.6852,18.4202,18.3612,17.5382,19.1552,20.1852,19.9792,20.6852,23.9502,28.2442,28.6262,24.6262,20.4202,19.0672,19.3322,19.4202,19.6852,20.9502,22.1852,22.5082,20.8612,19.7732,19.3022,16.8022,12.3322,10.9792,9.92022,6.95022,5.21422,5.97922,8.09722,7.77322,5.80222,6.62622,8.50822,10.3022,10.7142,10.1262,9.00822,7.42022,5.47922,5.21422,5.12622,3.30222,0.33222,-0.40278,0.92022,2.24422,3.03822,2.42022
CO2_TUG_BCT2,2021-10-01,2644,False,12,3.09134,1.82634,0.00234,0.00234,1.76734,3.06134,6.00234,11.6793,14.7973,16.0913,17.1793,16.6793,12.9733,7.62034,5.65034,6.17934,5.85534,5.20834,6.50234,6.67934,5.41434,5.29734,4.70834,2.91434,2.23834,2.82634,3.62034,4.53234,5.50234,5.29734,5.15034,5.41434,4.53234,2.67934,2.35534,2.15034,2.20834,4.29734,5.38534,5.06134,4.53234,3.56134,2.44434,2.26734,1.97334,0.12034,-0.76166,-0.43866,-0.11466,0.62034
CO2_TUG_BCT2,2021-10-01,2649,False,8,6.38476,5.23776,3.47276,3.56076,4.61976,3.64876,4.70776,11.3848,20.3258,25.9428,29.7958,28.7078,22.1198,16.8258,14.5018,13.6488,15.0018,15.5908,14.7078,13.4728,11.5318,9.88476,9.32576,9.26676,9.26676,9.26676,9.29576,9.56076,10.2668,10.9138,10.7078,9.67876,8.29576,6.59076,6.29576,7.56076,8.29576,5.47276,3.53176,3.32576,3.64876,3.41376,1.59076,0.91376,1.47276,1.41376,0.76676,-0.08624,0.29576,1.41376
CO2_TUG_BCT2,2021-10-01,2650,False,5,0.97118,1.26618,1.85418,2.11818,1.17718,0.53018,0.82418,4.14818,12.3832,19.4132,19.6482,14.5012,10.0302,8.58918,8.38318,7.97118,7.50118,8.03018,8.88318,9.64818,9.58918,8.94218,8.00118,7.73618,7.91318,7.67718,7.61818,8.76618,11.0302,11.5012,10.0892,8.35418,7.08918,8.20718,8.73618,7.70718,6.76618,6.47118,6.44218,6.47118,6.70718,7.06018,6.32418,4.23618,2.94218,3.53018,5.23618,5.03018,3.03018,2.23618
CO2_TUG_BCT2,2021-10-01,2651,False,8,1.23736,1.59036,3.53236,11.7964,25.7964,35.0904,41.3554,42.9434,41.8844,43.1794,43.2674,39.9144,35.1794,29.4144,21.0324,15.5904,12.0324,10.1494,9.82636,10.5024,11.7084,10.7674,7.50236,5.56136,5.82636,8.17936,9.47336,9.17936,8.17936,7.23736,6.17936,5.38436,5.56136,7.35536,7.64936,5.44336,2.79636,1.29636,0.23736,-0.11564,0.76736,2.70836,4.17936,5.70836,7.03236,6.85536,5.50236,4.64936,3.38436,1.14936
CO2_TUG_BCT2,2021-10-01,2658,False,21,4.62878,4.42278,4.83478,6.45278,9.27578,10.4818,10.4228,10.5998,10.4228,10.2178,11.0698,11.0118,9.48178,7.21778,4.54078,4.33478,4.95278,4.56978,3.12878,3.86478,7.04078,8.65878,8.62878,8.01178,6.59978,4.21778,3.15878,3.95278,5.83478,6.71778,6.36478,5.45278,5.15878,5.09978,4.39378,3.95278,3.95278,4.36478,4.83478,4.21778,2.77578,1.54078,2.62878,2.95278,1.74678,1.51178,2.36478,2.80578,2.68778,2.68778
CO2_TUG_BCT2,2021-10-01,2664,False,12,3.21248,2.85948,5.24148,10.9775,15.0065,17.9475,20.1245,24.9475,35.0945,42.4775,43.4775,40.8305,35.6535,27.5065,23.1535,19.8595,14.4475,12.1535,12.5065,13.3005,12.4475,10.3885,10.4775,11.5655,11.8885,10.3595,10.2125,11.8005,11.5355,9.06548,7.30048,6.06548,4.85948,5.24148,5.12448,3.77148,3.00648,3.85948,6.41848,7.53548,7.00648,6.30048,6.03548,5.94748,5.53548,5.06548,5.53548,5.94748,6.00648,5.91848
CO2_TUG_BCT2,2021-10-01,2667,False,10,8.76812,10.1511,10.8271,10.7091,10.8271,10.0921,8.26812,7.65112,8.70912,10.4151,11.4741,11.3271,9.41512,8.06212,7.44512,7.15112,6.65112,5.70912,5.26812,5.44512,5.88612,5.88612,5.38612,4.73912,4.23912,4.73912,5.29812,5.12112,3.82712,2.20912,0.26812,-0.37888,0.44512,1.59212,1.97412,2.50412,4.03312,4.00412,2.26812,1.56212,1.91512,2.20912,2.62112,2.85612,1.82712,0.47412,-0.84888,-0.20188,2.06212,2.65112
CO2_TUG_BCT2,2021-10-01,2674,False,3,2.70836,2.38436,1.26736,1.06136,1.44336,1.97336,3.38436,11.4144,27.3844,39.5614,44.9734,37.2674,28.2964,20.9734,18.1794,18.9434,19.7674,19.0324,16.4734,14.0614,12.7674,11.7964,11.8554,13.2084,14.7674,16.3264,17.5614,16.2964,14.5614,12.7964,10.5614,8.12036,8.23736,8.03236,6.26736,5.29636,4.94336,4.53236,4.79636,5.94336,6.79636,6.38436,4.91436,3.64936,3.32636,4.91436,5.62036,5.53236,6.47336,7.12036
CO2_TUG_BCT2,2021-10-01,2684,False,5,2.85536,4.53136,5.59036,5.47236,4.23736,3.09036,2.38436,4.88436,13.0604,21.5314,23.0604,19.9134,18.3254,16.9134,14.0604,12.1784,11.0604,10.5904,10.6194,11.3254,12.5024,11.3254,7.56036,4.97236,3.32536,2.67836,3.06036,4.09036,5.20736,6.20736,6.00236,5.82536,6.00236,5.79636,5.82536,6.20736,6.00236,5.32536,5.17836,4.29636,2.91336,3.61936,4.38436,4.26636,3.85536,4.09036,4.94336,5.06036,5.11936,6.50236
CO2_TUG_BCT2,2021-10-01,2685,False,1,1.41494,1.91494,2.91494,5.06194,8.12094,12.7089,16.8559,22.0619,26.3849,28.3849,29.0029,27.8269,26.9739,26.8559,26.6799,25.2679,22.4149,20.7679,20.0029,18.7969,16.6499,15.4149,16.3269,17.9439,16.8269,14.2969,10.3849,7.09094,5.97394,5.88494,6.06194,6.06194,5.38494,5.17994,5.56194,5.56194,5.12094,4.91494,5.20894,6.38494,7.85594,7.20894,4.70894,3.79694,4.09094,4.53194,4.29694,3.38494,2.88494,2.59094
CO2_TUG_BCT2,2021-10-01,2687,False,10,2.97158,2.50058,2.85358,2.44158,2.50058,3.44158,4.50058,6.44158,8.85358,10.2946,11.1186,11.0306,10.1476,8.76558,8.53058,9.38358,9.76558,9.20658,8.50058,9.14758,9.29458,8.29458,6.79458,5.55958,6.67758,7.14758,5.64758,3.85358,3.79458,5.03058,5.08858,4.23658,4.47158,4.85358,4.91258,4.85358,4.38358,3.53058,3.61858,3.79458,2.20658,1.55958,2.11858,2.17758,2.47158,3.32458,3.35358,2.70658,2.67758,2.61858
CO2_TUG_BCT2,2021-10-01,2697,False,7,2.29694,3.62094,3.62094,2.29694,1.62094,1.76794,2.35594,3.73794,7.29694,11.4439,12.4739,11.0319,9.76794,8.73794,7.38494,7.29694,7.91494,7.23794,6.85594,7.35594,8.38494,9.12094,7.85594,8.00294,10.4439,11.9739,11.4149,9.64994,9.35594,10.1789,10.0909,10.7969,12.3849,12.1499,11.5909,11.5029,11.2969,9.64994,6.35594,4.73794,4.76794,5.17894,4.94394,4.00294,3.41494,3.82694,5.59094,7.26794,7.85594,6.14994
CO2_TUG_BCT2,2021-10-01,2698,False,6,1.97588,3.32888,3.74088,2.97588,2.97588,3.85888,4.97588,11.1529,29.0349,48.8879,54.0059,48.5059,42.6529,35.4469,29.4759,26.8589,25.7119,25.9169,26.0939,25.9169,25.9169,24.2409,20.5639,19.0349,18.7999,17.3589,16.2409,15.5059,13.9759,10.6529,7.62288,6.68188,6.32888,5.15288,4.47588,4.35888,4.21188,4.44688,5.68188,6.94688,8.91688,11.1229,10.9469,8.79988,8.26988,9.06388,8.82888,8.53488,9.18188,10.4759
CO2_TUG_BCT2,2021-10-01,2708,False,29,16.6252,15.3612,14.4782,14.2142,16.0082,18.2722,21.7432,33.8312,74.6842,130.92,140.302,99.6842,58.2722,50.2722,64.3902,77.7722,88.8312,90.0672,83.3902,71.5962,63.7722,59.5962,54.2142,47.5962,38.5962,33.7722,32.0082,29.6252,27.4202,24.2432,18.7722,14.1552,8.89024,4.68424,3.33124,2.24324,-0.40376,-2.25676,-3.19776,-2.22776,0.77224,2.62524,2.86124,2.89024,3.71424,5.09624,6.97824,7.50824,7.15524,7.77224
CO2_TUG_BCT2,2021-10-01,2711,False,6,10.4828,11.0418,12.6888,14.3058,12.9528,8.74776,6.48276,7.86476,12.8058,17.0118,19.4528,18.0708,16.8948,16.9238,15.3648,12.3358,11.7178,11.0998,9.54176,9.80576,10.5998,11.3058,12.6588,14.5708,14.6888,13.4828,12.0118,11.9528,11.8358,10.8358,9.51176,8.27676,8.71776,8.98276,7.89476,6.21776,5.24776,4.65876,4.21776,3.95276,4.15876,4.09976,3.42376,2.80576,3.24776,4.62976,5.30576,5.15876,4.57076,3.39476
CO2_TUG_BCT2,2021-10-01,2713,False,9,23.3542,16.7962,11.3542,9.59016,10.5902,13.8252,16.8542,20.0012,22.3252,24.1482,24.4132,22.5012,18.0012,14.1482,13.9432,16.1782,17.4432,16.8842,14.8842,14.5012,14.8252,12.9722,11.9132,12.2372,12.7372,13.4722,14.0012,13.0012,11.3842,12.1782,12.0012,9.76616,8.29616,7.20716,6.03116,5.53116,5.41316,4.94316,4.00116,3.53116,3.41316,2.94316,2.03116,1.79616,2.14816,1.97216,1.53116,2.06016,2.82516,2.88416
CO2_TUG_BCT2,2021-10-01,2718,False,6,4.64936,4.09036,4.67836,6.03136,8.41336,13.9134,29.3254,49.7964,62.5904,73.9724,82.8254,81.6494,72.0904,59.4434,40.0604,25.5314,19.7664,15.8254,13.1194,13.1784,14.9134,15.3554,14.2964,13.2664,12.3554,11.6194,12.4134,13.7374,15.0024,13.7374,9.35536,6.14936,5.91336,7.20736,7.67836,7.29636,7.06036,7.03136,7.03136,7.06036,7.20736,6.97236,5.79636,5.11936,5.03136,5.14936,6.09036,7.79636,7.32536,4.76636
CO2_TUG_BCT2,2021-10-01,2719,False,5,1.08976,2.56076,3.35476,4.06076,4.76676,4.41376,6.61976,12.8548,21.0018,31.4728,35.3258,33.9428,30.0898,26.1198,24.7958,24.8838,23.5018,20.4728,19.2668,19.0898,18.8838,19.1788,19.8548,20.6488,19.4138,14.2958,8.23676,5.97276,4.97276,2.38376,2.67876,6.26676,8.44276,9.61976,10.7078,10.5018,9.14876,8.32576,7.29576,5.35476,3.94276,2.88376,2.41376,2.35476,2.35476,2.44276,3.14876,4.56076,5.29576,5.61976
CO2_TUG_BCT2,2021-10-01,2724,False,19,12.5029,14.8269,15.0619,15.0029,17.9439,24.9739,30.2679,34.4149,40.1799,42.9739,43.0909,42.4739,40.7089,35.5029,28.4739,23.5619,17.5619,11.1209,7.85594,6.23794,6.14994,6.76794,6.17994,6.50294,8.12094,7.59094,4.41494,2.12094,2.03194,3.62094,5.62094,7.32694,9.20894,9.50294,8.67994,8.94394,9.47394,9.29694,8.12094,7.44394,7.38494,7.50294,7.03194,5.50294,5.44394,6.50294,6.03194,5.44394,5.32694,5.09094
CO2_TUG_BCT2,2021-10-01,2731,False,10,6.73952,7.50352,8.88652,11.0335,11.9745,14.1215,20.6805,29.0035,38.4155,51.3865,56.8865,55.0925,51.9745,50.0625,47.5625,43.6505,37.2395,26.8565,19.4155,14.3275,13.2975,14.9155,17.8275,19.9745,20.8275,21.2095,20.2685,17.9455,16.6215,15.2395,12.4155,10.2395,9.15052,8.09252,7.23952,6.94552,7.85652,8.20952,7.35652,6.12152,5.15052,4.18052,4.00352,4.88652,6.15052,7.26852,8.03352,7.26852,6.18052,5.29752
CO2_TUG_BCT2,2021-10-01,2732,False,5,4.56018,3.85418,3.14818,2.88318,2.70718,1.97218,3.14818,9.38318,15.7072,22.7362,27.2072,26.6192,23.0302,21.1782,18.3542,11.6482,7.23618,4.97218,4.56018,5.85418,7.11918,6.67818,6.03018,7.97218,8.06018,5.44218,4.14818,4.91318,6.67818,6.76618,5.70718,6.00118,5.17818,2.53018,1.85418,3.32518,4.53018,5.14818,6.11918,7.23618,7.26618,6.47218,6.67818,7.79518,8.00118,7.44218,5.53018,2.53018,1.56018,2.32518
CO2_TUG_BCT2,2021-10-01,2734,False,10,2.39888,2.25188,4.10488,6.83988,10.2519,11.7219,11.9279,12.8099,14.6339,17.2809,18.1339,17.3689,15.9579,15.2519,13.7519,10.1929,8.16288,7.92788,8.57488,8.54588,7.83988,8.83988,12.0749,14.3989,14.7219,13.6049,12.0159,11.7519,12.6049,12.9869,12.3399,10.9869,10.7519,11.6049,12.1049,12.3989,12.7519,12.1629,11.2519,12.1339,12.4869,11.6629,10.9869,9.28088,6.10488,5.33988,6.54588,6.51588,5.92788,5.39888
CO2_TUG_BCT2,2021-10-01,2735,False,23,13.9487,12.0657,9.71266,6.77166,5.56566,7.03666,10.1247,10.4487,9.94866,13.3017,14.2427,11.5077,9.56566,8.68366,7.71266,7.09566,5.85966,3.77166,4.44866,6.41866,4.38966,3.24266,4.27166,4.21266,3.83066,5.71266,6.85966,5.85966,3.50766,2.33066,2.15466,1.97766,1.97766,2.80166,4.27166,6.91866,9.21266,9.56566,8.71266,8.24266,8.18366,8.12466,7.71266,7.24266,7.50766,6.27166,3.21266,2.88966,4.80166,4.77166
CO2_TUG_BCT2,2021-10-01,2736,False,5,5.26518,5.17718,5.82418,5.79518,5.00118,5.38318,7.91218,11.4712,16.7652,25.1482,29.4122,28.5012,25.0592,22.0592,19.5012,19.0892,19.7652,20.0592,19.1772,19.0012,19.9122,20.8542,21.8542,22.4712,23.3832,23.1482,18.9422,14.8542,11.4122,11.0592,12.7362,12.1182,10.1182,7.17718,5.00118,3.91218,3.05918,3.67718,5.26518,4.91218,3.53018,2.50118,3.32418,3.20718,1.55918,1.55918,3.32418,4.23618,3.97118,2.32418
CO2_TUG_BCT2,2021-10-01,2739,False,29,5.50646,7.71246,8.35946,8.50646,10.5365,11.1535,9.88946,9.03646,9.18346,10.3895,11.2125,11.0655,9.88946,9.21246,9.30046,10.6245,12.7425,12.5655,10.7125,8.50646,8.71246,10.8895,14.1535,14.8305,12.9185,11.4775,10.9185,10.6535,10.6835,9.24246,6.15346,5.83046,7.74246,7.85946,8.12446,8.74246,7.27146,5.74246,4.80046,5.44846,7.27146,7.50646,7.15346,6.85946,6.33046,5.62446,4.71246,4.59546,4.53646,3.21246
CO2_TUG_BCT2,2021-10-01,2740,False,23,11.3865,12.1805,12.2095,12.2395,12.4455,12.2095,12.0035,11.9745,12.0035,12.2395,12.6215,12.0625,9.97452,7.82752,6.79852,6.29852,6.41552,6.38652,5.06252,4.76852,5.12152,3.91552,2.82752,2.32752,2.82752,4.44552,5.62152,5.82752,4.91552,3.03352,2.09252,2.18052,3.68052,5.79852,5.09252,4.12152,3.97452,3.79852,2.38652,-0.46648,-1.93748,-1.17248,1.41552,2.73952,2.44552,1.47452,0.76852,0.23952,0.09252,0.76852
CO2_TUG_BCT2,2021-10-01,2741,False,4,4.0596,3.3826,4.0886,4.7946,5.5886,7.9126,15.9126,32.1766,51.8536,75.5886,83.0296,80.7656,74.5596,63.9706,51.8826,36.3236,28.8236,25.2946,18.7946,15.8536,15.4126,13.2356,11.4416,10.3236,9.8236,9.5296,9.0886,9.0886,9.5296,9.8536,10.5886,11.9706,12.5296,12.8536,14.0886,15.0596,14.6766,12.2356,10.1766,8.6476,8.2656,7.9416,6.0596,4.9706,5.0596,5.5006,5.5006,5.1476,5.5596,6.4706
CO2_TUG_BCT2,2021-10-01,2751,False,6,1.50118,2.17718,2.94218,3.53018,3.32418,1.53018,1.11818,2.79518,6.67718,12.4122,13.7062,12.3242,11.0302,11.4712,11.8242,11.4122,10.8242,9.38318,7.23618,6.05918,5.70618,5.82418,5.08918,3.41218,3.82418,6.05918,6.47118,5.70618,4.70618,4.26518,4.44218,4.85318,4.67718,4.23618,4.73618,5.35318,5.64818,5.29518,4.14818,2.20618,1.14818,1.50118,3.17718,4.32418,4.91218,5.08918,4.64818,3.76518,3.70618,4.11818
CO2_TUG_BCT2,2021-10-02,5,False,21,10.2266,9.99158,11.4036,13.0206,14.7556,15.1976,14.8446,14.5206,15.7266,18.7556,20.4916,19.5506,15.8146,11.7856,9.96158,9.07958,8.31458,7.57958,6.72658,6.99158,7.16758,4.93258,4.34458,5.93258,6.16758,4.87358,4.28558,4.96158,5.43258,3.63858,3.05058,4.19758,4.31458,3.93258,5.02058,5.19758,4.13858,3.96158,4.57958,5.52058,5.75558,5.34458,5.16758,5.57958,6.28558,6.28558,6.10858,6.10858,6.34458,6.81458
CO2_TUG_BCT2,2021-10-02,10,False,16,0.00058,0.44258,2.76558,3.85358,3.32458,3.11858,6.85358,15.2066,22.2366,28.6186,30.7956,27.3836,18.6486,11.2656,9.91258,11.9426,12.7066,12.3836,12.8536,13.2366,13.0596,12.4126,10.7656,7.97158,7.14858,8.85358,11.0006,10.4126,7.70658,6.94258,6.73658,5.82458,5.26558,5.91258,8.17758,10.3536,11.6776,10.4426,8.94258,7.94258,8.08958,8.73658,8.05958,7.61858,7.53058,6.79558,6.11858,5.64858,5.88358,6.79558
CO2_TUG_BCT2,2021-10-02,20,False,14,8.353,8.5,7.294,5.882,6.324,11.176,19.324,26.588,37.853,50.059,53.029,49,43.559,35.059,27.588,23.735,21.118,20.794,22.265,24.618,25.029,21.882,16.382,11.588,7.765,8.353,8.735,7.206,7.382,9.147,9.559,10.559,12.618,12.735,13.147,14.765,14.324,11.853,10.882,10.559,8.941,6.324,4.882,4.147,3.088,2.118,2.971,3.235,3.118,4.794
CO2_TUG_BCT2,2021-10-02,28,False,6,2.47218,3.03118,4.08918,5.08918,4.79518,3.94218,3.64818,8.91318,20.8542,27.7662,27.9422,25.2072,23.1482,23.0012,23.8252,23.7952,22.6782,21.6192,20.3842,18.4132,16.9132,15.1482,13.2372,12.0892,10.3542,7.61918,5.23718,2.70718,1.38418,1.47218,2.61918,3.11918,3.20718,4.06018,5.67818,7.91318,7.56018,3.94218,0.76618,0.61918,2.61918,3.91318,3.32518,1.64818,1.91318,2.97218,1.08918,-0.29282,0.20718,1.53118
CO2_TUG_BCT2,2021-10-02,30,False,14,12.6186,13.5596,14.2946,16.2356,20.0296,22.8246,25.0296,27.4416,27.2946,27.2656,28.3246,27.0886,22.9416,20.0296,18.5886,16.8826,15.7656,15.9126,16.7656,16.7356,15.6186,14.6776,14.4126,14.6186,15.0006,14.5296,13.1186,12.2356,12.1476,12.8246,12.9716,12.0886,11.1476,12.5296,16.1186,17.0006,14.8826,12.9416,11.8826,10.8826,10.4716,10.8826,11.6776,11.0006,8.94158,8.17758,7.67758,5.82458,3.64758,4.05958
CO2_TUG_BCT2,2021-10-02,32,False,15,1.65172,2.26872,3.50472,5.82772,6.70972,5.91572,4.88672,5.62172,8.38672,10.4747,10.8567,10.4157,9.85672,8.65172,6.97472,5.91572,4.65172,3.06272,2.79872,3.53372,3.18072,2.29872,3.12172,3.12172,2.29872,3.20972,3.79872,3.38672,2.70972,1.97472,1.97472,2.23972,2.97472,4.23972,3.76872,1.47472,0.09272,-0.29028,0.00472,0.65172,1.38672,1.44572,1.73972,2.73972,3.88672,5.12172,5.32772,4.94572,4.44572,4.23972
CO2_TUG_BCT2,2021-10-02,33,False,9,4.14994,2.76694,2.29694,4.06194,7.11994,8.56194,8.94394,10.8849,16.5319,22.7089,23.8559,21.3259,19.7089,17.8849,14.3559,10.9439,7.91394,7.82594,7.94394,7.59094,8.67894,8.82594,7.73794,8.53194,10.5619,9.82594,8.59094,7.73794,6.97294,6.23794,5.26694,4.82594,5.00294,5.38494,4.91394,3.53194,2.91394,3.53194,4.97294,5.82594,5.67894,4.56194,4.29694,4.67894,4.23794,4.06194,4.50294,4.94394,5.20894,4.94394
CO2_TUG_BCT2,2021-10-02,51,False,13,7.03646,9.53646,10.4775,9.74146,8.83046,7.80046,6.74146,7.18346,9.15346,11.1535,12.6835,11.8595,10.2125,8.91846,9.33046,9.44746,8.56546,7.74146,6.27146,4.27146,4.30046,6.53646,8.38946,8.74146,8.33046,7.88946,6.21246,3.00646,2.03646,3.00646,3.24146,3.09446,3.09446,3.50646,5.38946,8.38946,9.21246,7.27146,4.30046,1.88946,-0.31654,0.62446,3.30046,1.97746,1.09446,2.27146,2.85946,2.00646,0.33046,1.03646
CO2_TUG_BCT2,2021-10-02,64,False,19,5.7693,6.3283,6.5343,6.4173,6.6523,7.7993,8.2403,7.9463,8.4463,10.0643,11.1523,10.7693,9.3873,8.6523,8.3283,7.8283,7.3583,6.8583,6.5933,6.1523,4.2693,1.4173,1.6223,4.6223,5.3873,4.1813,4.1813,4.5343,4.5933,4.6223,4.8583,5.2993,5.2403,4.3283,3.1813,2.9463,3.5933,4.2993,4.5643,4.4753,3.6223,2.4463,3.0053,4.1523,4.4753,2.9173,2.5343,3.7993,4.5933,5.3873
CO2_TUG_BCT2,2021-10-02,67,False,8,2.85948,3.59448,3.15348,1.56548,1.00648,0.62348,0.88848,3.65348,6.62348,9.62348,10.5065,7.85948,3.00648,1.47648,3.77048,6.71248,7.03548,5.30048,4.44748,5.03548,6.30048,5.94748,4.62348,5.15348,4.53548,1.91748,1.12348,1.65348,1.09448,1.47648,2.32948,0.71248,-0.31752,0.00648,0.50648,1.24148,1.97648,2.47648,2.97648,3.27048,3.77048,4.47648,3.24148,0.94748,2.06548,4.65348,7.65348,9.00648,8.71248,7.74148
CO2_TUG_BCT2,2021-10-02,68,False,8,3.82888,2.85888,3.65288,4.56488,6.74088,11.6529,24.3589,46.4469,57.1239,58.9769,60.1819,58.8589,51.1819,39.7119,32.7999,26.2999,18.7409,15.2709,14.4469,14.4469,14.8879,15.1529,15.5349,16.9469,18.9469,18.9769,17.1819,16.0059,15.4179,15.0939,14.3289,12.6819,11.4769,10.9179,10.4469,10.2999,9.56488,7.38788,5.91788,6.00588,7.94688,9.53488,10.5939,10.8289,10.4179,10.0349,8.82888,6.47688,5.21188,4.35888
CO2_TUG_BCT2,2021-10-02,69,False,7,5.17718,4.06018,3.85418,4.23618,5.26618,10.2952,23.2662,36.5302,42.3252,45.0012,47.0302,46.8832,43.6772,39.0602,36.1482,35.4422,37.8832,38.2362,34.4722,30.1772,29.7952,32.1772,31.7952,28.9132,28.1482,26.2662,21.6192,19.0302,18.2662,18.0602,18.3542,19.5302,21.0602,20.8542,19.0602,18.1482,18.2662,18.4132,16.3832,13.8252,16.2662,17.3542,15.2072,12.9722,10.0012,7.17718,5.97218,4.67718,2.50118,2.73618
CO2_TUG_BCT2,2021-10-02,70,False,6,4.79578,5.00178,5.44278,5.35478,4.20778,3.06078,6.32478,14.6778,22.0308,28.1778,28.7958,26.9718,24.2078,21.0608,19.0898,17.5608,17.0308,16.9428,16.4428,17.5308,19.8248,19.6488,19.3838,20.1188,19.9128,18.7958,18.3548,16.8548,13.4428,10.7958,9.64878,11.3248,12.8248,13.4718,13.5898,12.6778,10.7368,9.26578,7.73678,6.32478,5.82478,6.00178,6.67778,8.56078,11.7658,12.5018,11.0608,10.5018,9.79578,7.47178
CO2_TUG_BCT2,2021-10-02,71,False,5,3.97452,3.50352,2.68052,2.18052,3.53352,6.91552,18.7985,38.5335,51.1805,59.0625,59.8565,52.5335,44.2685,42.6805,46.5335,49.7985,48.8275,44.1805,37.6215,27.2395,19.9455,19.6805,23.4745,25.8565,26.5625,27.0035,26.7095,25.3275,23.9155,23.3865,23.2685,22.6215,20.2685,17.0625,16.2985,17.5335,18.2395,18.3275,18.4155,19.1215,20.5335,21.2685,21.4745,21.0035,19.4455,19.2395,20.4155,20.0625,17.3275,14.5925
CO2_TUG_BCT2,2021-10-02,78,False,4,4.05958,4.64758,3.79458,1.91258,1.05958,1.70658,3.58858,5.44158,7.91258,13.0886,16.6186,14.0596,10.5596,7.55958,6.88258,6.94158,4.76558,4.64758,7.26558,8.55958,7.79458,6.00058,5.73558,6.79458,7.00058,6.55958,5.58858,4.58858,5.50058,8.08858,8.11858,5.70658,4.76558,4.91258,5.64758,7.00058,7.23558,6.35358,5.61858,4.85358,4.26558,5.00058,7.32458,9.00058,7.94158,4.67758,2.91258,3.17758,4.79458,5.44158
CO2_TUG_BCT2,2021-10-02,79,False,5,3.4747,2.9747,2.6807,2.2397,2.2987,3.2107,4.7987,8.9747,18.6807,27.9167,29.9747,27.5047,25.8867,25.4747,25.9167,27.6217,29.7697,28.7697,25.4457,20.3867,16.5047,13.8577,13.9457,13.5337,11.5337,10.6807,9.5927,7.2987,6.4167,7.2107,8.4167,9.1217,9.4167,9.1807,8.9747,8.6807,6.6517,3.1217,2.4457,3.1807,4.2107,5.3277,5.3577,4.4457,3.7697,3.4747,3.7397,4.1217,4.1517,3.4747
CO2_TUG_BCT2,2021-10-02,82,False,14,2.44336,4.00236,5.79636,7.53136,7.38436,7.56136,9.12036,10.3254,10.9144,11.6494,12.2084,11.2964,8.85536,6.79636,5.23736,5.20836,5.32536,4.82536,3.94336,2.97336,3.17836,3.26736,2.38436,1.23736,0.97336,1.50236,2.64936,4.32536,4.82536,4.85536,4.59036,3.56136,4.06136,6.41436,8.09036,8.00236,5.62036,5.59036,7.73736,7.59036,7.56136,8.64936,7.70836,4.50236,2.88436,2.97336,3.91436,5.12036,5.85536,6.44336
CO2_TUG_BCT2,2021-10-02,85,False,23,5.3873,5.1523,3.7993,3.2113,4.0643,5.9173,6.7403,7.3293,9.0343,10.3293,10.6813,9.6813,8.5643,7.4173,5.9463,3.5343,1.6813,1.3293,1.7403,2.0643,2.7993,4.1233,4.2403,3.8583,4.9463,5.0343,3.2703,1.6523,1.3293,1.8293,2.5933,2.6233,0.5933,0.0053,1.4763,2.6523,2.9763,3.0933,3.5643,3.0933,0.2113,-0.2597,1.6233,1.7703,2.4173,4.6233,5.3293,4.5343,3.9463,3.0343
CO2_TUG_BCT2,2021-10-02,86,False,8,3.35358,8.00058,17.2656,23.8246,26.9716,25.8536,30.2356,42.9126,50.5006,52.4416,53.3536,52.7656,50.0006,47.0296,44.7946,42.2356,40.2066,37.4716,34.2356,31.2946,26.2066,20.3246,16.0596,11.3246,7.94158,6.29458,4.85358,4.61858,5.47158,5.82458,4.94158,3.11858,2.67658,3.73558,4.58858,4.14758,2.52958,1.44158,1.85358,3.47158,4.55958,4.17658,2.82458,2.41258,3.26558,4.32458,3.88258,2.17658,2.26558,4.73558
CO2_TUG_BCT2,2021-10-02,87,False,6,3.70718,3.67818,2.38418,2.41318,3.94218,4.53118,5.35418,8.11918,16.2662,30.2662,35.8252,33.0602,24.7372,15.7072,9.73718,4.26618,2.41318,3.73718,4.91318,5.38418,6.59018,8.82518,9.06018,7.50118,7.73718,8.56018,6.32518,5.38418,5.61918,3.79518,2.97218,3.76618,4.44218,4.73718,4.41318,3.44218,1.53118,0.00118,0.38418,2.32518,4.14818,5.67818,5.64818,5.09018,4.79518,4.97218,4.70718,3.79518,3.38418,3.79518
CO2_TUG_BCT2,2021-10-02,88,False,12,5.3536,6.7646,10.9126,12.3536,10.0596,7.2356,7.8536,11.6176,14.6176,16.7356,16.9706,16.4706,15.0006,11.9416,8.6476,4.7946,3.5596,4.2646,4.2066,5.1176,6.9416,6.4126,5.1766,4.2946,5.2356,8.0006,9.2646,8.3236,6.4416,6.0886,5.4706,3.7646,3.7946,5.7946,7.1176,6.9416,6.9706,8.9706,9.3536,7.7356,7.3826,7.7356,6.6476,6.4126,7.0006,6.4416,7.0006,9.0886,8.7646,5.3826
CO2_TUG_BCT2,2021-10-02,89,False,11,-0.7007,0.7103,4.7993,10.0633,19.0053,27.1223,29.5343,31.0343,36.2993,39.9463,41.5933,40.8873,36.7403,31.5933,27.8583,23.8583,21.4163,21.9163,23.9163,22.3873,15.0053,7.1223,4.7993,5.1523,3.8873,3.7693,4.0933,1.6813,1.3583,3.9463,5.2403,4.4753,2.6523,2.1813,3.0343,3.8583,5.3283,7.2993,7.1223,5.1223,4.4163,4.5053,4.5053,4.3583,4.5933,5.6223,5.1523,3.1223,2.4753,3.0343
CO2_TUG_BCT2,2021-10-02,92,False,4,5.14936,4.88436,4.61936,4.26636,5.11936,8.14936,13.7664,36.4434,96.1194,159.06,180.913,176.355,159.913,132.502,118.56,110.766,96.9134,87.2664,82.9724,78.0314,67.9434,48.6494,33.2084,23.7374,13.1784,7.76636,6.91336,7.03136,8.20836,10.5604,11.6194,10.9134,9.73736,10.2084,10.7964,10.8554,10.5024,9.09036,7.03136,6.50236,7.09036,7.03136,6.38436,5.41336,5.06036,5.94336,7.85536,9.09036,10.1494,11.1194
CO2_TUG_BCT2,2021-10-02,98,False,4,2.0886,1.3826,0.9416,0.9706,1.7066,3.3536,5.0886,10.4706,24.1476,37.7646,40.9116,36.7066,30.0586,20.3826,15.0296,14.5586,16.1476,18.0006,18.5296,17.9416,15.9706,11.9416,8.7946,7.2356,6.2066,6.5006,7.3536,8.5006,9.8826,10.1766,7.0886,4.8236,3.6176,2.5296,2.7356,3.9116,3.2356,0.7356,0.0006,1.7066,5.0296,6.5296,5.5586,3.2356,2.3536,3.1476,4.5006,6.1766,7.1766,5.0586
CO2_TUG_BCT2,2021-10-02,99,False,5,7.88788,7.65288,5.41788,4.12288,3.47588,5.12288,13.2699,32.9179,66.7999,89.6529,98.0349,86.6819,72.1229,56.8589,46.8289,43.0059,40.1819,37.0349,32.4179,29.0349,27.6819,28.5349,32.0939,30.8289,24.0649,20.2119,17.1819,11.9179,8.62288,6.88788,6.21188,6.35888,6.82888,6.97588,6.29988,4.88788,4.26988,4.88788,6.26988,6.74088,6.79988,9.88788,15.2699,15.5059,14.0939,12.2409,8.97588,7.56488,7.74088,7.26988
CO2_TUG_BCT2,2021-10-02,102,False,18,0.77048,3.24148,5.18248,7.09448,7.32948,6.03548,5.38848,5.94748,8.30048,11.5065,12.2705,11.0355,10.2705,9.71248,8.65348,7.27048,5.56548,5.06548,4.94748,4.56548,4.68248,4.65348,3.32948,3.15348,4.38848,4.59448,3.50648,2.62348,2.68248,2.65348,1.27048,0.62348,1.00648,1.47648,1.97648,2.21248,2.35948,3.30048,5.21248,6.38848,7.00648,7.32948,6.65348,4.56548,3.68248,4.24148,4.94748,5.21248,5.24148,5.24148
CO2_TUG_BCT2,2021-10-02,105,False,17,11.353,14.323,15.853,18.147,18.882,18.323,18.323,18.5,18.647,19.411,19.882,18.147,17.97,19.676,19.853,19.058,17.97,16.764,15.058,14.029,14.705,15.617,13.764,10.853,7.382,5.882,6.853,9.117,9.558,8.058,6.882,6.558,6.558,6.794,7.264,7.558,8.058,9,9.353,8.47,6.823,7.647,10.353,10.411,10.029,9.676,7.823,6.941,7.353,8.058
CO2_TUG_BCT2,2021-10-02,106,False,11,1.88436,3.29636,3.64936,4.09036,7.67836,16.6194,24.5024,26.4134,25.5314,26.0024,26.5904,26.5024,25.0314,21.7374,19.3544,18.2664,16.0904,12.5314,10.6194,10.0314,10.3844,10.8254,9.70736,9.47236,11.4724,14.3544,16.0024,16.6194,16.1784,16.0024,16.3844,16.2964,15.1494,13.3844,11.7074,9.64936,8.14936,7.79636,9.41336,10.3254,10.4724,11.0904,10.8254,9.50236,9.03136,9.41336,9.61936,9.41336,8.94336,8.79636
CO2_TUG_BCT2,2021-10-02,107,False,6,4.32576,5.00176,5.47276,3.85476,0.26676,-0.23324,3.53076,9.67776,24.8838,51.9138,64.9138,63.2958,56.4428,50.7368,43.7368,36.7078,32.2668,27.2668,22.5608,19.0608,15.2078,14.0608,15.4728,16.4138,14.8258,10.8548,8.38376,6.97276,5.08976,4.35476,4.47276,4.29576,4.56076,5.47276,5.79576,4.67776,2.29576,1.00176,1.32576,3.06076,4.67776,6.23676,7.14876,7.47276,7.14876,6.20776,4.53076,3.32576,2.76676,2.35476
CO2_TUG_BCT2,2021-10-02,110,False,7,1.09488,1.12388,3.56488,5.15288,5.06488,4.56488,9.09488,29.2709,60.5359,79.1239,84.5949,75.2999,64.2119,53.6239,46.3889,39.6829,34.7119,34.5359,36.7119,36.2419,33.6239,29.3299,23.9769,15.7419,9.53588,6.88888,4.35888,1.94788,2.32988,4.94788,5.65288,4.41788,3.74188,4.03588,5.68288,8.12388,8.15288,5.88888,4.24188,3.15288,2.74188,3.09488,3.56488,3.18288,3.47688,4.85888,5.77088,6.09488,5.79988,5.12388
CO2_TUG_BCT2,2021-10-02,116,False,16,13.4122,11.0012,9.91218,10.5592,12.6772,14.9422,16.9122,19.4122,21.0592,22.1482,22.5012,21.5892,19.4712,17.9122,16.3832,13.9712,12.6482,12.7362,13.9422,14.7652,14.6182,13.4122,12.5012,12.0012,12.0592,11.5592,9.23618,8.08918,8.14818,7.82418,6.91218,5.55918,5.58918,7.14818,8.26518,8.05918,6.67718,5.29518,5.00118,5.53018,6.70618,8.61818,9.38318,7.97118,4.20618,1.03018,0.85318,2.58918,3.32418,3.20618
CO2_TUG_BCT2,2021-10-02,120,False,8,3.35476,3.20776,4.73676,4.88376,3.20776,3.47176,10.1778,23.5018,38.1488,56.0608,62.5018,56.7658,48.7078,44.7658,42.0308,38.6488,36.4718,34.5898,31.4138,25.6778,21.5608,21.2078,22.5018,22.0898,18.4428,11.7958,8.35476,6.76576,4.53076,4.50176,7.88376,12.0018,12.6488,9.56076,5.94276,5.58976,7.73676,8.73676,8.88376,9.50176,9.23676,7.85476,6.91376,6.35476,6.14876,6.38376,7.08976,7.76576,7.67776,6.29576
CO2_TUG_BCT2,2021-10-02,121,False,6,2.94688,3.32988,4.18288,4.47688,5.94688,11.7119,26.4769,53.1239,69.2419,73.5949,75.4179,73.6829,66.5059,58.7419,53.9469,49.6239,47.0359,44.6829,40.5359,35.7709,29.4179,25.3589,21.9769,15.5649,9.94688,8.24188,8.53588,8.88888,8.44688,6.74188,5.38888,4.56488,4.47688,3.94688,2.59488,2.27088,3.82988,6.32988,6.91788,6.35888,7.03588,7.41788,7.00588,6.53588,6.03588,5.85888,6.27088,6.97688,6.91788,6.27088
CO2_TUG_BCT2,2021-10-02,122,False,14,2.20658,2.58858,3.53058,4.00058,4.05958,4.03058,3.79458,3.50058,4.85358,9.05958,13.0886,12.9716,9.38358,6.76558,5.85358,5.41258,5.79458,6.47158,5.82458,5.64758,6.26558,6.23558,5.82458,5.29458,4.70658,3.26558,1.32458,1.70658,3.94158,4.53058,5.17758,6.94158,7.35358,6.05958,4.70658,4.64758,5.50058,5.73558,5.32458,5.03058,4.50058,3.32458,2.53058,3.41258,5.70658,6.64758,6.32458,6.08858,6.00058,5.53058
CO2_TUG_BCT2,2021-10-02,123,False,20,2.1623,2.6623,4.8383,5.2213,3.2503,1.3093,2.1623,6.7793,11.9563,14.0153,14.1913,13.6913,12.5153,11.6323,11.7213,11.9263,10.9263,9.8093,8.8683,9.0743,10.1913,10.3093,9.1623,6.7793,4.8383,3.7793,2.8683,3.0153,3.6623,3.0443,3.1323,4.4563,5.1033,4.7213,3.8973,4.3093,5.6623,5.7793,6.3383,7.9263,8.2503,6.9563,4.6623,4.2793,6.2503,8.2213,7.8973,6.1033,5.8683,6.1913
CO2_TUG_BCT2,2021-10-02,124,False,4,2.51118,2.06918,2.68718,3.92218,5.42218,4.98118,2.80518,2.83418,8.09918,17.0112,22.2462,22.0402,15.5402,10.5692,7.62818,5.77518,4.45218,4.15818,3.80518,2.65818,1.71718,1.42218,1.36418,1.27518,1.98118,4.06918,5.04018,5.18718,5.80518,5.54018,4.18718,3.42218,2.86418,1.89318,1.33418,1.98118,4.06918,4.98118,4.54018,3.48118,2.51118,3.36418,3.51118,2.45218,2.30518,3.15818,4.59918,5.27518,5.12818,4.65818
CO2_TUG_BCT2,2021-10-02,125,False,19,8.35654,8.79754,7.50354,6.67954,7.06254,8.94454,11.6505,14.8265,15.4145,15.8855,17.4445,16.5325,13.1205,11.6205,10.7675,8.20954,5.20954,4.41454,5.17954,5.50354,5.79754,6.82654,6.32654,4.06254,2.94454,3.26754,4.23854,4.88554,4.94454,4.29754,4.32654,5.17954,5.32654,4.20954,2.65054,2.59154,3.67954,3.88554,3.59154,3.79754,4.94454,5.38554,5.00354,4.73854,4.47354,4.00354,3.76754,3.67954,3.26754,2.79754
CO2_TUG_BCT2,2021-10-02,126,False,11,4.59194,6.35594,6.82694,6.00294,5.59194,6.00294,6.97394,7.82694,9.53294,12.0329,12.4739,10.7389,9.09194,8.53294,8.50294,8.73894,9.20894,9.41494,9.14994,8.20894,7.09194,7.06194,7.82694,7.44494,6.32694,6.82694,7.73894,9.00294,10.5329,10.3269,8.62094,8.38594,9.67994,10.4149,10.6499,10.4149,9.35594,9.38594,9.29794,6.59194,5.76794,7.38594,8.14994,8.26794,8.94494,9.14994,8.73894,8.50294,8.47394,8.44494
CO2_TUG_BCT2,2021-10-02,128,False,13,3.26872,3.71072,5.29872,7.59272,10.5047,11.1807,10.7687,10.9457,12.2107,13.5927,14.9457,14.5337,12.7397,12.2987,11.1807,9.59272,11.0927,11.3577,9.35772,9.15172,9.71072,7.62172,6.23972,5.56272,3.97472,3.47472,3.82772,3.29872,2.41572,1.53372,2.06272,4.35772,6.18072,6.29872,5.44572,5.18072,5.35772,5.06272,4.44572,3.94572,4.47472,5.38672,6.62172,7.50472,7.32772,6.44572,6.00472,4.76872,1.76872,0.62172
CO2_TUG_BCT2,2021-10-02,129,False,7,3.235,5,5.676,5.088,4.412,4.912,9.588,19,28.912,40.5,44,38.823,32.647,29.853,28.882,28.353,24.294,15.941,12.206,11.441,8.97,8.294,9.5,9.412,8.353,6.912,6.441,6.823,7.029,6.823,6.353,6.235,7.147,8.97,9.47,8.882,8.794,8.176,6.088,4.264,5.823,10.176,10.47,7,5.735,5.382,5.206,6.735,6.882,5.264
CO2_TUG_BCT2,2021-10-02,132,False,11,5.00588,3.65288,3.00588,3.32888,2.94688,3.24088,4.97588,9.18188,18.9169,28.9169,31.5939,27.7999,21.7119,15.7119,8.50588,6.29988,9.38788,12.9469,14.4469,14.5939,13.9759,14.2409,15.4169,14.6229,11.1819,8.18188,6.09388,4.82888,6.56388,6.85888,4.74088,3.82888,4.38788,5.03488,4.85888,4.18188,4.26988,5.15288,6.53488,6.91688,7.24088,8.91688,8.53488,6.56388,7.21188,7.71188,6.97588,6.97588,7.85888,8.32888
CO2_TUG_BCT2,2021-10-02,136,False,8,6.32518,6.08918,5.58918,5.11918,4.70718,5.32518,7.88318,11.2072,14.5012,18.1782,18.8542,18.1782,17.4422,15.7952,12.9422,11.3252,9.50118,6.14818,4.17818,4.20718,6.17818,7.76618,7.44218,4.56018,4.17818,6.64818,7.11918,5.41318,4.53018,4.79518,5.03018,4.03018,2.91318,1.82518,1.00118,0.94218,2.26618,2.50118,1.67818,2.06018,3.61918,5.91318,6.08918,3.88318,2.14818,2.67818,4.50118,4.76618,4.67818,5.14818
CO2_TUG_BCT2,2021-10-02,137,False,13,1.47158,-0.02842,0.58858,2.82458,3.47158,2.20658,1.17758,4.44158,16.3826,31.0596,36.1476,34.2946,31.2356,27.0886,23.2946,19.0596,16.4716,14.1186,10.2946,8.14758,7.20658,6.50058,6.23558,6.20658,6.14758,5.67758,4.76558,4.53058,4.94158,5.29458,6.23558,7.88258,8.32458,7.97158,7.41258,6.79458,6.53058,7.44158,7.82458,7.20658,6.50058,6.23558,6.20658,6.14758,5.67758,4.73558,4.38258,5.26558,7.00058,6.76558
CO2_TUG_BCT2,2021-10-02,138,False,22,12.412,14.912,15.235,13.912,13,12.676,12.912,13.294,14.735,17.412,17.647,15.5,14.471,14.088,12.941,12.294,11.029,8.147,7.941,10.471,11.206,10.206,9.971,10.059,9.618,8.676,8.206,8.265,9.147,10.559,10.5,9.647,8.412,7.235,5.059,1.441,0.912,3.029,3.529,3.618,5.206,7.647,7.676,5.412,3.853,3.471,4.412,4.941,4.088,2.235
CO2_TUG_BCT2,2021-10-02,139,False,22,3.97158,3.05958,4.70658,5.97158,6.23558,6.94158,8.35358,9.14758,9.97158,11.6186,12.6476,11.7946,9.35358,7.29458,5.73558,5.67658,5.47158,3.88258,2.02958,1.50058,1.91258,2.29458,2.08858,0.97158,0.76558,1.61858,2.14758,2.67658,3.58858,3.67658,2.08858,-0.35242,-0.41142,1.55958,2.35358,2.97158,4.41258,5.50058,5.82358,4.91258,4.50058,4.88258,5.11858,5.14758,5.11858,4.82358,3.88258,2.76558,2.73558,3.61858
CO2_TUG_BCT2,2021-10-02,140,False,0,53.8832,232.677,476.677,504.413,333.001,216.589,188.824,183.53,176.383,154.324,121.766,101.589,91.6182,94.1772,97.6182,97.1482,91.5892,75.7952,57.1772,45.9712,38.5302,37.7662,41.9712,48.4132,48.7662,41.1772,32.7362,27.7952,22.9712,18.9422,17.3242,16.7662,16.8542,16.5892,14.6482,13.0602,11.9712,11.6182,12.5012,14.3832,15.3542,15.7072,16.1772,16.3832,16.1772,15.6182,14.6772,13.1182,11.5602,10.2952
CO2_TUG_BCT2,2021-10-02,141,False,8,1.56312,1.32712,0.97412,1.68012,3.47412,4.26812,6.03312,10.8861,14.6511,17.7981,19.7101,18.6801,15.4161,13.5041,12.5921,11.9451,12.2391,13.8571,15.7681,16.7681,17.3861,17.7681,16.1511,11.3571,8.03312,5.59212,3.41612,2.15112,1.18012,1.21012,2.32712,3.32712,4.15112,5.59212,6.85712,6.21012,3.82712,2.09212,1.71012,3.38612,4.76812,5.85712,6.91612,6.47412,4.79812,4.88612,5.94512,4.85712,4.56312,6.06312
CO2_TUG_BCT2,2021-10-02,142,False,11,4.35712,4.24012,5.03412,4.65112,3.56312,4.85712,6.82812,9.03412,11.3281,13.7981,14.2101,13.2401,10.5921,6.82812,5.12212,5.03412,5.94512,7.59212,8.03412,7.65112,6.91612,6.24012,6.21012,6.71012,7.21012,6.53412,3.85712,3.56312,6.65112,9.53412,9.21012,6.50412,5.06312,4.65112,4.18112,3.91612,3.65112,3.29812,4.00412,5.68112,5.35712,3.82812,4.71012,5.21012,4.18112,3.18112,2.41612,1.56312,2.00412,3.59212
CO2_TUG_BCT2,2021-10-02,146,False,18,3.44748,1.62448,-0.52252,0.09448,3.03548,4.35948,5.50648,8.09448,11.4185,16.0355,18.4775,17.7125,14.6825,11.9775,10.1825,8.15348,6.71248,5.41848,4.50648,4.35948,4.09448,2.97748,2.77148,3.56548,3.59448,2.94748,2.94748,3.09448,2.88848,2.44748,2.44748,2.88848,3.09448,2.88848,2.44748,2.53548,3.68248,5.27148,5.53548,4.53548,2.97748,1.27148,1.50648,2.12448,2.68248,3.65348,4.35948,4.80048,4.41848,3.74148
CO2_TUG_BCT2,2021-10-02,183,False,10,2.62936,2.92336,3.36536,3.83536,3.36536,2.95336,3.21836,6.07036,13.3654,20.0414,21.3354,19.4824,18.7474,18.6004,17.9824,16.4534,14.5414,14.9824,15.3944,14.1004,11.9824,11.0124,10.8944,10.8064,10.1004,8.71836,8.21836,8.36536,8.18836,8.45336,9.39436,10.0704,10.3654,10.0124,8.80636,6.42336,4.54136,3.95336,3.86536,3.62936,3.15936,3.01236,3.51236,3.51236,1.45336,0.60036,1.30636,1.42336,1.48236,2.77636
CO2_TUG_BCT2,2021-10-02,184,False,16,3.86066,3.09566,2.36066,1.86066,1.50766,2.74266,7.41966,13.3607,16.4487,18.6247,20.8307,20.6547,18.3897,16.9777,16.3607,15.9777,15.0077,14.5367,16.8897,16.7427,13.1547,10.6547,8.30166,5.65466,5.71366,7.44866,7.06666,7.00766,8.21366,8.24266,7.15466,6.97766,7.50766,7.77166,7.00766,7.77166,10.3897,10.8607,9.15466,8.27166,8.65466,9.83066,10.7427,10.8017,10.2427,9.15466,7.94866,8.33066,8.24266,7.15466
CO2_TUG_BCT2,2021-10-02,185,False,10,-0.97,-0.176,0,0.53,2.941,5.588,13.294,27.559,39.147,49.883,54.794,53.765,49.618,46.088,41.353,35.5,29.706,22.236,17.471,14.206,12.03,10.941,9.941,9.441,9.147,8.706,8.706,9.147,9.324,8.971,8.736,9.5,8.736,6.088,5.324,6.088,5.941,6.353,8.412,10.324,9.471,6.206,4.147,3.471,3.971,4.559,4.618,3.853,2.941,1.912
CO2_TUG_BCT2,2021-10-02,188,False,13,4.30224,3.83124,5.15524,7.92024,7.92024,7.21424,7.21424,8.30224,11.3612,14.6552,15.7722,14.5082,11.5372,8.94924,6.50824,6.00824,7.03724,7.33124,7.50824,7.24324,5.47824,5.30224,6.97824,7.50824,7.15524,7.59624,7.62524,6.03724,3.39024,1.71424,0.62524,0.24324,0.89024,2.30224,3.12524,4.15524,5.86124,5.39024,2.74324,1.68424,1.50824,0.30224,1.03724,3.97824,5.12524,4.86124,4.39024,4.27224,3.77224,2.18424
CO2_TUG_BCT2,2021-10-02,190,False,0,13.304,12.451,11.275,10.775,10.628,9.981,9.04,9.275,9.716,10.245,10.981,9.804,6.687,5.951,7.392,7.745,6.745,5.304,5.187,4.598,2.951,3.245,4.54,3.245,3.04,5.451,7.657,7.304,5.01,3.716,4.04,5.51,5.01,2.304,0.951,1.245,2.334,3.922,5.863,6.098,5.834,6.245,7.157,7.392,7.04,7.275,8.187,8.716,9.392,11.51
CO2_TUG_BCT2,2021-10-02,199,False,8,4.09154,3.76854,3.44454,1.67954,1.50354,3.17954,4.00354,6.00354,11.2685,14.6505,15.7095,14.8265,12.7975,10.0035,9.41554,10.1795,9.17954,7.85654,6.56254,5.56254,4.79754,3.82654,3.32654,3.03254,2.70954,3.67954,6.23854,7.67954,6.41554,3.29754,2.76854,4.44454,4.65054,4.15054,4.09154,4.79754,5.23854,5.41554,6.29754,7.70954,7.70954,7.20954,5.97354,3.65054,2.70954,2.94454,2.62154,2.41554,4.03254,4.82654
CO2_TUG_BCT2,2021-10-02,200,False,16,3.00412,4.35712,5.59212,7.09212,8.47412,8.76812,8.35712,8.21012,8.88612,10.2391,10.4161,9.09212,7.59212,6.41612,5.41612,5.56312,5.23912,4.00412,4.21012,5.76812,6.12112,5.06312,3.26812,3.26812,5.03312,5.94512,5.79812,5.09212,4.32712,3.59212,2.65112,2.44512,3.09212,3.79812,4.03312,3.82712,3.41612,3.56312,3.76812,2.82712,2.18012,2.09212,2.09212,2.09212,2.09212,2.09212,2.09212,2.06312,1.82712,1.29812
CO2_TUG_BCT2,2021-10-02,201,False,9,-0.26382,2.85418,3.82418,2.85418,2.61918,3.20718,6.76618,14.7952,26.0892,42.0012,48.9132,45.8832,39.2362,35.6482,34.1482,32.2362,29.1192,27.3832,28.2072,31.0012,32.9712,32.4132,30.2072,29.4712,28.6192,25.0302,22.4132,20.2662,17.8832,16.6482,16.0302,15.5012,14.5302,13.4712,13.7072,13.8832,11.5302,10.0012,9.82418,10.2072,11.8542,14.5302,16.4132,17.7362,17.9712,17.8242,17.7362,17.2952,16.5892,16.4712
CO2_TUG_BCT2,2021-10-02,206,False,27,2.03118,2.29518,3.08918,3.64818,3.88418,3.91318,4.11918,5.79518,9.32518,11.4132,11.6192,11.1482,10.6482,9.91318,9.38418,10.5602,13.5892,15.3542,14.8252,12.9422,11.7662,11.1782,10.8842,10.4132,9.70718,9.64818,9.35418,8.44218,7.94218,7.64818,7.11918,6.50118,6.23718,7.17818,7.82518,8.06018,8.97218,9.20718,6.20718,4.79518,6.17818,7.97218,8.03118,6.73718,6.23718,6.38418,6.26618,6.82518,7.26618,5.53118
CO2_TUG_BCT2,2021-10-02,207,False,8,5.79616,3.85416,0.20716,-0.67484,1.44316,3.94316,9.82516,22.5902,33.2072,36.8842,37.5012,35.9722,31.7662,28.0312,25.2372,21.8252,20.4132,22.0902,25.7072,26.3252,23.5012,20.6782,17.9432,14.2372,13.3542,14.0602,12.4432,11.2372,10.1192,7.64816,7.20716,8.82516,9.09016,8.03116,7.76616,7.85416,8.82516,11.2662,11.4722,9.38416,8.70716,8.32516,5.61916,3.20716,1.82516,2.38416,3.67816,5.09016,5.11916,4.03116
CO2_TUG_BCT2,2021-10-02,212,False,10,2.8536,1.9416,1.7066,2.1176,2.2946,1.8536,1.0006,1.6476,6.2946,13.4706,15.9116,14.3826,13.0586,12.7066,13.5296,13.2066,11.1766,9.7066,8.8826,7.8236,6.7066,5.7066,5.9116,5.8536,3.7946,0.3236,-0.8824,-0.0294,1.3236,2.7946,2.7356,1.9116,0.9116,0.5006,0.9116,1.7946,1.7946,0.9116,0.4416,0.3826,0.4706,1.2646,3.3826,5.4116,5.5006,4.1766,3.4706,3.3826,3.4706,4.1766
CO2_TUG_BCT2,2021-10-02,215,False,27,7.53312,9.00412,9.00412,8.65112,8.53312,8.21012,8.44512,10.3861,12.0331,13.5921,14.7681,13.4161,9.62112,7.18012,6.71012,8.38612,9.44512,7.94512,3.94512,1.85712,1.65112,2.06312,2.53312,2.09212,1.82712,1.53312,0.47412,0.73912,2.53312,3.62112,4.91612,7.18012,7.65112,6.38612,5.68012,5.59212,5.50412,4.91612,4.44512,5.56312,6.09212,6.44512,8.23912,8.65112,7.32712,6.09212,4.59212,3.29812,3.68012,5.26812
CO2_TUG_BCT2,2021-10-02,216,False,21,7.6517,9.8577,9.5047,7.1817,5.5927,4.9757,5.5637,6.9757,9.3877,11.2107,11.3287,10.2987,8.6817,6.5047,5.7987,5.8877,5.9167,5.8877,5.6517,5.1817,4.9167,4.6517,4.2697,4.6227,5.0637,3.9757,3.8287,5.1227,5.8287,5.9167,5.9457,6.0637,5.5927,3.8577,2.2407,0.8287,1.1517,3.6517,5.9167,6.1227,5.5047,6.1227,6.0347,4.6817,3.7107,2.9167,2.2697,2.4757,3.3877,3.7697
CO2_TUG_BCT2,2021-10-02,221,False,13,1.5886,2.7646,6.2066,7.3536,6.0586,4.8826,6.6766,13.6766,20.7646,29.0006,34.2356,32.5296,25.9706,21.9416,21.2946,23.6176,24.9416,24.9116,25.2066,25.8826,26.5006,24.1766,18.8236,16.5006,16.5886,16.8536,16.5586,15.8826,14.8536,13.7946,11.8536,9.6176,9.5296,11.0586,11.5886,11.9416,12.7946,12.8236,12.1766,12.2356,12.8826,13.8536,14.2946,14.1176,13.4706,11.9416,10.0296,10.3826,10.1766,8.1766
CO2_TUG_BCT2,2021-10-02,227,False,7,5.58958,5.03058,5.00058,5.20658,5.44258,5.53058,8.47158,18.0896,29.7656,35.7366,38.3536,36.9426,30.5006,24.2956,21.2956,18.7066,16.2066,15.8836,17.1476,17.5596,16.7066,15.5596,15.1776,14.6476,13.0896,12.8836,14.0596,13.9426,13.0896,13.8836,13.5896,11.8246,11.6186,12.1776,12.6776,12.7066,12.5006,12.5306,11.1476,8.35358,7.64758,7.91258,7.88358,7.23658,6.29558,6.53058,7.03058,8.03058,9.82458,10.0596
CO2_TUG_BCT2,2021-10-02,228,False,15,4.97158,5.11858,6.26558,8.38358,9.05958,8.73658,8.32458,9.00058,12.0306,15.9426,16.9426,15.5006,14.2656,13.4716,12.4126,11.2366,9.76558,8.97158,8.32458,8.08958,9.73658,10.8246,10.9716,10.7956,9.38358,6.64758,5.97158,7.44258,8.55958,8.41258,7.44258,6.50058,5.50058,5.05958,5.29558,6.23658,7.41258,7.91258,7.91258,7.55958,7.55958,8.85358,8.79558,7.14758,6.94258,7.05958,4.88358,4.64758,6.32458,5.94258
CO2_TUG_BCT2,2021-10-02,229,False,13,2.61858,1.64758,1.20658,1.41258,2.11858,3.05958,5.20658,9.20658,12.7366,16.2656,17.6476,15.7366,11.5006,9.29458,8.32458,7.05958,7.35358,8.20658,6.44258,4.29458,2.70658,2.76558,3.58958,4.61858,5.32458,5.85358,5.82458,3.73658,-0.35242,-1.29342,0.79458,1.94258,1.82458,1.11858,0.44258,0.41258,0.88358,1.29458,1.32458,0.82458,1.85358,3.67758,2.61858,2.35358,3.91258,3.67758,1.44258,0.44258,1.67758,4.26558
CO2_TUG_BCT2,2021-10-02,294,False,8,2.7693,2.6813,2.6813,2.6813,2.7693,3.4753,4.8873,6.0343,9.5933,16.1813,18.5633,16.8873,13.4753,11.3283,9.9463,9.0933,9.4163,10.0933,9.3573,8.5053,8.0053,8.1523,8.3573,7.4463,6.7993,5.2993,1.8873,0.9753,2.7403,4.6223,6.6223,7.6223,8.1223,8.3573,7.4753,7.2993,8.2403,9.2693,9.5633,7.8573,6.4463,6.5343,8.3283,8.7403,7.4163,6.2993,5.7403,6.2103,6.7103,7.4753
CO2_TUG_BCT2,2021-10-02,312,False,8,5.06096,7.09096,7.70796,6.41396,5.26696,4.47296,4.88496,8.82596,19.208,29.914,33.15,31.532,28.826,24.473,21.091,21.15,23.62,25.12,24.326,21.885,19.767,17.738,16.767,16.326,15.15,13.414,11.973,10.561,10.444,10.826,9.67896,8.97296,8.61996,7.59096,8.09096,10.238,10.414,8.20796,6.26696,5.20796,4.23796,3.94396,3.88496,3.09096,2.14996,2.32596,4.85496,5.94396,5.17896,4.61996
CO2_TUG_BCT2,2021-10-02,328,False,12,7.5,8.058,8.058,9.029,12.47,15.382,17.264,17.147,17.529,19.294,19.911,18.853,17.176,16.294,16.441,17.382,16.176,12.617,11.706,13.588,14.735,13.176,10.617,11.647,11.853,9.676,8.264,7.647,7.323,6.5,4.382,2.294,1.735,2.117,2.411,2.911,3.706,3.088,1.5,1.794,2.823,3.794,3.941,4.235,5.911,5.529,3.558,4.058,3.382,0.382
CO2_TUG_BCT2,2021-10-02,385,False,5,4.85436,4.17836,3.47236,3.20736,3.17836,3.20736,3.44336,5.47236,17.9134,40.7664,47.9724,39.1784,22.2964,12.7664,8.44336,5.35436,4.00236,3.17836,2.59036,3.26636,5.17836,6.53136,7.11936,6.67836,6.50236,6.91336,7.11936,6.91336,6.35436,5.44336,4.23736,4.00236,4.17836,4.44336,4.91336,5.14936,5.06036,4.17836,2.76636,2.73736,2.85436,2.44336,2.17836,1.91336,1.47236,1.50236,2.17836,2.91336,3.53136,4.97236
CO2_TUG_BCT2,2021-10-02,392,False,7,5.00176,4.38376,4.70776,5.14876,4.03076,3.64876,4.50176,5.35476,7.06076,9.58976,10.2958,9.26676,8.35476,8.29576,8.67776,8.44276,7.53076,6.97276,6.29576,5.58976,6.20776,6.11976,4.85476,4.56076,4.94276,4.41376,3.58976,3.06076,3.50176,3.67776,3.38376,4.03076,5.41376,5.32576,4.23676,2.53076,1.56076,2.88376,6.06076,6.94276,5.26676,3.64876,3.35476,4.00176,4.64876,4.44276,3.61976,3.79576,4.67776,4.50176
CO2_TUG_BCT2,2021-10-02,398,False,16,9.76734,10.6793,12.4733,12.7083,11.3853,10.5023,10.4143,11.2383,12.6493,14.8263,16.1203,15.5323,13.7383,13.1793,13.2963,12.2673,11.0613,10.7383,12.3853,13.4733,13.3553,11.3853,8.32634,8.50234,8.88534,7.62034,6.17934,5.41434,4.91434,5.00234,6.14934,7.82634,8.82634,9.62034,10.4143,11.3853,12.6493,11.9443,9.20834,7.64934,6.32634,4.20834,3.41434,2.79634,1.47334,1.20834,1.82634,1.88534,2.09134,2.29634
CO2_TUG_BCT2,2021-10-02,429,False,14,8.05918,7.67718,8.32418,9.73618,10.5012,11.0592,11.9422,12.0592,12.1182,13.4422,13.5302,11.5302,9.38318,8.35418,7.91218,8.61818,10.4712,11.4422,11.7362,11.7362,11.0592,10.8542,11.2062,10.9712,10.0592,9.64818,10.0302,10.7362,10.7652,10.8242,11.0592,9.82418,7.97118,9.08918,9.94218,10.1182,11.5592,12.6772,13.2362,13.1182,11.7362,9.58918,8.44218,8.32418,9.00118,9.20618,8.85418,9.00118,9.20618,8.23618
CO2_TUG_BCT2,2021-10-02,439,False,19,2.66228,3.57428,7.45728,8.78028,7.42728,8.28028,11.2213,11.7213,11.4863,11.8983,12.2803,12.0743,10.8983,10.2213,10.1333,10.1623,10.3983,10.8093,10.6623,10.4573,11.2213,10.5153,8.25128,7.75128,7.80928,7.39828,7.16228,7.13328,7.16228,7.33928,7.33928,6.66228,6.45728,6.80928,6.57428,5.66228,5.16228,4.86828,4.39828,4.19228,4.33928,4.33928,3.54528,2.39828,1.04528,1.39828,4.13328,6.86828,7.22128,5.89828
CO2_TUG_BCT2,2021-10-02,468,False,17,20.3542,18.6482,14.8542,11.0902,11.0602,11.7072,11.5602,12.8842,16.8542,20.6192,21.7952,20.5312,17.7072,16.2952,16.0012,15.0602,13.1782,12.1192,11.0312,8.91316,7.73716,9.26616,12.8542,13.4132,10.1192,6.64816,5.67816,5.53116,4.14816,3.50116,3.79516,3.67816,3.70716,5.09016,5.70716,5.11916,4.38416,3.88416,3.38416,3.03116,2.06016,0.26616,-0.05684,0.53116,-0.08684,0.00116,1.44316,3.06016,4.79516,5.20716
CO2_TUG_BCT2,2021-10-02,514,False,5,4.56076,4.23676,3.47176,1.82476,0.73676,1.11976,3.03076,8.76676,23.6778,40.0898,42.4138,32.1488,22.5898,18.2958,15.7368,15.6488,18.5608,21.7668,22.3248,20.8248,19.7078,19.8548,20.7078,20.6198,19.0308,16.9718,14.7368,11.3548,9.08976,9.14876,10.6778,12.7668,15.4428,16.2668,15.2958,13.6198,13.1488,13.2668,13.1198,11.6778,8.61976,6.76676,6.70776,8.08976,10.0608,9.85476,7.56076,5.97176,5.35476,5.82476
CO2_TUG_BCT2,2021-10-02,523,False,8,3.57194,5.68994,6.60194,6.24894,5.42494,5.89594,7.92494,11.0129,18.4249,27.8369,29.9249,24.7779,18.9839,15.6899,13.0429,11.3069,9.51294,7.63094,6.86594,6.77794,6.68994,5.98394,4.51294,3.39594,2.83694,3.15994,2.48394,0.89594,1.18994,2.21894,3.33694,4.33694,4.39594,2.33694,1.36594,1.18994,0.01294,1.01294,4.60194,5.98394,5.04294,4.07194,3.54294,3.04294,2.89594,3.57194,5.07194,6.45394,7.71894,7.86594
CO2_TUG_BCT2,2021-10-02,559,False,5,2.03706,4.97806,7.94806,6.77206,2.68406,2.18406,4.44806,8.27206,13.1841,19.7421,22.3311,20.6541,17.0951,15.7131,15.9481,16.4191,16.2721,14.6541,11.8891,9.21306,5.77206,3.36006,2.24206,1.27206,1.03706,1.44806,1.80106,2.56606,2.80106,0.59506,0.24206,2.36006,3.24206,2.44806,1.41906,2.06606,4.12506,4.94806,5.80106,7.53706,7.47806,5.24206,3.38906,3.12506,4.24206,5.77206,5.56606,3.80106,3.09506,3.44806
CO2_TUG_BCT2,2021-10-02,578,False,19,15.3601,19.2131,21.0071,22.2131,24.6841,27.0661,29.8011,31.6251,33.4191,36.2721,37.5951,36.8891,34.0661,30.4781,28.5071,27.3601,26.7421,26.9191,28.1541,29.3011,30.3891,31.0661,29.9481,25.9481,21.9781,17.7131,15.1541,12.9481,8.91906,6.06606,6.80106,10.0071,11.6841,12.1251,12.6251,13.0951,13.5361,13.3311,12.6541,12.4781,11.3011,8.97806,8.38906,7.71306,5.65406,4.24206,3.88906,3.86006,3.80106,3.33106
CO2_TUG_BCT2,2021-10-02,627,False,26,12.0608,12.9428,13.1188,12.1778,11.0308,9.79578,9.70778,11.3838,16.5898,23.3248,25.5898,24.4718,23.2368,21.7368,20.2368,18.9128,16.7368,14.4128,11.9718,8.56078,6.73678,6.53078,7.23678,7.64878,7.47178,7.00178,6.76578,6.70778,6.56078,6.79578,8.11878,9.79578,10.8248,9.23678,8.44278,9.17778,9.56078,10.3248,12.3248,12.4128,9.73678,6.91278,5.85478,5.82478,6.61878,8.73678,10.9128,11.9428,11.0898,8.00178
CO2_TUG_BCT2,2021-10-02,680,False,0,2.2703,1.0933,2.2703,10.1813,23.4173,35.4173,49.0643,56.4463,56.7403,54.0643,48.8873,36.5053,21.9173,15.7993,14.6233,13.6813,13.2113,12.9173,11.0643,7.5343,6.1233,6.0933,5.8873,5.3873,4.9173,4.4463,4.4173,4.6233,4.3583,3.9763,3.9463,4.4763,3.5053,0.8283,0.1813,1.8873,3.6523,5.0343,6.0343,5.0343,3.7403,2.7703,2.8583,3.0343,1.5343,1.4463,2.2403,0.7113,0.3873,2.1233
CO2_TUG_BCT2,2021-10-02,792,False,29,9.35594,8.70894,7.41494,5.97294,6.73794,8.03194,9.32594,10.2379,10.2969,10.0029,10.9439,13.2669,14.6199,16.1499,18.7379,19.6499,19.3559,18.8849,18.8259,18.7969,17.9439,16.2089,12.8559,9.76694,8.44394,7.88494,7.73794,7.00294,5.00294,4.82594,6.79694,8.09094,7.50294,5.73794,5.44394,6.26694,6.00294,5.53194,6.17894,8.14994,8.11994,5.94394,5.09094,6.11994,7.73794,8.17894,7.32594,6.26694,6.70894,8.32594
CO2_TUG_BCT2,2021-10-02,830,False,10,-0.14406,1.97394,3.91494,4.97394,6.12094,8.09094,13.0909,19.9439,26.7679,35.7969,40.9439,40.0319,35.6789,31.8559,27.8269,25.1499,23.6499,21.2379,18.5909,17.0909,15.8269,13.5319,8.76794,4.29694,2.76794,3.29694,4.73794,5.67894,6.23794,6.47394,6.50294,6.50294,6.56194,7.03194,7.82694,7.12094,4.94394,4.64994,5.91494,5.97394,6.00294,6.17894,5.26794,4.85594,5.26794,5.64994,5.44394,4.23794,3.50294,4.35594
CO2_TUG_BCT2,2021-10-02,931,False,9,4.56742,2.45042,3.03842,5.71542,5.71542,5.00942,4.97942,5.92042,9.21542,13.6264,14.9794,13.0974,10.0974,7.45042,4.59742,4.06742,5.30342,5.30342,5.00942,5.42042,6.33242,6.56742,6.06742,5.30342,5.27342,7.24442,7.47942,6.00942,6.12642,5.74442,3.95042,3.06742,3.42042,4.36242,4.83242,4.89142,4.89142,4.89142,4.86242,4.53842,3.36242,1.77342,1.50942,2.45042,3.56742,4.56742,4.30342,3.71542,3.42042,3.59742
CO2_TUG_BCT2,2021-10-02,1024,False,5,4.65406,1.74206,-0.69894,-0.40494,1.62506,2.41906,3.03706,4.77206,8.33106,14.3011,17.3601,16.0661,12.0661,8.06606,3.59506,1.50706,1.36006,0.88906,-0.61094,-0.34594,1.88906,3.06606,3.21306,3.24206,3.44806,3.68406,3.44806,3.24206,3.12506,2.50706,1.80106,2.47806,2.94806,3.27206,4.47806,5.38906,5.88906,5.65406,4.74206,4.30106,4.53706,5.47806,6.56606,6.36006,4.91906,3.56606,2.53706,2.83106,3.71306,4.94806
CO2_TUG_BCT2,2021-10-02,1048,False,7,54.0331,44.0631,32.0331,25.0631,22.5041,20.0631,19.5631,24.8271,36.0331,44.1211,47.8571,44.2981,37.6211,29.0921,23.9451,21.3271,20.7101,21.4451,22.4151,22.0631,20.7391,18.5921,15.9451,12.0631,9.47412,9.00412,10.5921,13.6801,13.6801,10.6801,9.53312,9.09212,6.47412,4.71012,4.26812,4.59212,5.50412,6.88612,7.00412,5.21012,2.91512,2.41512,3.47412,4.35712,4.18012,3.29812,3.12112,4.00412,5.21012,5.94512
CO2_TUG_BCT2,2021-10-02,1058,False,8,4.264,4.558,5.853,4.47,3.47,3.882,5.558,11.47,20.5,25.205,26.176,24.705,21.5,16.647,14.058,13.294,12.911,11.764,9.882,9.5,8.647,6.617,7.47,10.853,11.529,10.853,10.294,9.941,8.97,7.147,6.647,7.235,7.235,6.97,6.235,4.882,4.647,5.558,6.529,7.764,8.558,7.676,5.323,3.941,3.558,3.853,4.353,3.911,1.705,1.5
CO2_TUG_BCT2,2021-10-02,1078,False,13,5.4616,4.2856,5.6376,9.9326,16.4026,25.1086,27.8736,27.1676,27.0496,28.4026,28.8146,27.7856,25.5796,21.5206,18.2556,15.5496,10.9906,7.0496,6.1376,6.9026,7.3146,8.3146,10.7266,10.7266,8.3146,7.4326,7.9616,8.8736,8.8736,7.9906,7.5206,7.3146,6.1376,3.7856,2.6086,2.4326,2.1676,1.4616,0.7556,0.4906,0.5796,1.4026,2.3436,1.4616,1.1086,1.9326,2.3436,1.9326,1.1376,1.7556
CO2_TUG_BCT2,2021-10-02,1133,False,29,6.324,6.206,5.324,5.441,4.882,3.206,3.471,5.941,7.735,9.324,11.941,13.588,13.971,13.853,12.676,10.324,9.235,9.765,10.941,11.147,10.765,10.382,11.029,12.412,12.294,11.088,9.853,10.294,10.647,10.206,9.412,7.735,5.882,5.412,6.265,7.294,6.618,4.559,5.029,6.765,4.882,3.324,3.794,5.147,5.382,4.529,4.029,3.735,3.412,4.265
CO2_TUG_BCT2,2021-10-02,1154,False,8,2.775,3.657,3.216,2.952,4.363,8.775,16.422,20.569,22.687,25.216,25.716,23.04,18.775,16.599,15.716,14.069,11.216,9.804,9.452,8.04,5.069,2.481,0.157,0.599,3.51,4.628,4.099,2.893,2.069,2.716,4.628,5.922,6.04,4.599,3.51,3.157,3.393,3.599,3.569,3.04,1.628,0.157,-0.637,0.01,2.746,3.628,2.452,1.922,1.834,1.099
CO2_TUG_BCT2,2021-10-02,1172,False,12,-0.31752,1.68248,4.59448,6.62348,8.80048,10.2415,9.85948,9.88848,11.5355,15.0945,17.7415,17.2125,14.4765,13.0645,12.8885,13.0355,14.0065,14.7125,12.5945,11.0945,10.8595,10.7415,11.1235,12.0645,11.6825,12.0355,13.8595,15.0355,15.5945,15.5645,14.8885,14.0355,12.4765,9.15348,6.18248,5.80048,6.94748,6.44748,3.94748,2.35948,2.50648,3.88848,5.27048,5.56448,5.12348,4.62348,3.88848,3.30048,3.88848,5.03548
CO2_TUG_BCT2,2021-10-02,1182,False,16,2.79812,3.35712,4.79812,5.79812,6.82812,8.18112,10.2101,14.0341,17.3571,18.6811,19.0341,18.6811,17.5341,15.5041,13.6511,11.8871,11.3571,11.0041,10.0921,9.47512,8.23912,5.94512,5.21012,5.76912,5.76912,5.62212,5.82812,6.29812,6.53412,6.50412,5.82812,3.23912,-0.40788,-1.17188,0.56312,1.91612,2.50412,1.94512,0.97512,0.68112,2.23912,2.62212,1.41612,1.21012,2.29812,3.21012,3.21012,2.29812,1.15112,0.88712
CO2_TUG_BCT2,2021-10-02,1200,False,13,9.35712,9.21012,9.12212,8.44512,7.26912,7.00412,7.09212,8.06312,10.6811,12.2981,12.9161,12.8861,12.2101,11.5631,11.5921,11.0921,8.76912,7.65112,7.97512,8.56312,10.0041,12.0041,12.0041,10.0041,8.59212,8.23912,8.21012,8.00412,6.35712,3.06312,1.41612,1.21012,1.26912,1.73912,2.62212,2.79812,3.32812,5.65112,6.85712,7.26912,8.35712,8.32812,7.03412,6.38612,5.35712,2.88612,2.35712,3.35712,2.85712,2.03412
CO2_TUG_BCT2,2021-10-02,1212,False,4,5.35536,3.59036,1.91336,0.00236,-0.43964,0.61936,1.70836,4.09036,13.7664,29.3844,35.6494,33.8254,29.2964,20.6784,12.6784,8.14936,4.79636,4.29636,4.53136,4.09036,3.38436,2.41336,2.00236,2.38436,3.09036,3.17836,3.70836,4.91336,4.20836,1.47236,0.14936,0.64936,1.82536,2.14936,2.70836,4.09036,4.76636,4.61936,4.29636,5.11936,6.50236,5.76636,4.73736,4.11936,3.76636,4.20836,5.70836,5.53136,4.00236,4.14936
CO2_TUG_BCT2,2021-10-02,1221,False,24,10.7074,9.17836,9.38436,9.38436,8.94336,8.76636,9.38436,11.7374,15.0604,16.7664,17.2074,15.9434,13.8544,14.5024,14.8544,12.8844,10.0904,9.09036,9.56036,10.9724,13.3544,14.2964,12.6494,9.59036,9.20736,10.3844,11.8844,12.5024,11.8844,10.5314,10.3544,11.6784,13.0904,13.6194,13.6494,13.3544,12.4134,11.3544,11.6494,12.2964,10.7964,9.03136,7.47236,6.76636,6.67836,6.70736,6.88436,6.88436,6.17836,5.73736
CO2_TUG_BCT2,2021-10-02,1232,False,8,1.9116,0.1176,0.2356,1.7946,3.9416,5.6766,4.2946,5.0296,9.5296,12.5006,12.5296,11.1476,10.2646,10.1766,10.7946,10.5586,9.4416,9.0006,7.5006,4.3536,3.5886,4.7946,4.6476,3.2066,1.5006,1.9116,3.8826,6.4416,5.2946,1.9416,3.3236,4.8826,4.9116,5.0886,4.8236,3.8236,2.6766,1.4416,1.2356,1.6176,2.1176,2.4706,3.4416,5.2066,5.2066,3.4416,2.4116,1.6176,0.4416,0.2356
CO2_TUG_BCT2,2021-10-02,1240,False,8,0.77854,0.63054,4.39554,7.24854,6.74854,5.42554,7.86654,12.1305,17.6605,21.0135,21.8075,19.8665,18.0425,16.4545,14.7485,11.8665,7.10154,4.74854,4.45454,4.39554,4.04254,4.04254,5.48354,6.60154,7.01354,5.95454,4.10154,4.45454,4.27854,2.51354,1.57254,1.45454,1.48354,1.68954,1.92554,1.74854,2.04254,3.18954,4.16054,4.68954,5.10154,4.68954,3.77854,3.98354,4.07254,3.18954,2.01354,1.51354,1.39554,1.07254
CO2_TUG_BCT2,2021-10-02,1255,False,10,9.9214,9.5984,9.8334,10.7454,11.1864,11.1564,11.8624,14.0094,15.3924,16.0094,16.1564,15.4804,13.9504,12.3034,10.3334,9.5094,10.3334,12.1274,12.2744,10.2744,8.4214,9.4804,11.5094,9.4804,8.3334,9.4804,10.0984,9.4804,8.2454,8.9504,11.4804,11.4504,9.9804,11.4804,11.7454,9.5984,8.3624,7.7454,6.7154,5.6864,5.3924,6.8924,6.8334,4.8624,4.0684,3.4504,2.0684,1.4804,2.3334,4.2154
CO2_TUG_BCT2,2021-10-02,1259,False,11,6.961,6.608,6.226,4.902,4.932,5.52,6.432,10.167,19.843,29.696,31.461,27.432,24.696,23.02,20.814,21.049,23.726,25.079,24.814,24.108,24.02,23.49,21.873,19.226,14.902,12.255,12.785,14.138,12.461,9.108,4.785,3.314,3.99,3.696,2.726,0.785,-1.392,-0.98,1.726,3.167,3.579,3.99,3.726,2.579,1.49,0.02,-2.098,-1.186,2.667,4.373
CO2_TUG_BCT2,2021-10-02,1268,False,9,9.23658,10.1186,9.53058,8.26558,8.73658,11.0006,12.4126,14.4426,18.2956,20.7066,20.9426,18.9426,18.5596,20.2366,20.8536,19.7956,18.1186,17.0596,15.7956,14.0006,12.0896,9.73658,9.29558,10.7956,12.0006,12.5006,12.5306,11.7366,10.5896,9.17758,8.94258,9.79558,10.2656,10.2366,9.53058,8.00058,6.35358,4.47158,4.35358,6.58958,8.97158,8.35358,5.20658,3.67758,3.00058,1.44258,1.29558,3.05958,4.61858,4.47158
CO2_TUG_BCT2,2021-10-02,1433,False,6,7.18306,6.38906,5.56506,3.91806,2.74206,2.41806,2.38906,3.09506,8.74206,20.0651,25.5361,23.4181,17.1241,14.3301,14.8301,14.9181,13.3301,10.8301,10.3011,11.3301,11.5361,11.1241,10.3891,9.74206,9.94806,10.8601,11.2711,10.8601,9.97706,9.97706,10.9181,11.8891,13.1241,13.9481,13.3011,11.4481,10.5071,10.5071,11.4481,13.2421,13.4771,12.3011,12.4771,13.8011,13.6831,12.3891,10.3601,8.71306,7.18306,6.36006
CO2_TUG_BCT2,2021-10-02,1613,False,9,5.35594,3.09094,0.41394,0.35594,2.44394,3.11994,4.91394,11.5319,18.9439,27.3849,31.2669,30.8259,28.8849,27.3559,25.3559,22.9729,21.6499,20.3559,18.5609,16.6499,14.2379,13.3559,14.1499,15.2969,15.4729,14.3559,12.8259,13.0319,14.7089,14.7969,13.7379,14.0319,13.2669,11.0029,10.5319,10.8259,10.7089,9.29694,6.47294,5.09094,5.14994,5.61994,5.76694,5.09094,3.61994,2.41394,1.14994,0.44394,2.03194,5.64994
CO2_TUG_BCT2,2021-10-02,1614,False,14,0.30518,0.74618,0.59918,2.77618,7.57018,7.95218,6.15818,9.68718,12.4812,13.3342,14.2172,14.2172,13.3052,12.5112,11.2762,9.68718,9.33418,9.48118,8.57018,8.15818,8.57018,9.01118,9.27618,8.92318,7.89318,6.92318,7.65818,6.83418,3.71718,2.68718,4.59918,7.39318,8.33418,7.54018,6.42318,6.39318,7.30518,8.04018,8.80518,9.48118,9.65818,10.3932,12.3932,12.5992,10.8642,9.95218,10.0702,10.5112,10.4812,9.80518
CO2_TUG_BCT2,2021-10-02,1648,False,6,6.79734,4.94434,4.79734,5.47334,5.91434,4.06134,0.44434,3.76734,18.7973,34.8553,37.7383,29.5323,21.4143,17.7083,15.2083,11.7673,7.17934,6.29734,8.97334,13.2973,14.7383,14.7973,15.1793,15.1203,14.2083,12.8263,10.6493,7.06134,4.79734,3.17934,0.79734,-0.32066,0.00234,0.88534,0.91434,0.26734,0.29734,0.70834,1.29734,2.12034,2.62034,1.64934,2.35534,4.82634,5.06134,4.56134,4.50234,4.73834,5.20834,5.47334
CO2_TUG_BCT2,2021-10-02,1665,False,2,3.98864,2.92964,3.72364,5.51764,5.89964,5.78264,7.37064,8.13564,8.51764,10.3116,10.7236,9.42964,8.45864,7.66464,6.95864,6.66464,6.39964,5.87064,5.16464,4.34064,5.07664,7.60564,9.16464,8.75264,6.66464,4.60564,4.28264,5.10564,5.28264,4.39964,3.28264,3.31164,4.66464,6.04664,6.34064,5.81164,4.72364,3.51764,4.13564,5.69364,6.48864,4.39964,3.13564,3.51764,4.57664,5.54664,4.57664,3.42964,2.13564,0.51764
CO2_TUG_BCT2,2021-10-02,1735,False,5,2.79636,1.85536,1.09036,1.79636,2.41436,2.50236,3.29636,9.64936,22.8844,33.1784,40.0904,39.5314,37.0024,34.9144,30.8554,22.2964,14.4434,11.1784,10.8844,13.0614,14.8554,16.1204,17.6204,18.8554,17.6784,16.5614,15.7084,14.4144,14.6494,16.3844,16.6784,14.4434,11.0904,8.91436,5.91436,1.67836,-0.26264,-0.35064,0.76736,2.64936,2.94336,3.09036,3.97336,4.53136,5.29636,6.64936,7.06136,7.62036,9.97336,11.3844
CO2_TUG_BCT2,2021-10-02,1800,False,21,10.4126,8.76558,9.53058,13.1476,15.2066,16.8536,19.5896,20.3836,19.8536,20.5006,20.6476,19.6476,18.0596,16.1186,15.9126,16.4126,16.4716,15.7656,15.3246,15.3246,15.7366,16.2066,15.7366,15.2366,14.4716,13.0006,11.8246,10.8246,10.6776,11.7946,13.4126,13.9416,13.7946,14.0006,13.9716,13.3836,11.8836,8.79458,6.23658,5.47158,4.67758,2.64758,2.20658,3.53058,4.61858,4.94158,4.14758,4.55958,5.88358,5.08958
CO2_TUG_BCT2,2021-10-02,1825,False,8,1.911,0.617,0.941,2.029,1,1.823,9.441,22.323,34.941,49.441,53.705,46.352,36.705,30.852,25.47,20.97,17.441,13,10.205,7.352,3.647,2.441,3.411,4.294,4.117,3.176,2.47,1.941,1.705,1.676,1.676,1.705,1.941,2.382,2.588,3.794,6.676,6.882,4.264,2.823,2.411,2.029,2.382,2.823,1.676,1.029,1.147,0.911,0.705,0.764
CO2_TUG_BCT2,2021-10-02,1826,False,11,3.62034,2.41434,3.00234,4.59034,7.03234,8.94334,9.82634,10.8263,12.1793,14.0903,16.7373,16.1493,11.6203,7.67934,5.09034,2.14934,0.76734,0.82634,1.38534,2.23734,2.97334,2.38534,2.73734,4.76734,6.17934,6.53234,6.44334,5.47334,3.35534,1.94334,1.59034,1.76734,3.26734,5.38534,4.64934,3.41434,2.56134,1.88534,1.85534,2.32634,2.67934,2.23734,0.67934,0.44334,1.50234,1.64934,0.79634,-0.49766,0.00234,2.50234
CO2_TUG_BCT2,2021-10-02,1836,False,11,7.7646,9.1476,12.0886,12.7646,11.0586,10.0586,10.8826,13.7356,17.2356,21.6476,23.6476,22.9416,20.8236,19.5296,20.1176,21.7356,20.7646,16.8826,14.5006,13.7946,13.2946,13.1476,13.8236,15.0886,14.5006,11.2946,8.2356,7.3536,8.8826,12.1766,13.8236,14.0886,14.4416,14.4416,12.9416,11.3536,9.7646,8.5886,7.5586,7.1176,7.3536,8.2946,9.4116,9.4416,8.6176,8.6476,9.7646,10.7056,11.0296,11.2946
CO2_TUG_BCT2,2021-10-02,1842,False,7,3.97864,4.62564,3.36064,2.03664,2.21364,3.56664,4.83164,9.38964,18.9196,27.6546,34.0956,31.1846,23.8896,15.4486,12.7426,12.1846,10.3606,8.94864,7.88964,7.50764,8.12564,9.30164,9.44864,8.59564,7.12564,6.06664,4.56664,2.41964,1.21364,0.56664,0.00764,0.21364,2.12564,3.56664,4.88964,6.36064,5.68464,3.03664,2.33164,3.56664,4.24264,4.00764,2.83164,1.15464,0.18464,-0.37436,-0.43336,0.94864,3.80164,5.33164
CO2_TUG_BCT2,2021-10-02,1859,False,11,4.35594,4.03294,3.23794,3.94394,6.14994,6.91494,8.00294,12.6799,20.7379,34.9149,45.9439,45.6799,37.7679,31.4439,26.4739,24.7379,25.7969,27.7089,28.0029,28.1499,28.8269,27.5329,23.3559,19.6499,16.9739,13.0909,9.73794,8.14994,7.14994,6.97394,6.44394,4.17994,3.41494,3.70894,2.70894,3.26794,5.94394,7.09094,6.56194,5.88594,5.94394,7.09094,8.64994,8.67994,7.29694,6.12094,5.09094,4.62094,4.64994,5.35594
CO2_TUG_BCT2,2021-10-02,1863,False,10,1.88358,1.44158,2.50058,3.58958,5.00058,6.91258,7.41258,9.20658,13.4416,16.0006,16.9716,16.8536,15.7656,14.0896,13.4716,12.4126,10.1186,9.14758,9.23658,8.97158,8.53058,8.03058,8.03058,9.88358,13.2946,12.3836,7.20658,5.05958,6.35358,7.79458,5.64758,3.73658,3.17758,4.08958,6.17758,6.97158,7.50058,8.17758,7.41258,6.32458,5.32458,5.14758,6.03058,7.05958,6.50058,5.14758,5.85358,6.64758,6.79458,6.97158
CO2_TUG_BCT2,2021-10-02,1866,False,9,4.529,4.706,4.823,5.5,6.676,6.97,7.382,9,10.941,12.176,13.059,12.235,9,6.059,5.764,6.353,4.97,4.147,4.588,5.706,7.147,6.97,5.294,3.117,3.117,3.647,3.676,3.294,3.059,4,4.588,4.206,3.353,3.588,4.823,4.559,2.529,1.206,1.529,2.676,2.911,2.764,2.706,2.441,1.735,1.029,0.882,1.794,3.588,3.823
CO2_TUG_BCT2,2021-10-02,1929,False,15,1.36064,2.80164,3.83164,3.71364,2.53764,1.86064,2.27264,6.33164,14.8016,19.7436,20.6546,20.2436,19.3016,18.8316,18.7726,18.5666,16.9196,13.5076,10.9486,9.09664,8.68464,9.27264,10.0666,9.21364,7.15464,7.18464,7.91964,8.24364,7.91964,7.00764,5.47864,4.00764,2.03764,0.59664,1.50764,3.33164,2.21364,1.47864,2.21364,2.47864,2.30164,2.62564,3.56664,5.24364,6.36064,6.21364,5.33164,5.00764,4.71364,3.53764
CO2_TUG_BCT2,2021-10-02,1950,False,12,7.0006,7.8536,9.1766,12.0006,14.0886,14.4706,14.0596,14.1186,16.4416,20.9126,21.1766,16.0596,10.7946,8.2066,6.6476,6.4416,7.5296,8.5006,8.8536,7.9416,5.3826,4.2356,4.6186,5.6186,7.5296,9.0596,8.7066,7.1186,6.5886,6.2356,5.3826,5.3236,5.7356,5.1186,3.7656,3.2356,5.7656,7.0296,6.3536,6.1186,6.5296,6.7356,6.4706,5.5296,4.3536,3.8536,3.8236,4.0006,4.0006,3.4126
CO2_TUG_BCT2,2021-10-02,2019,False,9,3.03706,1.27206,2.15406,5.44806,9.03706,9.15406,6.86006,9.39006,23.8011,44.3311,51.9191,47.8601,41.3601,35.7721,29.1251,24.4781,22.6841,25.4191,26.6841,24.3901,21.2721,19.5371,18.6251,19.4481,21.2721,20.5951,18.0371,13.4481,9.30106,6.74306,4.30106,3.59506,4.39006,4.83106,4.74306,4.97806,6.06606,6.03706,4.68406,3.80106,3.71306,4.41906,4.83106,4.65406,4.18406,3.94806,3.83106,3.15406,1.97806,1.74306
CO2_TUG_BCT2,2021-10-02,2066,False,12,9.03412,18.3281,31.2981,34.0631,32.1811,30.9751,31.1511,34.8571,41.8281,46.2101,48.0341,47.0631,44.1511,39.5921,35.7981,32.0041,29.8571,29.1511,28.4161,27.6511,26.9161,26.0041,25.8871,25.8281,24.4751,24.0341,24.6221,24.7101,25.2401,26.6811,27.6511,27.0341,24.1221,21.6221,18.3571,14.3281,12.3571,11.5921,10.5341,8.15112,5.65112,5.29812,6.35712,6.50412,5.65112,4.24012,3.85712,4.94512,6.41612,5.79812
CO2_TUG_BCT2,2021-10-02,2089,False,16,8.50118,7.64818,7.35418,8.53118,8.44218,6.41318,4.58918,6.41318,13.1482,19.5602,20.5602,17.7662,14.6782,12.3842,13.9422,16.4422,18.2952,17.9722,16.7072,15.1192,13.7072,12.2072,11.4722,11.0602,9.88418,8.17818,6.97218,6.00118,6.03118,7.14818,8.03118,7.82518,6.67818,5.82518,6.23718,7.53118,7.58918,6.73718,6.88418,6.56018,5.20718,4.58918,5.20718,6.58918,7.03118,6.41318,5.61918,4.85418,5.06018,7.58918
CO2_TUG_BCT2,2021-10-02,2132,False,18,13.8559,13.2969,13.1799,13.0619,13.5329,15.3849,17.9739,21.6209,23.8269,24.9739,26.0909,24.0619,17.7969,12.8849,11.6209,11.9439,12.2679,13.0029,14.5029,15.9149,17.4149,18.0029,17.0909,14.7379,12.7089,10.9439,8.44394,6.62094,5.53294,5.79694,6.26794,5.62094,3.59094,3.14994,4.44394,5.29694,5.14994,4.06194,4.09094,5.32694,5.35594,4.26794,4.06194,4.53294,5.73794,7.29694,7.32694,5.94394,4.82694,4.26794
CO2_TUG_BCT2,2021-10-02,2283,False,14,3.7744,8.3624,16.8924,23.2744,29.0094,36.2744,50.4514,65.8924,74.8624,81.4214,83.0984,75.4514,56.8334,41.2454,33.3624,23.2154,10.9214,5.2154,3.8034,4.3924,5.7454,5.1274,4.9214,5.2744,4.0394,2.7154,1.6564,1.1864,1.1274,1.0984,0.9514,1.1864,2.4214,3.5684,4.4804,4.0984,2.9804,3.5094,4.5394,5.3334,5.4514,6.2154,7.8334,7.0394,4.5684,5.0394,5.8334,4.8034,2.4804,1.5394
CO2_TUG_BCT2,2021-10-02,2362,False,20,17.5296,18.4416,15.2356,13.2946,14.4126,18.3826,22.1766,23.7656,24.5296,25.6476,25.6766,22.0296,18.7656,15.6476,12.5296,9.11858,4.35358,2.47158,3.11858,3.52958,3.08858,1.91258,0.94158,0.41258,0.00058,0.50058,2.11858,3.23558,3.14758,2.70658,3.17658,3.58858,3.64758,3.58858,3.11858,2.14758,1.64758,2.76558,5.70658,6.38258,4.61858,3.08858,2.50058,3.73558,4.97158,5.32358,4.44158,4.26558,5.11858,5.58858
CO2_TUG_BCT2,2021-10-02,2408,False,13,1.41806,1.83006,3.62406,9.27106,16.0651,16.9481,13.3301,13.4481,18.3591,22.3591,23.4181,22.3591,19.8301,17.2421,14.1541,11.8301,10.0071,9.59506,10.1541,10.8891,10.8891,10.7121,10.7121,10.8301,10.3591,8.59506,6.65406,3.94806,1.68306,1.56506,2.83006,3.06506,2.21206,1.88906,2.83006,3.77106,2.27106,2.18306,4.15406,3.91806,2.65406,4.68306,5.71206,5.00706,5.15406,4.83006,3.35906,1.85906,1.06506,2.47706
CO2_TUG_BCT2,2021-10-02,2412,False,22,9.62388,9.18288,7.79988,7.82988,8.41788,9.03588,10.0359,11.9469,13.7119,15.0649,15.8299,14.1529,10.9769,6.68288,5.21188,5.88788,5.65288,5.21188,4.68288,3.77088,3.53588,3.91788,3.88788,3.21188,2.56488,2.82988,4.21188,5.56488,5.62388,4.68288,3.77088,3.00588,3.03588,3.38788,3.41788,2.65288,1.74088,0.79988,0.74088,1.15288,0.71188,0.59388,1.47688,2.74088,3.94688,5.47688,6.53588,6.62388,5.12388,3.50588
CO2_TUG_BCT2,2021-10-02,2413,False,7,-0.55252,0.97748,2.56548,4.06548,4.06548,3.71248,3.77148,5.24148,11.3595,20.8005,25.2125,24.8005,22.1535,20.3005,19.1825,18.6535,18.1245,17.2125,16.9185,16.8595,16.0355,14.6535,12.7125,11.7715,11.6535,11.6535,11.4775,10.0655,7.18248,5.30048,4.24148,4.15348,4.32948,3.35948,2.47748,2.00648,2.35948,2.80048,1.74148,1.80048,3.32948,3.82948,3.94748,4.47748,5.24148,5.27148,3.09448,1.32948,0.44748,0.44748
CO2_TUG_BCT2,2021-10-02,2414,False,21,2.863,2.393,1.981,1.893,1.804,2.51,4.628,6.01,8.04,11.775,13.422,13.069,11.981,10.775,11.157,11.187,11.04,12.54,12.451,10.216,8.775,7.922,7.304,7.746,9.246,10.893,12.863,13.687,12.922,11.51,11.481,11.598,11.098,10.363,10.569,12.863,12.098,7.834,5.951,5.893,5.922,5.804,4.863,2.981,2.216,3.51,6.216,6.687,4.981,4.157
CO2_TUG_BCT2,2021-10-02,2417,False,7,7.94276,8.29576,6.70776,4.88376,5.38376,8.32476,10.0898,9.67776,8.76676,9.67776,10.2668,9.85476,9.17776,8.44276,8.44276,8.47276,7.32476,5.11976,5.11976,7.35476,8.79576,9.64876,10.2368,9.47276,6.91376,4.73676,5.32476,7.94276,8.35476,6.17776,4.35476,4.14876,4.32476,3.44276,3.26676,4.14876,4.88376,5.64876,6.23676,5.70776,5.03076,6.44276,7.50176,7.61976,7.32476,6.38376,5.17776,4.56076,4.97276,6.58976
CO2_TUG_BCT2,2021-10-02,2418,False,9,5.85712,7.32712,6.76812,3.59212,1.44512,2.44512,5.79812,8.70912,13.3861,19.3571,20.7681,17.7981,14.7681,13.9151,14.1211,13.1511,10.5921,8.91512,8.35712,8.32712,8.91512,8.41512,6.76812,7.18012,9.41512,9.88612,9.68012,10.3271,11.7091,12.1801,11.7091,10.6801,8.53312,6.35712,5.15112,4.59212,5.09212,5.73912,6.20912,5.79812,3.47412,0.23912,-0.67288,0.79812,2.68012,3.44512,3.62112,4.18012,4.41512,2.85712
CO2_TUG_BCT2,2021-10-02,2431,False,17,3.67954,3.65054,3.85654,3.62054,3.50354,4.17954,5.73854,7.62054,10.1205,11.7385,12.5915,12.5325,11.8855,10.8265,9.62054,7.91454,6.73854,6.38554,6.12054,5.59154,4.88554,3.91454,3.50354,3.91454,4.82654,5.15054,5.44454,6.56154,6.76754,5.94454,5.59154,5.06154,3.62054,4.17954,5.94454,4.70954,3.03254,1.97354,2.15054,4.44454,7.73854,9.00354,7.53254,4.32654,3.38554,4.47354,4.32654,3.23854,3.76754,4.70954
CO2_TUG_BCT2,2021-10-02,2442,False,9,3.177,2.736,2.912,3.353,2.824,1.971,1.206,2.059,9.059,22.588,27.971,24.353,19.059,17.677,18.824,18.618,16.618,13.324,12.03,11.824,10.324,8.736,7.206,6.471,6.147,5.647,5.441,7.059,10.912,11.765,9.206,7.147,7,7.824,7.794,6.677,5.824,6.147,6.824,6.03,4.706,3.294,3.294,4.618,5.324,5.53,6.471,8.383,9.559,10.03
CO2_TUG_BCT2,2021-10-02,2443,False,29,9.76794,8.97394,9.38594,10.7389,10.6509,9.67994,8.91494,9.88594,12.6209,16.8269,17.9149,15.5919,13.4149,14.0029,16.6509,17.3559,16.1209,15.3859,15.0029,14.0619,12.8859,12.3859,12.2979,12.1799,12.6509,14.0919,13.4449,10.9739,10.6799,10.7089,9.85594,9.44494,9.85594,10.6209,9.70894,7.17994,6.23894,6.29794,6.20894,5.32694,3.91494,3.79794,3.38594,2.97394,4.91494,6.67994,7.76794,7.94494,7.06194,5.76794
CO2_TUG_BCT2,2021-10-02,2461,False,19,1.94806,2.38906,2.74206,3.71306,5.62506,6.71306,6.59506,5.59506,6.33006,9.12506,10.7721,10.0071,6.56606,3.80106,3.09506,5.62506,6.88906,6.18306,5.62506,4.86006,3.50706,3.24206,3.86006,3.88906,3.94806,4.53606,5.80106,7.00706,5.59506,2.88906,0.62506,2.03606,3.44806,3.59506,3.15406,2.44806,2.53606,3.36006,4.33006,4.09506,3.71306,3.56606,2.88906,1.71306,1.53606,2.00706,1.80106,0.00706,-0.40494,0.88906
CO2_TUG_BCT2,2021-10-02,2462,False,7,3.59076,3.23776,4.56076,6.67876,7.73776,8.56076,9.97276,10.6788,10.9138,11.9138,12.8548,11.2378,10.1788,10.2378,9.88476,8.73776,7.03176,7.47276,8.53176,6.00176,4.50176,4.70776,4.29576,4.35476,5.32576,6.47276,7.70776,8.06076,8.64876,8.85476,6.50176,4.97276,4.94276,6.23776,8.11976,7.56076,6.14876,5.09076,5.26676,5.17876,4.32576,4.03176,3.97276,3.20776,2.41376,2.35476,3.67876,3.85476,2.53176,1.64876
CO2_TUG_BCT2,2021-10-02,2465,False,6,7.32712,5.88612,4.79812,4.47512,5.21012,4.56312,4.18012,9.06312,18.7391,32.9451,37.8571,34.2691,31.5331,29.7691,26.6801,24.1221,23.5041,23.8271,23.2691,19.7691,14.0921,10.9751,8.29812,4.35712,2.91612,3.68012,4.59212,5.35712,5.29812,4.56312,2.88612,1.00412,0.23912,0.26912,1.06312,1.76912,0.41612,-0.20188,0.35712,0.38612,0.44512,0.97512,1.85712,2.82712,2.65112,2.76912,3.88612,4.76912,4.59212,3.76912
CO2_TUG_BCT2,2021-10-02,2472,False,28,3.9467,4.6227,5.5937,6.1817,7.1817,9.1817,11.3287,15.4467,20.9167,25.2107,27.8287,25.2697,21.5637,17.9757,16.2407,15.3287,13.8877,12.9467,12.4167,12.4167,12.8577,13.0047,12.2697,10.3877,8.6817,7.6227,6.3877,5.6227,6.7407,9.4467,10.1517,8.9167,8.1227,7.3287,5.8287,4.3287,2.1227,0.0637,-0.2303,0.8577,1.8287,2.3577,2.9467,3.6517,3.2107,0.2697,-0.6713,0.2697,0.0047,1.0637
CO2_TUG_BCT2,2021-10-02,2476,False,7,3.20776,2.14876,1.61976,2.50176,4.91376,5.06076,3.82476,5.94276,12.8248,24.2668,29.3838,27.2668,22.4138,20.7368,21.8548,22.4728,21.8548,20.7668,22.4428,25.8838,25.1778,23.7668,22.8548,21.2958,19.4138,16.7958,14.2078,11.2368,9.64876,8.08976,5.50176,4.82476,7.00176,10.9728,10.7078,6.03076,3.14876,2.14876,1.17776,0.67776,0.38376,0.08976,1.17776,3.26676,3.32476,3.17776,3.32476,2.50176,2.79576,4.85476
CO2_TUG_BCT2,2021-10-02,2481,False,6,6.41612,4.29812,3.09212,4.23912,6.32812,6.09212,8.88612,18.1801,37.2981,68.8281,84.5331,81.6801,65.2691,45.0041,36.2391,34.3861,30.9451,23.6221,18.3571,17.6511,17.2691,13.2691,10.8281,10.5631,10.8861,10.6511,8.82812,8.09212,8.18012,7.26912,6.85712,7.32812,8.21012,9.18012,8.94512,8.41612,7.18012,4.94512,4.71012,6.47512,7.65112,8.23912,8.41612,8.00412,7.29812,7.32812,7.73912,8.21012,8.18012,7.50412
CO2_TUG_BCT2,2021-10-02,2489,False,6,8.677,7.088,6.883,6.824,5.441,4.794,5.353,7.853,16.118,27.294,29.324,21.941,14.53,12.765,14.147,13.412,10,7.941,7.912,8.353,7.765,6.412,4.441,3.353,3.471,4.559,4.559,3.471,3.177,2.853,2.118,3,5.294,5.677,4.677,3.265,2.883,2.559,0.794,0.559,1.824,1.853,1.736,2.324,3.912,6.294,6.765,6.353,5.353,3.588
CO2_TUG_BCT2,2021-10-02,2491,False,5,2.92042,2.89142,1.09742,-0.78558,1.80342,3.89142,4.74442,9.74442,22.9204,35.4204,36.6264,29.6264,25.0674,23.4504,21.8034,19.7734,17.5674,17.2734,15.3324,9.77342,5.45042,3.50942,2.03842,1.95042,3.97942,6.62642,6.45042,3.92042,3.56742,4.80342,4.09742,3.36142,3.71442,4.77342,6.18542,7.95042,7.47942,4.77342,3.36142,3.21442,3.45042,3.89142,3.89142,3.56742,4.09742,4.53842,2.74442,2.09742,2.86142,2.65642
CO2_TUG_BCT2,2021-10-02,2494,False,10,2.94158,3.17758,3.38358,3.50058,4.11858,4.82458,4.14758,4.14758,7.58858,13.6476,14.3836,10.1776,8.61858,9.03058,7.44158,5.03058,2.53058,2.17758,3.41258,5.35358,6.23658,5.88358,4.97158,4.70658,4.88358,4.64758,4.44158,4.32458,3.70658,3.00058,3.73658,4.55958,4.88358,4.53058,3.38358,1.58858,1.67758,4.14758,6.44158,6.79458,5.94158,5.41258,4.88358,3.88358,3.08858,3.26558,5.00058,5.00058,3.26558,2.94158
CO2_TUG_BCT2,2021-10-02,2500,False,7,2.94572,2.56372,2.85772,4.23972,5.59272,6.38672,11.3867,23.0637,31.9457,38.5337,38.9457,30.8577,20.2687,15.6807,14.4457,13.0337,12.3277,12.4157,13.5927,14.5337,12.1217,9.94572,8.76872,8.29872,8.23972,8.23972,8.21072,7.97472,7.38672,6.26872,4.82772,4.97472,6.50472,8.82772,9.18072,6.97472,4.53372,4.68072,6.82772,7.32772,6.29872,6.03372,5.94572,5.50472,5.26872,5.23972,5.32772,5.85772,5.85772,3.76872
CO2_TUG_BCT2,2021-10-02,2504,False,11,-0.35242,1.64758,5.38358,8.70658,12.2656,14.2946,14.7356,14.1476,16.3836,22.4126,26.0306,25.6776,23.2656,21.0596,18.3246,15.9416,14.7946,13.5306,11.8536,10.8836,10.2656,9.35358,6.73558,2.94158,1.00058,0.32458,0.20658,1.11858,2.88358,3.17758,3.76558,7.44158,8.88358,7.05958,4.94158,4.14758,4.14758,4.97158,7.32458,9.88358,10.5006,8.73558,5.70658,4.50058,4.76558,4.76558,4.32458,4.14758,4.53058,5.00058
CO2_TUG_BCT2,2021-10-02,2505,False,12,5.32888,3.35888,1.94688,0.91788,1.24088,2.32888,3.88788,5.79988,11.2999,19.8289,22.4469,19.6529,17.2409,16.1229,15.1819,15.2409,16.5939,17.9179,17.4469,13.7409,8.56488,8.00588,11.4179,12.8589,12.3879,12.3289,11.9759,10.5939,9.09388,7.85888,6.35888,5.41788,4.85888,4.62288,4.68188,5.38788,6.85888,8.03488,9.00588,8.82888,6.53488,3.32888,2.65288,4.59388,6.65288,6.97588,6.21188,6.38788,7.26988,6.97588
CO2_TUG_BCT2,2021-10-02,2513,False,16,1.53076,2.67776,3.58976,3.64876,3.47176,5.64876,12.2078,19.2368,23.4138,26.2958,26.4138,24.9718,22.6778,19.1488,13.8548,11.1488,9.88376,8.00176,7.08976,7.20776,7.47176,6.08976,3.06076,1.85476,1.64876,1.20776,1.00176,1.20776,1.56076,0.91376,-0.46924,-0.49824,-0.29224,0.00176,1.29576,2.91376,4.70776,4.29576,2.06076,1.64876,2.38376,3.14876,3.17776,3.23676,3.64876,3.61876,2.94276,2.29576,2.41376,2.61876
CO2_TUG_BCT2,2021-10-02,2520,False,17,8.07488,8.66288,8.36888,6.98688,5.69288,6.19288,8.72188,11.0749,11.9279,12.2519,12.5749,11.6339,9.31088,8.13388,7.98688,8.04588,8.51588,9.33988,9.01588,8.36888,9.72188,10.1339,7.92788,4.63388,3.16288,2.98688,2.95788,2.72188,2.28088,2.31088,2.98688,3.75188,4.48688,5.25188,4.10488,1.10488,0.10488,1.48688,3.86888,4.28088,3.51588,2.42788,1.33988,0.57488,1.39888,2.83988,3.86888,2.98688,2.63388,3.42788
CO2_TUG_BCT2,2021-10-02,2526,False,12,4.32694,4.20894,4.85594,6.00294,5.67994,6.26794,9.67994,21.1499,48.5909,75.5909,84.3849,77.9739,63.6209,51.3269,39.2969,34.4149,35.5909,37.0909,36.5319,34.7089,34.3559,33.7379,32.0319,31.9739,33.2679,33.0909,31.3269,28.0319,23.1209,14.7089,7.94394,4.62094,2.76794,3.53194,3.26794,1.76794,2.67994,3.44394,3.03194,2.09094,0.64994,0.03194,0.64994,2.06194,2.64994,1.79694,0.06194,0.29694,2.53194,3.79694
CO2_TUG_BCT2,2021-10-02,2527,False,10,2.03136,2.06036,4.09036,4.64936,2.94336,1.53136,2.85436,6.91336,11.6494,17.7664,20.7074,18.3254,11.5314,6.50236,6.14936,8.32536,9.09036,7.35436,4.35436,3.23736,2.82536,1.09036,1.14936,3.32536,4.29636,4.20736,4.32536,3.61936,2.00236,1.61936,2.44336,3.85436,4.29636,3.67836,2.94336,2.53136,2.73736,3.94336,4.85436,5.32536,4.85436,3.47236,2.79636,2.91336,3.14936,3.00236,3.50236,4.73736,4.41336,3.32536
CO2_TUG_BCT2,2021-10-03,0,False,6,3.8446,3.9916,3.1396,3.1976,4.4626,4.9036,5.6976,10.2566,25.7276,53.6976,67.3156,66.9336,62.1976,55.9626,46.7566,40.9036,39.4336,37.6686,33.4036,29.1976,24.6976,22.6686,23.1096,24.4626,24.4036,21.1976,15.9336,12.8156,11.0216,9.5806,7.8446,6.8156,7.6096,9.4626,9.6976,9.3746,9.2276,8.4336,6.3156,4.2566,4.0216,5.5806,7.3746,7.4336,6.2276,6.2276,6.1396,3.3746,2.0806,2.7866
CO2_TUG_BCT2,2021-10-03,6,False,8,3.88966,4.03666,4.62466,4.12466,2.30166,1.50766,2.56666,5.18366,8.38966,12.0667,12.6837,11.5367,10.0957,9.77166,9.91866,8.91866,7.88966,7.56666,8.41866,8.36066,7.09566,6.88966,7.97766,9.00766,9.88966,10.3897,9.15466,7.83066,6.77166,6.36066,6.77166,7.68366,7.88966,7.24266,6.36066,4.68366,1.83066,0.44866,0.50766,1.09566,2.24266,3.91866,4.27166,3.21366,1.33066,0.68366,1.50766,2.62466,2.71366,2.30166
CO2_TUG_BCT2,2021-10-03,8,False,7,3.82634,5.97334,6.67934,6.03234,4.09134,4.35534,7.91434,17.3263,39.1493,61.5023,71.0913,70.1493,59.6493,45.5323,27.2383,17.2083,14.0023,13.9143,13.7083,12.1493,10.9143,10.1203,9.20834,9.29634,10.8853,12.5913,11.9443,9.20834,7.85534,8.14934,9.06134,9.26734,8.62034,7.91434,7.73834,8.41434,9.82634,10.5323,10.5323,9.97334,9.73834,11.4443,13.0613,14.6203,15.7383,13.9143,9.29634,7.09134,6.56134,5.38534
CO2_TUG_BCT2,2021-10-03,16,False,13,8.00294,7.61994,5.88494,5.64994,6.94394,7.67894,8.17894,10.0619,13.1199,14.5619,14.6499,13.8849,12.0029,10.4139,10.2379,10.4139,9.47294,8.82594,8.85594,9.67894,10.6199,9.61994,8.26694,6.73794,5.44394,5.85594,7.50294,7.06194,4.59094,3.61994,3.50294,3.53194,4.17894,4.14994,3.32594,3.38494,4.73794,6.14994,6.67894,6.73794,6.67894,6.20894,5.29694,4.76694,2.82594,-1.32106,-1.20306,2.50294,2.73794,1.88494
CO2_TUG_BCT2,2021-10-03,17,False,10,4.5637,3.7107,1.4167,0.4757,0.7987,1.1817,2.4757,5.5347,8.2697,10.2987,12.4167,11.0347,6.2397,4.0047,2.9757,1.1227,0.2697,0.8577,2.2987,3.2107,3.5347,3.2107,2.3877,1.6517,2.3577,2.9757,3.1817,4.0637,5.4757,5.4757,5.0047,4.0047,2.1817,1.7107,2.5047,2.7987,2.8577,3.5347,3.6517,2.5347,1.0347,1.4757,3.7987,5.4757,6.7987,7.5637,6.4457,3.6517,2.2987,2.5927
CO2_TUG_BCT2,2021-10-03,18,False,22,7.363,9.01,9.569,10.158,11.569,12.51,13.069,13.363,13.863,14.805,15.158,14.275,12.305,10.805,10.452,11.922,11.51,8.128,5.393,5.216,6.569,7.51,8.069,8.305,8.393,8.863,9.599,8.422,5.216,3.805,4.069,4.246,3.775,2.599,1.628,1.099,0.628,0.569,0.54,0.01,0.922,3.216,3.834,4.716,7.069,8.658,9.275,8.687,7.334,5.393
CO2_TUG_BCT2,2021-10-03,23,False,9,4.20776,2.97276,2.70776,3.32576,3.41376,3.94376,6.14876,14.4138,35.4438,57.4728,65.0908,62.5318,57.2668,52.2378,44.9138,38.3848,34.7668,32.0318,33.1788,37.9438,39.9438,39.0908,36.6198,30.9138,19.5018,10.2958,7.09076,5.85476,4.61976,3.64876,2.76676,3.11976,4.00176,3.06076,2.20776,1.85476,1.47276,1.94376,3.20776,2.97276,1.17876,0.32576,1.03176,3.38476,5.88476,6.20776,4.91376,4.26676,4.64876,5.47276
CO2_TUG_BCT2,2021-10-03,25,False,7,4.80576,4.95276,3.39376,1.54076,0.95276,0.86476,0.62976,3.95276,12.3648,22.8938,32.3058,27.1588,18.5998,11.9528,10.7468,11.2468,10.8058,9.54076,6.92376,4.57076,3.95276,5.51176,8.77676,10.1878,9.74676,8.07076,4.98276,3.04076,2.15876,1.18776,0.74676,0.92376,1.45276,2.24676,3.92376,5.65876,5.27676,3.24676,2.48276,2.09976,1.21776,1.07076,2.18776,3.74676,3.71776,1.92376,0.36476,0.51176,1.86476,2.71776
CO2_TUG_BCT2,2021-10-03,26,False,11,2.588,2.911,3.117,2.911,2.5,2.911,5.235,8.588,10.529,11.705,12.5,12.323,10.382,8.735,7.176,5.588,3.647,0.882,0.382,1.852,2.264,1.676,0.676,0,-0.295,0,0.705,1.911,2.882,3.411,3.764,3,2.088,3.617,3.911,1.97,0.647,1,2.323,2.617,2.235,2.705,3.147,3.441,4.029,5.205,7,7.058,5.764,5.676
CO2_TUG_BCT2,2021-10-03,28,False,7,1.0006,2.2646,3.2946,3.3536,1.3236,0.7066,2.4116,7.0596,16.0886,22.5296,23.1476,20.2646,17.7356,17.3536,18.0596,17.1176,12.9416,7.9706,5.6766,4.7356,4.1766,5.0886,7.1766,6.6176,4.1766,4.5596,4.8236,3.7946,3.5296,3.4416,3.0006,2.8236,3.2646,4.2646,5.1176,5.4116,4.5296,4.3536,5.1766,5.3826,4.7356,4.1766,4.9116,5.8236,4.2356,3.4416,4.2946,5.5596,7.7356,9.7066
CO2_TUG_BCT2,2021-10-03,29,False,9,5.62288,4.06488,3.53488,3.18188,2.35888,2.53488,3.41688,3.56488,6.35888,13.3589,18.0349,17.2409,13.1229,10.8289,9.15288,6.15288,3.38788,0.85888,0.44688,1.21188,2.21188,2.76988,3.53488,4.85888,4.76988,2.74088,0.68188,0.35888,1.21188,1.71188,2.00588,2.50588,2.97588,3.47588,3.68188,3.47588,3.15288,4.00588,5.62288,5.41688,4.91688,3.88788,1.38788,0.71188,1.97588,2.94688,3.74088,4.41688,4.44688,4.03488
CO2_TUG_BCT2,2021-10-03,41,False,9,3.79616,3.59016,3.35416,3.50116,3.20716,3.47216,6.47216,11.3252,18.2662,22.5902,24.1782,23.0902,22.5602,22.1782,19.5602,17.7662,16.7962,14.2662,10.0012,8.50116,7.97216,6.47216,4.73716,3.47216,4.67816,5.97216,6.82516,7.50116,7.53116,7.11916,7.09016,7.29616,7.06016,6.94316,7.61916,8.97216,9.20716,8.32516,7.44316,5.50116,2.56016,2.06016,3.76616,4.70716,4.82516,4.82516,4.88416,5.35416,6.17816,5.64916
CO2_TUG_BCT2,2021-10-03,44,False,9,3.04842,2.04842,0.25442,0.01942,1.43142,3.28342,6.90142,11.2254,13.8134,16.3724,18.6074,16.8134,11.2544,8.13642,6.84242,5.63642,5.07842,5.96042,8.43142,8.87242,7.16642,6.34242,7.16642,9.01942,9.63642,8.57842,6.96042,6.46042,6.81342,6.75442,5.84242,4.75442,4.93142,6.04842,6.19542,5.34242,3.96042,3.69542,4.31342,4.28342,3.93142,3.90142,4.66642,5.57842,6.37242,5.22542,2.22542,1.10742,1.60742,2.54842
CO2_TUG_BCT2,2021-10-03,64,False,28,6.14994,6.23794,6.59094,6.56194,4.59094,4.44394,6.64994,8.20894,10.0029,12.5029,12.9439,11.2089,9.56194,9.00294,8.94394,8.88494,8.41494,7.38494,6.20894,4.73794,4.20894,5.53194,8.32594,9.38494,8.14994,6.03194,5.03194,4.67894,4.29694,4.76794,6.17894,7.00294,6.61994,5.09094,5.03194,6.09094,5.61994,5.03194,4.91494,4.82594,5.53194,7.61994,8.29694,6.09094,2.20894,1.23794,3.00294,4.88494,6.88494,7.76794
CO2_TUG_BCT2,2021-10-03,67,False,11,4.79852,3.32752,4.00352,6.65152,7.50352,7.44552,9.29852,12.2095,17.0625,21.4155,22.0925,20.2095,17.7685,14.1215,11.2095,9.53352,7.32752,5.09252,3.35652,1.29852,-0.17248,-0.29048,1.79852,2.97452,3.38652,4.50352,4.70952,3.85652,3.44552,3.85652,4.70952,4.47452,3.18052,2.82752,2.73952,1.38652,1.06252,2.59252,4.26852,3.38652,0.26852,-0.70148,0.26852,0.65152,1.68052,4.00352,5.06252,4.26852,2.41552,1.79852
CO2_TUG_BCT2,2021-10-03,73,False,17,1.00118,3.56018,7.73618,16.3542,25.7662,31.2662,35.4422,37.3542,37.8252,38.3842,39.0602,38.3842,34.2362,27.2662,17.1192,11.9722,9.70718,6.32518,4.11918,3.67818,5.23618,5.61918,4.35418,3.67818,3.82518,4.35418,5.03118,5.76618,5.70718,5.14818,4.88418,5.70718,5.41318,3.61918,2.73618,3.08918,4.20718,5.82518,6.58918,3.82518,2.35418,3.00118,3.14818,2.03118,0.47218,0.53118,2.56018,4.58918,4.67818,3.41318
CO2_TUG_BCT2,2021-10-03,81,False,13,3.56016,2.56016,1.50116,1.97216,4.03116,5.44316,5.79616,6.06016,8.06016,12.7662,16.2962,15.4432,10.6192,6.29616,4.17816,2.70716,2.61916,3.23716,2.47216,1.44316,0.88416,1.41316,2.29616,3.29616,3.79616,4.09016,4.44316,3.70716,1.61916,0.23716,0.11916,0.64916,1.50116,2.23716,1.59016,1.44316,2.47216,4.09016,4.85416,2.14916,1.14916,2.76616,3.94316,5.94316,9.53116,9.97216,7.14916,5.29616,5.17816,6.09016
CO2_TUG_BCT2,2021-10-03,89,False,0,3.264,4.441,6.617,10.411,12.441,13.853,16.264,17.911,19,19.411,19,17.823,15.588,12.705,12.882,14.823,16.353,14.911,13.441,12.647,11.235,8.853,7.617,7,6,4.97,3.264,1.5,1.705,3.735,5.147,5.5,5.647,6.558,8.205,8.617,7.911,6,3.705,3.205,4.264,5.235,5.764,6.264,6.411,5.735,4.323,3.617,3.588,4
CO2_TUG_BCT2,2021-10-03,90,False,10,4.30794,6.24894,6.86594,6.07194,4.83694,6.16094,12.4249,20.2189,23.7489,24.8369,25.4549,25.0129,23.5719,22.2779,20.3079,17.7189,14.9839,12.2779,12.6899,13.1609,12.3369,11.4839,9.77794,7.30794,6.98394,8.24894,8.24894,7.89594,7.74894,7.04294,5.63094,4.89594,4.57194,4.10194,3.95494,4.63094,5.98394,6.24894,5.63094,5.71894,6.54294,7.51294,7.21894,6.36594,5.33694,4.54294,3.30794,1.77794,1.80794,2.18994
CO2_TUG_BCT2,2021-10-03,94,False,27,11.7356,12.8536,14.7356,15.0886,15.5296,15.9416,14.2356,14.3536,17.0006,18.4126,18.5886,18.5596,18.3236,17.8536,17.5006,16.5296,14.6766,13.8236,13.0006,10.8236,9.2946,8.9126,9.8236,10.2356,9.9706,10.6476,12.2646,12.8236,13.2646,13.4706,11.7646,10.2066,9.0006,7.9126,8.5596,12.5886,13.4126,10.4416,8.8536,9.1176,9.9706,9.7356,8.3826,7.6766,7.5886,7.5886,7.7066,8.6476,10.3236,9.5006
CO2_TUG_BCT2,2021-10-03,95,False,8,2.82418,2.88318,4.67718,6.17718,5.53018,3.00118,2.23618,8.91318,24.3542,41.1182,54.7072,47.0302,35.0602,28.5302,32.4712,35.8542,35.4132,34.2072,31.0892,26.1772,22.3542,18.5302,14.7662,10.3242,8.17718,7.61818,6.67718,5.47118,4.73618,4.20718,4.00118,4.20718,4.67718,5.00118,5.73618,7.11818,7.58918,6.97118,5.03018,2.64818,3.64818,5.08918,4.56018,1.70718,-0.11682,-0.67582,0.06018,2.14818,3.56018,3.97118
CO2_TUG_BCT2,2021-10-03,98,False,9,1.76616,2.76616,3.35416,4.29616,4.82516,5.35416,6.50116,8.61916,12.0012,13.8252,14.0312,13.2662,12.4132,11.8842,12.3252,12.5012,12.0602,11.5602,10.8252,10.0902,9.59016,9.11916,9.03116,8.76616,7.79616,8.76616,11.9722,13.6192,13.8252,13.8252,13.8542,14.0902,14.5312,14.4722,13.5602,12.2072,10.2962,7.56016,7.17816,8.17816,6.91316,5.17816,3.61916,2.94316,3.09016,3.59016,4.09016,4.82516,5.53116,5.70716
CO2_TUG_BCT2,2021-10-03,104,False,29,6.4314,8.4614,8.6964,7.1664,5.9904,5.6664,5.6374,5.7844,6.9614,9.4314,11.5494,13.5194,13.8434,11.8434,8.9904,7.5194,6.9024,6.8134,7.9614,10.1374,9.9614,7.7554,7.2254,7.0784,6.4314,6.4314,6.6084,6.7554,7.5194,7.9904,6.1664,5.2554,5.3134,4.4904,4.7844,6.5784,7.5194,7.6374,7.6084,7.3724,6.9024,6.5494,5.5784,3.7554,3.3434,4.6374,5.9904,6.0494,5.1664,4.7254
CO2_TUG_BCT2,2021-10-03,112,False,6,1.88318,1.08918,-0.52782,-0.79282,0.97218,4.38318,7.41318,14.4422,26.3542,34.5602,38.5302,36.0602,34.5602,35.7952,34.3542,29.5302,26.3542,23.0012,17.2662,13.9422,12.4132,11.3542,10.1772,8.73618,8.79518,9.61918,10.4132,9.41318,7.58918,8.79518,10.0602,9.29518,6.70718,5.32418,5.14818,5.23618,5.94218,7.29518,7.47218,6.14818,4.79518,4.73618,5.44218,4.67718,3.32418,4.64818,5.17718,3.94218,3.26618,3.41318
CO2_TUG_BCT2,2021-10-03,113,False,24,12.9238,13.5118,14.0998,14.6878,14.7178,13.1878,11.4818,10.4238,11.4818,13.2468,14.9528,13.5708,9.21776,7.33476,7.09976,5.71776,3.12976,3.59976,7.07076,8.09976,7.15876,7.51176,7.24676,6.15876,6.68776,7.74676,8.59976,7.80576,6.21776,7.07076,7.42376,6.62976,6.95276,8.04076,9.42376,9.51176,8.89376,9.42376,8.65876,6.15876,5.18776,5.01176,4.68776,5.33476,6.71776,6.68776,5.98176,4.51176,2.51176,2.48176
CO2_TUG_BCT2,2021-10-03,116,False,9,5.06488,7.91788,8.06488,5.06488,3.77088,3.56488,2.35888,3.29988,7.88788,12.2119,12.6529,10.5349,9.74088,9.82888,8.94688,8.65288,8.56488,7.12388,6.00588,5.38788,4.94688,4.68188,4.85888,4.65288,4.21188,4.74088,5.62388,6.62388,7.00588,6.35888,4.82888,3.38788,3.06488,5.44688,7.21188,7.88788,8.09388,7.88788,7.35888,6.62388,5.41788,4.32888,2.85888,0.59388,0.29988,1.56488,1.47688,0.53488,0.00588,1.18188
CO2_TUG_BCT2,2021-10-03,119,False,8,-0.08624,0.23676,1.82476,2.20776,1.38376,0.35476,3.29576,12.6198,21.6198,25.1778,25.2958,23.1778,20.1778,16.2668,14.4138,14.4138,15.0898,16.8248,18.9728,17.9138,14.1198,8.20776,4.44276,2.20776,1.29576,1.47276,2.41376,3.64876,4.64876,5.88376,6.82476,7.11976,7.11976,6.76676,5.35476,3.35476,3.32476,5.11976,6.29576,6.88376,7.08976,6.79576,5.61976,3.97276,3.23676,3.20776,3.70776,4.88376,5.79576,5.88376
CO2_TUG_BCT2,2021-10-03,120,False,9,4.0931,4.6221,5.2691,5.7691,5.2401,4.5631,5.2101,8.3871,12.7991,18.4161,19.2691,15.1521,12.0041,12.0631,12.9161,11.2101,9.4751,8.2401,6.7991,4.6221,3.3871,4.4161,6.9751,7.8571,7.3281,6.2991,5.3281,4.0931,3.2991,4.1811,6.4461,7.0631,5.5631,3.6221,2.3571,1.0931,0.2401,0.6521,1.9461,1.8871,0.0931,-1.4069,-0.7899,1.5041,2.7691,3.6221,4.9751,5.0931,3.2991,1.1221
CO2_TUG_BCT2,2021-10-03,124,False,13,4.89122,7.00822,12.3322,22.8022,37.6552,40.7442,39.2442,39.8022,43.4502,49.5972,50.7442,46.2442,38.1262,34.0382,32.8322,31.2142,28.7442,24.4202,20.7442,18.2142,14.0972,9.59722,7.56722,6.89122,6.71422,7.15522,8.03822,7.97922,6.62622,5.12622,3.89122,2.53822,2.74422,4.30222,4.68522,3.97922,3.47922,4.50822,4.18522,2.00822,1.39122,2.89122,4.80222,5.62622,4.77322,2.24422,1.33222,2.09722,2.56722,2.62622
CO2_TUG_BCT2,2021-10-03,130,False,5,3.03548,3.15348,4.03548,5.44748,5.35948,4.30048,3.12348,5.59448,16.8005,32.1825,37.8885,36.3005,34.3595,30.9175,25.5945,21.9765,19.0945,17.2115,14.9175,10.8885,8.38848,6.74148,4.38848,3.44748,3.77048,4.03548,4.30048,4.80048,5.24148,5.50648,5.30048,5.24148,4.97648,3.91748,4.18248,5.97648,6.82948,6.24148,4.91748,5.00648,7.03548,9.12348,9.68248,9.18248,7.94748,5.56448,3.68248,3.21148,4.09448,5.82948
CO2_TUG_BCT2,2021-10-03,136,False,15,3.33006,2.33006,1.97706,2.86006,4.68306,5.44806,6.97706,12.0361,20.8011,33.3301,37.8601,36.3301,33.1541,29.6251,23.8011,18.0361,14.9771,12.8601,11.8891,11.5361,10.9191,9.53606,7.38906,6.62506,6.30106,5.86006,6.27206,6.21306,5.24206,4.03606,2.33006,1.21306,1.24206,1.21306,0.00706,0.77206,3.94806,5.65406,6.33006,7.06606,5.97706,3.44806,3.30106,4.50706,5.91906,5.91906,4.59506,4.00706,4.71306,5.41906
CO2_TUG_BCT2,2021-10-03,139,False,17,7.26676,9.88376,11.2368,11.1488,10.0318,9.82576,10.6198,10.7078,10.5318,11.4728,12.0898,11.9428,11.3838,10.4428,9.06076,8.88376,10.2078,11.4138,10.4138,8.11976,8.20776,7.76676,5.56076,4.58976,4.67876,4.61976,5.64876,7.03176,5.64876,4.64876,4.88376,4.76676,4.79576,6.08976,6.06076,4.53176,4.06076,4.17876,4.17876,3.91376,3.20776,2.50176,2.32576,3.00176,4.41376,5.11976,5.17876,4.85476,3.67876,1.97276
CO2_TUG_BCT2,2021-10-03,141,False,8,2.94866,2.86066,4.97766,4.77266,2.38966,2.94866,4.59566,6.27266,7.91966,9.88966,10.6837,9.59566,7.00766,5.21366,3.65466,1.50766,2.06666,4.50766,3.94866,2.50766,2.59566,5.09566,5.94866,4.74266,4.12466,4.74266,6.18366,6.91966,5.83066,2.88966,2.21366,3.88966,4.80166,4.68366,4.18366,3.71366,3.21366,3.15466,4.53666,7.30166,8.24266,7.47766,6.86066,5.62466,3.41966,3.36066,5.09566,5.36066,5.21366,5.15466
CO2_TUG_BCT2,2021-10-03,146,False,18,5.9461,6.5931,7.1521,8.3571,10.0041,10.7401,10.8281,11.0341,12.6811,15.9461,17.3281,16.8281,16.0931,15.5931,15.0931,14.7991,14.2991,13.3571,12.8571,12.5631,12.2101,12.8571,14.2401,14.3281,14.6811,15.8281,14.8281,11.1521,8.5931,8.2101,9.0931,10.2101,10.2401,9.2991,8.4461,8.1521,9.0341,9.2401,8.6221,8.6811,9.3281,10.1811,9.7691,8.4161,8.2691,7.6811,7.2691,9.7401,10.5341,8.9161
CO2_TUG_BCT2,2021-10-03,150,False,10,2.57018,5.15818,4.65818,2.21718,2.71718,3.89418,4.83518,7.92318,15.2472,22.0412,23.9822,21.6582,17.2472,15.5702,16.3352,17.4522,18.4522,18.1882,17.5412,16.7762,16.0112,15.2762,14.4232,14.7472,15.3942,13.9232,12.4522,11.8352,12.3942,13.5112,14.8352,14.1002,9.71718,4.30518,2.10018,2.30518,3.27618,3.98218,4.48218,4.42318,3.51118,2.57018,3.86418,6.86418,7.27618,6.33518,5.30518,4.89418,5.30518,6.24718
CO2_TUG_BCT2,2021-10-03,151,False,12,3.01588,6.39888,7.25188,5.10488,3.69288,4.48688,8.28088,14.1339,22.6049,27.0749,27.8109,27.5749,25.3989,20.6929,17.4579,15.2519,11.8989,9.54588,8.89888,8.72188,7.75188,5.63388,4.31088,4.75188,6.83988,8.83988,8.69288,6.83988,5.45788,4.63388,4.51588,3.78088,2.16388,1.66388,1.54588,1.13388,1.16388,1.83988,2.66388,3.78088,4.98688,4.45788,3.39888,2.51588,3.16388,4.98688,5.28088,5.33988,5.51588,4.63388
CO2_TUG_BCT2,2021-10-03,180,False,11,0.09488,2.71188,2.82988,1.12388,1.88888,5.21188,11.6829,17.4179,20.0649,21.6529,21.9179,19.8889,16.3589,14.5649,13.4179,11.5059,10.3299,9.80088,9.97688,10.4179,9.91788,9.18288,7.94788,6.32988,5.82988,6.15288,5.97688,5.53588,6.00588,6.47688,7.00588,7.88888,7.88888,7.09488,7.18288,7.35888,5.59488,3.71188,2.85888,4.27088,5.32988,5.56488,6.32988,8.21188,9.80088,9.88888,8.94788,8.00588,7.00588,6.62388
CO2_TUG_BCT2,2021-10-03,181,False,29,4.3873,5.0053,6.4173,7.1233,7.1823,7.0353,7.2703,8.4463,9.2113,10.0053,11.3293,11.3293,10.0353,9.6233,10.4763,11.6233,11.8293,10.9463,9.6233,7.9463,5.7403,6.1233,8.5643,8.7403,7.9173,8.0643,9.7703,9.4763,6.7403,4.8293,3.4763,2.5933,2.8583,4.4763,6.3293,6.8583,6.4463,5.9463,5.2113,4.4463,3.7113,2.7403,2.2993,2.4763,3.0053,3.7113,4.6823,5.0353,4.1523,2.2703
CO2_TUG_BCT2,2021-10-03,182,False,17,5.59212,4.68112,4.91612,6.26912,7.15112,8.65112,11.7691,15.5041,20.1511,22.0631,22.2981,22.2691,21.5921,21.3871,21.6221,20.5341,18.4451,18.2391,17.1221,13.9161,12.1221,10.7391,8.32812,6.79812,6.65112,8.15112,9.71012,11.0041,11.1511,10.2981,9.00412,9.35712,10.6811,9.91612,8.76912,8.65112,10.0341,10.6811,10.2981,9.82812,9.32812,9.03412,8.53412,7.59212,7.12212,7.06312,7.00412,6.53412,5.59212,5.12212
CO2_TUG_BCT2,2021-10-03,184,False,25,9.08918,9.44218,8.61918,7.23618,7.88318,8.17818,7.11918,6.35418,7.47218,10.1192,10.4422,8.97218,9.11918,8.94218,7.38318,6.20718,5.88318,5.91318,6.41318,7.58918,8.29518,6.94218,5.08918,6.94218,8.35418,8.00118,6.82518,4.91318,4.08918,4.82518,6.00118,5.56018,5.20718,5.56018,5.53018,4.85418,4.11918,3.61918,3.11918,2.97218,3.64818,4.97218,5.00118,3.91318,3.56018,2.94218,2.50118,4.35418,5.41318,5.06018
CO2_TUG_BCT2,2021-10-03,187,False,13,4.44512,4.09212,4.62212,6.59212,8.68012,10.9161,11.6511,11.7981,12.3281,13.1511,13.6511,12.3571,10.5921,8.82812,8.35712,8.35712,7.44512,5.62212,5.15112,6.00412,6.71012,7.23912,7.35712,6.44512,4.59212,3.76912,3.18012,1.53312,0.59212,0.23912,-0.20188,-0.20188,0.29812,0.97512,1.71012,1.73912,1.79812,2.23912,2.41612,1.97512,1.12212,1.29812,2.18012,1.88612,1.03312,0.03312,-0.34888,0.29812,1.82812,3.41612
CO2_TUG_BCT2,2021-10-03,192,False,11,2.70776,4.11976,5.29576,9.14876,17.0318,23.6198,29.7378,32.7668,34.7668,37.8848,38.0608,34.9728,32.2668,28.7958,22.7958,17.6198,12.5608,10.2078,9.85476,9.38476,8.44276,7.97276,7.97276,8.32576,8.32576,6.94276,6.32576,6.91376,7.58976,7.61976,7.08976,6.14876,4.70776,3.91376,3.20776,2.50176,3.23776,4.08976,4.61976,4.50176,3.11976,1.08976,0.82576,2.11976,2.79576,2.64876,2.32576,3.14876,4.53176,3.73776
CO2_TUG_BCT2,2021-10-03,196,False,9,4.48236,5.36536,5.18836,4.33536,4.33536,5.21836,6.12936,10.0124,19.4234,27.3354,27.5414,22.3654,17.2764,11.0714,6.39436,5.24736,6.27636,8.01236,9.45336,10.8354,10.5714,8.54136,7.07136,6.21836,5.01236,4.07136,3.77636,3.68836,3.21836,2.27636,1.89436,2.48236,3.42336,3.18836,2.80636,2.83536,3.48236,4.42336,4.12936,3.39436,3.33536,4.71836,5.36536,5.01236,4.71836,4.30636,3.98236,4.21836,3.51236,3.36536
CO2_TUG_BCT2,2021-10-03,197,False,22,10.117,9.735,9.676,9.735,10.205,10.97,10.117,8.058,8.176,9.647,11.47,11.147,8.205,5.735,5.705,6.558,5.617,4.794,4.647,4.5,4.735,5.852,6.147,6,6.911,7.323,6.882,6.323,6.529,8.411,9.558,9.941,10.294,9.588,7.764,7,6.882,6.058,4.794,3.794,4.705,5.294,4.852,4.058,3.794,5.47,6.794,7.411,7.5,6.352
CO2_TUG_BCT2,2021-10-03,203,False,18,14.3853,13.5023,11.2673,11.9433,11.0023,7.06134,6.14934,9.88534,15.1203,17.7373,18.2373,17.1203,15.0613,12.2083,11.2373,11.7673,11.6203,10.2673,7.88534,6.73734,6.82634,7.20834,6.70834,5.09034,3.88534,3.41434,3.62034,4.79634,5.47334,5.53234,5.35534,5.35534,6.03234,6.35534,6.88534,8.35534,7.85534,5.20834,4.12034,3.70834,1.91434,1.59034,3.56134,5.64934,6.20834,5.73734,4.76734,3.09034,1.94334,1.88534
CO2_TUG_BCT2,2021-10-03,217,False,18,2.97336,5.67836,11.4734,15.4734,18.1784,19.4434,20.2964,21.7374,22.6784,23.2374,23.4144,22.8554,20.9734,18.6494,17.8844,18.1204,17.5614,16.8844,18.3554,19.8554,20.7084,20.6204,19.7374,18.2084,16.7964,15.2964,14.7674,15.9434,17.5904,16.5904,15.1204,14.0614,13.7674,13.7084,12.9734,12.2964,11.7964,11.7674,11.9734,11.7674,11.6784,11.1784,9.47336,8.09036,7.06136,6.79636,6.97336,6.73736,6.53136,6.50236
CO2_TUG_BCT2,2021-10-03,224,False,9,3.73852,3.44452,2.91552,2.35652,2.56252,5.03352,11.2975,24.3855,36.1505,40.2685,40.5035,38.4745,32.1215,24.2685,19.8855,14.7975,7.50352,4.12152,3.79752,4.41552,5.12152,4.32752,3.09152,2.29752,2.85652,2.29752,0.00352,-1.20248,-0.17248,2.70952,2.97452,0.82752,0.38552,0.91552,1.47452,2.06252,3.50352,5.50352,5.62152,4.56252,4.94452,4.82752,3.44452,2.38552,2.29752,3.59152,3.62152,2.56252,2.97452,3.09152
CO2_TUG_BCT2,2021-10-03,233,False,13,7.56016,11.0902,13.4432,13.6492,10.6782,8.20716,9.38416,15.8842,20.6782,23.4722,24.2372,22.5012,19.2662,16.4432,13.6782,12.7372,12.7962,12.9432,13.8252,15.2372,15.1782,14.2072,12.0312,9.26616,8.50116,9.29616,9.85416,10.6192,12.0012,12.4722,12.0902,11.7072,10.5012,8.14916,6.94316,6.56016,6.09016,5.70716,4.50116,2.32516,2.56016,5.14916,5.82516,4.35416,3.32516,4.09016,5.70716,5.38416,4.11916,2.67816
CO2_TUG_BCT2,2021-10-03,239,False,8,3.00824,2.74424,3.12624,2.97924,1.36124,-0.90376,0.83224,8.68524,17.0382,21.1262,23.2442,23.0962,20.1552,16.5962,13.2442,9.33224,8.06724,7.56724,6.24424,5.74424,5.89124,5.65524,5.44924,5.42024,5.56724,6.74424,8.97924,9.30224,8.27324,8.74424,9.24424,8.62624,7.09624,5.44924,3.56724,3.27324,4.09624,3.86124,3.50824,3.68524,4.12624,4.12624,3.71424,3.68524,3.89124,3.71424,3.92024,4.36124,4.03824,4.80224
CO2_TUG_BCT2,2021-10-03,240,False,25,8.9267,10.1627,8.8097,8.0447,8.8387,9.5737,10.3387,11.3097,13.7207,18.2207,20.6917,20.2507,18.1917,15.5737,11.9267,9.8387,9.4857,8.7507,6.6627,5.7507,6.0737,6.3097,6.3387,6.3097,6.0447,5.3387,4.6037,4.1037,3.6327,3.6327,4.0737,4.3977,4.9857,5.2207,3.7207,3.8097,5.8977,6.2207,5.1917,5.6627,6.1627,5.5447,4.0447,2.6327,1.1627,0.6917,1.0737,1.1917,0.3387,-1.0733
CO2_TUG_BCT2,2021-10-03,248,False,18,11.6247,15.3897,15.9487,14.0657,14.1547,15.3897,16.8897,17.7717,19.2717,21.9777,22.3307,19.6837,16.7717,15.1547,14.8017,16.4187,17.2717,16.8597,15.9777,15.0077,15.1837,15.1547,14.7427,15.1247,14.8307,13.4777,12.6547,11.6247,9.62466,7.85966,6.80166,7.85966,9.62466,11.5957,12.3307,12.2127,12.4487,12.7427,13.4777,14.7127,14.0077,11.3597,10.5367,10.8307,9.77166,9.77166,10.8307,10.3017,9.24266,8.18366
CO2_TUG_BCT2,2021-10-03,253,False,10,2.15288,2.68188,3.91788,5.00588,6.09388,9.68188,16.5939,24.2999,34.7999,41.5349,42.5649,41.0939,38.5649,33.7709,29.1819,26.7999,26.1529,27.5349,24.8299,17.0649,13.4179,12.9179,11.5649,11.0059,10.6529,8.88788,8.85888,11.7709,14.8589,14.5059,11.3879,9.97688,10.2409,10.4179,9.97688,8.97688,8.03488,7.03488,6.59388,6.85888,8.03488,9.68188,10.4179,10.5349,10.7119,10.7119,9.85888,8.24088,5.82988,4.59388
CO2_TUG_BCT2,2021-10-03,261,False,19,3.03196,3.94396,3.47296,2.88496,2.17896,1.20796,1.00296,3.11996,7.82596,10.797,10.826,9.44396,8.53196,8.20796,8.44396,8.64996,8.67896,8.70796,8.94396,9.26696,8.32596,6.00296,4.79696,4.32596,3.14996,1.47296,0.50296,0.14996,1.44396,3.76696,3.47296,2.35496,2.00296,2.79696,2.26696,0.14996,0.11996,2.09096,2.85496,3.11996,3.09096,1.70796,1.06096,1.29696,0.76696,0.32596,2.26696,3.97296,4.61996,4.03196
CO2_TUG_BCT2,2021-10-03,269,False,18,9.61858,9.73558,12.0006,14.6776,18.6186,22.8826,26.5596,31.1476,34.6776,37.7656,38.9416,37.1476,32.6776,29.1776,26.5886,23.0596,19.9416,15.0296,9.11858,6.26558,4.55958,2.52958,2.26558,3.55958,4.26558,4.35358,4.52958,5.88258,8.23558,8.79458,9.20658,10.5886,11.4416,11.2946,10.2066,10.0886,10.2356,8.67758,8.29458,9.61858,10.5886,9.97158,7.11858,5.44158,5.94158,7.97158,8.41258,7.26558,7.44158,8.76558
CO2_TUG_BCT2,2021-10-03,272,False,12,2.53194,3.23794,3.88494,3.73794,3.29694,3.85594,4.97294,6.97294,12.0319,21.5319,27.3849,26.5619,21.0319,16.2089,15.4729,16.8259,14.9139,9.14994,5.91394,5.73794,6.17894,5.70894,5.29694,5.09094,3.94394,1.82594,1.29694,2.79694,5.64994,6.97294,6.44394,5.09094,4.67894,4.11994,1.79694,0.64994,0.70894,0.50294,0.53194,1.09094,2.14994,3.11994,2.17894,1.41394,1.76694,2.70894,3.17894,3.26694,3.47294,3.70894
CO2_TUG_BCT2,2021-10-03,274,False,11,5.85536,3.79636,2.94336,3.70836,4.17836,4.23736,4.32536,5.20836,8.03136,11.4434,12.0024,10.3554,9.70836,9.11936,6.70836,5.03136,5.09036,6.88436,7.29636,6.09036,5.88436,6.97236,7.79636,7.03136,4.23736,1.53136,1.41336,3.17836,4.11936,4.23736,4.29636,4.79636,5.97236,6.94336,7.47236,7.88436,7.38436,5.76636,4.67836,4.97236,5.64936,5.09036,5.64936,7.82536,8.29636,7.03136,6.32536,6.20836,5.97236,5.47236
CO2_TUG_BCT2,2021-10-03,279,False,20,5.58958,4.41258,1.00058,1.32458,6.03058,9.76558,12.2066,14.1776,13.1186,12.8536,14.4426,14.2656,11.0896,7.47158,6.94258,7.70658,6.08958,5.05958,5.38358,5.85358,6.35358,6.55958,6.38358,6.14758,6.35358,6.32458,5.91258,5.91258,6.35358,6.47158,5.67758,4.73658,5.76558,7.29458,8.70658,8.55958,7.47158,7.94258,8.47158,8.08958,7.11858,6.41258,5.94258,6.05958,6.03058,4.58958,3.58958,3.94258,5.55958,6.23658
CO2_TUG_BCT2,2021-10-03,284,False,7,12.7987,12.9747,12.8577,14.9747,14.6217,11.0927,10.3867,18.1517,33.4747,41.2697,42.1217,37.5927,26.3277,17.0927,13.6217,11.6807,9.9457,10.3577,12.7697,15.1217,17.6217,18.6517,17.6217,15.2697,14.0337,13.4167,12.2397,9.9167,6.3277,5.0637,6.2987,9.1517,11.3277,12.4167,13.2697,12.4747,9.4747,6.9457,6.4167,6.0927,4.2107,3.0927,2.9457,3.0637,4.0047,5.7987,5.9457,3.9457,1.8867,1.5637
CO2_TUG_BCT2,2021-10-03,285,False,13,7.41554,7.15054,5.29754,3.91554,3.09154,3.26854,5.03254,9.29754,13.5625,15.3855,15.8565,14.4445,9.76854,4.53254,2.17954,2.41554,4.76854,6.12154,6.17954,5.29754,3.88554,3.85654,3.97354,3.50354,2.76854,1.56254,0.76854,1.62154,3.70954,4.41554,4.32654,4.12154,2.79754,0.67954,0.85654,2.65054,4.38554,3.35654,1.65054,0.17954,0.15054,1.23854,1.41554,0.85654,0.35654,0.79754,0.97354,0.67954,1.38554,3.23854
CO2_TUG_BCT2,2021-10-03,287,False,16,7.42336,7.86536,7.24736,6.77636,8.48236,12.9234,16.4534,19.2764,23.3064,26.4824,28.6004,28.1594,27.5124,26.9234,25.3064,24.6294,24.8944,24.2184,21.1884,17.1294,15.1594,15.8944,19.0414,19.6884,17.6004,16.5414,15.9234,14.3354,13.9534,15.2474,16.6004,16.6594,15.6884,14.4824,12.7764,11.6294,11.4534,11.1884,9.98236,9.07136,8.45336,7.86536,7.83536,9.01236,8.12936,5.42336,5.42336,6.12936,6.27636,6.51236
CO2_TUG_BCT2,2021-10-03,288,False,8,4.82636,3.97336,3.20836,3.62036,5.91436,7.03136,8.14936,12.5314,22.9434,39.6494,45.9434,41.8554,33.0314,27.0024,23.4144,22.8264,22.3554,20.5904,19.5904,17.5904,13.3264,12.5314,14.5904,14.3844,13.7374,12.9144,10.6784,8.59036,6.62036,6.03136,5.91436,4.44336,3.09036,2.14936,2.53136,3.64936,3.26736,3.44336,5.23736,6.88436,7.35536,6.70836,5.38436,5.38436,6.62036,6.50236,4.23736,1.67836,0.88436,1.32636
CO2_TUG_BCT2,2021-10-03,296,False,16,3.51354,3.27754,3.16054,2.45454,1.24854,2.18954,5.45454,7.74854,10.3075,13.5425,14.3665,12.1895,8.95454,7.95454,8.80754,10.0425,11.9835,13.5725,13.5725,11.9835,9.95454,8.01354,5.68954,5.39554,6.66054,6.68954,6.45454,5.92454,4.27754,3.36654,3.30754,3.68954,3.92454,3.10154,3.36654,4.92454,5.42454,5.54254,5.86654,5.33654,4.89554,6.54254,6.04254,3.16054,2.77754,3.95454,5.33654,5.21954,4.36654,5.21954
CO2_TUG_BCT2,2021-10-03,301,False,27,10.5631,8.9461,7.9161,8.3281,9.2691,9.2991,6.6221,6.1511,9.2101,12.1811,12.5631,11.0631,8.7691,5.8571,4.9751,3.8571,1.3281,0.4161,0.7101,1.1811,1.2691,1.5341,2.6511,3.0041,3.3281,5.1221,5.5341,4.2991,3.8281,4.2101,4.4461,4.4751,4.4751,4.5631,5.2691,6.5631,6.2991,4.2691,2.9161,2.9751,3.4161,2.9161,2.2691,1.6221,0.5631,-0.4069,0.4751,0.8871,0.5341,0.9461
CO2_TUG_BCT2,2021-10-03,302,False,9,2.59096,1.73796,1.50296,1.91396,2.14996,2.82596,8.00296,18.944,28.826,38.62,40.797,33.855,25.003,20.208,16.973,14.797,13.708,12.855,13.65,16.65,19.208,19.855,19.708,19.797,18.826,16.708,16.973,18.473,17.003,16.679,16.944,13.65,11.473,11.061,10.091,7.97296,6.26696,3.70796,0.14996,0.17896,1.29696,1.91396,1.97296,0.59096,-1.93904,-1.11504,2.47296,2.88496,1.76696,0.70796
CO2_TUG_BCT2,2021-10-03,305,False,23,15.9304,16.8714,17.1664,17.2834,17.9604,19.1364,19.1664,17.6074,16.1664,18.2834,19.9604,19.8714,17.2544,11.8424,8.78342,8.04842,6.60742,3.93042,3.69542,5.75442,6.07742,5.04842,5.46042,5.66642,5.51942,6.37142,6.31342,4.87142,3.34242,2.31342,3.19542,3.57742,2.98942,3.01942,3.43042,3.96042,4.40142,4.66642,4.46042,4.37142,3.87142,2.13642,0.51942,-0.95158,-1.12858,0.19542,1.60742,2.10742,1.93042,1.48942
CO2_TUG_BCT2,2021-10-03,306,False,7,0.20718,0.67818,2.94218,4.11918,4.26618,4.38418,6.88418,21.2372,47.3252,61.5602,65.2952,57.6482,37.1482,22.3252,16.6192,13.4422,13.5012,14.6782,15.6192,15.0012,12.0012,8.44218,5.11918,1.44218,0.82518,1.97218,3.50118,4.44218,5.00118,5.14818,4.47218,3.06018,2.41318,2.79518,3.61918,3.26618,2.38418,3.29518,3.97218,4.32518,5.50118,6.17818,6.09018,4.70718,2.11918,1.35418,2.88418,6.20718,8.41318,7.88418
CO2_TUG_BCT2,2021-10-03,311,False,9,1.67658,3.29458,3.79458,3.35358,2.64758,1.67658,1.47158,3.67658,9.08858,13.4716,14.2066,12.8826,11.6186,9.88258,8.05958,7.76558,8.58858,8.88258,8.94158,9.58858,9.38258,7.08858,3.88258,3.11858,4.26558,4.35358,3.73558,4.41258,4.67658,3.35358,1.32358,1.05958,2.44158,3.85358,5.35358,6.14758,6.76558,6.76558,4.64758,3.32358,3.23558,3.88258,4.82358,4.55958,4.02958,4.20658,5.32358,5.52958,4.73558,4.70658
CO2_TUG_BCT2,2021-10-03,400,False,9,7.00294,7.12094,7.94394,8.88494,7.94394,7.12094,7.17894,9.20894,16.9739,27.9439,30.2679,24.0619,17.9439,14.0909,10.3269,10.0029,12.3559,12.5319,11.3559,8.67894,5.00294,4.00294,5.20894,6.06194,7.32694,9.62094,10.2969,9.26794,8.23794,7.23794,5.85594,5.53194,5.67894,4.79694,4.56194,4.94394,4.56194,4.85594,6.17894,6.53194,5.20894,3.09094,2.14994,2.26794,2.73794,2.97394,2.97394,2.76794,2.53194,2.76794
CO2_TUG_BCT2,2021-10-03,450,False,22,8.14818,8.76518,10.1182,12.0302,12.1182,10.6182,8.55918,10.3832,17.2952,23.0012,25.0892,25.0302,23.1182,21.7652,21.0592,20.0892,18.4122,17.2362,16.7952,15.8242,14.0012,13.5302,14.5012,16.0012,17.2362,16.0592,14.9712,14.3542,13.5892,14.5302,17.1182,17.2652,15.7952,16.7072,17.4712,16.9712,15.3542,12.7362,11.5892,10.1182,7.79518,8.05918,9.17718,10.9422,13.4122,13.6772,11.9712,11.3832,12.6772,14.5592
CO2_TUG_BCT2,2021-10-03,476,False,15,4.06194,4.20894,4.85594,4.32594,5.17894,8.38494,10.7089,11.1199,10.9439,12.4439,15.0029,14.5029,13.1499,11.1199,7.94394,5.56194,3.64994,3.79694,5.32594,5.14994,5.00294,5.38494,4.88494,4.23794,3.67894,3.20894,2.70894,2.32594,1.23794,-0.17406,0.61994,2.11994,3.59094,3.76794,2.44394,1.09094,1.06194,2.17894,3.11994,3.41494,3.44394,3.56194,4.50294,6.38494,7.23794,6.64994,5.29694,5.06194,5.91494,6.47294
CO2_TUG_BCT2,2021-10-03,492,False,8,7.76636,8.14936,7.79636,6.64936,4.82536,6.50236,23.0904,54.9434,74.5604,83.5314,83.7374,78.4134,69.3544,58.2964,40.8544,26.6194,20.8254,16.3544,11.1494,8.67836,8.06036,8.67836,9.82536,9.29636,8.23736,7.29636,7.61936,9.67836,11.7964,12.4724,11.6194,9.82536,9.59036,10.8254,11.0024,9.67836,8.20736,7.14936,5.67836,4.26636,3.73736,3.64936,3.50236,3.73736,4.70736,3.82536,1.32536,1.11936,1.85436,2.41336
CO2_TUG_BCT2,2021-10-03,510,False,9,1.63112,3.01412,5.16112,6.13112,10.1311,30.1021,63.4551,77.1311,75.0141,77.0431,82.1611,78.1021,73.7781,72.2781,71.4251,67.8961,58.4841,48.7201,44.1021,41.9251,41.8371,42.8961,42.4251,41.8371,41.6311,40.3961,36.1611,30.5141,28.0141,27.4841,26.8671,25.4551,22.8081,19.4841,14.8671,12.3081,11.8961,11.1611,9.04312,7.89612,7.69012,7.16112,5.74912,4.33712,3.72012,2.95512,1.48412,0.30812,-0.69188,-0.86888
CO2_TUG_BCT2,2021-10-03,515,False,25,2.56918,3.92218,5.83418,6.09918,6.01118,6.51118,7.48118,9.15818,10.4812,11.8932,13.5692,13.2462,11.9812,10.5402,10.3052,11.1582,11.6282,11.6872,11.6872,11.7462,12.2162,12.9812,12.0992,9.80518,9.42218,10.4222,11.8932,12.6582,13.2162,14.1282,14.3052,13.4222,12.2162,11.4812,10.8632,9.92218,8.48118,7.71618,7.18718,6.48118,6.56918,7.45218,8.86318,9.27518,8.42218,7.30518,7.30518,8.42218,9.21618,8.33418
CO2_TUG_BCT2,2021-10-03,571,False,18,8.26518,11.3242,16.0892,17.5592,16.0012,13.1182,11.8242,12.5892,14.6772,17.0012,18.2952,15.7952,14.5892,15.4712,14.1772,10.9712,10.9422,13.1182,15.3542,14.6482,13.6772,13.5302,13.6482,14.5892,16.2652,15.4422,11.3242,7.79518,6.64818,6.55918,6.70618,6.47118,5.35418,5.11818,5.73618,5.64818,4.76518,3.41218,3.41218,4.73618,5.26518,4.11818,2.70618,4.03018,4.55918,3.41218,3.23618,3.14818,1.08918,0.32418
CO2_TUG_BCT2,2021-10-03,643,False,15,7.74676,10.0118,12.1588,14.6288,16.0708,18.3348,22.5708,24.9238,27.0708,30.8058,32.4238,31.9528,31.0998,29.6588,27.3348,26.4818,26.0998,24.3348,24.2468,26.6878,29.1288,30.6588,31.8938,30.5998,27.3938,27.2468,28.6288,30.1588,30.8348,30.6878,30.3058,30.7768,32.0708,31.8938,29.1588,25.6878,24.7468,26.2178,28.0118,28.0708,26.8648,27.0118,28.0998,27.6588,27.2768,27.4238,27.0708,25.9238,24.1288,24.1288
CO2_TUG_BCT2,2021-10-03,658,False,28,10.5361,10.0651,7.71206,6.35906,6.18306,6.21206,6.44806,7.06506,8.44806,10.5951,11.2121,10.4481,9.24206,8.94806,8.62406,7.71206,7.24206,7.18306,7.06506,6.15406,4.50706,4.06506,4.41806,5.00706,5.85906,6.59506,5.77106,4.15406,1.71206,0.00706,0.83006,3.50706,4.18306,2.71206,1.53606,1.33006,2.24206,4.12406,5.06506,5.03606,3.94806,2.30106,2.56506,3.30106,3.38906,2.65406,1.97706,1.47706,1.38906,1.12406
CO2_TUG_BCT2,2021-10-03,938,False,15,4.47394,5.67894,7.32594,8.41494,11.3259,17.0029,20.0619,20.9149,21.4149,22.1499,22.7679,22.1789,19.6209,16.5619,15.2969,15.1209,14.8559,14.1499,13.4739,13.3259,12.8259,11.2379,10.7969,11.5619,11.5029,10.1499,8.82594,9.00294,10.2969,10.5909,10.2089,10.5909,10.1499,7.62094,4.59094,3.56194,3.91494,4.26794,3.82594,2.35594,2.70894,4.23794,3.35594,2.79694,3.35594,3.29694,2.64994,1.59094,0.53194,0.00294
CO2_TUG_BCT2,2021-10-03,940,False,11,2.6766,2.9416,3.2066,3.6476,3.7656,4.2656,5.9416,7.3236,9.7946,13.6766,14.7356,13.7946,14.1176,13.5296,11.2066,9.5006,7.9416,6.4126,4.9416,3.1766,3.5296,5.2946,4.8236,4.1476,4.7356,6.2356,7.6476,8.9706,8.2656,5.5296,4.1476,4.1766,4.4126,4.2356,4.5006,5.2656,4.6766,3.3236,4.0006,4.6476,5.0006,6.0006,5.2656,2.6176,1.9706,3.6766,5.2356,5.0886,3.7356,3.0296
CO2_TUG_BCT2,2021-10-03,967,False,18,1.20718,1.56018,2.14818,3.58918,5.64818,6.08918,4.79518,3.76618,6.29518,12.4132,15.7072,15.1482,11.7662,9.20718,7.32418,6.17718,6.08918,6.53018,6.53018,4.67718,1.03018,0.08918,1.76618,3.03018,4.32418,5.88318,5.88318,4.32418,3.17718,3.08918,3.58918,4.17718,4.20718,2.76618,1.70718,1.58918,2.38318,3.53018,5.00118,5.70718,5.79518,5.70718,5.11918,4.64818,5.82418,6.67718,6.70718,6.11918,5.64818,6.73618
CO2_TUG_BCT2,2021-10-03,970,False,16,4.91512,4.44512,4.12112,3.56212,3.56212,5.76812,7.79812,9.50412,11.2091,13.6511,15.4451,15.2681,13.4451,11.7681,10.9741,10.3271,9.15112,7.23912,6.26812,5.91512,5.44512,5.12112,4.38612,3.12112,3.53312,5.32712,5.50412,4.76812,4.23912,4.79812,5.91512,7.23912,6.82712,5.03312,4.70912,4.29812,2.70912,1.62112,2.00412,3.29812,3.32712,2.23912,1.94512,1.70912,1.50412,2.44512,3.09212,3.15112,2.94512,2.70912
CO2_TUG_BCT2,2021-10-03,1021,False,9,5.06428,2.80028,1.68228,2.00528,3.00528,3.97628,5.21128,6.32928,8.03528,10.9473,12.6233,12.0943,9.32928,8.30028,9.74128,11.4763,11.0643,8.77028,7.18228,5.15228,2.30028,2.47628,5.35828,6.38828,5.18228,2.80028,1.68228,2.00528,2.97628,3.71128,4.47628,5.15228,5.18228,4.71128,4.21128,3.47628,2.85828,3.15228,3.35828,1.80028,1.41728,2.68228,3.44728,4.00528,4.82928,4.35828,2.53528,1.59428,1.47628,1.47628
CO2_TUG_BCT2,2021-10-03,1022,False,7,5.00588,4.38788,4.12388,5.00588,5.24088,4.85888,5.50588,7.32888,10.5939,14.8289,19.2409,18.6239,17.7999,18.7409,18.8589,17.7709,15.8879,15.0349,14.2119,12.1529,11.4469,12.0059,12.0059,11.8289,11.8589,12.3589,13.5349,14.4759,14.7999,15.0649,15.5939,16.2999,17.1529,16.5649,13.7999,10.9179,9.38788,8.32888,7.79988,7.27088,6.35888,6.09388,6.27088,6.03488,5.74088,5.00588,3.59388,2.88788,2.71188,2.03488
CO2_TUG_BCT2,2021-10-03,1023,False,29,5.206,4.059,3.853,4.176,4.206,3.647,4.382,6.765,8.735,11,13.088,13.647,13.265,13.029,13,12.882,12.059,11.118,12,12.235,10.471,8.147,7.382,7.735,7.912,7.471,6.441,5.176,3,1.059,1.676,4.5,6.529,7.412,6.706,5.971,4.941,3.235,3.706,6.324,6.971,5.265,3.765,4.206,5.088,3.529,2.971,4.118,4.176,3.324
CO2_TUG_BCT2,2021-10-03,1050,False,13,4.79636,5.09036,6.17836,7.67836,9.00236,8.82536,7.35436,6.32536,9.29636,18.2964,23.3254,22.7664,18.7664,14.8254,10.7664,8.76636,9.00236,10.6494,11.5024,11.1494,10.2964,10.5314,11.5904,10.0024,5.85436,4.38436,4.11936,3.47236,3.50236,3.91336,4.59036,6.26636,9.35436,11.1194,10.5904,8.73736,7.76636,7.41336,7.00236,7.26636,8.41336,9.35436,9.59036,9.14936,8.17836,7.47236,6.97236,6.88436,6.61936,5.47236
CO2_TUG_BCT2,2021-10-03,1077,False,5,2.883,3.294,3.324,2.677,2.706,3.589,4.971,12.324,27.265,36.971,40.236,36.059,29.824,22.736,18.559,15.324,11.765,9.971,8.853,7.765,7.971,9.089,7.971,4.765,3.883,4.53,5.059,4.794,6.03,9.353,11.706,13.324,13.883,12.736,9.912,7.736,6.647,5.618,5,5.177,6.324,6.706,5.853,4.736,4.706,5.647,6.589,7.589,8.089,8.206
CO2_TUG_BCT2,2021-10-03,1101,False,9,3.50352,2.12152,0.23952,-0.17248,1.12152,2.50352,2.79752,2.56252,3.85652,7.59252,10.7095,10.3865,7.44552,5.44552,4.32752,4.29752,7.15052,9.15052,9.82752,9.73952,8.59252,6.88652,5.68052,4.68052,4.35652,4.06252,2.88652,2.15052,1.59252,0.73952,0.97452,2.26852,2.50352,1.65052,1.15052,0.94552,1.18052,2.35652,3.03352,3.06252,2.53352,1.12152,-0.20248,0.00352,1.59252,2.68052,2.29752,0.97452,0.70952,1.32752
CO2_TUG_BCT2,2021-10-03,1102,False,29,6.91552,8.26852,8.62152,8.70952,10.1215,11.0035,11.1215,11.1805,11.6505,12.5925,13.0035,12.5925,11.5925,10.7395,10.4455,11.5035,13.0925,15.1805,17.0035,18.5335,18.2685,15.8565,12.0335,10.6505,9.20952,6.03352,4.82752,5.32752,5.41552,5.91552,7.06252,7.32752,7.41552,7.76852,7.29752,5.91552,5.18052,4.91552,4.91552,5.56252,5.53352,4.59252,3.68052,2.91552,2.94552,3.44552,4.65052,6.20952,6.23952,5.00352
CO2_TUG_BCT2,2021-10-03,1123,False,11,9.29458,7.03058,5.50058,5.35358,6.88358,8.67758,10.4416,11.0306,11.8536,13.8246,15.4126,15.0596,11.4416,10.2366,11.1186,9.82458,7.85358,5.91258,5.61858,6.44158,6.17758,5.64758,5.82458,7.17758,9.26558,11.9126,11.2946,7.94158,7.20658,7.32458,6.23658,4.61858,4.11858,4.58958,5.47158,6.44158,6.17758,5.50058,4.50058,3.35358,3.08958,3.53058,3.94158,3.97158,3.35358,3.53058,4.17758,3.41258,2.32458,1.38358
CO2_TUG_BCT2,2021-10-03,1166,False,7,6,6.5,6.794,7.264,7.441,7,6.47,9.5,17.676,24.323,26.5,24.823,19.735,17.676,18.558,17.647,13.264,8.764,8.5,10.882,11.088,10.353,9.911,10.676,13,14.823,14.705,11.941,7.676,5.5,4.705,3.735,2.058,0.941,1.029,1.47,1.088,1.382,2.764,3.617,3.47,2.382,2.411,3.735,4.382,4,3,2.029,0.794,-0.089
CO2_TUG_BCT2,2021-10-03,1179,False,2,2.618,3.265,3.147,2.942,3.912,4.794,7.03,20.853,49.118,65.059,65.53,58.883,52.353,50.412,50.765,48.059,38.236,25.824,17.794,12.971,14.589,18.177,21.883,24.294,24.971,22.942,20.53,18.471,18.059,16.971,14.324,13.824,15.294,15.853,16.265,16.236,13.971,11.471,8.853,6.883,4.618,2.647,3,5.03,5.618,4.589,2.706,2.089,3.147,4.736
CO2_TUG_BCT2,2021-10-03,1212,False,23,24.6778,24.7078,24.1198,24.5608,25.9138,25.8548,25.0308,24.2078,25.0898,27.3838,27.7368,26.5308,24.8258,24.4428,25.2668,26.6778,27.1198,26.5018,25.7668,25.4428,26.3548,28.8548,29.5308,28.2668,27.3258,26.7668,26.5018,26.3548,26.8258,28.3548,28.3258,26.6198,26.0898,26.4428,26.0308,26.0018,26.1778,25.3258,25.3838,26.6778,27.2368,27.5608,28.6488,28.6778,27.8258,28.0308,28.1778,27.7078,27.0308,26.2958
CO2_TUG_BCT2,2021-10-03,1244,False,3,4.94924,4.53824,5.39024,5.33224,3.92024,3.06724,6.03824,14.9492,24.4792,33.7432,34.8322,32.6852,30.9202,29.3612,26.6852,23.5962,21.8322,19.0962,14.4492,10.8902,7.80224,6.36124,5.94924,5.47924,5.21424,4.94924,4.56724,5.03824,6.36124,6.53824,5.21424,3.77324,3.15524,3.80224,5.94924,7.33224,7.89024,7.56724,5.94924,4.21424,4.56724,6.36124,6.56724,6.00824,5.53824,5.62624,5.36124,3.53824,2.83224,3.15524
CO2_TUG_BCT2,2021-10-03,1309,False,4,3.97276,8.00176,9.47276,8.79676,8.88476,8.26676,7.38476,9.20776,11.8258,14.3548,14.5318,11.8848,7.26676,6.14876,8.67876,10.6198,9.82576,6.85476,3.97276,1.91376,3.06076,4.11976,4.53176,5.64876,5.85476,5.14876,5.61976,6.03176,3.59076,2.94376,4.35476,4.14876,3.82576,4.35476,5.50176,5.76676,2.73776,1.00176,1.20776,1.41376,1.20776,0.76676,0.73776,0.94376,0.76676,1.09076,2.47276,3.82576,3.88476,3.17876
CO2_TUG_BCT2,2021-10-03,1324,False,21,10.1795,10.3855,10.1795,9.65054,9.00354,8.50354,8.97354,9.38554,9.56254,10.3565,11.0625,9.56254,7.88554,7.03254,7.56254,6.76854,4.09154,3.23854,4.70954,6.62054,7.44454,6.59154,3.97354,2.35654,1.73854,1.76854,2.44454,3.00354,2.26854,1.35654,2.97354,4.00354,3.65054,3.06254,3.03254,4.29754,4.12054,2.82654,3.53254,4.32654,4.38554,3.91554,2.97354,2.59154,3.15054,3.85654,3.15054,2.53254,2.35654,1.73854
CO2_TUG_BCT2,2021-10-03,1411,False,5,5.50176,6.35476,6.03176,5.64876,4.44276,2.70776,7.59076,26.2668,49.0908,58.6488,59.7668,58.9728,52.6198,39.7958,32.5018,29.8258,28.7958,27.9728,26.6488,26.4728,26.3848,24.0318,20.7378,16.0908,12.7078,11.0608,9.53176,8.73776,9.35476,11.5318,13.1488,14.2378,14.8258,15.8258,17.5018,16.7958,13.6198,11.9138,11.2668,10.5608,10.3848,9.14876,6.50176,6.23776,8.17876,8.76676,7.73776,5.79576,4.64876,4.29576
CO2_TUG_BCT2,2021-10-03,1475,False,5,2.35594,2.97394,2.35594,1.09094,1.79694,5.94394,12.7379,31.0909,72.9739,110.915,117.709,104.415,91.7969,78.5319,67.7089,59.4439,53.8849,48.5619,44.3849,40.7969,39.7969,39.7379,40.2679,42.5909,43.7089,43.2969,41.8849,38.0909,33.5909,32.9739,33.9149,31.3259,29.4149,29.1499,29.1209,28.8849,28.1789,26.2089,23.5909,23.9149,23.6789,21.1209,17.0909,11.0619,7.73794,6.94394,6.67894,6.94394,7.38494,7.88494
CO2_TUG_BCT2,2021-10-03,1532,False,4,3.67994,3.70894,4.35594,4.32694,3.41494,3.06194,5.35594,11.2089,17.5329,25.0619,29.1209,28.1499,22.6799,20.9149,23.3269,24.6799,24.3859,23.2679,21.4739,19.2969,19.2389,19.4149,19.5029,20.7969,20.7389,19.0029,18.0909,16.7969,13.7679,12.2679,11.5909,9.88594,8.50294,7.44394,6.79694,5.32694,2.62094,2.17994,4.12094,5.56194,6.14994,6.59094,6.14994,3.59094,0.00294,-0.32006,2.06194,3.00294,2.94394,2.91494
CO2_TUG_BCT2,2021-10-03,1533,False,27,10.5402,9.57018,7.89318,6.98218,8.71718,12.4522,13.6882,13.9522,14.9522,16.2462,17.2462,16.3352,15.8052,16.6292,17.8642,18.8352,19.6882,18.7462,14.5702,9.65818,7.86418,8.15818,8.65818,7.98218,5.18818,3.74618,3.30518,2.21718,2.15818,2.77618,2.07018,1.45218,1.48218,2.33518,3.51118,3.09918,2.98218,3.77618,3.86418,3.68818,4.57018,4.74618,3.89318,3.54018,4.36418,5.77618,5.68818,4.62918,3.15818,2.54018
CO2_TUG_BCT2,2021-10-03,1558,False,4,4.9463,3.7103,1.4753,1.2403,2.9163,3.5053,3.6223,7.0343,24.0633,57.3583,74.7403,70.1523,54.4753,44.4163,39.2103,37.6813,36.6223,32.4463,26.4753,21.4163,16.0343,14.0053,13.9163,12.3873,12.2403,13.9753,14.8873,14.7693,14.2403,13.4463,11.7693,9.9163,9.4163,10.0343,10.7403,11.0053,10.8283,9.1523,5.6223,3.5053,3.0053,2.5053,1.6223,1.6223,2.5343,3.0933,2.4463,0.4463,0.2993,2.5053
CO2_TUG_BCT2,2021-10-03,1574,False,8,3.02236,3.11036,1.72736,1.08036,1.58036,3.25736,7.75736,13.6394,19.6394,27.1984,30.4634,30.4634,29.9634,29.5224,27.8454,24.5224,22.7864,23.2864,25.2274,24.9634,22.2864,20.7864,19.9044,18.5224,18.1984,19.7574,22.3164,23.2864,22.8744,21.8454,19.6984,17.5514,16.5224,15.8454,14.6104,12.2274,10.2864,9.11036,7.16936,4.72736,3.02236,1.40436,0.02236,-1.24264,-1.33064,0.05136,2.90436,4.87436,4.31636,2.19836
CO2_TUG_BCT2,2021-10-03,1589,False,20,5.55958,8.14758,9.50058,9.44158,9.11858,10.0596,12.8536,18.2356,29.4416,40.0886,42.6476,40.0306,38.0306,36.6776,34.2946,29.6776,22.7356,20.3826,20.5306,19.9126,18.6186,18.8536,20.6186,21.2946,20.7066,19.9416,19.5006,20.8826,25.1476,27.6776,28.3826,27.8246,24.3246,18.6476,15.6776,14.1776,12.5596,12.0596,12.3246,11.5306,8.97158,6.64758,6.05958,6.41258,6.50058,6.76558,8.00058,9.08858,9.64758,9.11858
CO2_TUG_BCT2,2021-10-03,1608,False,4,0.00294,-0.14406,0.82594,1.82594,3.32594,5.50294,6.94394,8.38494,11.7379,16.5029,16.6789,15.0319,12.7379,10.0029,9.44394,10.4729,10.7079,10.5609,10.4439,9.76694,8.59094,8.26694,7.70794,6.35594,5.88494,6.26694,6.41394,5.64994,3.53194,1.59094,2.20794,4.88494,5.79694,4.79694,3.85594,3.59094,3.79694,4.32594,5.03194,5.91394,5.70794,4.59094,4.35594,4.50294,4.53194,4.50294,4.26694,3.85594,4.03194,4.47294
CO2_TUG_BCT2,2021-10-03,1641,False,6,3.26854,4.67954,5.53254,5.38554,4.20954,3.53254,3.79754,6.67954,12.7975,16.5035,16.8855,16.2385,16.1205,15.3565,13.2385,10.2975,6.88554,6.70954,7.76854,8.12054,7.12054,6.00354,4.88554,3.91554,4.09154,6.62054,7.76854,7.50354,7.88554,7.59154,6.29754,5.94454,5.85654,4.44454,3.65054,4.23854,5.56254,5.56254,4.38554,4.73854,6.06254,5.29754,3.97354,2.44454,1.23854,2.35654,5.53254,6.70954,5.97354,5.59154
CO2_TUG_BCT2,2021-10-03,1649,False,14,5.804,5.804,6.069,8.186,12.686,17.098,23.01,28.363,33.304,39.833,42.275,39.392,33.216,29.804,28.01,25.863,24.657,24.128,24.363,25.157,24.363,19.951,13.686,9.804,7.098,5.804,6.128,7.686,7.863,6.333,5.333,6.422,9.186,10.245,9.01,6.922,6.245,7.069,8.01,6.628,2.951,1.392,2.333,3.951,4.422,3.804,3.216,3.892,5.686,6.098
CO2_TUG_BCT2,2021-10-03,1889,False,23,7.3536,6.4706,6.0886,6.6766,7.6176,7.3826,7.0006,7.0596,8.0006,9.8826,10.7356,10.0296,7.6766,5.1476,4.5886,5.5296,6.8826,8.3536,8.3536,8.0006,7.9416,8.0596,9.0006,10.6766,9.9126,6.2656,3.5596,1.9416,0.0886,-0.1464,1.1476,1.8826,2.1476,2.1476,1.5296,1.7946,3.0296,2.8236,1.2656,0.9416,2.1176,3.5596,2.9126,2.5886,3.2656,2.6766,1.3236,2.0886,3.3236,4.1476
CO2_TUG_BCT2,2021-10-03,1890,False,18,10.3005,9.88946,9.59546,9.27146,9.74246,12.0365,12.9185,12.2715,12.7125,14.3005,14.6535,13.5065,10.8895,8.65346,8.77146,10.5365,11.2125,10.6245,10.0365,10.5655,11.2425,9.83046,8.77146,8.59546,8.33046,7.62446,7.00646,7.44846,8.83046,9.47746,9.09546,8.12446,7.56546,8.21246,10.3595,11.5955,11.0365,8.97746,8.30046,9.00646,8.71246,6.88946,5.44846,6.50646,9.50646,10.5955,9.85946,8.50646,8.50646,9.83046
CO2_TUG_BCT2,2021-10-03,1906,False,14,6.15524,6.77324,7.62524,8.36124,7.62524,6.89024,7.27324,9.12524,11.6842,14.9492,15.3312,12.4782,9.94924,9.44924,9.36124,8.09624,8.39024,10.5082,10.5372,7.15524,3.03724,2.12524,3.09624,2.62524,2.03724,1.97824,2.24324,2.94924,3.59624,3.47824,3.27324,4.21424,4.86124,4.94924,4.89024,4.42024,3.50824,3.27324,3.68424,4.03724,5.00824,6.68424,5.94924,2.53724,0.42024,0.00824,0.21424,0.74324,1.44924,2.30224
CO2_TUG_BCT2,2021-10-03,1913,False,7,6.09036,6.09036,6.26736,6.38436,7.20836,9.56136,13.2674,23.7084,45.4724,61.6204,63.9144,58.7964,52.7084,44.1494,37.3554,33.5314,29.0904,25.4144,23.0904,20.6204,19.4724,19.5614,20.0614,20.5314,21.0314,21.0904,19.7084,16.9724,16.1494,16.4434,15.1204,13.0904,10.5904,9.14936,8.29636,7.64936,7.82536,8.50236,8.62036,9.38436,11.1204,11.1494,9.62036,9.14936,9.47236,11.1494,14.5614,17.1494,19.1204,18.9724
CO2_TUG_BCT2,2021-10-03,1965,False,15,18.0602,15.2952,10.5012,9.14818,11.6482,16.6482,21.0312,26.2662,30.5602,32.3252,32.4722,31.0012,29.6482,28.5892,27.9722,26.7362,24.3842,23.2072,22.8842,21.5892,19.7072,20.1482,20.5602,19.2662,17.0012,14.8542,12.4722,11.9422,12.7362,12.5312,12.3842,12.7952,13.0892,13.5892,14.5892,15.4132,15.4722,14.0012,12.6192,11.3252,10.3252,9.56018,8.76618,9.73618,12.7362,14.5892,14.6192,13.0012,10.4422,9.56018
CO2_TUG_BCT2,2021-10-03,1966,False,9,2.82928,3.12328,4.41728,4.94628,6.44628,10.5643,11.9763,10.8583,10.9173,11.7413,12.5353,11.2113,6.79928,3.06428,3.77028,7.62328,9.15228,8.24128,6.38828,5.82928,5.94628,5.03528,4.62328,5.00528,5.27028,5.53528,5.85828,5.12328,4.44628,6.41728,6.82928,5.38828,5.56428,5.65228,4.85828,4.88828,6.00528,6.77028,5.77028,3.91728,4.24128,3.82928,1.65228,0.97628,2.00528,2.85828,2.65228,2.91728,5.53528,7.18228
CO2_TUG_BCT2,2021-10-03,1972,False,6,5.35476,5.44376,4.41376,3.00176,3.73776,4.76676,5.38476,6.00176,7.67876,10.1488,10.3548,8.14876,6.17876,4.88476,3.38476,2.44376,1.88476,1.67876,1.88476,2.35476,2.50176,1.82576,0.50176,0.50176,1.82576,2.47276,2.26676,2.73776,4.94376,5.11976,3.00176,2.20776,2.29576,1.26676,-0.08624,-1.52724,-1.76224,-0.79224,0.50176,1.50176,0.59076,0.11976,1.41376,3.47276,3.97276,3.14876,2.64876,2.35476,2.00176,2.61976
CO2_TUG_BCT2,2021-10-03,1993,False,13,1.912,2.588,4.941,6.559,7.412,7.53,8.412,11.206,14.03,15.088,15.206,15.059,13.882,11.794,12.471,14.441,12.382,11,11.706,12.412,12.941,13.206,13.5,14.206,14.677,13.059,9.235,6.765,6.059,7.235,8.03,7.677,6.706,6,5.5,5.441,5.412,4.853,5.559,7.618,8.353,8.5,8.912,8.765,7.147,4.618,3.882,4.735,5.647,6.412
CO2_TUG_BCT2,2021-10-03,1996,False,25,9.44748,9.94748,8.80048,7.41848,9.56548,11.4765,12.1535,12.2715,12.7715,14.3005,14.3885,13.5655,14.2715,13.2125,9.50648,7.24148,6.77148,7.68248,8.18248,8.50648,9.62348,9.82948,8.82948,7.30048,5.82948,6.50648,7.06548,6.71248,6.50648,6.71248,7.18248,7.38848,7.18248,6.68248,6.24148,5.97648,6.21248,6.41848,6.47648,6.65348,6.65348,5.88848,4.97648,3.97648,3.56548,3.97648,4.88848,5.12348,4.71248,4.35948
CO2_TUG_BCT2,2021-10-03,1997,False,7,4.53,2.794,2.647,4.618,5.853,4.794,2.03,1.206,4.324,10.088,12,10.441,9.059,6.824,3.353,2.206,3.412,4.912,6.147,7.53,7.588,6.736,7.03,7.824,8.353,7.883,7.471,7.471,7.883,8.353,7.853,7.294,7.471,8.647,9.324,9.383,9.118,8.412,7.765,7.912,8.353,7.912,7.736,8.059,7.618,6.471,6.324,7.059,7.559,6.441
CO2_TUG_BCT2,2021-10-03,2008,False,11,4.62054,5.56154,5.23854,4.23854,3.47354,4.26754,5.59154,7.20954,8.85654,10.8265,11.7095,11.1505,8.56154,4.91454,4.15054,5.82654,6.79754,7.15054,7.50354,6.67954,3.88554,1.06154,0.00354,0.03254,1.17954,3.29754,4.12054,4.97354,6.82654,7.82654,8.41454,9.26754,9.03254,7.67954,6.91454,6.41454,5.94454,6.50354,7.62054,9.03254,9.17954,7.62054,5.67954,4.47354,3.67954,3.65054,3.59154,3.17954,3.20954,3.88554
CO2_TUG_BCT2,2021-10-03,2011,False,5,3.82928,3.71128,3.32928,3.09428,4.03528,5.77028,14.5643,33.0943,50.7413,69.3883,75.0353,65.3293,51.9763,50.2413,58.0053,62.0643,61.1823,58.1823,55.1823,50.7703,46.5943,45.5053,46.5053,47.2413,45.8883,42.5943,40.5943,38.9763,36.8883,36.1523,36.5053,36.6523,35.9763,34.4463,32.6233,29.2413,25.3293,22.6233,20.1823,19.7113,20.9763,21.5943,21.0353,20.0943,20.4463,21.7703,23.5943,23.2413,18.6523,12.0353
CO2_TUG_BCT2,2021-10-03,2012,False,11,11.4128,11.4428,10.0308,8.38378,10.0018,11.2068,11.0018,11.2068,11.8838,11.9428,12.0898,11.8248,9.94278,8.82478,8.79578,9.58978,10.2958,9.05978,9.29578,11.0308,10.5018,9.26578,8.20678,7.79578,8.20678,9.11878,9.35378,8.94278,8.76578,9.20678,10.2958,11.7368,12.5018,10.3838,8.88378,8.64878,8.50178,8.73678,9.88378,10.2068,8.88378,6.79578,6.05978,6.29578,5.67778,4.53078,4.94278,5.14878,5.00178,5.85378
CO2_TUG_BCT2,2021-10-03,2030,False,26,21.4728,20.8548,20.5908,21.4428,21.4138,20.3258,20.1198,20.5018,21.2378,23.2378,26.0908,26.0318,24.7958,23.2668,21.7668,20.5318,19.1488,19.0318,19.4138,18.3848,18.5908,19.8848,19.1198,17.8548,16.7958,16.2668,15.7378,14.7078,13.4138,11.0018,8.47276,7.91376,8.70776,8.76676,6.94276,4.00176,3.47276,4.94276,5.23776,3.70776,0.97276,0.44276,1.67876,1.64876,1.09076,0.79576,1.11976,2.03176,3.38476,3.35476
CO2_TUG_BCT2,2021-10-03,2037,False,21,3.97452,4.35652,4.41552,4.44452,4.68052,5.20952,6.03352,7.94452,10.3565,11.7685,12.3565,11.8565,11.2095,10.5915,9.50352,6.88652,3.76852,2.12152,1.73952,2.70952,3.59152,4.18052,4.70952,5.68052,6.88652,7.53352,7.35652,6.03352,4.32752,3.06252,4.18052,4.73952,3.97452,3.73952,4.15052,4.32752,3.88652,3.09152,3.79752,6.09152,7.12152,6.15052,4.26852,3.97452,3.82752,3.00352,3.09152,4.68052,6.41552,6.06252
CO2_TUG_BCT2,2021-10-03,2046,False,5,6.06428,6.97628,7.30028,6.88828,5.30028,2.68228,2.00528,4.18228,8.68228,12.5643,15.6533,15.5943,14.5053,14.1533,14.9173,14.1533,11.4763,10.6533,12.3583,14.6533,14.9763,12.5053,8.77028,7.30028,7.62328,8.30028,9.03528,9.12328,9.59428,10.5053,10.3003,10.1533,10.4473,9.85828,8.94728,9.80028,10.0353,9.68228,10.7413,10.6533,8.91728,8.12328,7.77028,6.62328,6.18228,6.44728,5.85828,4.94728,5.91728,6.82928
CO2_TUG_BCT2,2021-10-03,2047,False,2,0.56428,2.35828,4.53528,4.12328,1.44728,0.38828,1.62328,4.74128,14.1823,34.0643,48.7413,46.6823,33.2113,24.1823,19.8003,19.9173,21.7413,23.7703,24.7113,24.8293,24.8003,24.5053,23.5643,22.3293,21.3293,20.0943,19.2113,19.3883,20.1823,19.7703,18.4173,18.2113,16.7113,11.8293,6.91728,5.30028,5.56428,5.91728,6.88828,8.74128,9.50528,9.62328,10.1233,8.91728,5.85828,5.56428,7.71128,8.24128,8.41728,9.30028
CO2_TUG_BCT2,2021-10-03,2048,False,20,5.18052,6.73952,7.91552,8.23952,8.35652,9.00352,9.94452,9.82752,10.3865,12.2095,12.9445,11.4155,8.18052,7.00352,7.73952,8.12152,7.56252,6.85652,7.47452,7.38652,6.06252,5.29752,4.73952,3.82752,3.59252,3.97452,3.97452,3.53352,3.32752,3.56252,4.26852,5.00352,5.50352,5.94452,5.70952,4.79752,4.41552,5.00352,5.94452,5.65052,4.79752,3.79752,3.38652,3.79752,4.62152,4.23952,3.12152,3.73952,5.50352,7.85652
CO2_TUG_BCT2,2021-10-03,2052,False,4,5.32654,5.88554,5.15054,2.79754,1.44454,2.70854,8.62054,24.3265,52.6205,74.6205,88.5325,84.2675,74.7085,64.7085,57.8855,52.4445,44.3855,37.0915,26.7385,16.1795,12.1205,10.9445,8.73854,6.88554,5.35654,4.97354,6.06154,7.97354,10.7085,14.0915,14.2085,12.5915,10.6505,10.0915,10.2085,9.29754,8.94454,9.79754,10.7675,9.62054,6.38554,4.82654,5.32654,6.53254,5.56154,2.12054,0.09154,0.35654,1.67954,1.94454
CO2_TUG_BCT2,2021-10-03,2055,False,23,10.0898,11.5018,12.7078,13.9718,14.7658,14.0308,12.8838,14.0898,15.3548,16.0018,16.3548,15.9128,14.2958,13.5898,13.7078,13.5608,14.0608,15.3548,15.3548,14.0308,13.4128,13.9428,14.6488,13.8548,12.5308,11.0898,10.8248,11.4428,11.3548,10.5018,9.29578,9.06078,9.20778,9.14878,8.38378,6.50178,4.85478,4.38378,5.03078,6.35478,6.35478,5.11878,5.06078,5.91278,5.67778,5.26578,4.97178,4.61878,5.32478,6.91278
CO2_TUG_BCT2,2021-10-03,2066,False,27,7.35712,9.70912,10.8861,10.9741,10.6511,10.8861,12.6801,13.2391,13.1511,14.7391,15.3571,14.4451,13.0921,11.6211,11.5621,11.4451,10.5621,10.1211,10.2981,10.8271,11.5621,12.7681,13.6511,13.5041,12.8271,12.8271,13.0041,13.0331,12.7981,10.9151,7.00412,3.94512,1.53312,1.73912,4.18012,5.20912,5.73912,6.18012,5.06212,4.68012,5.50412,5.97412,6.03312,6.09212,6.47412,6.70912,5.65112,4.06212,2.12112,1.47412
CO2_TUG_BCT2,2021-10-03,2072,False,11,14.529,14.5,13.147,12.323,12.706,14.411,15.794,16.853,17.382,17.911,18.617,17.235,13.764,12.5,13.617,15.529,15.617,14.117,11.794,11.382,13.117,14.558,13.5,10.5,9.323,9.353,9.353,9.294,10.235,12.764,13.706,13.176,13.206,13.617,14,13.206,10.647,8.353,8.117,9.911,12.264,13.264,13.294,12.558,10.911,9.735,9.47,9.911,10.764,10.529
CO2_TUG_BCT2,2021-10-03,2073,False,6,8.68112,10.5041,12.0631,12.6811,12.0631,10.7101,10.8571,14.7691,21.4451,25.1811,26.2691,25.5331,24.6811,23.9751,22.3861,18.5921,14.6221,13.3281,13.8571,14.5631,14.8281,14.8281,14.6811,14.9161,16.1221,17.0331,17.5921,17.7981,17.5921,17.0631,16.4161,15.9161,16.3571,16.5921,16.6511,17.2981,17.2691,16.3571,15.5331,14.0631,12.0331,11.6511,12.0041,10.8281,9.97512,9.82812,9.59212,9.12212,8.91612,9.23912
CO2_TUG_BCT2,2021-10-03,2077,False,11,8.2107,8.8877,8.1517,7.2697,6.4757,6.1517,8.9467,15.6517,23.6227,33.6517,37.6227,34.0047,25.9757,21.8877,20.6817,19.1227,17.3577,15.8577,16.5347,16.9167,15.1517,11.9757,9.5937,7.5047,6.2997,5.4757,5.0047,6.5047,9.2997,9.1517,7.2697,4.8877,4.2997,4.6227,3.5047,3.0637,3.4167,2.9167,2.2697,1.8287,2.2107,2.8877,2.2407,2.0937,2.7997,2.1817,0.5937,0.8287,1.4167,1.7407
CO2_TUG_BCT2,2021-10-03,2079,False,4,5.94336,6.14936,4.61936,3.44336,3.14936,3.35536,4.61936,11.2084,24.2964,33.0314,35.9434,31.5904,27.5904,26.2084,26.9724,26.3844,23.7374,22.5904,21.7084,18.8254,16.6494,14.5614,12.1494,10.6784,9.67836,9.73736,11.0904,12.4144,12.1194,9.82536,7.32536,7.00236,8.23736,8.41436,7.09036,5.73736,5.67836,6.56136,7.06136,7.35536,7.76636,7.50236,6.35536,5.53136,6.17836,7.97236,8.47236,7.88436,7.76636,7.06136
CO2_TUG_BCT2,2021-10-04,1,False,6,4.18642,4.12742,1.89142,0.00942,-0.57858,-0.54958,0.39142,3.68642,8.39142,12.0974,14.9214,14.3914,12.9804,11.8034,10.5094,8.09742,5.62742,5.53842,7.33342,8.42142,8.30342,7.09742,6.09742,4.83342,3.18642,2.45042,2.33342,2.12742,1.89142,2.18642,2.80342,3.30342,2.95042,3.48042,5.12742,4.74442,2.74442,2.71542,3.06842,3.15642,3.83342,4.03842,3.59742,3.15642,2.89142,3.09742,3.12742,3.15642,3.80342,3.77442
CO2_TUG_BCT2,2021-10-04,2,False,14,2.88358,3.55958,5.00058,5.94158,6.38358,5.70658,4.08958,4.03058,7.29458,12.7366,13.5896,12.1186,10.5596,9.79458,9.23658,8.26558,7.41258,5.70658,3.14758,2.17758,2.47158,2.53058,2.55958,3.17758,2.91258,1.55958,0.88358,1.03058,1.58958,2.55958,4.23658,5.44158,6.00058,6.35358,5.55958,4.41258,5.41258,5.03058,2.35358,1.17758,2.88358,6.55958,7.73658,6.55958,5.85358,5.88358,6.82458,8.61858,8.85358,7.50058
CO2_TUG_BCT2,2021-10-04,8,False,12,5.76518,6.08918,7.00118,8.64818,11.0012,14.3832,15.9422,15.6482,15.8832,18.4422,19.7652,19.5012,19.0602,17.3832,14.1772,13.2072,14.1772,14.3242,13.4712,11.9422,10.4422,8.23618,6.11818,5.41218,6.03018,7.35418,7.35418,6.08918,5.88318,6.97118,7.64818,5.94218,2.67718,2.41218,2.85418,2.67718,3.70718,5.32418,4.38318,3.38318,3.14818,2.58918,2.35418,4.08918,5.76518,6.38318,5.17718,4.08918,3.53018,3.56018
CO2_TUG_BCT2,2021-10-04,12,False,20,7.1186,7.3826,6.2066,6.4126,7.9706,8.5296,9.1476,10.7656,12.0006,12.7946,13.6476,13.0596,10.2946,7.4706,6.3536,5.7656,4.8236,4.3536,4.2946,4.4126,5.3536,7.0596,6.7066,4.9416,5.3236,5.3826,4.1186,3.6186,3.7656,3.5886,3.7656,3.9706,3.1476,3.4416,5.0886,4.9416,3.4126,3.7066,4.6766,5.2356,4.6476,3.2946,1.5006,1.6476,3.1766,2.9126,2.1186,1.5596,1.3536,1.5596
CO2_TUG_BCT2,2021-10-04,14,False,6,2.80282,2.06782,1.56782,1.12682,1.68482,5.18482,11.2738,17.4498,25.0378,29.8028,30.2438,25.4788,23.4788,23.3028,19.3618,15.5378,12.5088,12.0678,14.0088,15.4788,16.2438,16.7438,16.0968,14.2738,11.3618,9.86182,10.3908,12.5678,14.1558,15.0088,14.9208,14.0378,12.5678,11.5378,10.2738,8.62682,7.94982,8.33182,9.27382,9.74382,9.77382,9.53782,9.06782,8.80282,8.59682,8.59682,9.21482,8.94982,7.59682,6.83182
CO2_TUG_BCT2,2021-10-04,15,False,12,4.38318,2.61818,-0.41082,-0.14582,1.00118,1.79518,3.73618,8.94218,15.1482,18.2652,19.0302,17.7362,15.9422,13.9122,12.6182,11.0892,8.91218,7.47118,6.41218,6.05918,6.94218,8.88318,10.2362,10.8242,10.3242,9.64818,8.88318,8.23618,8.44218,9.26518,9.03018,7.67718,7.00118,7.20718,8.14818,9.32418,9.82418,9.85418,9.73618,10.2072,11.7362,11.8542,11.2652,12.5892,12.9422,11.5592,10.0012,8.73618,9.17718,9.44218
CO2_TUG_BCT2,2021-10-04,24,False,23,8.294,6.618,6.794,8.559,8.765,8.206,7.736,8.088,9.941,12.324,13.471,13.353,12.088,10.736,9.471,9.265,9.647,10,9.324,9.118,11.971,12.294,9.294,7.912,8.412,9,8.324,6.471,5.647,6.471,8.294,8.941,9.53,11.736,11.824,8.941,6.265,4.706,3.412,4.324,7.294,8.353,7.559,7.059,8.647,7.588,3.206,1.971,3.559,3.853
CO2_TUG_BCT2,2021-10-04,25,False,16,11.0053,9.4463,10.8583,14.0643,15.0053,13.8583,13.7403,15.5343,18.0053,19.8873,21.4173,21.3583,20.5343,19.4173,18.0643,16.5933,16.6523,17.3583,17.4173,16.0053,15.1233,14.8873,14.1813,14.1813,16.9463,18.0643,15.9463,12.5643,10.3873,8.7703,7.7113,6.2113,4.0933,3.1233,3.0933,3.9173,6.2703,8.7993,9.3293,8.2703,7.3583,7.2993,7.6813,7.4463,6.5343,6.0053,5.5933,5.5933,7.0343,8.1523
CO2_TUG_BCT2,2021-10-04,28,False,14,6.14816,5.79616,3.94316,1.61916,0.85416,1.23716,1.82516,3.26616,5.61916,8.35416,11.2962,11.2072,9.79616,8.03116,5.53116,2.38416,2.00116,3.17816,4.67816,5.26616,4.41316,2.56016,2.09016,4.32516,8.06016,7.97216,4.91316,4.67816,5.35416,5.35416,4.44316,2.79616,2.41316,3.09016,3.35416,1.94316,2.73716,6.20716,6.94316,5.06016,4.29616,4.00116,3.79616,4.70716,5.11916,4.76616,4.76616,5.20716,5.41316,5.23716
CO2_TUG_BCT2,2021-10-04,31,False,13,7.9416,9.5006,9.5296,9.4126,9.8536,10.6176,13.4706,18.6176,22.6176,25.9706,27.0886,26.5886,25.3826,23.0296,19.2066,17.0886,15.1476,12.7946,13.4706,12.5296,8.5596,7.0296,7.2356,6.0296,4.9706,4.6176,4.9126,5.5886,6.4126,5.7356,3.6766,2.8236,1.8826,0.7356,1.9416,3.2066,3.8236,3.9416,3.0296,1.2646,1.1176,1.7066,0.3236,-0.4994,0.0596,2.0006,4.3826,3.5596,3.3236,5.1766
CO2_TUG_BCT2,2021-10-04,32,False,16,9.17818,8.64818,6.50118,6.17818,7.20718,6.76618,6.44218,7.06018,7.94218,9.61918,12.2662,12.0602,9.17818,7.97218,7.79518,7.58918,7.79518,7.76618,7.35418,7.32518,7.53118,7.29518,7.11918,7.32518,7.85418,8.56018,9.32518,8.20718,5.44218,4.82518,5.61918,5.67818,3.64818,3.03118,4.26618,5.03118,5.58918,6.53118,7.03118,7.32518,7.73618,7.50118,6.58918,6.08918,5.79518,5.14818,3.44218,0.11918,-1.99882,-0.76382
CO2_TUG_BCT2,2021-10-04,33,False,16,6.2066,5.8236,5.4706,6.1476,7.7646,8.2946,8.6766,9.8236,10.9416,12.6476,15.2646,14.7646,10.9416,8.5886,8.1476,8.3536,8.6766,7.7356,5.5596,5.4126,6.4416,5.3236,4.7646,5.5596,5.9126,5.0296,3.3236,3.7946,6.5006,7.8826,7.8826,7.8826,8.5006,8.2356,6.8236,5.7066,5.1476,5.7356,6.8826,7.1766,4.8826,3.8236,4.5886,5.2946,5.8236,6.0006,5.6176,5.1476,5.6476,6.2946
CO2_TUG_BCT2,2021-10-04,35,False,4,2.68306,1.65406,1.41906,1.68306,2.65406,4.68306,6.80106,10.0361,17.3301,29.7131,35.5071,33.5071,26.9191,21.2421,17.3891,12.9481,10.5661,9.59506,8.83006,8.03606,6.59506,5.24206,5.18306,6.09506,6.71306,6.53606,5.44806,5.47706,6.71306,6.80106,6.18306,6.80106,6.71306,5.38906,4.56606,3.53606,1.74206,1.53606,3.06606,4.21306,4.24206,3.33006,2.33006,3.24206,5.94806,6.88906,6.12406,5.68306,5.83006,6.06606
CO2_TUG_BCT2,2021-10-04,36,False,4,6.29694,6.09094,4.79694,2.94394,4.20894,6.12094,7.67894,9.29694,18.0909,36.4439,46.7089,45.5029,34.4439,22.9149,10.7379,4.29694,2.88494,4.20894,4.56194,3.29694,2.64994,3.03194,4.00294,4.64994,4.70894,3.88494,2.50294,0.56194,-0.29106,0.29694,1.85594,3.53194,4.32694,2.23794,1.06194,2.03194,3.76794,5.20894,6.62094,6.67894,5.82694,5.88494,5.00294,3.41494,4.26794,4.56194,3.32694,2.79694,2.70894,2.00294
CO2_TUG_BCT2,2021-10-04,37,False,21,8.21678,7.24678,5.86378,7.33478,9.04078,10.1588,10.5998,10.4228,10.1288,11.1588,12.7758,11.7468,10.0408,8.54078,8.33478,9.42278,10.3058,10.0408,8.42278,6.51178,5.51178,4.98178,5.04078,5.95278,7.12878,7.51178,6.62878,4.65878,3.01178,1.51178,1.15878,2.48178,4.59978,5.54078,5.42278,5.04078,5.51178,6.77578,6.68778,6.06978,7.33478,7.27578,5.54078,5.24678,5.09978,4.33478,4.77578,6.36378,6.89378,7.24678
CO2_TUG_BCT2,2021-10-04,38,False,3,1.30282,4.30282,4.65582,3.24382,1.27382,0.33282,0.21482,0.77382,5.00882,12.0678,12.6858,10.6558,8.94982,7.92082,8.06782,9.74382,9.21482,6.18582,5.44982,6.89082,7.27382,6.47982,5.27382,5.09682,5.71482,6.77382,7.86182,8.62682,7.92082,7.33282,7.47982,8.03882,8.97982,10.2438,9.56782,7.06782,6.12682,6.24382,6.74382,7.59682,7.36182,5.97982,5.12682,5.27382,6.47982,7.33282,7.42082,6.59682,5.21482,3.42082
CO2_TUG_BCT2,2021-10-04,40,False,17,4.05958,3.79558,4.32458,5.82458,10.3246,16.4126,19.0896,20.5896,23.6776,25.5306,26.0596,24.7956,19.8836,13.4126,9.58958,6.20658,3.00058,2.41258,3.64758,4.14758,4.00058,4.20658,4.11858,3.20658,2.14758,2.58958,4.44258,5.55958,5.67758,5.11858,5.61858,6.03058,3.53058,2.50058,3.67758,4.26558,3.41258,1.50058,0.47158,1.05958,3.17758,4.32458,4.55958,5.14758,5.61858,4.58958,4.94258,7.41258,8.91258,8.11858
CO2_TUG_BCT2,2021-10-04,41,False,11,4.77088,6.97688,7.15288,5.06488,4.65288,6.38788,8.18188,10.1819,14.7119,20.0649,21.8589,21.1819,20.5939,19.5939,17.7409,17.0649,17.6529,18.1529,16.7709,13.4769,11.5349,10.3879,9.24088,8.97688,9.38788,9.68188,10.1819,11.0349,10.8589,9.97688,10.1529,10.0649,9.15288,8.50588,8.44688,9.03488,8.74088,8.56488,10.8879,12.1819,11.9469,11.9179,12.1239,11.9469,12.0649,11.7999,9.88788,8.53488,7.97688,8.15288
CO2_TUG_BCT2,2021-10-04,45,False,15,6.44218,6.20618,6.41218,6.38318,5.97118,5.94218,6.14818,5.97118,6.38318,8.47118,11.0302,10.1482,6.20618,5.23618,7.08918,7.73618,7.14818,5.94218,5.03018,4.97118,5.50118,6.47118,8.14818,9.29518,9.35318,8.67718,7.88318,6.94218,5.73618,5.50118,5.64818,5.70618,5.97118,6.67718,7.50118,8.70618,10.4422,9.97118,7.26518,5.79518,5.26518,5.26518,6.61818,7.03018,6.29518,6.53018,7.88318,8.67718,9.41218,10.3532
CO2_TUG_BCT2,2021-10-04,48,False,13,4.32694,4.23894,2.12094,0.82694,0.88594,1.67994,4.50294,10.2089,16.6209,23.5329,24.5329,22.0029,17.3559,12.7679,11.8859,13.4449,13.3859,11.1499,9.32694,9.17994,9.82694,9.88594,10.1799,11.1799,12.3269,13.5619,13.6799,12.6799,11.4739,11.8559,11.7389,10.5329,10.7389,12.2969,12.6799,11.9149,10.9449,11.0329,10.2389,7.97394,6.91494,6.29694,4.67994,3.94494,3.82694,3.06194,2.14994,1.20894,1.23894,2.35594
CO2_TUG_BCT2,2021-10-04,58,False,17,11.3017,13.3017,13.8607,12.3307,9.80166,9.09566,10.1247,11.2717,13.2137,16.3607,16.5657,13.7137,11.7137,10.3607,8.44866,7.71366,9.24266,12.2137,11.2137,5.77166,2.38966,2.80166,5.33066,6.91866,6.83066,5.86066,4.80166,2.86066,0.68366,1.06566,3.53666,4.41866,3.88966,2.74266,1.03666,-0.43434,1.03666,2.71366,3.59566,3.62466,3.68366,4.06566,3.88966,3.44866,3.94866,4.65466,5.65466,6.68366,6.00766,3.71366
CO2_TUG_BCT2,2021-10-04,66,False,12,4.38906,7.68306,9.41806,8.94806,7.62406,7.62406,9.00706,10.3011,12.2711,14.5361,14.7131,12.4771,9.83006,8.33006,7.15406,5.80106,4.33006,4.33006,4.56606,3.68306,1.97706,2.44806,5.06606,5.83006,5.06606,5.24206,5.09506,3.74206,2.41806,2.59506,4.00706,5.12406,5.68306,5.21306,4.62406,3.15406,0.53606,0.77106,3.71306,4.00706,1.86006,1.47706,2.50706,4.21306,5.27106,4.65406,2.80106,1.83006,1.47706,0.97706
CO2_TUG_BCT2,2021-10-04,69,False,22,4.44454,3.88554,4.79754,8.50354,12.7385,16.1795,20.1795,22.5915,24.2385,25.7095,26.4145,25.0625,20.7385,17.7385,15.8565,13.9145,12.4145,13.7095,13.7385,9.91454,4.85654,3.56254,5.12054,5.59154,4.76754,4.38554,4.97354,5.91454,5.65054,5.03254,4.56254,4.85654,6.23854,7.53254,7.15054,5.56254,5.09154,5.20954,5.35654,6.29754,8.17954,9.00354,8.23854,6.82654,6.85654,7.44454,7.94454,8.03254,8.29754,9.44454
CO2_TUG_BCT2,2021-10-04,70,False,28,8.67934,8.00234,8.79634,10.0613,11.0903,10.9143,11.0023,11.9433,12.9143,14.1493,15.0323,14.9433,14.7383,15.6493,16.0613,15.5323,14.2963,13.3263,14.9143,15.7383,15.2083,15.0903,14.3263,12.4733,11.6793,12.7383,15.0023,15.4733,14.2083,13.5903,14.2083,15.5903,15.8553,13.8263,10.2673,8.35534,7.67934,7.38534,6.88534,6.06134,6.38534,7.03234,5.76734,5.79634,7.29634,7.12034,7.03234,7.91434,8.41434,7.29634
CO2_TUG_BCT2,2021-10-04,73,False,11,5.44394,4.91494,3.79694,2.11994,0.88494,2.76794,4.23794,4.53194,5.44394,8.50294,12.2969,12.1789,7.44394,2.64994,1.97294,4.17894,5.82594,6.91494,7.20894,5.91494,3.56194,3.17894,4.17894,5.56194,5.59094,4.50294,4.29694,4.64994,4.91494,4.70894,4.73794,5.14994,5.11994,4.44394,3.70894,3.29694,3.50294,4.61994,4.82594,3.88494,2.67894,0.97294,-0.14406,0.00294,0.94394,1.64994,2.17894,2.59094,3.85594,5.26794
CO2_TUG_BCT2,2021-10-04,74,False,4,5.86418,7.89418,8.15818,6.83518,6.01118,6.39418,8.57018,13.9522,24.4232,32.1882,32.7172,28.9822,25.2172,19.8052,14.3642,12.0112,11.0702,10.2762,9.30518,7.77618,6.39418,5.12918,4.98218,5.77618,6.74618,6.57018,6.65818,7.51118,7.57018,5.74618,2.62918,0.95218,1.71718,4.92318,6.04118,4.86418,4.24618,4.86418,6.24618,6.54118,4.74618,1.77618,1.04118,2.36418,3.71718,4.74618,4.48218,3.83518,3.07018,2.33518
CO2_TUG_BCT2,2021-10-04,75,False,5,5.18424,5.24324,5.24324,5.30224,5.77224,6.89024,8.77224,12.0082,16.2722,22.3312,25.5082,25.1842,23.5672,23.1552,23.7432,24.5962,23.9782,20.9782,17.6842,16.2142,14.6552,12.0372,12.2722,15.2142,15.7142,15.2142,17.8612,18.3612,15.5672,13.6252,12.7432,11.5962,9.83124,7.89024,8.50824,10.4492,12.9492,14.3312,14.7142,14.1552,11.5082,7.47824,7.24324,8.09624,8.27224,8.47824,8.71424,8.39024,7.24324,3.91924
CO2_TUG_BCT2,2021-10-04,93,False,5,2.059,2.736,1.294,0,0,5.736,23.824,45.118,53.265,54.294,56.706,55.177,48.706,44.089,38.736,31.442,26.294,21.442,17.942,15.353,11.824,9.118,7.5,8.442,11.118,15,16.706,15.53,12.618,10.5,8.912,8.206,8,7.059,5.353,5.824,8.206,7.147,3.089,2.5,3.942,5,3.971,2.442,0.971,0.853,2.647,4.942,5.471,4.647
CO2_TUG_BCT2,2021-10-04,96,False,4,8.20716,6.47216,6.06016,4.97216,2.23716,1.17816,2.41316,5.14816,11.2952,23.1782,31.2372,28.5602,18.3842,12.8542,12.2072,13.6192,14.3542,13.2952,10.9722,10.0312,10.3252,10.2662,9.35416,8.32516,8.82516,9.70716,8.03116,6.53116,5.82516,5.14816,4.41316,4.41316,4.67816,5.41316,6.79516,7.26616,6.91316,6.88416,7.09016,6.94316,7.29516,7.50116,5.88416,5.03116,5.32516,5.29516,4.61916,3.94316,3.91316,4.44316
CO2_TUG_BCT2,2021-10-04,101,False,18,8.38418,9.70718,9.03118,7.82518,7.56018,7.47218,7.26618,9.06018,13.9722,18.2662,19.9132,19.1192,15.6482,12.4132,9.29518,7.41318,6.29518,5.70718,4.82518,3.88418,4.76618,5.11918,4.26618,3.53118,2.76618,2.03118,1.64818,2.09018,3.70718,4.38418,3.97218,3.29518,2.56018,2.59018,2.94218,2.97218,2.35418,2.61918,3.94218,4.38418,3.76618,3.09018,2.97218,2.70718,1.56018,1.11918,1.56018,2.14818,2.17818,0.79518
CO2_TUG_BCT2,2021-10-04,110,False,18,4.70658,4.91258,4.70658,4.29558,4.50058,5.17758,5.50058,8.14758,15.1776,21.5006,23.4716,23.1776,22.4716,21.5006,21.0306,21.0306,21.5006,22.3246,21.8536,20.1476,20.2656,22.9716,25.6476,25.4426,22.5006,19.8836,18.7956,18.3246,18.7656,19.9126,20.0896,19.4716,18.5006,17.9716,17.4426,16.5896,16.7066,17.1186,15.8536,14.4126,13.8246,14.8836,14.7956,13.1476,12.8836,12.5306,9.41258,8.70658,10.3246,9.67758
CO2_TUG_BCT2,2021-10-04,113,False,19,4.44218,5.26618,6.00118,6.59018,7.79518,9.35418,9.38418,8.20718,8.64818,10.6782,11.2372,10.0902,8.64818,9.35418,10.1482,10.1482,9.32518,8.38418,9.26618,9.61918,8.79518,8.06018,5.88418,1.76618,0.61918,2.47218,3.91318,4.38418,3.94218,2.44218,2.70718,4.85418,5.35418,4.32518,4.06018,3.91318,3.00118,1.82518,1.32518,1.23718,1.03118,0.79518,1.20718,2.64818,4.09018,2.76618,2.23718,3.41318,3.64818,2.79518
CO2_TUG_BCT2,2021-10-04,114,False,5,-0.76342,2.29458,5.91258,6.35358,4.88358,5.76558,11.5006,23.9416,45.2946,79.3536,97.5596,95.6476,82.8836,71.3246,63.6476,54.9716,48.1476,39.1776,29.4716,26.8536,29.4416,31.2066,30.6776,28.5306,25.0006,18.2946,12.0896,9.14758,7.03058,5.47158,5.61858,6.82458,6.38358,4.35358,3.61858,3.61858,4.35358,6.38358,6.82458,5.64758,5.47158,5.38358,3.38358,3.00058,4.70658,5.64758,5.76558,5.76558,5.79458,6.03058
CO2_TUG_BCT2,2021-10-04,115,False,13,3.97394,4.88594,6.09194,6.82694,7.44494,8.53294,11.1499,14.4149,17.2969,20.5029,21.5619,20.5919,18.3859,15.1499,10.7969,9.17994,7.91494,6.32694,7.85594,8.35594,6.62094,5.26794,4.67994,5.09194,5.09194,4.67994,5.06194,4.76794,3.38594,2.41494,1.62094,1.00294,1.53294,3.62094,5.67994,6.00294,5.00294,3.50294,2.26794,3.41494,4.26794,4.41494,5.12094,5.56194,5.62094,5.62094,5.62094,5.50294,4.62094,3.20894
CO2_TUG_BCT2,2021-10-04,128,False,10,2.5053,2.2403,2.4173,2.2703,2.9173,5.4753,8.9173,13.2403,19.7113,24.2703,26.7703,26.0643,24.8873,23.0933,19.6813,17.0933,14.9173,13.1523,10.6813,8.0343,6.5643,5.7403,5.7703,6.1813,6.7993,7.9173,9.3583,9.4753,10.0053,11.3583,11.2993,10.4753,9.4173,8.4173,6.9463,5.6223,5.6523,5.8283,4.3583,4.6813,7.2403,7.7113,6.0053,5.2113,6.1523,7.5643,6.8583,6.0643,5.9173,5.8583
CO2_TUG_BCT2,2021-10-04,139,False,1,3.97922,2.80322,3.27322,4.12622,1.89122,1.21422,3.56722,6.77322,14.3912,27.8912,34.0972,33.5382,31.1562,29.7732,27.9792,24.5382,21.7142,19.0382,17.0082,15.6852,16.1262,16.4202,15.5672,14.4202,14.1562,14.4202,13.5082,11.4202,10.5672,9.47922,7.15622,5.97922,5.83222,5.89122,6.24422,6.24422,4.92022,4.71422,5.77322,5.92022,5.06722,3.71422,3.65622,4.50822,4.30322,4.18522,4.83222,5.59722,6.33222,7.09722
CO2_TUG_BCT2,2021-10-04,184,False,5,3.5937,4.1227,4.6517,5.6517,6.3877,5.7407,3.6817,8.7407,25.0047,39.5047,43.7987,42.3577,36.8877,25.5047,16.2697,12.7107,10.0637,6.7697,5.2987,5.2107,5.9167,7.3287,7.9467,7.3577,6.1817,5.9467,6.0937,6.0637,5.7107,5.7107,7.2407,8.9467,10.0047,9.0347,7.9757,7.4167,7.2697,6.5347,4.5047,4.0047,4.7987,4.5637,4.1817,4.1817,4.6817,5.8577,6.7107,6.3287,5.1817,4.9167
CO2_TUG_BCT2,2021-10-04,277,False,8,6.32576,5.58976,2.08976,1.47276,5.70776,12.0898,17.0308,22.5308,26.5608,28.0018,28.5018,27.9428,25.8548,23.6488,21.9428,18.7958,14.7368,12.5308,11.2668,9.85476,7.91376,7.03076,7.47276,9.11976,10.7958,9.91376,6.70776,5.14876,5.64876,6.97276,7.06076,6.44276,7.11976,7.50176,7.06076,6.47276,6.44276,7.88376,9.00176,9.50176,9.00176,7.38376,6.17876,5.58976,4.85476,4.20776,4.41376,5.38376,6.35476,7.58976
CO2_TUG_BCT2,2021-10-04,278,False,6,1.35358,2.55958,3.41258,3.11858,2.67758,4.17758,7.61858,13.6486,22.2656,35.5306,43.5306,43.3836,38.3536,33.6186,31.7366,30.9126,29.0006,24.0306,18.2366,14.7956,12.4126,11.5306,10.2066,7.35358,5.55958,5.14858,6.00058,5.97158,4.88358,4.67758,5.05958,5.53058,5.55958,5.35358,5.47158,4.70658,2.61858,1.32458,1.91258,3.73658,4.38358,3.55958,2.50058,2.88358,4.23658,4.26558,4.14858,4.61858,5.29558,6.03058
CO2_TUG_BCT2,2021-10-04,293,False,12,-0.3193,0.0337,1.1807,3.0927,3.9457,3.3577,2.5047,6.8277,20.1517,33.2397,35.6807,30.7697,25.6227,18.9457,13.2697,11.0637,10.1517,9.4457,9.1807,9.3277,10.7397,13.5637,14.8277,13.9167,12.2697,12.4457,12.5337,11.6807,11.2107,11.1517,11.0927,10.5337,8.8867,7.0047,6.2397,6.2107,6.6227,7.0927,6.6807,6.7107,7.3577,7.2987,6.6517,5.5637,4.2397,3.0047,3.4167,3.7107,4.2697,6.5047
CO2_TUG_BCT2,2021-10-04,304,False,15,7.70952,8.12152,9.50352,10.7385,9.85652,7.17952,6.53252,8.23852,9.91552,10.6795,10.9745,10.7095,10.2685,9.67952,8.85652,8.35652,9.47452,9.85652,8.94452,7.76852,6.29752,5.56252,5.38552,6.09152,8.06252,8.03252,6.06252,6.70952,9.85652,10.8565,11.0035,11.1795,10.2975,10.1215,10.9445,11.0625,9.70952,7.53252,6.03252,4.50352,3.17952,3.35652,4.65052,4.85652,3.76852,2.88552,2.97452,3.17952,2.17952,1.06252
CO2_TUG_BCT2,2021-10-04,350,False,24,12.9516,12.1866,12.1866,12.3636,12.2456,11.3046,10.8336,13.5986,16.7456,19.8046,21.0986,20.3336,18.4216,17.2166,16.3926,15.7746,16.2166,17.5986,18.0986,16.5396,13.3636,12.6276,14.0686,14.3336,12.4806,8.4516,5.2456,3.1576,0.7456,0.0106,1.9806,5.4516,6.6576,5.8336,4.5986,2.6576,1.0986,1.2166,2.3336,2.6276,2.9516,3.8336,4.0106,3.1276,1.9216,1.2456,1.1866,1.9806,3.1276,4.4806
CO2_TUG_BCT2,2021-10-04,371,False,11,1.38436,1.64936,1.47236,1.79636,2.70836,4.35536,6.82536,11.1494,14.7674,16.4724,16.8254,15.0314,12.7674,10.2374,8.97236,9.53136,11.5024,11.6194,10.5904,11.6784,12.0024,10.7964,10.6194,11.9434,13.3254,13.6784,13.7374,14.3554,14.0904,12.7374,12.0614,12.2084,12.5614,11.7674,9.20836,6.85536,6.03136,5.91436,5.64936,4.94336,4.29636,4.47236,5.14936,5.11936,4.70836,4.26736,4.38436,4.35536,3.00236,2.44336
CO2_TUG_BCT2,2021-10-04,374,False,11,8.76736,9.44336,10.3844,9.97336,8.29636,6.35536,7.26736,11.5614,18.9434,23.9144,26.0024,24.2374,21.8554,19.8264,19.2084,18.8554,17.0614,16.6794,18.1794,19.3554,19.6794,19.7084,19.8264,20.7674,22.5024,22.1204,18.7084,15.2374,14.3844,14.9734,13.9144,11.6204,11.8264,12.3264,11.9734,11.6794,11.1794,10.2964,10.4434,12.5024,15.1494,15.0904,13.3554,13.7674,14.0614,13.2374,12.6494,11.6494,9.85536,9.73736
CO2_TUG_BCT2,2021-10-04,376,False,14,2.5347,2.1817,2.7107,3.5047,3.7987,3.0047,3.5347,6.1517,10.2107,16.4757,19.8287,17.3287,10.5637,6.7107,5.3577,3.8877,2.9467,2.3877,2.2987,3.3287,4.7407,4.0637,3.5047,3.8577,4.1227,4.3877,4.7987,4.5937,3.9167,3.8577,3.5637,2.7407,3.0937,5.3877,7.9757,8.7987,7.2697,4.0637,3.1817,4.8577,6.5347,7.3287,7.7407,6.9757,4.6517,2.9167,3.5047,5.7107,6.2407,5.4467
CO2_TUG_BCT2,2021-10-04,389,False,27,9.9126,10.0886,10.9706,10.7656,10.6766,11.5596,12.8236,14.0296,15.5006,16.2066,16.2946,16.2356,15.9126,16.1476,18.0006,18.8826,18.4416,17.1766,14.5596,12.2946,12.1476,13.2356,13.3826,12.5296,11.0886,10.5006,11.3536,13.1476,13.1766,10.2356,6.2356,4.5006,4.4126,5.2356,6.1766,5.2066,4.0886,3.0296,1.8236,1.0886,0.5596,0.3236,0.2946,0.2656,0.1186,0.3536,1.5006,1.9416,1.5596,1.4706
CO2_TUG_BCT2,2021-10-04,390,False,4,5.5,6.117,5.059,3.47,3.206,4.088,5.647,13,27.029,34.853,36.412,33.853,28.823,21.412,16.764,14.441,14.264,14.823,13.941,10.706,9.353,9.941,9.676,9.5,11.706,12.029,9.647,8.088,8.412,9.676,9.559,8.706,9.353,8.029,5.088,6.059,7.647,8.147,7.117,5.5,6.47,7.647,7.794,6.97,5.588,3.647,2.853,3.912,6.235,7.176
CO2_TUG_BCT2,2021-10-04,409,False,12,2.83222,2.33222,2.92022,5.24422,7.74422,8.18522,7.83222,9.12622,10.9202,12.8612,13.2142,11.4502,9.12622,8.45022,9.50822,11.1552,11.8912,11.8612,10.9202,9.03822,8.12622,8.27322,8.97922,9.68522,9.95022,9.86122,8.92022,6.97922,5.59722,4.77322,4.77322,4.95022,4.92022,4.45022,3.50822,3.15522,4.03822,5.92022,6.89122,7.24422,7.71422,7.80322,6.65522,4.39122,3.92022,5.18522,5.77322,4.92022,3.21422,3.68522
CO2_TUG_BCT2,2021-10-04,435,False,7,5.5,4.529,4.118,4.529,5.647,8.235,16.765,29.735,37.676,42.618,44.353,41.559,35.147,29.559,23.059,17.765,14.971,11.735,8.382,6.618,5.647,6.235,9,11.706,11.853,10.324,9.853,9.971,10.118,10.941,11.882,10.912,9.794,8.735,7.559,7.059,6.853,5.824,4.647,5.853,7.059,7.206,6.441,5.529,4.559,4.294,4.471,4.176,3.5,2.529
CO2_TUG_BCT2,2021-10-04,437,False,6,3.7403,4.6233,5.6823,5.2403,3.5343,3.5053,5.0343,6.1233,11.1823,22.9173,31.0643,29.0933,20.4173,15.9463,13.9763,10.4763,8.8293,8.8293,8.4173,6.7993,4.0643,3.4173,3.7113,2.0343,2.3293,4.9763,5.7113,5.6823,6.2113,7.4173,9.5643,10.8873,10.5343,9.1523,8.4463,8.3583,8.3873,8.4763,7.7703,5.7993,5.7113,6.9763,6.2993,5.7403,6.1523,6.7703,7.0343,6.0643,5.2993,5.6823
CO2_TUG_BCT2,2021-10-04,499,False,19,12.2675,9.15054,5.38554,3.85554,3.73854,4.20854,5.15054,5.85554,7.91454,12.6205,16.1505,15.4445,11.7675,9.70854,9.47354,9.91454,8.29754,4.59154,3.32654,2.82654,1.59154,1.79754,3.35554,3.79754,3.53254,3.73854,4.82654,4.79754,3.38554,2.06154,1.26754,1.94454,2.35554,2.20854,2.50354,3.17954,4.12054,4.32654,3.67954,2.85554,1.70854,0.26754,0.23854,0.35554,0.03254,0.50354,1.88554,2.67954,3.59154,5.94454
CO2_TUG_BCT2,2021-10-04,535,False,13,11.2083,11.5613,12.1793,13.9733,14.6493,14.0613,13.3853,13.8553,18.2963,26.5023,30.2963,30.1493,28.5903,26.4433,26.3263,25.7963,23.0613,20.0023,17.0613,13.2963,12.1493,12.1493,9.88534,9.09034,10.5323,11.6793,11.7673,11.3263,11.0613,10.7963,10.2673,9.47334,7.79634,5.94334,5.41434,5.76734,5.76734,5.32634,5.26734,6.53234,8.41434,8.03234,7.97334,9.17934,9.41434,9.97334,12.9733,14.2083,12.7963,10.8553
CO2_TUG_BCT2,2021-10-04,550,False,29,6.80694,7.27794,8.45394,9.30694,8.89494,7.54294,7.04294,7.18994,7.13094,8.33694,11.1309,12.4249,11.6599,9.80694,9.07194,9.18994,8.89494,8.39494,8.83694,11.0719,11.4839,9.74794,8.54294,7.71894,6.89494,5.74794,4.30694,4.33694,4.92494,5.54294,6.54294,8.45394,10.0429,10.1009,8.98394,7.95394,6.95394,5.51294,4.77794,4.45394,4.13094,5.07194,7.42494,8.65994,7.86594,5.39494,4.83694,5.60094,4.71894,4.36594
CO2_TUG_BCT2,2021-10-04,587,False,14,15.1523,13.3573,10.4753,10.4463,13.1523,14.8873,14.8283,13.2993,15.0053,20.5053,23.2693,23.1523,22.0053,20.0933,18.3873,20.0343,21.5343,22.2103,23.0053,22.2993,20.1223,19.8873,21.6223,22.5343,22.4463,22.2103,22.5053,23.1813,24.1223,24.2993,23.4163,22.2993,22.2103,22.6223,22.1223,21.4463,20.6813,20.0633,20.5053,21.7993,21.7693,20.2103,18.9463,17.9163,16.4463,15.3873,13.8873,11.8283,11.2403,11.3573
CO2_TUG_BCT2,2021-10-04,724,False,15,2.91908,2.97808,3.00708,3.68408,3.88908,3.50708,3.68408,5.53708,8.80108,11.6541,13.2421,11.2131,10.2421,11.3011,10.9191,7.94808,4.68408,3.62508,3.94808,4.21308,4.47808,4.88908,4.65408,3.74208,3.24208,3.03708,3.27208,4.41908,4.86008,4.47808,4.18408,3.68408,2.74208,2.33108,2.74208,3.56608,3.09508,1.27208,0.41908,1.00708,2.44808,3.47808,4.74208,6.30108,6.33108,5.00708,4.41908,5.27208,6.94808,6.33108
CO2_TUG_BCT2,2021-10-04,740,False,17,26.2738,28.9788,30.0378,28.8908,28.8318,28.7148,27.8618,27.7738,29.3618,31.9208,32.7738,31.5088,29.2148,26.8318,23.5378,19.3318,13.7438,11.4208,11.5378,12.0378,12.2738,12.3028,12.4208,13.3908,15.5088,16.6848,15.1848,11.6848,10.3908,11.3318,13.2148,14.0088,14.3618,15.5088,15.9788,15.8318,15.9788,15.4788,14.1558,13.8618,14.2438,13.7738,13.3618,13.3028,13.3318,13.5678,14.0968,14.8318,16.0378,16.8618
CO2_TUG_BCT2,2021-10-04,758,False,15,17.3861,25.8571,29.5921,28.8861,26.5921,25.8861,26.5631,26.2691,25.8571,27.8281,29.6221,29.5631,26.8281,24.0921,21.4451,19.5341,17.7391,16.6811,17.2981,19.1511,20.1511,20.7391,21.6811,22.0631,21.4161,19.9161,18.5921,17.7981,18.5631,19.6511,20.6221,20.5921,19.4751,18.4451,17.3861,15.4751,13.7101,12.2101,10.2101,8.73912,7.21012,5.85712,5.71012,5.88612,5.06312,5.35712,7.09212,7.59212,7.00412,7.00412
CO2_TUG_BCT2,2021-10-04,789,False,7,13.2981,12.7101,13.1221,14.8271,16.3571,18.5921,21.5331,23.7101,25.9451,28.4161,30.8861,30.4451,28.0921,24.9161,23.6801,23.2391,22.3271,21.9161,22.3271,23.3271,24.1221,23.9451,22.1511,21.7391,22.9451,23.0921,21.5331,19.6221,18.6221,18.0331,17.5921,17.3271,17.5041,17.3271,17.1221,17.7981,16.3271,12.0921,9.26912,7.59212,7.09212,8.65112,11.9451,13.5041,13.0041,11.3861,9.06312,5.91612,4.73912,5.00412
CO2_TUG_BCT2,2021-10-04,829,False,15,7.58976,8.53076,9.82576,13.6488,19.6778,22.0898,22.9138,26.1488,29.3548,32.5608,34.8258,34.7668,30.7368,28.0018,26.7368,25.6198,25.5898,26.1488,23.8548,17.3258,11.9728,10.7668,12.0018,13.2668,12.6198,10.1778,7.97276,6.64876,7.61976,6.97276,3.58976,1.53076,1.56076,2.47276,2.88376,2.47276,1.53076,1.17776,2.06076,3.88376,4.35476,3.61976,3.85476,5.20776,5.76676,4.73676,2.85476,2.76676,4.26676,6.61976
CO2_TUG_BCT2,2021-10-04,855,False,9,6.03136,5.29636,5.41336,5.82536,4.76636,5.44336,11.9134,22.5314,29.4724,34.2374,35.5604,32.2964,26.4134,21.6784,15.9434,10.7964,9.14936,9.26636,8.26636,5.47236,3.35436,2.64936,1.88436,0.56036,0.56036,1.97236,3.17836,3.03136,0.56036,-0.11564,1.09036,1.11936,1.00236,1.47236,2.11936,2.61936,2.17836,2.09036,3.20736,4.70736,4.26636,2.03136,1.26636,3.00236,5.91336,6.14936,3.73736,2.09036,1.70736,1.67836
CO2_TUG_BCT2,2021-10-04,899,False,14,2.74206,3.71306,4.44806,5.21306,6.09506,7.53706,8.50706,6.44806,7.09506,11.4781,13.1541,12.2721,11.9781,11.5951,10.2131,8.94806,9.59506,11.7131,11.4781,8.80106,7.41906,7.44806,7.68406,7.41906,7.06606,7.27206,8.41906,8.86006,8.44806,7.97806,7.47806,7.09506,5.88906,3.65406,3.44806,5.41906,6.74206,6.44806,5.53706,5.65406,5.24206,4.59506,5.94806,6.53706,5.83106,5.86006,5.56606,3.06606,2.21306,3.56606
CO2_TUG_BCT2,2021-10-04,913,False,16,6.97336,6.73736,6.70836,6.85536,8.29636,12.7674,18.1794,20.5904,22.0324,24.3264,25.0324,24.0904,22.3554,19.2374,16.7374,16.6204,18.1794,19.3264,19.4144,18.8554,17.5614,14.7084,11.7964,9.91436,7.44336,4.88436,4.09036,4.44336,4.64936,4.44336,3.88436,3.00236,2.03236,2.41436,3.97336,6.23736,6.41436,5.62036,7.26736,8.41436,7.64936,5.79636,5.09036,5.62036,7.09036,8.53236,7.14936,6.00236,5.12036,3.23736
CO2_TUG_BCT2,2021-10-04,974,False,4,3.2454,4.1564,3.1564,1.8624,0.8924,1.2454,3.5394,8.2744,27.2154,67.5684,95.4214,94.7454,77.6564,65.6274,57.7154,53.8924,52.7744,51.8034,51.0684,48.8924,44.3334,39.4804,32.8624,28.0094,27.0984,27.4214,26.3334,26.1864,27.4804,28.2454,28.8034,29.6274,29.3034,28.6564,30.2454,32.7154,35.6564,36.7744,36.0094,34.5684,32.0984,28.9804,29.1864,29.8624,29.3624,27.7454,25.1274,24.3334,25.4804,27.1564
CO2_TUG_BCT2,2021-10-04,989,False,14,1.30458,1.92258,2.51058,3.33458,5.24558,7.62858,9.06958,11.3046,14.9226,17.3046,18.7756,18.3636,16.5696,16.1876,15.4816,14.3636,15.4226,15.5106,13.8046,12.9816,12.3926,10.8046,10.3046,10.6576,10.1576,9.51058,9.04058,9.24558,9.92258,9.95158,10.1286,11.5106,13.5986,14.3346,13.8046,12.2756,10.3636,10.8636,11.8346,12.1876,11.8346,10.6876,8.80458,8.09858,8.45158,8.62858,8.21658,7.51058,7.54058,7.95158
CO2_TUG_BCT2,2021-10-04,1021,False,5,2.74148,0.00648,-0.55252,0.47648,0.71148,0.56448,0.88848,4.35948,15.1825,28.1535,32.0065,29.1235,26.6535,23.3885,17.7115,14.7705,13.4765,11.5945,10.6535,10.5355,10.5355,10.5355,10.6535,11.5945,13.4765,14.3595,14.0065,13.0645,12.6235,12.8005,13.2705,13.5945,14.3295,15.6235,15.3885,13.6535,13.0355,12.6825,10.9475,10.9475,12.6825,13.0065,13.2705,13.6825,12.2705,9.53548,5.68248,3.97648,3.74148,2.97648
CO2_TUG_BCT2,2021-10-04,1044,False,23,4.38376,5.44276,6.85476,8.76676,9.32576,7.79576,5.26676,4.70776,6.91376,10.1198,10.8838,9.56076,8.08976,6.11976,4.47276,3.97276,4.38376,5.23676,5.00176,3.76676,3.91376,5.00176,4.41376,3.08976,2.76676,4.97276,5.32576,3.26676,2.82576,4.32576,5.50176,5.79576,5.58976,5.14876,5.14876,5.44276,4.47276,1.91376,0.23676,-0.26324,0.17876,1.85476,3.00176,3.64876,4.29576,4.79576,4.29576,3.67876,3.38376,3.56076
CO2_TUG_BCT2,2021-10-04,1073,False,7,4.01,4.128,3.393,1.687,1.893,3.893,4.805,6.481,10.687,14.128,14.569,13.305,12.687,11.893,9.863,9.422,10.628,11.01,11.334,13.157,13.805,13.01,12.422,11.422,9.54,8.657,9.01,9.952,10.393,10.216,9.716,9.246,8.569,6.981,4.599,4.069,3.952,3.54,4.01,4.422,4.599,5.481,6.893,6.834,6.04,5.275,5.305,5.716,6.305,7.187
CO2_TUG_BCT2,2021-10-04,1077,False,6,7.47218,7.91318,7.82518,6.67818,4.97218,4.32518,7.76618,16.4132,22.2362,25.4722,25.5312,21.9422,18.1782,18.3832,21.0312,21.0892,20.8542,21.5602,21.1192,19.5312,19.0312,18.9422,18.7362,18.9422,18.9132,18.4132,17.7362,17.0012,16.9132,16.5312,16.3252,17.6782,16.4132,11.8832,9.97218,11.7952,15.3832,17.5312,18.6782,19.0312,18.1482,16.3252,15.8832,16.9422,17.7952,17.4132,16.2662,16.0312,16.1782,16.1192
CO2_TUG_BCT2,2021-10-04,1090,False,5,1.157,2.069,2.569,2.863,3.333,3.863,6.245,11.245,15.863,20.157,20.892,18.833,15.451,13.716,12.804,11.48,11.48,12.804,13.274,11.48,7.686,5.422,3.539,1.01,0.333,1.598,3.01,3.539,3.598,3.48,2.539,0.745,0.539,2.069,3.157,2.774,1.422,0.892,0.804,0.186,0.51,2.333,3.716,2.157,-1.843,-2.549,0.01,1.598,3.01,4.422
CO2_TUG_BCT2,2021-10-04,1091,False,11,5.353,6.617,7.647,9.029,9.353,9.206,10.647,15.617,26.294,35.441,38.294,37.647,33.206,23.529,16.206,13.647,11.558,8.382,6,4.088,4.294,6.294,6.911,6.147,4.941,4.588,3.794,2.029,1.823,3.353,4.529,4.823,4.617,4.117,3.647,3.147,2.882,2.617,2.147,2.029,2.941,4.823,5.764,5.853,5.647,5.411,5.588,5.353,4.676,4.647
CO2_TUG_BCT2,2021-10-04,1100,False,4,16.206,13.441,12.676,13.471,13.912,13.735,13.294,13.382,14.529,16.147,16.559,15.471,13.912,13.882,15.206,15.912,16,15.912,15.147,13.265,11.706,11.853,13.206,13.912,14,13.971,13.706,13,12.147,10.706,8.235,6.441,5.588,6.176,5.853,4.059,3.235,4.059,5.853,6.088,4.853,4.618,5.412,5.5,5.324,6.353,7.706,9.118,9.118,7.794
CO2_TUG_BCT2,2021-10-04,1114,False,2,2.26694,3.23794,3.76694,2.88494,0.32594,-0.82106,0.09094,5.56194,17.8259,27.1499,27.4139,21.5909,16.9729,14.5319,11.8849,9.26694,6.06194,4.26694,4.53194,5.67894,5.76694,4.44394,2.11994,1.32594,1.41394,0.47294,-0.14406,0.00294,0.59094,1.76694,3.61994,4.23794,4.59094,6.29694,6.06194,3.85594,3.38494,3.67894,3.88494,5.03194,7.14994,7.76694,7.00294,5.79694,5.50294,5.17894,4.41394,5.03194,6.61994,6.35594
CO2_TUG_BCT2,2021-10-04,1132,False,8,3.77106,3.74206,3.83006,4.53606,5.94806,6.56606,6.38906,8.50706,15.0361,19.8891,22.8301,21.6241,16.3891,13.3891,13.3301,14.4771,15.4481,15.9771,16.3301,15.2131,11.4771,7.50706,6.12406,5.94806,5.27106,5.06606,5.50706,5.77106,4.62406,1.80106,1.88906,4.03606,3.21306,2.97706,4.68306,5.65406,6.00706,6.44806,6.24206,4.15406,0.74206,0.00706,1.65406,2.44806,2.80106,3.88906,4.03606,4.12406,6.18306,7.03606
CO2_TUG_BCT2,2021-10-04,1172,False,7,2.30224,-1.28576,-1.55076,1.27224,2.50824,3.36124,7.56624,15.2142,23.2722,32.9782,36.8022,35.9782,35.8902,35.1552,30.7432,23.7722,19.4492,16.5962,14.4782,12.4492,11.3612,10.1552,8.50824,8.80224,9.83124,10.8902,11.5372,11.5962,10.9192,10.7722,11.6552,12.8022,13.0662,12.7142,12.7142,11.7432,8.59624,8.00824,10.5962,12.5372,11.7432,9.06624,8.39024,9.86124,10.9782,10.9782,11.2432,13.0962,13.9782,13.3902
CO2_TUG_BCT2,2021-10-04,1187,False,12,6.85358,9.35358,10.2946,9.97158,9.76558,10.0596,11.2356,13.1186,15.7356,19.4716,20.1776,16.6476,12.0006,10.5006,11.4416,12.2946,11.8826,10.5596,10.1776,9.85358,7.94158,6.50058,5.17758,3.53058,2.79458,2.70658,2.58858,1.64758,-0.11742,-0.02842,2.44158,4.76558,5.35358,5.00058,5.03058,5.70658,6.32458,5.91258,4.76558,4.47158,4.14758,3.23558,2.94158,4.29458,6.94158,7.05958,5.35358,5.76558,6.05958,5.26558
CO2_TUG_BCT2,2021-10-04,1192,False,18,3.58858,3.11858,3.11858,5.05958,9.52958,12.7356,12.9716,11.6476,11.1476,12.7066,15.7946,15.7946,12.7066,10.9716,10.0596,8.67758,8.14758,8.05958,7.23558,5.88258,4.17758,3.67758,3.55958,3.20658,3.70658,5.32458,6.38258,5.76558,3.91258,3.02958,3.38258,4.23558,4.11858,3.70658,4.85358,5.55958,5.91258,6.91258,6.17758,3.58858,3.32458,5.26558,5.91258,5.35358,4.38258,4.02958,4.91258,6.76558,7.50058,7.38258
CO2_TUG_BCT2,2021-10-04,1193,False,6,10.3536,6.85358,3.50058,3.55958,6.00058,7.32458,10.3246,18.3826,37.3536,70.4416,88.0006,86.1476,73.1186,60.2656,56.1776,56.7066,54.2946,46.3826,38.5886,33.7066,28.7066,25.5596,24.1186,22.4716,20.5006,18.7656,19.5886,19.7946,19.2356,20.7066,22.2356,23.2356,22.7066,19.0006,13.5596,10.8826,10.1186,10.0006,10.9126,12.7656,13.3246,11.7946,9.35358,9.17758,10.2066,9.05958,8.26558,8.52958,8.38258,8.17758
CO2_TUG_BCT2,2021-10-04,1208,False,5,2.0047,2.0637,3.0637,4.0937,4.4757,3.8287,2.7107,4.5347,10.5637,15.5637,15.7407,12.1517,8.7697,6.9467,5.5347,5.7407,7.2987,7.7697,7.6517,7.5937,7.4167,7.4167,8.1817,8.9167,8.5047,6.2987,6.1227,8.2987,9.3577,8.5637,6.6817,5.5937,4.2987,2.0347,1.5637,2.7987,3.2407,2.6227,1.9167,1.7407,2.4167,3.7697,3.9757,2.8877,2.0937,2.9757,5.1817,5.4467,3.9467,3.4757
CO2_TUG_BCT2,2021-10-04,1213,False,3,2.1807,2.4167,2.2397,2.5047,3.4167,3.8577,3.6807,3.6807,7.2697,15.2397,19.7987,19.5637,17.2697,15.9457,14.6217,12.2397,10.7397,9.4167,7.7987,7.2987,7.7397,8.2987,8.0927,6.2397,5.3577,5.6807,5.9457,6.2107,6.7397,7.3277,7.3577,5.9457,5.1217,5.4747,6.4747,7.4167,8.4457,9.1217,9.4167,9.0637,7.9167,6.0927,5.7987,6.6217,6.4747,6.7397,7.6217,7.3867,6.9747,6.6807
CO2_TUG_BCT2,2021-10-04,1216,False,19,9.383,11.735,14.235,15.412,15.588,15.824,16.206,15.735,14.618,15.883,18.853,18.647,17.794,16.706,14.088,12.471,11.883,11.971,11.706,9.971,10.03,12.235,13.353,13.03,12.147,12,11.706,9.824,8.677,8.294,7.912,8.383,9.618,9.177,7.147,6.5,7.03,7.765,7.765,7.588,7.471,6.735,5.088,4.088,5.059,6.912,6.588,7,9.235,10.324
CO2_TUG_BCT2,2021-10-04,1230,False,11,3.00294,3.26794,2.56194,-0.14406,-0.67406,1.94394,5.26794,10.3259,18.6199,23.8849,26.0319,24.8849,22.1199,17.7379,14.1499,12.5319,11.2969,9.47294,7.06194,6.61994,7.06194,6.88494,5.79694,5.82594,6.97294,6.32594,4.06194,3.53194,3.47294,3.53194,4.82594,4.76794,3.14994,3.23794,4.29694,3.11994,2.09094,1.94394,2.03194,2.73794,4.00294,3.56194,1.53194,0.70894,0.00294,-0.67406,0.82594,2.59094,4.03194,3.91494
CO2_TUG_BCT2,2021-10-04,1231,False,21,5.79576,7.53076,8.61976,10.0018,10.3548,10.4428,11.7368,11.8548,11.5018,13.2668,13.6198,11.8838,10.6488,9.58976,8.38376,7.53076,6.06076,3.94276,2.97276,2.97276,3.97276,6.32576,8.14876,8.23676,7.11976,6.26676,6.67876,7.94276,7.76676,6.44276,6.47276,6.88376,6.00176,3.56076,3.35476,5.44276,5.91376,4.64876,3.85476,3.14876,2.44276,3.14876,3.76676,3.82576,3.58976,3.11976,2.79576,2.11976,1.17876,1.44276
CO2_TUG_BCT2,2021-10-04,1257,False,12,2.32282,3.23482,5.41082,9.05782,11.6758,13.9698,17.3228,26.8518,41.1168,50.4988,57.0578,56.9108,47.1758,34.4408,27.1468,22.9988,22.3228,22.9988,23.4698,22.9698,21.3518,20.1468,19.4408,17.7638,15.1468,13.7048,12.9988,12.1758,11.6758,12.8518,13.6468,13.2938,12.2938,11.3518,10.4408,10.6468,11.7638,11.9408,11.4108,11.1468,12.1468,13.2638,14.2048,14.1168,13.9408,15.5878,16.6468,16.5578,15.9408,14.5288
CO2_TUG_BCT2,2021-10-04,1258,False,19,10.1468,7.41082,6.05782,6.35182,7.32282,7.91082,7.49882,5.99882,6.35182,9.29382,11.7348,11.4408,9.41082,8.67582,8.52882,8.02882,7.35182,6.61682,6.61682,6.79382,6.82282,6.76382,6.29382,5.32282,4.70482,4.88182,5.96982,5.82282,3.55782,1.05782,0.73482,1.96982,2.32282,2.41082,3.76382,4.17582,3.41082,3.52882,5.35182,7.58782,7.61682,5.61682,4.14682,3.32282,2.46982,2.85182,3.96982,3.55782,3.35182,3.49882
CO2_TUG_BCT2,2021-10-04,1274,False,8,1.50824,0.59624,0.62624,1.74324,2.92024,5.09624,9.53724,17.6842,36.9792,59.5372,68.3612,66.6262,61.3022,55.8612,49.1262,43.1842,35.2732,28.1842,27.0672,29.3612,29.5962,29.0962,29.0082,28.7142,26.3612,21.6842,19.4492,18.6842,17.0962,16.6552,17.3612,16.9792,15.8612,16.3322,16.8022,15.9492,13.9202,11.8022,9.36124,8.30224,7.68424,6.09624,5.71424,7.00824,8.42024,8.94924,8.80224,7.24324,4.65524,4.36124
CO2_TUG_BCT2,2021-10-04,1275,False,7,9.00294,10.7389,10.6799,8.44394,6.64994,6.97394,9.97394,15.8559,32.6499,62.6499,74.5619,66.7969,54.9739,47.5029,39.6499,32.0619,28.7089,27.2089,24.8559,21.0329,19.0619,18.1499,16.9739,16.4439,14.2389,9.50294,6.70894,5.70894,5.79694,6.73894,8.64994,10.3269,11.1209,11.8559,13.7389,17.0619,18.5619,17.5029,14.4439,11.8859,11.2679,11.5029,10.5619,8.23894,6.94394,5.91494,4.50294,4.50294,4.85594,4.94394
CO2_TUG_BCT2,2021-10-04,1348,False,13,0.1817,0.3877,0.7987,0.6227,0.1817,0.6817,1.5047,3.4467,6.6227,9.0047,10.9467,10.9467,9.1817,8.1517,7.4757,7.2407,8.7987,9.1817,7.9757,7.7407,8.5937,8.9757,8.3287,6.9167,6.2107,6.1227,6.2987,7.4467,8.1517,5.3877,3.9467,4.8577,5.6227,4.5047,1.8287,1.2987,2.5347,2.6517,3.0937,3.7407,2.4167,2.0637,3.3287,3.9467,3.3287,2.0347,2.2697,4.0047,4.4167,3.1227
CO2_TUG_BCT2,2021-10-04,1365,False,15,1.41512,1.91512,2.35612,4.06212,7.59212,9.73912,10.4151,10.8561,10.7091,10.5041,11.1511,9.53312,5.62112,4.76812,5.88612,7.32712,7.59212,6.97412,7.00412,7.38612,7.65112,7.50412,8.00412,9.26812,9.09212,7.76812,7.70912,7.56212,6.44512,5.47412,4.94512,4.38612,3.79812,3.76812,5.15112,5.65112,4.12112,1.62112,1.12112,2.26812,2.09212,0.76812,0.70912,0.59212,-0.20188,0.00412,1.12112,1.41512,1.73912,2.65112
CO2_TUG_BCT2,2021-10-04,1663,False,6,3.03136,4.62036,5.64936,4.79636,2.53136,1.88436,3.14936,4.82536,7.35536,10.7084,10.8844,9.73736,8.79636,9.14936,10.0314,9.12036,8.53136,8.88436,9.17836,9.67836,10.4734,9.73736,7.20836,5.38436,3.59036,0.79636,-0.11564,0.88436,1.79636,1.97336,2.47336,4.06136,4.50236,3.62036,2.73736,2.20836,2.53136,1.85536,0.26736,0.53136,1.32536,1.85536,2.06136,3.26736,6.14936,6.32536,3.47336,1.56136,0.91436,0.56136
CO2_TUG_BCT2,2021-10-04,1671,False,7,3.67718,4.53018,4.29518,3.03018,3.61918,9.64818,20.3242,29.8542,41.5012,50.0012,51.0302,47.9132,45.5302,43.6772,42.5012,42.4132,44.2662,47.8542,48.3242,45.3832,41.1482,35.3242,32.3242,30.6482,28.5302,28.6772,30.3832,32.8542,33.9722,32.2362,27.6192,24.1192,21.3832,19.5602,18.4722,18.6772,18.8832,18.9422,19.6192,19.8242,19.5012,20.0012,21.6192,22.8832,23.7072,23.5012,20.8242,18.5602,16.7662,14.6192
CO2_TUG_BCT2,2021-10-04,1689,False,10,5.58918,5.11818,4.32418,9.38318,27.1772,48.8542,58.3242,61.2662,64.3832,66.2952,67.1482,65.0602,57.3542,47.6482,39.4712,29.3832,22.6482,19.7662,17.3242,16.6182,17.4132,17.7952,17.1182,15.4712,14.2362,13.4422,12.4712,11.9132,11.1482,9.73618,9.08918,9.47118,10.2952,9.82418,8.03018,7.44218,8.73618,10.7662,10.9712,9.20718,7.61818,7.53018,8.47118,9.23618,8.82418,6.50118,5.41318,5.94218,6.70718,7.44218
CO2_TUG_BCT2,2021-10-04,1700,False,11,3.06312,3.09212,3.15112,3.59212,3.88612,4.38612,5.59212,8.32812,13.7981,18.1511,18.6511,16.8861,15.5631,13.7981,11.1221,9.15112,7.12212,5.62212,6.23912,8.50412,9.38612,8.59212,7.44512,7.18112,7.59212,7.68112,6.53312,4.32812,4.35712,6.79812,8.35712,7.94512,5.85712,3.85712,4.00412,5.76912,6.41612,5.59212,4.47512,4.44512,5.32812,5.79812,5.85712,5.82812,5.56312,4.85712,4.12212,3.50412,2.06312,0.06312
CO2_TUG_BCT2,2021-10-04,1773,False,12,3.74422,5.39122,7.47922,9.95022,13.8022,16.7142,19.9792,25.6852,32.0082,39.6262,42.6552,40.3612,32.8022,24.0972,20.5382,20.3612,22.2442,26.0082,27.7442,26.8912,25.2442,25.2732,24.1852,20.7442,17.0972,12.1852,8.33222,6.47922,5.18522,4.89122,4.56722,3.62622,2.86122,1.86122,0.71422,0.53822,1.65522,3.39122,4.83222,6.21422,6.12622,5.50822,6.95022,8.21422,8.59722,8.27322,7.36122,6.09722,6.92022,10.5972
CO2_TUG_BCT2,2021-10-04,1799,False,3,2.9416,3.6476,2.9706,2.5886,2.9706,3.3236,4.2946,6.5006,10.0596,15.5886,18.3536,16.4706,11.0886,7.4116,7.1176,8.3236,8.0596,6.0296,4.6476,4.5886,5.5006,6.6766,7.1766,7.2946,7.6766,7.9116,6.9416,6.1176,6.0296,6.6766,6.6476,5.6766,4.5886,3.8236,4.6176,5.9116,7.1766,7.3536,6.7356,5.6766,4.6176,4.0886,5.1766,5.4416,5.0886,6.2066,6.5886,5.7646,5.3236,5.5006
CO2_TUG_BCT2,2021-10-04,1810,False,9,3.53136,3.44336,3.06136,2.85536,4.56136,6.11936,7.09036,6.82536,6.64936,9.06136,10.9134,10.8844,8.91336,7.09036,5.59036,5.26636,5.41336,4.70836,5.94336,9.44336,9.85536,6.79636,4.38436,3.41336,3.59036,5.53136,7.11936,8.17836,8.47236,8.53136,9.06136,8.14936,5.85536,5.26636,4.76636,4.11936,5.44336,5.79636,4.44336,3.03136,1.53136,0.79636,0.47236,0.00236,-0.11564,0.79636,2.67836,3.59036,3.47236,2.97236
CO2_TUG_BCT2,2021-10-04,1830,False,20,11.647,7.588,4.529,3.853,5.647,9.735,14.205,19.823,24.147,28.47,31.353,30.676,26.529,22.176,19.647,17.5,16.029,15.911,17.941,18.558,17.176,15.294,12.853,11.588,10.882,10.647,12.264,13.117,12.853,12.911,12.411,10.029,8.264,6.205,3.294,3.029,5.205,6.323,6,5.088,4.647,3.411,0.529,0.323,2.853,3.47,1.529,-0.442,-0.059,2.205
CO2_TUG_BCT2,2021-10-04,1835,False,10,2.17758,4.38358,7.55958,10.9716,15.8536,19.5306,20.1776,20.2946,22.4126,23.7366,23.7656,22.4716,19.1776,16.1186,14.9416,14.1186,12.7366,12.2656,12.7066,13.2366,12.7946,10.5596,10.0886,11.3246,11.3536,11.2366,11.5886,11.2656,9.64758,7.73658,6.76558,6.44158,6.67758,6.88358,6.82458,6.00058,3.64758,1.14758,0.79458,1.85358,2.11858,2.20658,2.67758,3.35358,5.50058,8.97158,10.0886,8.64758,6.70658,5.47158
CO2_TUG_BCT2,2021-10-04,1858,False,6,6.06076,6.76676,6.67776,6.64876,6.64876,6.64876,7.00176,9.94276,16.5308,21.1778,22.0018,20.8838,18.0898,13.5608,11.7078,11.9138,12.6488,13.1778,12.1198,10.0308,9.97276,10.0308,9.03076,7.44276,5.50176,5.11976,4.26676,2.17776,2.58976,5.26676,5.94276,5.41376,4.64876,3.91376,3.41376,3.06076,3.94276,5.79576,5.97276,5.20776,4.44276,4.50176,5.14876,6.06076,6.08976,5.44276,5.41376,5.35476,4.91376,4.73676
CO2_TUG_BCT2,2021-10-04,1859,False,15,2.83752,1.48452,1.24952,2.10252,2.60252,2.89652,3.30752,3.39652,5.07252,9.71952,11.6905,10.3665,8.63152,9.04352,11.1905,11.4255,9.69052,8.57252,7.24952,6.07252,7.89652,8.89652,8.07252,7.04352,6.74952,8.30752,8.63152,6.89652,5.27852,4.95552,5.42552,6.07252,6.57252,6.04352,5.19052,4.42552,4.54352,5.66052,7.51352,7.92552,6.63152,5.33752,5.74952,7.48452,7.74952,6.69052,6.33752,5.63152,4.48452,4.89652
CO2_TUG_BCT2,2021-10-04,1887,False,6,5.69072,3.95572,4.13172,5.89672,6.16172,6.24972,8.07372,11.2787,13.8967,16.3377,16.6317,13.9557,10.4257,8.95572,9.01472,9.45572,9.45572,8.89672,7.89672,7.39672,9.22072,10.0437,9.27872,8.77872,8.48472,8.04372,8.04372,8.48472,8.60272,7.66172,5.54372,4.24972,4.80872,6.42572,6.89672,6.77872,6.63172,5.69072,3.80872,2.83772,2.48472,2.19072,3.24972,5.10272,4.66172,4.07372,3.95572,3.36772,3.86772,5.66172
CO2_TUG_BCT2,2021-10-04,1888,False,15,17.6215,16.9155,17.4155,16.6215,15.2975,13.8855,14.2385,18.3855,24.8565,28.6505,30.4155,30.2095,28.2095,24.7685,22.2685,19.4745,16.5035,15.9745,17.4745,18.7975,20.2975,22.5625,22.5625,18.9445,14.0625,10.6505,7.59152,6.15052,5.73852,5.29752,5.29752,5.73852,5.97452,6.00352,5.88552,5.00352,3.59152,3.65052,4.44452,5.20952,5.20952,5.03252,5.06252,5.38552,5.15052,3.26852,2.29752,3.32752,5.73852,7.38552
CO2_TUG_BCT2,2021-10-04,1935,False,4,2.79458,2.58858,2.14758,2.11858,2.32458,2.23558,3.20658,6.97158,19.9416,45.2656,60.4416,58.8826,46.4416,34.9716,29.6776,26.3246,23.6776,19.2656,13.5006,10.0886,7.88258,6.67758,5.85358,5.05958,4.23558,3.97158,5.50058,5.64758,3.91258,3.11858,4.17758,6.38258,6.35358,3.91258,2.32458,2.38258,3.05958,3.08858,3.14758,3.55958,3.64758,3.91258,5.02958,5.23558,4.38258,3.97158,4.38258,5.26558,5.23558,4.11858
CO2_TUG_BCT2,2021-10-04,1992,False,9,5.1176,7.7066,8.0006,6.2946,6.0596,6.4126,6.7066,7.1476,7.3536,8.5596,11.4126,11.3826,8.3536,7.0296,6.5886,4.9126,5.4416,8.4706,9.1176,6.9706,5.0296,4.1176,4.2946,6.2066,7.4416,7.1176,5.6476,6.1476,8.8236,9.9126,8.9126,7.2946,6.7946,7.1476,7.2356,7.5006,8.5296,8.0886,6.2946,6.0596,6.3826,6.4706,6.7356,7.4416,8.1766,8.7066,9.4416,9.9416,8.5596,5.4126
CO2_TUG_BCT2,2021-10-04,2067,False,24,3.26734,4.17934,4.06134,3.65034,3.94434,5.32634,6.82634,8.06134,9.59134,10.7383,11.5323,11.4443,10.4143,7.79734,4.82634,4.26734,5.47334,5.73834,5.12034,5.15034,5.38534,4.47334,2.06134,2.09134,4.79734,6.50234,6.20834,3.97334,3.59134,5.53234,7.00234,7.82634,8.65034,8.09134,6.97334,8.09134,8.62034,7.59134,6.47334,4.76734,1.94434,0.88534,2.12034,4.23834,5.12034,4.53234,3.20834,3.20834,4.38534,4.00234
CO2_TUG_BCT2,2021-10-04,2129,False,12,4.20658,2.91258,3.67758,5.55958,6.53058,6.88358,7.58958,9.70658,13.6186,16.2656,16.9716,14.8246,11.5596,8.32458,8.41258,8.14758,5.88358,4.29458,3.67758,4.08958,4.14758,4.20658,5.58958,6.23658,5.79458,4.94258,4.20658,4.70658,3.79458,1.53058,1.76558,2.50058,2.64758,2.79458,2.55958,1.35358,0.55958,0.94258,2.58958,3.41258,2.82458,1.50058,1.50058,2.76558,3.05958,2.67758,3.14758,3.55958,3.67758,4.29458
CO2_TUG_BCT2,2021-10-04,2143,False,11,3.21716,5.12916,7.15816,7.24716,5.92316,5.30516,5.92316,7.33516,8.18816,9.45316,11.6292,11.3942,8.65816,6.95316,7.24716,9.39416,9.15816,6.51116,5.71716,5.27616,3.95316,3.65816,5.45316,8.36416,8.57016,5.92316,3.92316,4.24716,5.92316,5.83516,4.77616,5.86416,6.30516,5.98216,7.15816,8.01116,8.04116,7.42316,6.71716,7.42316,8.10016,8.65816,9.54116,9.54116,8.51116,6.92316,4.98216,4.83516,5.83516,7.07016
CO2_TUG_BCT2,2021-10-04,2173,False,5,1.30694,0.33694,0.63094,1.42494,1.95394,1.95394,5.30694,13.3069,21.2189,29.4539,32.1009,30.5129,27.6009,26.1309,25.4839,24.4539,23.1309,20.4839,17.3369,15.2479,12.7479,10.1599,9.13094,9.15994,10.1599,11.1009,9.33694,7.21894,5.86594,6.30694,6.65994,6.39494,6.89494,7.10094,4.77794,3.51294,4.01294,4.74794,5.24794,5.68894,5.42494,4.27794,3.27794,2.63094,2.60094,3.95394,4.36594,3.45394,2.30694,1.07194
CO2_TUG_BCT2,2021-10-04,2175,False,17,5.794,6.059,5.941,6.559,7.47,6.47,5.176,4.382,5.97,9.676,10.764,9.853,8.382,7.676,7.588,7.5,6.823,5.647,5.235,4.117,2.5,3.412,4.176,3.941,4.264,4.47,2.941,2.706,3.735,3.382,3.735,5.5,6.117,5.059,3.412,2.794,3.647,5.382,5.147,3.029,2.647,3.206,1.794,0.764,0.853,1.353,1.823,2.235,1.882,1.441
CO2_TUG_BCT2,2021-10-04,2186,False,4,5.85536,6.00236,5.59036,3.97236,1.20736,0.94336,5.70736,14.9434,29.6784,48.4724,49.4134,41.9434,33.6194,28.4134,23.4724,17.9134,14.5604,12.6494,12.8254,12.9134,11.8554,9.70736,6.11936,4.09036,4.20736,4.41336,2.82536,2.20736,3.11936,4.56036,6.73736,8.17836,8.67836,8.47236,7.32536,6.88436,7.03136,5.47236,2.44336,2.09036,3.56036,6.00236,7.64936,6.35536,2.70736,1.38436,2.79636,4.82536,6.53136,7.09036
CO2_TUG_BCT2,2021-10-04,2203,False,9,3.26676,4.17876,4.06076,3.59076,3.32576,3.06076,3.11976,7.47276,18.7378,28.5018,30.5018,25.6788,17.9138,12.6198,8.44376,6.64976,7.11976,8.41376,8.06076,5.32576,2.50176,1.44376,1.41376,2.00176,2.47276,1.35476,0.91376,1.26676,0.79676,0.38476,0.41376,1.03176,1.73776,0.97276,0.00176,-0.08624,1.38476,2.73776,3.85476,4.70776,5.00176,4.06076,3.41376,3.32576,3.35476,3.59076,4.14976,4.97276,5.47276,4.26676
CO2_TUG_BCT2,2021-10-04,2212,False,8,-0.25872,0.79928,2.29928,3.56428,3.18228,3.29928,4.82928,7.65228,14.7993,23.8293,26.6233,24.5643,21.8583,17.9463,14.5643,12.7703,11.4763,11.0933,10.0643,7.65228,5.77028,4.21128,3.47628,3.18228,2.94628,3.18228,3.38828,3.62328,5.00528,6.18228,3.59328,1.77028,2.21128,3.68228,4.85828,5.82928,5.77028,4.41728,3.06428,3.00528,3.88828,4.35828,4.41728,4.32928,3.77028,3.53528,5.12328,5.74128,4.94628,4.50528
CO2_TUG_BCT2,2021-10-04,2225,False,27,6.14916,4.97216,4.82516,4.67816,3.91316,4.85416,10.2662,13.4132,13.8842,14.2662,14.5012,13.6192,13.4132,14.0312,13.8842,12.5312,10.2072,9.59016,11.0902,12.8842,12.9132,11.3542,10.1192,9.32516,8.38416,8.11916,8.29616,7.85416,6.17816,4.26616,5.26616,5.06016,2.59016,2.56016,4.97216,5.85416,5.20716,3.29616,1.03116,0.73716,2.11916,3.41316,3.97216,2.79616,2.00116,2.35416,3.38416,4.56016,5.94316,5.88416
CO2_TUG_BCT2,2021-10-04,2240,False,6,6.88258,7.97158,8.23558,6.64758,3.47158,2.88258,5.50058,9.11858,16.4416,28.5596,32.7356,26.7066,14.3246,7.79458,6.55958,7.02958,7.55958,8.55958,10.4416,11.3826,11.3536,10.2066,8.08858,7.38258,7.44158,7.23558,6.50058,4.14758,0.00058,-1.08742,1.23558,3.67658,4.94158,4.32458,0.91258,-0.17542,1.26558,1.05958,0.47158,3.29458,5.26558,5.76558,6.11858,5.41258,3.55958,2.70658,3.29458,4.55958,4.26558,3.41258
CO2_TUG_BCT2,2021-10-04,2247,False,9,5.0596,4.5596,3.4416,5.7066,15.4416,34.5596,56.4126,87.8536,111.295,119.177,120.089,117.001,114.795,113.707,109.06,90.6766,61.7656,43.3236,31.1476,25.8826,22.8536,17.5296,13.5296,10.3826,8.8536,7.7356,6.0006,6.0596,6.8826,5.2356,3.9706,3.7946,3.7656,3.5296,3.0886,3.1766,4.3236,5.9706,6.6476,6.2656,5.4126,5.6476,6.9126,7.0296,6.6476,7.6766,7.3536,5.1186,3.9706,4.0596
CO2_TUG_BCT2,2021-10-04,2262,False,9,2.59154,2.35654,4.09154,4.97454,4.73854,4.73854,6.41554,9.41554,13.8565,16.6215,17.8265,17.5035,16.2685,13.6215,10.5915,9.56254,9.82654,9.62154,8.94454,8.94454,9.06254,8.62154,7.73854,7.73854,8.44454,7.67954,6.32654,7.59154,7.53254,4.41554,1.50354,1.59154,3.88554,5.56254,6.88554,7.85654,8.44454,9.41554,10.3565,8.97454,5.32654,3.97454,5.15054,6.56254,7.06254,6.88554,6.38554,5.91554,5.50354,5.85654
CO2_TUG_BCT2,2021-10-04,2264,False,11,4.82988,5.62388,7.32988,10.3889,15.5949,21.5649,31.0359,39.4769,42.2709,42.3589,42.4479,41.4769,38.9769,36.0649,30.3299,22.3299,16.7119,14.7419,14.2709,15.4479,18.2119,19.4179,19.3589,19.5949,19.7709,19.5649,18.9769,17.8009,15.8889,14.9769,15.0949,15.5059,15.1539,13.3009,11.1829,12.0649,15.5059,15.8299,13.4769,13.1539,13.0059,12.1539,12.3889,12.7709,12.8299,12.8009,12.5649,12.0949,11.8299,11.5649
CO2_TUG_BCT2,2021-10-04,2265,False,8,6.08976,6.47276,6.17776,5.50176,4.38376,2.91376,1.91376,4.08976,9.56076,17.9728,21.6198,20.9728,18.8838,16.6198,14.3838,14.2958,14.0608,12.2668,10.6778,10.5898,11.4138,11.4728,11.0608,11.5018,11.6488,11.0018,10.3548,10.5608,11.5308,12.4428,13.2078,13.2368,13.3548,14.2668,15.2668,14.3548,11.6778,10.9728,12.2078,13.1198,14.6778,16.5608,15.3258,13.6488,12.4428,11.3838,10.8548,11.9728,12.3258,11.2668
CO2_TUG_BCT2,2021-10-04,2266,False,13,9.0886,9.1476,9.6176,10.7066,12.4706,15.8236,19.1476,22.6176,29.0886,35.2946,36.5006,34.4126,33.0596,31.5006,28.4416,25.1476,21.2066,19.3236,19.0886,19.1176,19.4126,20.3536,21.4416,21.3536,20.9416,22.1176,22.9706,23.0006,22.3536,21.4126,21.4706,20.3826,17.1476,14.8236,14.4126,14.7646,14.5296,13.6176,13.2946,14.3826,16.5006,17.2066,17.1176,17.1176,17.3536,17.8236,17.8826,16.5006,13.8236,13.5296
CO2_TUG_BCT2,2021-10-04,2269,False,24,16.2681,16.0631,16.4151,16.0921,14.4741,12.4741,11.0331,11.1801,14.5331,17.0041,17.9451,16.1801,11.0631,7.03312,5.65112,5.53312,6.23912,6.68012,6.82712,7.53312,8.94512,9.50412,8.32712,5.26812,2.68012,1.82712,1.71012,1.44512,0.73912,0.12112,0.53312,1.68012,1.88612,1.50412,1.12112,1.79812,3.41512,3.85712,3.50412,3.00412,2.73912,2.47412,2.00412,1.73912,1.47412,1.06312,1.18012,1.15112,-0.20188,-0.61388
CO2_TUG_BCT2,2021-10-04,2290,False,9,5.35478,5.26578,4.06078,2.79578,2.61878,3.23678,4.79578,10.6778,25.7958,41.5018,44.7368,35.5608,22.4428,13.6778,6.38378,2.76578,2.58978,4.44278,5.17778,3.67778,1.29578,1.73678,4.79578,5.70778,4.26578,3.17778,3.56078,5.00178,6.00178,5.61878,3.29578,2.08978,1.67778,0.61878,0.88378,2.67778,3.67778,4.26578,5.20778,5.64878,5.47178,5.08978,5.56078,6.88378,7.23678,7.32478,8.53078,7.82478,5.11878,4.56078
CO2_TUG_BCT2,2021-10-04,2291,False,14,4.35654,1.82654,0.56254,1.26854,1.79754,2.32654,3.26854,4.15054,7.50354,14.1215,17.5325,17.4735,15.7685,14.3855,13.1795,11.5325,9.12154,7.97354,8.15054,9.32654,10.7685,9.85654,6.67954,5.32654,6.06254,7.20954,7.29754,5.47354,2.56254,2.29754,4.32654,4.38554,2.65054,2.35654,2.32654,2.38554,3.76854,4.41554,4.17954,4.79754,5.94454,5.59154,5.76854,6.15054,4.38554,4.03254,5.67954,6.17954,5.59154,5.56254
CO2_TUG_BCT2,2021-10-04,2296,False,11,3.26676,2.47176,3.03076,4.14876,3.08976,3.00176,4.91376,9.32476,28.7368,62.9138,77.5608,72.0898,60.4718,49.2368,35.2368,23.1198,10.0898,2.61976,1.35476,1.47176,0.58976,0.41376,1.20776,1.26676,0.85476,1.44276,2.67776,3.67776,2.82476,2.70776,3.79576,2.88376,-0.08624,-1.23324,-0.88024,0.32476,1.91376,2.17776,1.47176,2.17776,4.47176,5.38376,3.56076,0.50176,0.76676,1.91376,2.56076,2.94276,2.73676,1.64876
CO2_TUG_BCT2,2021-10-04,2298,False,27,13.8826,15.1186,15.3536,13.5296,9.70658,7.61858,8.55958,12.3536,14.6476,15.4126,15.6766,14.5296,11.3536,8.85358,7.23558,7.05958,6.00058,3.29458,2.44158,3.91258,5.73558,6.14758,6.23558,7.55958,7.73558,6.41258,5.52958,5.44158,6.00058,5.20658,2.44158,0.35358,-0.02842,0.44158,1.14758,2.11858,2.61858,2.94158,3.64758,4.23558,3.55958,1.67658,0.61858,0.97158,2.64758,3.76558,4.11858,3.82358,3.14758,2.08858
CO2_TUG_BCT2,2021-10-04,2299,False,12,-0.99882,0.05918,1.82418,3.76518,4.17718,2.88318,1.58918,2.29518,6.47118,12.0892,14.3242,13.8832,11.5012,7.00118,4.47118,4.32418,4.38318,3.67718,4.20718,4.70718,4.17718,3.47118,4.17718,4.82418,5.14818,5.50118,4.79518,3.00118,2.47118,2.82418,2.35418,1.97118,2.14818,2.73618,3.91218,5.82418,6.79518,7.14818,7.53018,7.00118,5.14818,3.58918,3.73618,5.03018,5.17718,3.61818,1.91218,2.47118,4.50118,4.50118
CO2_TUG_BCT2,2021-10-04,2300,False,15,3.11936,3.47236,2.35536,1.44336,4.64936,8.00236,10.8844,12.5314,12.9144,12.9724,13.0614,12.3554,10.2964,9.59036,10.1494,10.1784,10.2374,10.5904,10.1194,8.73736,8.17836,9.17836,10.8254,10.5314,9.50236,8.50236,8.23736,8.41436,8.26736,8.73736,9.88436,10.0614,9.44336,8.56136,8.79636,10.1494,10.7374,9.85536,7.73736,6.38436,6.50236,7.26736,6.59036,4.53136,3.85536,4.26736,5.47236,6.97236,6.53136,4.17836
CO2_TUG_BCT2,2021-10-04,2302,False,13,4.41512,5.62112,5.68012,4.12112,1.44512,1.62112,5.68012,10.5041,16.9451,27.7091,34.1211,30.7091,20.5621,15.6211,14.0331,10.5921,7.59212,5.00412,3.85612,3.94512,4.38612,4.50412,5.00412,6.53312,6.41512,4.09212,2.91512,4.44512,5.62112,6.23912,5.76812,2.70912,0.88612,0.41512,0.06212,0.76812,2.68012,4.06212,4.88612,4.76812,3.73912,2.53312,2.97412,3.32712,3.06212,3.73912,5.35612,5.73912,4.97412,4.00412
CO2_TUG_BCT2,2021-10-04,2316,False,6,5.049,4.608,1.873,0.314,0.373,1.843,5.696,17.079,32.608,39.49,40.138,38.432,33.255,26.99,23.285,20.638,19.432,19.049,18.696,19.079,18.343,14.079,11.343,10.314,9.638,9.608,9.99,9.785,9.108,9.138,9.373,8.461,5.843,4.226,3.579,3.461,4.373,6.226,6.873,6.049,5.049,5.961,8.667,9.608,8.843,8.343,8.138,8.373,9.638,11.02
CO2_TUG_BCT2,2021-10-04,2321,False,12,0.01,0.304,-0.755,-0.49,2.686,6.481,8.245,9.098,10.922,13.775,14.422,13.569,11.628,9.216,7.745,6.716,6.363,6.01,5.775,7.628,8.451,7.686,7.422,9.01,12.128,12.333,9.481,7.451,6.01,4.804,6.01,7.275,7.951,8.598,9.098,8.569,7.657,6.422,5.598,6.245,7.951,7.716,5.481,4.304,4.304,5.481,7.863,9.275,9.804,9.481
CO2_TUG_BCT2,2021-10-04,2346,False,9,0.35594,0.47394,1.17894,2.56194,2.73794,3.79694,6.67894,9.17894,12.4149,15.7679,17.3559,17.0319,14.6209,12.7969,11.6499,10.7379,8.56194,4.97394,2.85594,1.94394,2.06194,3.17894,4.94394,4.82594,3.53194,4.14994,4.29694,3.47394,3.70894,4.09094,4.17894,4.26794,3.56194,1.44394,0.41494,1.20894,3.09094,4.03194,4.09094,3.62094,2.67894,2.23794,2.38494,2.62094,2.50294,3.23794,5.20894,6.94394,7.76794,6.50294
CO2_TUG_BCT2,2021-10-04,2347,False,7,4.09212,5.20912,6.82712,7.50412,8.53312,11.3561,14.6211,19.0621,24.8271,32.1211,33.8271,30.0331,22.8561,18.3271,15.0921,10.2681,7.38612,5.68012,4.29812,3.97412,4.15112,3.94512,3.97412,4.41512,4.56212,3.88612,2.56212,2.56212,3.91512,4.88612,5.68012,6.18012,5.00412,3.38612,4.94512,5.68012,4.35612,2.85612,2.06212,3.44512,4.26812,3.94512,3.65112,3.15112,2.12112,1.00412,0.00412,0.38612,1.88612,3.82712
CO2_TUG_BCT2,2021-10-04,2355,False,6,1.41436,-0.11564,-0.76264,-0.38064,0.64936,1.97236,4.61936,7.79636,10.0024,11.9724,12.3254,10.5614,8.23736,7.47236,7.82536,8.14936,8.88436,10.1784,9.85536,7.35536,5.03136,4.29636,3.50236,1.38436,0.23736,0.20836,1.17836,3.29636,4.70836,4.97236,4.29636,2.82536,1.64936,0.73736,1.17836,2.76636,3.20836,2.91436,2.88436,3.53136,3.50236,2.56136,1.76636,1.94336,3.82536,4.88436,4.56136,3.61936,3.14936,3.00236
CO2_TUG_BCT2,2021-10-04,2366,False,14,11.2131,13.4191,16.3311,18.3901,18.5371,17.6251,16.9191,16.3901,16.3601,17.7721,19.4191,17.4781,13.6841,8.62506,5.15406,2.97806,2.89006,4.33106,6.27206,6.59606,6.97806,8.15406,7.44906,4.71306,3.30106,3.12506,3.12506,3.12506,3.12506,3.12506,3.15406,3.39006,3.80106,3.50706,2.12506,0.71306,0.18406,0.30106,1.59606,3.47806,3.03706,2.47806,2.59606,2.50706,3.47806,5.71306,6.00706,3.33106,0.00706,0.15406
CO2_TUG_BCT2,2021-10-05,0,False,5,3.12644,2.65644,2.33244,2.97944,4.27344,4.03844,2.59744,5.45044,18.7444,36.7444,41.8034,35.2444,28.4504,24.5674,20.8614,17.9204,15.8324,16.1264,15.4204,12.2444,9.86144,8.97944,8.42044,7.95044,7.45044,7.27344,7.56744,7.33244,5.39144,3.80344,2.77344,2.83244,4.18544,5.53844,5.42044,3.12644,0.06744,0.47944,3.95044,4.86144,2.97944,1.56744,1.21444,1.18544,1.18544,1.18544,1.21444,1.42044,1.65644,1.50944
CO2_TUG_BCT2,2021-10-05,1,False,12,4.2409,3.0349,3.5639,4.5939,5.3879,5.4759,6.0059,7.6529,10.4469,14.5349,16.0639,15.0349,12.1819,9.2699,7.5059,5.9759,5.2109,4.6529,3.8879,4.7699,7.0639,7.5059,6.9759,6.5349,6.8289,6.7999,4.7409,3.8579,4.3879,4.4469,4.6819,5.1229,4.7699,5.2999,7.0349,7.3289,6.5059,6.6819,6.5939,5.6819,4.9759,4.4469,4.1819,3.8289,2.6529,0.9759,0.0059,-0.4651,0.0639,1.9169
CO2_TUG_BCT2,2021-10-05,18,False,22,3.59448,3.59448,3.12448,2.18248,1.85948,2.97748,5.32948,6.82948,9.56548,14.6825,16.5355,13.8005,9.03548,6.35948,4.91848,4.15348,5.27148,7.85948,7.62448,4.50648,3.06548,4.30048,5.94748,4.41848,3.91848,5.56548,6.21248,5.38848,4.30048,4.53548,6.12448,7.18248,6.56548,4.74148,4.03548,4.38848,4.65348,4.74148,3.80048,1.30048,0.62448,1.94748,3.32948,4.59448,4.77148,4.21248,3.71248,4.12448,4.06548,3.18248
CO2_TUG_BCT2,2021-10-05,21,False,21,1.33242,1.03842,1.74442,3.62742,4.77442,5.12742,4.89142,4.92142,6.77442,10.3624,10.8324,8.36242,7.65642,7.48042,4.77442,3.83242,4.53842,3.62742,3.03842,3.42142,3.86242,4.12742,3.71542,2.27442,0.83242,2.15642,2.68542,1.45042,0.74442,0.65642,0.71542,1.21542,2.39142,3.27442,3.09742,2.12742,1.21542,0.45042,0.45042,0.71542,1.45042,2.83242,3.30342,2.89142,2.33242,1.12742,-0.46158,-0.63758,0.92142,2.98042
CO2_TUG_BCT2,2021-10-05,25,False,12,2.15642,0.77442,0.83342,2.68642,5.77442,7.45042,8.24442,9.86242,13.8914,18.2154,18.8334,16.6864,15.4804,15.0974,14.5684,13.8914,13.1564,12.9804,11.9214,10.5384,11.8334,12.1274,10.3334,8.65642,6.89142,5.71542,5.39142,5.36242,5.36242,5.36242,5.45042,6.03842,6.50942,5.30342,4.21542,3.62742,3.36242,3.09742,2.77442,3.74442,6.30342,7.83342,7.15642,4.36242,1.62742,1.27442,2.65642,4.00942,5.03842,4.83342
CO2_TUG_BCT2,2021-10-05,26,False,7,1.88476,2.79576,3.53176,2.35476,3.17876,6.67876,8.64876,15.2378,31.2958,42.9728,47.0608,40.3258,34.2668,31.5608,32.8548,36.9428,37.3258,33.9428,27.2378,21.8258,20.0898,19.8548,19.2078,16.8848,13.8258,12.6788,11.5608,9.35476,9.11976,10.9428,12.5898,14.1198,14.6788,13.4428,9.91376,6.41376,5.32576,5.64876,5.97276,6.70776,7.91376,7.06076,4.56076,4.32576,4.82576,4.88476,4.61976,3.91376,3.08976,2.06076
CO2_TUG_BCT2,2021-10-05,32,False,22,7.4126,6.0596,2.6176,1.5006,2.9126,4.2946,6.2656,9.6766,12.0006,13.3826,13.5596,12.8236,10.9126,8.5886,7.8236,8.0596,7.3236,5.2356,3.7946,3.1766,2.4416,1.7656,1.7356,2.1766,2.4126,2.4416,2.4706,2.7656,3.7066,4.8536,5.1176,4.7066,4.5006,4.7066,5.1476,5.1176,4.4416,3.6176,2.4126,0.7656,1.8236,5.0006,5.1766,4.0886,3.5006,3.9416,4.1176,3.6476,2.8826,1.4416
CO2_TUG_BCT2,2021-10-05,33,False,4,2.38554,2.62054,1.06254,0.67954,1.94454,2.79754,4.06254,7.03254,12.8565,20.5325,20.6505,17.9735,15.7975,14.5625,12.0915,7.38554,5.00354,4.47354,4.06254,4.29754,5.17954,5.44454,5.26754,5.56254,6.20954,6.94454,7.03254,7.56254,8.85654,8.91454,8.06254,8.20954,7.97354,7.32654,8.00354,8.38554,7.94454,7.32654,7.06254,7.88554,7.62054,6.06254,5.53254,5.17954,4.29754,4.03254,4.20954,3.94454,3.53254,3.26754
CO2_TUG_BCT2,2021-10-05,36,False,6,7.21246,7.21246,7.12446,6.62446,6.85946,9.65346,12.8595,16.4475,18.8005,20.4185,21.0365,20.4475,19.2715,19.0065,18.9185,18.2415,16.0065,11.2715,7.62446,7.41846,9.41846,10.8885,11.7125,12.6535,12.8885,12.4775,12.1535,11.4775,10.5365,10.7125,10.6245,9.68346,8.77146,8.00646,8.06546,8.74146,9.94746,10.8305,10.6535,9.68346,8.80046,8.27146,8.74146,9.15346,9.21246,9.15346,8.68346,7.80046,7.83046,8.94746
CO2_TUG_BCT2,2021-10-05,37,False,12,7.50236,9.67836,10.4724,10.5024,9.00236,7.41436,5.97236,6.06136,8.09036,10.2084,10.9434,10.5614,9.38436,7.03136,3.26636,1.94336,3.35536,5.11936,4.94336,3.14936,2.32536,3.14936,5.09036,6.38436,6.50236,5.14936,4.73736,5.56136,5.91436,5.03136,3.41436,4.44336,7.38436,7.17836,6.53136,7.09036,7.73736,7.53136,6.59036,5.88436,5.35536,5.29636,6.50236,7.91436,6.47236,5.00236,4.35536,4.20836,4.88436,6.26636
CO2_TUG_BCT2,2021-10-05,41,False,15,6.09016,6.14816,4.73716,1.29516,0.14816,1.61916,5.06016,12.9132,21.5602,26.1192,27.6782,25.7952,24.3252,24.0012,23.0012,20.6482,18.7952,18.3252,17.7952,16.2372,16.0312,17.3252,17.8252,16.2662,12.8842,10.4432,8.11916,6.14816,6.53116,8.73716,9.50116,9.17816,9.56016,9.20716,7.38416,5.70716,4.91316,4.41316,4.41316,4.85416,5.06016,4.79516,3.85416,2.70716,2.44316,2.85416,3.06016,2.85416,2.56016,3.70716
CO2_TUG_BCT2,2021-10-05,44,False,16,3.15582,1.62582,0.56782,1.30282,4.09682,6.97882,8.50882,9.65582,10.8318,12.3028,12.8028,11.3908,9.27282,9.89082,10.1558,8.80282,7.44982,6.42082,6.71482,7.50882,8.03782,7.42082,5.83182,3.44982,2.53782,3.09682,3.80282,4.00882,3.56782,2.62582,2.15582,2.27282,3.53782,5.18482,4.21482,3.09682,3.42082,4.94982,4.92082,3.12582,1.97882,1.62582,1.80282,1.65582,1.68482,3.03782,3.44982,2.77282,3.36182,4.71482
CO2_TUG_BCT2,2021-10-05,45,False,3,3.47158,3.26558,1.94258,1.38358,1.05958,0.05958,0.88358,4.32458,7.73658,13.0306,20.1776,20.0896,17.6186,15.8246,14.3246,12.1186,9.94258,8.67758,7.70658,7.76558,9.11858,10.3836,9.73658,7.44258,6.32458,6.64758,7.53058,7.50058,6.38358,5.50058,5.64758,6.32458,6.29458,5.88358,5.32458,4.67758,4.17758,4.70658,5.53058,6.05958,5.61858,5.44258,5.82458,5.76558,4.85358,3.73658,3.70658,4.58958,5.17758,6.17758
CO2_TUG_BCT2,2021-10-05,54,False,29,9.73676,10.2658,12.2958,17.0018,19.8248,21.0608,21.5898,22.1188,23.1188,24.0898,25.3248,26.0898,24.9718,22.0308,19.2658,15.3248,11.3548,9.91376,9.26576,7.53076,6.03076,5.44276,6.47176,6.14876,4.06076,4.00176,5.73676,5.88376,4.91376,3.91376,4.23676,5.32476,6.67776,6.47176,4.91376,4.41376,4.29576,3.85476,3.61876,3.58976,3.58976,3.56076,3.32476,2.76576,1.97176,1.70776,3.44276,5.23676,6.64876,6.14876
CO2_TUG_BCT2,2021-10-05,55,False,7,4.00588,3.32888,4.03488,4.65288,4.76988,5.03488,5.74088,6.82888,10.2699,17.3589,22.0649,21.5059,18.0059,17.3589,19.9469,21.8289,20.4169,15.5349,11.3589,10.4169,11.1229,10.8879,9.53488,8.76988,8.21188,7.26988,6.79988,6.74088,6.68188,6.18188,5.00588,4.09388,4.21188,6.06488,9.06488,10.0349,9.21188,8.24088,7.00588,5.91688,4.62288,3.65288,5.21188,5.76988,4.50588,3.59388,3.26988,3.53488,3.97588,4.47588
CO2_TUG_BCT2,2021-10-05,66,False,16,7.64818,8.26618,8.00118,6.79518,7.23618,9.26618,9.82518,8.76618,8.03018,10.0892,11.1192,10.3832,9.94218,10.1192,10.5892,10.5302,8.20718,3.58918,1.94218,3.11918,4.32518,5.58918,6.56018,7.08918,7.53018,7.38318,7.17818,8.03018,8.03018,7.17818,7.44218,8.06018,8.58918,8.76618,8.32518,7.38318,6.94218,7.11918,7.58918,7.82518,7.79518,7.35418,6.64818,6.67818,7.03018,7.06018,6.47218,6.97218,8.76618,9.38318
CO2_TUG_BCT2,2021-10-05,67,False,17,9.12622,9.83222,10.2732,10.3032,10.1562,10.3912,11.5382,12.0972,12.6562,14.2732,14.9502,14.5972,14.3032,13.8032,12.6262,10.3612,7.24422,6.71422,6.71422,5.97922,6.50822,8.80322,10.5082,9.74422,7.45022,6.97922,7.27322,7.30322,7.06722,6.59722,6.53822,7.77322,9.42022,8.30322,5.89122,2.86122,1.06722,0.65622,1.68522,2.86122,2.95022,0.92022,0.30322,1.47922,1.77322,1.39122,1.86122,2.24422,2.06722,1.65622
CO2_TUG_BCT2,2021-10-05,68,False,14,4.85418,9.53018,15.4422,22.1182,24.2952,24.5012,25.1772,24.5592,24.3832,27.9422,28.6772,25.4712,23.2362,21.8542,20.0592,19.8242,19.7072,16.9712,15.7362,15.5012,13.3832,12.0592,11.8542,11.6182,11.1482,10.7652,9.61818,7.73618,7.44218,7.29518,6.44218,6.32418,7.67718,9.61818,9.23618,7.00118,6.47118,6.29518,5.53018,5.91218,7.03018,6.55918,6.03018,6.41218,7.44218,8.61818,10.0012,9.91218,7.88318,5.85418
CO2_TUG_BCT2,2021-10-05,69,False,10,5.73736,6.47236,7.03136,6.61936,5.00236,4.32536,4.73736,5.53136,7.20836,9.11936,9.94336,9.09036,6.47236,4.85536,4.26736,4.44336,4.88436,4.44336,4.20836,4.14936,3.53136,3.79636,5.11936,5.47236,4.14936,2.11936,1.94336,3.94336,6.03136,6.59036,6.03136,4.41436,1.79636,0.97236,1.82536,2.56136,1.32536,1.67836,4.35536,5.61936,4.61936,2.32536,1.61936,2.44336,3.11936,3.41436,3.20836,3.29636,4.20836,5.23736
CO2_TUG_BCT2,2021-10-05,70,False,11,3.23558,2.97158,3.82458,4.20658,3.55958,2.11858,1.50058,3.52958,8.50058,11.2656,11.8246,11.5886,11.3826,11.3536,11.2356,10.2946,8.38258,7.32458,7.67758,9.08858,8.11858,4.52958,3.17758,4.35358,5.85358,6.97158,7.50058,6.38258,5.88258,5.76558,4.32458,3.20658,2.67758,2.91258,3.82458,4.38258,5.14758,6.50058,6.70658,5.61858,4.64758,4.05958,3.08858,2.05958,2.73558,4.88258,4.85358,2.41258,0.76558,0.32458
CO2_TUG_BCT2,2021-10-05,72,False,8,1.88476,1.79576,1.76676,1.08976,0.88476,1.23676,1.47276,4.32576,11.5318,16.2668,17.9138,16.7668,15.9728,16.2078,15.5898,13.0318,9.97276,8.58976,7.50176,5.76676,6.00176,8.14876,8.53176,6.56076,4.61976,5.08976,6.64876,5.82576,5.76676,7.56076,8.88476,9.23676,8.32576,8.03176,9.35476,11.3258,11.1198,8.88476,7.67876,7.29576,6.73676,6.08976,7.00176,10.8258,11.6788,9.03176,6.79576,5.67876,6.67876,7.91376
CO2_TUG_BCT2,2021-10-05,73,False,16,3.62034,4.23734,6.35534,9.17934,10.4433,10.8263,11.2963,11.5323,11.5903,11.7963,12.0323,11.7673,11.3263,10.8263,10.5613,10.2963,9.79634,9.32634,8.82634,8.53234,8.12034,7.88534,8.85534,9.73734,10.3853,11.2373,11.9733,11.1793,9.88534,8.62034,8.29634,7.73734,6.23734,4.76734,4.20834,6.06134,7.09034,6.56134,5.79634,5.06134,4.20834,4.62034,5.97334,5.97334,5.56134,5.03234,4.14934,4.14934,5.17934,6.67934
CO2_TUG_BCT2,2021-10-05,74,False,14,3.088,2.411,3.117,3.176,4.176,8.206,10.735,11.735,12.5,13.235,14.147,14.088,12.735,11.353,11.059,11.47,11.617,10.941,9.588,9.382,10.47,11.441,11.823,11.147,9.029,7.882,7.735,7.823,8.529,9.941,10.529,9.676,7.823,7.117,7.5,7.941,8.206,7.882,6.941,5.264,4.088,3.764,3.676,3.323,3.323,4.647,4.911,4.323,5.029,5.647
CO2_TUG_BCT2,2021-10-05,80,False,17,7.86948,9.69248,11.9285,11.9875,10.3985,10.8105,13.0455,13.8395,16.1635,21.5165,24.3985,23.5455,20.4875,16.8695,11.7515,8.28148,7.69248,7.83948,6.83948,5.72248,4.75148,4.72248,5.36948,5.36948,5.16348,4.89848,4.42848,4.19248,4.31048,5.31048,6.25148,4.69248,4.07548,4.83948,4.69248,5.01648,6.31048,6.69248,7.01648,8.66348,7.89848,4.31048,2.75148,3.69248,5.31048,5.72248,4.63448,2.98748,2.28148,2.42848
CO2_TUG_BCT2,2021-10-05,86,False,11,1.97118,1.50118,2.35418,4.20718,4.91318,4.64818,5.29518,8.08918,11.7072,13.8242,14.7072,13.8832,12.3242,10.4712,10.3542,11.1772,10.2662,9.58918,9.23618,8.06018,7.38318,7.17718,6.38318,5.67718,7.00118,7.41318,6.61918,6.73618,6.17718,4.32418,3.23618,3.35418,4.44218,4.44218,3.35418,3.20718,4.06018,5.47118,5.97118,5.82418,6.06018,6.14818,5.23618,3.47118,3.47118,5.17718,5.79518,6.14818,8.00118,8.79518
CO2_TUG_BCT2,2021-10-05,102,False,26,11.5939,9.85888,7.59388,7.29988,8.76988,10.8879,13.6819,14.3289,14.0349,15.8879,16.8289,15.5939,13.3879,11.7119,10.1819,9.47588,9.47588,10.1819,11.6819,13.0939,14.4469,13.9759,11.7119,10.4469,9.62288,8.44688,8.12288,7.56388,6.21188,5.76988,6.38788,7.09388,7.32888,7.12288,6.68188,6.68188,6.97588,6.12288,4.50588,4.62288,4.38788,3.76988,5.21188,6.50588,6.97588,6.15288,4.76988,5.47588,6.18188,5.59388
CO2_TUG_BCT2,2021-10-05,103,False,7,2.44728,1.62328,0.88828,0.32928,-0.64172,-1.49472,0.59428,6.35828,13.9763,23.4763,26.1233,24.1823,21.1233,19.0943,18.2113,18.9173,19.3583,18.0353,15.1233,13.0053,11.2993,9.71128,8.21128,8.21128,8.47628,7.82928,6.41728,5.71128,5.56428,5.15228,4.68228,5.00528,4.32928,2.74128,2.91728,3.00528,2.24128,2.50528,4.09428,5.27028,5.53528,5.09428,4.15228,3.68228,3.62328,3.53528,2.82928,1.47628,1.24128,2.09428
CO2_TUG_BCT2,2021-10-05,141,False,10,6.79752,7.70952,8.44452,9.20952,9.94452,10.4445,10.8565,10.5335,10.3275,11.9745,13.0035,12.6805,11.7685,11.5335,11.9445,12.2095,12.4745,12.7685,11.5625,8.53352,6.73852,7.03352,8.38552,8.85652,8.47452,8.26852,8.50352,9.20952,9.88552,9.91552,9.35652,8.26852,7.06252,7.47452,7.59152,6.73852,6.18052,5.41552,4.00352,3.35652,3.73852,4.76852,5.91552,7.15052,7.35652,6.97452,6.44452,6.00352,5.73852,6.06252
CO2_TUG_BCT2,2021-10-05,163,False,12,2.20718,2.23618,2.03018,2.17718,1.82518,1.61918,3.35418,5.14818,7.56018,14.6772,25.1192,25.0012,19.7952,14.2072,12.5012,14.0302,16.9722,18.7662,19.1772,18.0302,15.5892,11.0302,7.08918,6.17718,6.88318,6.64818,5.29518,4.53018,3.94218,2.76618,1.82518,1.53018,1.44218,1.11918,1.35418,3.26618,4.53018,4.44218,3.38318,3.64818,5.29518,5.08918,3.08918,2.47218,3.23618,4.44218,4.56018,3.47218,1.64818,1.47218
CO2_TUG_BCT2,2021-10-05,260,False,2,6.7109,7.9169,8.8579,9.1529,9.2109,9.3879,9.3879,8.6529,8.0939,8.5059,9.9759,9.4759,6.7999,5.6229,5.9169,6.1229,5.8289,4.6529,3.0939,3.0639,4.1819,3.4469,1.8879,3.5349,4.9169,4.7699,4.7699,6.1229,6.5349,5.7109,5.2999,5.6229,5.9169,5.4469,5.6229,5.0639,3.2999,2.7109,2.5939,1.2409,0.8879,2.1529,3.3289,3.3879,3.0939,2.2409,1.2999,2.2409,3.0059,2.6529
CO2_TUG_BCT2,2021-10-05,298,False,29,5.01588,6.95688,8.57488,8.89788,8.45688,7.95688,7.22188,6.66288,7.54588,9.63388,10.2509,9.45688,7.95688,6.80988,6.01588,6.22188,7.95688,10.5749,10.7809,10.0459,9.63388,10.4569,11.8399,11.1039,10.0459,9.22188,8.66288,9.57488,11.7509,11.7219,9.28088,7.66288,7.36888,6.63388,4.78088,5.75088,9.63388,10.1629,7.60388,6.89788,7.16288,7.22188,7.19288,6.95688,6.63388,7.48688,9.10388,8.83988,7.98688,6.95688
CO2_TUG_BCT2,2021-10-05,358,False,0,3.35652,5.59252,9.15152,10.0625,11.2685,14.7095,18.1805,21.6805,22.6805,22.7395,22.2095,19.8275,18.2395,17.6515,17.8565,18.5335,18.3865,17.0335,14.6515,13.4455,13.0625,12.6515,12.9155,14.0625,14.7985,13.4455,10.1805,8.56252,8.59252,8.97452,8.53352,7.38652,7.15152,7.26852,7.06252,6.70952,7.41552,9.26852,10.2685,10.8565,11.8275,12.4155,12.0035,10.3865,9.70952,10.0035,9.70952,8.32752,6.94552,6.59252
CO2_TUG_BCT2,2021-10-05,360,False,4,5.09682,5.09682,5.36182,6.44982,6.42082,5.30282,6.77382,14.8318,29.8908,43.8618,46.5088,41.0968,35.2148,28.5678,24.2738,22.4788,23.7738,23.8028,19.9788,14.7148,11.7738,10.0378,8.94982,8.62682,9.42082,8.92082,6.89082,6.24382,6.80282,7.77382,8.39082,9.62682,11.8618,12.0678,10.0968,8.56782,7.27382,5.36182,4.53782,5.36182,7.21482,7.89082,7.30282,6.53782,5.80282,4.92082,5.12682,6.24382,6.44982,6.09682
CO2_TUG_BCT2,2021-10-05,363,False,25,5.0006,4.3236,2.7066,2.3236,3.0006,3.2646,1.7646,1.8536,4.3536,7.6766,10.8826,9.9416,8.6476,8.9116,9.9416,11.1176,12.4706,12.1476,9.6476,7.3536,7.0006,7.8536,8.3826,8.9116,9.8236,10.0886,9.9116,10.2356,11.1766,12.8536,14.0586,14.6176,15.0586,14.8826,14.4416,14.7356,13.8236,11.7646,11.7356,12.0296,11.7356,12.1176,12.7946,12.0886,11.5586,12.1766,13.3236,11.9116,7.7356,5.3536
CO2_TUG_BCT2,2021-10-05,369,False,12,5.59918,4.95218,5.15818,6.09918,6.86418,7.86418,9.09918,10.0992,11.3342,12.2462,12.3052,11.6872,10.1282,7.98118,7.92318,7.98118,7.12818,6.57018,5.80518,4.45218,4.24618,5.33418,6.24618,6.36418,6.39318,7.07018,7.27518,6.77518,5.80518,4.12818,3.01118,3.15818,4.04018,4.36418,4.65818,5.86418,6.77518,7.33418,7.51118,7.07018,6.18718,6.07018,6.01118,4.71718,4.62818,5.21718,3.92318,3.80518,5.45218,5.83418
CO2_TUG_BCT2,2021-10-05,373,False,23,6.17952,5.94452,4.85652,4.88552,6.23852,7.20952,8.00352,8.73852,9.23852,9.76852,10.0915,9.41552,7.41552,6.94452,6.56252,3.35652,2.06252,3.09152,2.91552,1.59152,1.65052,2.35652,2.41552,1.09152,0.79752,1.15052,0.00352,-0.61448,-0.17248,0.76852,2.20952,2.88552,2.73852,2.29752,2.35652,3.26852,4.32752,4.00352,3.12152,3.94452,3.94452,3.12152,3.94452,3.82752,2.15052,1.91552,3.20952,3.91552,4.00352,4.00352
CO2_TUG_BCT2,2021-10-05,386,False,18,14.2101,13.2101,14.6511,17.5041,18.8861,18.8271,18.3861,18.3861,18.8271,19.1211,19.4741,19.2391,17.3271,15.9741,15.2391,14.1511,12.9451,13.4451,14.2391,14.5631,14.3861,14.6511,15.6211,16.5041,17.0331,16.4741,15.3271,13.6211,12.4451,12.1211,12.2101,13.0921,14.5041,14.5331,14.3571,14.2981,13.6211,13.4161,13.7981,13.7391,12.8271,11.7101,11.7681,13.3571,15.0921,14.6801,12.5041,11.8571,11.7101,9.71012
CO2_TUG_BCT2,2021-10-05,404,False,16,4.4467,2.6817,1.8877,2.9467,5.3287,6.7407,7.3577,7.7107,8.6817,10.5047,10.8877,9.3577,7.5637,7.4167,8.0347,7.4167,7.5047,8.7987,9.1817,8.0937,6.5347,6.3287,6.2407,4.2697,4.1227,6.2697,7.1517,6.3577,5.1227,4.2697,4.2107,5.5047,5.4467,3.6227,2.2107,1.1517,0.7107,0.8877,1.3577,1.5937,1.6227,1.7987,3.1227,5.2407,5.2987,5.0937,4.7697,2.9167,2.0347,2.4167
CO2_TUG_BCT2,2021-10-05,455,False,14,3.71248,7.21248,15.2705,26.5945,41.3885,45.7125,42.4175,39.3885,43.0355,46.8885,48.8005,46.0945,35.3885,22.7415,16.3005,13.3595,12.7415,11.8595,9.53548,8.00648,6.44748,4.59448,5.77048,10.1235,12.8005,14.0065,15.5065,16.4765,15.8595,12.9765,11.0945,11.3595,13.6535,14.5355,13.7415,12.9175,11.4475,9.44748,9.21248,9.32948,6.94748,5.18248,4.65348,5.68248,8.71248,11.0355,9.74148,5.35948,2.85948,3.06548
CO2_TUG_BCT2,2021-10-05,467,False,4,1.64876,4.20776,5.70776,5.47276,5.17876,4.67876,4.35476,9.35476,23.4138,36.4428,38.2078,32.3838,28.7368,27.1788,25.0608,22.4428,18.7958,16.5318,14.7958,11.4728,8.41376,7.32576,7.14876,6.61976,5.20776,3.88376,4.03176,5.14876,5.26676,4.17876,2.41376,2.58976,4.35476,4.47276,3.23676,1.53176,1.26676,3.03176,6.29576,7.44276,6.47276,5.56076,5.47276,5.67876,5.26676,3.64876,0.85476,-0.08624,0.67876,1.23676
CO2_TUG_BCT2,2021-10-05,468,False,8,7.03058,7.58958,6.44258,3.61858,1.79558,3.53058,9.79558,25.5896,55.7656,76.3536,79.1486,73.5006,66.3246,55.1486,45.5896,42.7366,41.9126,38.5306,34.1486,28.6486,25.2366,22.5596,19.8246,17.6776,15.6776,15.4126,15.5006,15.2956,16.8246,21.0306,24.5596,25.4426,23.4426,19.1486,16.5596,15.3836,14.8836,13.1776,9.14858,6.76558,5.55958,4.32458,3.35358,2.32458,1.64858,1.35358,1.64858,2.47158,4.61858,7.35358
CO2_TUG_BCT2,2021-10-05,480,False,8,3.411,3.735,4.47,5.852,6.382,6.47,8.441,19,40.294,57.882,70.911,70.029,63.382,55.323,50.294,50.117,52.323,52.97,50.294,45.47,43.823,43.764,41.411,39.882,39.558,38.382,34.617,29.794,26.676,23.147,19.352,17.588,16.941,16.676,16.411,15.911,15.235,13.088,9.588,8.147,8.382,8.411,8.205,8.382,8.205,8,8.941,9.588,9.647,9.411
CO2_TUG_BCT2,2021-10-05,481,False,6,4.85358,5.32458,6.82458,8.35358,9.38258,8.50058,8.17658,9.23558,10.2066,10.7356,11.0886,10.2356,8.61858,8.70658,8.00058,5.02958,2.52958,2.38258,3.73558,4.61858,4.70658,3.97158,3.23558,2.23558,1.08858,0.82458,1.26558,1.58858,0.91258,-1.17542,-2.02842,-1.23442,0.00058,0.97158,1.97158,2.55958,3.55958,5.35358,5.61858,4.55958,4.41258,5.26558,6.58858,6.38258,4.82458,4.41258,5.00058,5.88258,5.64758,4.29458
CO2_TUG_BCT2,2021-10-05,482,False,9,3.9461,4.1811,6.0931,7.4461,7.8571,6.7101,5.5631,8.4461,12.6521,17.1521,18.2691,15.7401,10.9751,8.5631,7.7991,6.9161,7.0341,8.8571,11.0341,10.6221,7.9161,6.5931,7.1221,8.4461,8.2101,5.0041,0.7991,0.9461,4.9461,6.9751,6.5341,5.1221,4.4161,4.3281,4.3571,4.5931,5.0341,5.0631,4.8571,4.9751,4.2991,2.9161,2.9751,3.7991,4.5931,3.5041,0.9751,0.8281,2.0341,3.5341
CO2_TUG_BCT2,2021-10-05,519,False,23,9.47336,8.56136,8.50236,8.97336,9.29636,8.62036,6.62036,6.62036,10.0024,14.0324,14.1494,11.1494,10.0904,10.3554,9.17936,8.38436,8.73736,9.64936,9.88436,9.35536,8.44336,8.64936,11.8554,13.0024,10.6794,7.82636,8.20836,11.3264,12.7674,12.7374,12.8264,11.8264,9.26736,7.53236,6.44336,5.06136,4.91436,6.47336,8.20836,7.88436,6.32636,6.41436,5.79636,3.67936,3.64936,5.62036,6.29636,5.97336,5.47336,5.29636
CO2_TUG_BCT2,2021-10-05,541,False,10,10.5908,11.7668,12.2958,11.9728,10.3548,8.73776,10.5608,18.4728,28.3848,34.5318,38.8848,38.0018,31.2078,25.6488,24.4728,24.7668,23.3848,20.8848,17.4138,15.2668,13.8848,12.7668,11.1198,8.73776,8.23776,8.29576,7.85476,7.41376,7.14876,7.26676,6.59076,5.20776,5.26676,6.09076,7.11976,7.79576,8.09076,7.94376,8.35476,9.03176,8.41376,8.50176,9.70776,9.44376,7.41376,5.97276,5.41376,5.14876,5.38476,5.59076
CO2_TUG_BCT2,2021-10-05,554,False,6,7.353,8.558,9.117,9.558,9.441,9.47,12.029,22.088,41.117,53.647,54.794,40.764,27.441,16.382,10.853,8.411,6.529,6.411,6.206,4.617,2.647,1.176,-0.206,0,1.558,2.029,1.911,1.764,0.941,0,0.853,1,-0.059,-0.236,0.382,1.382,2.117,2.882,3.647,4.264,4.294,2.97,2.794,3.97,3.764,2.206,1.911,3.382,5.764,6.206
CO2_TUG_BCT2,2021-10-05,559,False,5,2.88494,2.44394,2.47394,3.14994,3.79694,3.59094,3.00294,5.82594,16.5909,30.3849,35.0909,29.9149,20.3259,16.2379,16.2679,13.9149,8.32594,5.41494,4.35594,3.20894,4.59094,8.50294,10.0909,9.70894,9.20894,9.59094,9.41494,9.00294,10.2089,11.2969,11.7969,11.1789,8.62094,5.59094,4.56194,4.88494,5.17894,5.67894,6.47394,5.76794,3.47394,2.20894,1.35594,0.00294,-0.14406,1.41494,3.35594,4.59094,5.62094,5.97394
CO2_TUG_BCT2,2021-10-05,584,False,23,5.53352,4.62152,3.20952,3.32752,4.62152,6.62152,8.06252,9.35652,10.4455,11.8275,13.5035,13.2095,12.1805,11.2095,11.2095,12.0925,12.6505,13.2685,13.5035,11.9745,11.8275,13.6215,15.0335,16.0925,16.6805,17.5625,18.5035,17.6505,17.5335,18.7095,18.2975,15.0925,11.4455,10.7685,11.7685,11.3275,10.9745,11.3865,11.9155,12.8865,14.0035,13.8865,11.8275,9.15052,9.09252,11.2685,12.1805,11.6215,10.8275,9.76852
CO2_TUG_BCT2,2021-10-05,602,False,8,0.23912,0.41612,0.18012,0.03312,0.47412,1.79812,5.32712,11.7391,16.6801,20.8271,22.5921,21.7691,18.9451,16.1211,15.0631,14.7691,13.4161,11.0631,10.5631,10.7391,11.2691,12.9161,13.8271,13.8271,12.8271,10.4741,8.56312,7.85712,8.26912,9.85712,10.2981,9.56312,9.71012,10.3571,9.68012,9.32712,9.94512,10.6801,11.1801,11.6511,11.7391,12.0041,13.0921,12.9741,10.9451,8.82712,8.03312,8.06312,8.88612,9.82712
CO2_TUG_BCT2,2021-10-05,606,False,0,29.1772,29.6182,30.4712,30.2362,29.0012,29.0012,28.9132,26.0892,24.3242,24.0892,24.0302,23.5602,22.7072,22.8542,23.5012,22.8242,22.2952,21.5012,19.4712,19.0302,20.2652,20.7362,20.3542,20.1182,20.0892,20.0892,20.1482,20.6182,21.5012,21.5892,21.4132,22.2362,22.0892,21.4712,22.7952,23.1482,21.7952,20.5302,20.2072,21.8832,23.2652,24.3542,25.4422,25.2362,23.8542,23.0602,23.6772,25.7072,26.2072,25.4132
CO2_TUG_BCT2,2021-10-05,759,False,10,1.82812,2.56312,2.56312,2.35712,2.09212,1.71012,2.18112,3.91612,7.38612,12.6511,14.5041,14.0041,12.2981,9.73912,8.76912,8.97512,8.21012,5.88612,3.97512,3.18112,2.88612,3.12212,3.32812,3.44512,4.00412,4.23912,2.65112,1.97512,2.29812,1.85712,1.68112,2.09212,2.41612,3.15112,4.50412,4.76912,4.15112,4.00412,3.00412,0.68112,-0.37788,0.41612,2.35712,3.65112,3.76912,2.32812,1.21012,0.71012,1.06312,1.50412
CO2_TUG_BCT2,2021-10-05,797,False,9,2.15112,3.29812,4.76912,4.62212,3.09212,0.88612,1.73912,7.94512,15.9751,21.0631,23.3281,20.4751,16.2691,11.7101,9.41612,9.15112,9.79812,9.59212,7.29812,4.15112,3.71012,4.71012,3.62212,3.29812,4.56312,5.26912,5.35712,5.41612,5.88612,6.73912,6.41612,4.35712,2.26912,1.76912,2.62212,3.73912,3.76912,2.91612,2.68112,3.09212,3.35712,3.68112,4.62212,5.88612,7.09212,8.53312,8.85712,7.29812,4.85712,4.76912
CO2_TUG_BCT2,2021-10-05,868,False,7,2.892,6.01,7.539,6.804,4.981,4.628,6.392,8.863,10.804,12.745,13.069,11.069,8.392,8.275,10.01,10.304,10.451,11.245,11.069,10.187,10.392,10.598,10.657,11.275,11.01,9.628,8.657,7.863,7.304,8.098,9.481,8.775,7.981,7.922,8.334,8.804,8.216,6.804,4.392,2.598,2.716,4.01,4.275,3.657,3.716,4.422,5.863,7.304,8.069,8.481
CO2_TUG_BCT2,2021-10-05,880,False,9,13.5886,13.0886,10.6476,8.67758,7.79458,9.03058,13.8826,22.7946,29.7946,35.5006,37.3246,36.5886,34.4126,31.5886,30.3536,29.9716,27.9716,23.2656,19.4126,17.3246,14.1476,10.2356,9.20658,10.3246,10.1776,7.67758,4.70658,4.05958,4.61858,3.85358,2.76558,1.85358,2.35358,4.41258,5.88258,6.76558,8.20658,9.47158,8.82458,6.64758,6.41258,8.14758,9.08858,9.20658,9.20658,9.14758,8.67758,7.79458,7.58858,6.82458
CO2_TUG_BCT2,2021-10-05,937,False,11,2.44218,2.08918,2.47118,2.64818,2.20718,1.58918,4.03018,11.7362,19.5602,22.7952,22.8832,20.9422,19.3542,18.3542,18.4422,18.6182,17.0012,16.1482,16.4712,16.7362,17.0012,17.3542,16.5012,13.4712,10.1182,8.26518,6.47118,4.61818,4.08918,4.53018,5.00118,4.08918,0.91218,-0.05782,0.88318,0.61818,1.67718,4.94218,7.06018,8.20718,8.56018,7.73618,6.32418,6.35418,6.94218,7.38318,7.00118,6.32418,6.97118,7.11818
CO2_TUG_BCT2,2021-10-05,982,False,10,2.18404,2.65504,4.03704,4.80204,5.44904,7.09604,9.15504,11.331,14.39,16.919,18.978,18.89,15.772,8.89004,3.06604,1.56604,2.47804,4.27204,6.44904,6.41904,5.71304,5.62504,6.18404,5.44904,3.30204,3.33104,5.77204,7.27204,6.56604,4.94904,5.00704,4.15504,1.47804,0.56604,1.56604,2.50704,2.80204,2.83104,2.83104,2.83104,2.80204,2.62504,2.62504,3.33104,3.74304,3.56604,3.06604,2.59604,2.15504,2.41904
CO2_TUG_BCT2,2021-10-05,987,False,22,6.2697,9.1807,14.1227,16.4457,16.2697,15.2397,14.0637,12.6517,12.5337,14.3277,16.5047,16.0047,12.5927,9.9457,10.4747,13.1807,14.2107,12.7397,10.0927,8.2697,6.0047,3.2107,2.2697,3.0637,4.1807,4.2107,3.3277,2.9457,3.5927,4.8867,4.6517,3.0337,3.4457,5.6807,6.1807,5.9457,4.9457,2.4457,1.8577,3.7987,5.8277,5.9167,4.7397,5.1807,7.2107,7.7397,6.2397,3.5047,3.0637,5.0047
CO2_TUG_BCT2,2021-10-05,1034,False,7,2.4706,2.2646,1.8236,1.8236,2.3826,3.9116,8.6476,15.4116,19.7356,22.6766,23.5296,22.7646,21.3826,21.0586,21.2056,20.2646,19.4416,17.9416,15.1766,14.2356,14.9706,15.1176,14.0006,12.2356,10.5586,8.5886,7.5586,6.7356,5.2946,4.4416,4.5886,5.6476,5.4116,3.8536,3.3826,3.5006,3.6476,4.5296,5.9416,5.8826,5.0586,4.2056,4.7946,6.1476,5.3536,4.0006,3.6476,5.2646,6.1176,5.7356
CO2_TUG_BCT2,2021-10-05,1075,False,27,7.94158,7.97158,7.79458,7.79458,8.55958,9.47158,10.4716,11.0006,11.5296,12.4416,12.6186,11.7356,10.5886,10.2656,10.2066,9.50058,9.05958,9.05958,9.55958,10.7356,11.5596,10.9416,9.32458,8.79458,8.44158,7.47158,6.50058,5.26558,4.26558,3.50058,2.52958,2.11858,2.52958,3.47158,3.88258,3.47158,2.52958,2.05958,2.00058,2.02958,2.26558,2.70658,2.82458,3.32458,4.88258,5.08858,3.73558,2.55958,1.52958,1.14758
CO2_TUG_BCT2,2021-10-05,1077,False,19,2.50234,2.56134,2.76734,4.38534,7.44334,8.73734,10.2673,17.0613,27.9433,33.4733,34.8853,34.0323,30.5613,26.8553,24.0023,20.0903,16.5323,13.2963,9.00234,7.32634,7.76734,7.64934,6.59034,5.14934,5.06134,4.70834,3.38534,2.91434,3.29634,3.50234,3.26734,2.56134,1.85534,1.59034,1.64934,2.38534,4.03234,4.97334,3.62034,1.53234,2.94334,4.35534,4.59034,4.88534,5.82634,6.91434,6.67934,5.09034,3.91434,3.59034
CO2_TUG_BCT2,2021-10-05,1078,False,29,7.58958,6.23658,5.85358,6.20658,7.35358,9.11858,9.03058,7.97158,9.11858,10.0896,11.1776,13.5596,13.2956,10.1186,7.94258,6.32458,4.97158,4.79558,4.73658,3.23658,1.64858,0.26558,0.61858,1.94258,1.26558,0.82458,2.11858,4.11858,4.14858,2.38358,1.38358,0.79558,-0.05742,0.29558,2.58958,4.94258,4.08958,0.67758,0.64858,3.94258,5.14858,3.50058,0.26558,-0.58742,1.32458,3.44258,4.11858,3.26558,1.47158,1.23658
CO2_TUG_BCT2,2021-10-05,1182,False,6,5.76912,5.76912,5.65112,6.09212,7.03412,7.50412,8.82812,20.0341,48.9751,76.2691,83.8281,76.9161,65.9451,56.5341,45.7981,38.1221,31.1511,25.9751,22.5921,18.6811,16.8871,17.3571,18.6511,18.3871,16.3571,14.7391,12.7391,9.38712,7.50412,6.82812,6.68112,7.50412,10.0921,13.0921,13.8871,12.9161,11.1811,9.47512,10.2101,9.59212,6.68112,5.41612,4.73912,3.41612,3.21012,4.29812,5.29812,6.26912,8.88712,12.4751
CO2_TUG_BCT2,2021-10-05,1203,False,16,4.81518,5.08018,5.75618,7.55018,10.1682,10.5212,10.7562,10.9032,8.75618,8.87418,11.7272,11.5212,8.19718,6.66818,5.96218,5.99118,8.72718,9.78618,8.63918,7.96218,6.69718,3.75618,3.02118,4.22718,4.22718,3.87418,3.81518,3.90318,4.60918,5.84418,5.16818,2.66818,1.69718,1.52118,1.19718,1.87418,3.49118,3.96218,3.90318,4.34418,5.31518,6.02118,6.31518,4.87418,2.78618,3.99118,3.87418,1.72718,1.96218,2.69718
CO2_TUG_BCT2,2021-10-05,1204,False,18,5.73618,3.76518,3.03018,3.14818,2.94218,2.91218,2.88318,2.50118,4.64818,9.50118,10.0302,6.58918,5.41218,5.64818,5.94218,6.35318,6.11818,5.14818,4.23618,3.47118,3.53018,4.14818,4.88318,4.88318,4.70618,4.82418,5.91218,7.55918,7.23618,5.82418,3.14818,0.35318,1.20618,5.14818,6.08918,4.00118,2.91218,3.50118,5.14818,6.20618,5.58918,3.79518,3.35318,4.41218,5.23618,4.64818,3.26518,3.29518,3.88318,4.38318
CO2_TUG_BCT2,2021-10-05,1258,False,10,6.80752,6.01352,4.86652,4.51352,4.21952,3.30752,4.74952,8.89652,11.0435,11.5435,11.9255,11.4545,10.0725,9.24952,8.21952,6.27852,4.95452,4.60252,5.48452,5.80752,6.13152,7.80752,7.27852,4.13152,2.42552,1.74952,0.92552,1.39652,3.16052,3.60252,2.54352,1.60252,1.19052,0.21952,-1.51548,-1.28048,0.98452,2.42552,3.27852,3.98452,4.21952,4.10252,4.24952,4.71952,4.01352,3.51352,2.95452,1.48452,1.95452,4.42552
CO2_TUG_BCT2,2021-10-05,1286,False,18,12.7448,14.2448,13.5088,12.4798,11.9508,12.3028,14.1558,16.6558,18.8618,21.5678,23.0978,22.5388,20.5978,18.8028,16.0978,12.9208,10.7148,8.74482,8.24482,8.83282,8.83282,8.65582,8.62682,8.56782,8.09782,7.15582,6.62682,6.09782,5.24482,5.50882,7.09782,8.15582,7.53882,5.65582,4.59782,4.95082,6.59782,7.33282,6.03882,3.27382,2.33282,3.12682,3.89182,4.89182,6.03882,6.12682,4.30282,1.36182,0.86182,2.59782
CO2_TUG_BCT2,2021-10-05,1302,False,6,2.47452,4.62152,4.50352,3.03252,1.38552,4.15052,18.1505,39.4155,55.0325,68.7975,74.3275,71.3565,64.6215,56.4155,43.1215,31.9445,27.2685,24.5325,22.8855,24.1795,27.7685,28.5325,25.4745,21.5035,18.3275,14.8855,13.2385,11.6215,8.29752,8.00352,10.3565,10.5325,9.56252,8.79752,10.2685,13.0325,12.4745,12.4745,14.4155,15.0325,14.2385,12.6505,10.8275,8.85652,8.44452,7.35652,4.59152,3.29752,4.06252,5.82752
CO2_TUG_BCT2,2021-10-05,1351,False,7,6.76636,7.11936,5.88436,3.91336,2.85536,3.20836,5.26636,9.56036,16.9724,21.5604,21.7374,19.9134,18.6194,17.0904,14.9134,13.3844,11.6194,9.76636,9.23736,9.50236,8.88436,7.73736,8.11936,8.20836,8.53136,11.0604,12.1494,11.5024,11.7084,12.8254,12.8254,10.9434,8.32536,8.64936,8.41336,6.26636,5.56036,6.35536,6.64936,5.35536,3.00236,2.56036,3.09036,3.70836,4.50236,4.76636,3.09036,1.76636,1.11936,0.73736
CO2_TUG_BCT2,2021-10-05,1403,False,6,4.21364,5.03764,4.47864,3.33164,4.18464,7.83164,15.3316,28.6846,49.3026,58.7136,59.4496,58.6846,57.0966,54.9786,52.0666,50.4786,48.8906,45.5666,39.7436,28.2726,17.5076,12.3026,8.97864,6.83164,5.00764,3.80264,3.24364,2.83164,3.21364,3.89064,3.18464,2.53764,2.21364,1.74364,1.62564,2.53764,4.47864,5.89064,6.80264,6.15464,4.33164,4.00764,3.62564,2.30264,1.89064,2.74364,3.94964,4.62564,4.68464,3.91964
CO2_TUG_BCT2,2021-10-05,1409,False,29,3.47394,2.64994,3.41494,6.17994,8.35594,9.32694,9.38594,8.12094,8.41494,10.6499,11.6499,10.3859,7.62094,6.50294,5.85594,3.62094,3.20894,4.82694,5.12094,4.29794,4.64994,5.94494,7.64994,8.06194,7.47394,6.53294,6.23894,6.17994,5.38594,4.26794,3.03294,2.76794,2.67994,2.20894,1.82694,2.03294,3.20894,3.88594,4.06194,4.62094,4.85594,3.26794,2.67994,3.70894,4.47394,3.35594,0.64994,0.00294,1.70894,3.26794
CO2_TUG_BCT2,2021-10-05,1419,False,15,5.50412,8.79812,10.7691,13.3571,16.8861,16.2691,15.6511,16.8271,17.3571,17.4451,18.0921,17.9751,16.3861,14.3861,12.6801,10.5331,8.23912,5.76912,5.18012,4.56312,2.97512,2.59212,3.41612,4.91612,6.09212,7.12212,7.53312,7.09212,5.91612,5.06312,5.47512,6.79812,6.94512,5.38612,3.47512,2.44512,1.65112,0.91612,0.41612,0.00412,0.41612,1.32712,1.15112,1.21012,1.85712,1.91612,2.21012,3.12212,3.59212,3.65112
CO2_TUG_BCT2,2021-10-05,1429,False,3,2.00646,2.62446,2.68346,1.15346,0.12446,0.97746,3.27146,4.80046,9.18346,18.4185,23.2125,21.9185,16.7125,13.7125,12.8305,12.0365,10.3595,8.33046,6.35946,3.68346,2.06546,1.97746,2.88946,4.03646,4.30046,3.88946,3.56546,2.83046,1.50646,1.50646,2.85946,3.83046,4.62446,5.33046,5.71246,6.68346,8.38946,7.91846,5.18346,3.65346,3.94846,5.53646,5.97746,5.15346,4.59546,3.83046,2.47746,2.27146,3.35946,4.18346
CO2_TUG_BCT2,2021-10-05,1482,False,5,6.03136,5.82536,5.32536,5.56136,5.14936,5.64936,9.94336,16.6194,27.0314,34.2964,34.3554,30.6494,30.7374,32.5904,28.9434,25.4434,24.5904,26.1784,25.1194,20.3554,16.1494,12.3254,10.8844,10.6494,10.2084,10.0614,10.7374,12.2084,13.4724,15.2084,17.0614,17.6194,17.4724,17.5314,16.3254,13.5904,12.5024,12.0904,10.0614,7.70836,4.73736,2.56136,1.47236,0.47236,0.06136,0.47236,1.44336,2.14936,2.67836,2.94336
CO2_TUG_BCT2,2021-10-05,1483,False,18,2.06018,3.29518,4.23618,6.38318,9.14818,9.91318,9.14818,8.97118,9.85418,11.0302,11.5302,11.5302,11.0012,9.58918,8.11818,7.11818,6.11818,5.70718,6.08918,6.79518,6.79518,6.61818,6.47118,5.61818,4.44218,4.85418,4.97118,3.97118,2.50118,1.50118,3.20718,4.76518,4.47118,2.20718,1.56018,2.79518,3.41318,2.79518,1.47118,1.35418,1.73618,0.53018,-0.55782,-0.99882,-0.05782,2.26518,3.41318,3.32418,2.85418,2.61818
CO2_TUG_BCT2,2021-10-05,1491,False,5,2.56136,2.56136,2.38436,2.35536,2.41436,2.88436,4.12036,7.38436,15.6794,24.9144,27.3264,24.9434,23.5904,23.8844,24.7964,25.0314,24.6204,24.2374,23.0314,20.5904,18.8844,18.7374,20.8554,21.7964,18.9144,12.9144,10.7964,12.1794,12.0614,9.35536,6.64936,6.38436,6.97336,5.53136,4.23736,3.62036,3.23736,2.03136,-0.17364,-0.11564,2.56136,4.53136,3.97336,1.76736,1.23736,2.03136,1.67936,0.53136,0.00236,1.82636
CO2_TUG_BCT2,2021-10-05,1526,False,3,4.76794,3.79694,3.29694,3.00294,2.59194,2.88594,4.26794,6.53294,14.1799,30.2389,41.2679,39.9149,27.7389,14.8559,10.3559,10.8859,12.3859,13.6209,12.3559,10.6209,8.76794,5.85594,2.23894,2.32694,3.82694,4.67994,3.91494,2.85594,2.06194,2.03294,1.97394,1.53294,1.38594,2.06194,3.35594,3.12094,1.38594,0.82694,0.94394,0.06194,0.00294,1.79694,4.03294,4.06194,2.06194,0.62094,0.03294,-0.40806,-0.23206,0.20894
CO2_TUG_BCT2,2021-10-05,1571,False,7,0.7107,1.7397,3.3577,3.8577,3.5047,3.7987,6.5927,11.8867,17.2107,24.0927,28.3867,26.3867,19.6817,14.6227,11.3867,11.4167,12.2697,12.1517,10.9757,10.2697,9.9457,9.4457,8.9757,8.3287,6.8867,4.2697,2.6227,2.2397,2.2397,2.4757,2.9457,3.1817,3.2987,4.0047,5.3577,5.5927,4.5047,2.3867,0.4457,2.4167,4.5927,4.8287,2.7397,1.6517,1.9757,2.3577,2.1517,1.0927,1.0927,0.7697
CO2_TUG_BCT2,2021-10-05,1581,False,5,2.41318,1.91318,3.03118,3.41318,2.58918,2.14818,3.23618,11.0012,26.0892,35.5312,40.2662,38.7072,29.3252,20.0312,17.5012,19.0012,19.9132,19.7952,19.4132,19.7072,19.6782,17.4722,15.4422,13.7662,12.2662,10.0602,7.97218,7.41318,7.79518,7.91318,7.00118,5.08918,3.91318,3.32518,3.00118,2.29518,1.11918,0.88418,1.03118,1.06018,1.11918,1.58918,2.47218,2.38418,0.79518,-0.99882,-1.05782,0.29518,1.23618,1.79518
CO2_TUG_BCT2,2021-10-05,1612,False,12,8.03372,9.23972,9.82772,10.0927,10.3577,10.8577,11.3277,11.8277,12.1807,13.0637,14.2397,13.6217,11.8577,9.38672,7.73972,5.23972,1.50472,1.79872,6.50472,9.82772,9.15172,6.06372,5.35772,7.03372,7.85772,7.18072,6.47472,7.68072,7.09272,4.15172,4.06372,6.44572,6.71072,6.41672,6.56372,6.18072,4.79872,2.53372,2.29872,4.03372,4.97472,5.03372,4.56372,3.59272,2.88672,2.47472,3.15172,4.76872,5.21072,4.85772
CO2_TUG_BCT2,2021-10-05,1663,False,5,1.06096,2.47296,3.91396,5.64996,6.73796,6.44396,5.76696,7.09096,12.65,22.679,27.797,27.003,22.591,18.885,15.738,14.091,13.267,11.708,9.56096,9.56096,10.12,10.444,11.12,13.003,16.326,17.885,17.208,14.385,10.797,8.82596,7.56096,5.94396,3.76696,3.14996,4.00296,5.91396,7.53196,7.85496,7.23796,5.35496,2.03196,0.47296,1.03196,2.91396,4.44396,4.06096,2.17896,0.82596,0.23796,0.82596
CO2_TUG_BCT2,2021-10-05,1664,False,9,1.8867,2.1517,4.3867,5.5637,5.7107,5.8287,6.6817,7.8577,7.5347,8.1227,10.1227,9.1817,5.0927,2.9167,2.4167,3.3577,6.5047,7.1517,4.9757,3.3867,2.7697,3.2397,3.6227,3.4457,2.9757,2.7397,2.6227,2.0047,1.2987,2.0047,2.5927,2.4457,2.0927,2.7987,4.5347,4.6227,3.5637,3.9167,3.5637,1.7697,0.9167,1.5047,2.8287,3.0047,3.0927,5.0927,5.4757,3.7697,2.9167,3.5047
CO2_TUG_BCT2,2021-10-05,1703,False,14,11.3873,16.9163,21.8283,21.5933,17.7693,17.4163,21.3873,24.8873,25.9163,26.5053,27.6523,24.5633,16.5933,11.7993,9.1813,7.1523,7.0053,7.8573,7.6223,7.2403,7.1223,6.6813,5.9753,6.0053,6.4163,6.8873,6.8873,6.4463,6.2403,6.3573,6.1223,4.9463,4.2693,4.2693,4.8873,5.5933,4.9163,4.5343,4.9163,5.1523,5.1813,5.2403,5.7103,6.6523,7.0633,6.6523,5.7103,5.0633,3.5933,0.8283
CO2_TUG_BCT2,2021-10-05,1707,False,12,3.32634,3.91434,5.06134,6.73734,7.29634,7.88534,9.38534,11.1493,14.0613,16.7963,16.9733,14.2673,10.6493,8.44334,6.79634,5.67934,5.12034,5.56134,5.70834,5.06134,4.41434,4.62034,5.56134,6.09034,5.20834,2.67934,1.64934,1.47334,0.17934,0.23734,2.06134,3.53234,5.06134,6.47334,6.97334,6.79634,6.20834,5.03234,3.20834,2.85534,3.26734,2.56134,2.59034,2.47334,1.67934,1.91434,3.29634,4.26734,5.06134,5.73734
CO2_TUG_BCT2,2021-10-05,1708,False,6,3.12034,3.50234,3.20834,1.97334,2.12034,3.20834,3.17934,6.26734,14.4143,20.2083,21.1203,19.8553,19.1203,18.7963,18.3853,18.3263,16.8853,12.5613,9.56134,7.82634,6.79634,5.53234,3.97334,3.82634,4.20834,3.00234,1.91434,1.32634,1.12034,1.32634,1.73734,1.53234,0.85534,0.85534,1.03234,1.03234,0.79634,0.32634,0.12034,0.32634,0.79634,1.06134,1.32634,1.76734,1.79634,1.59034,1.82634,1.88534,0.73734,-1.55666
CO2_TUG_BCT2,2021-10-05,1724,False,8,1.147,1.617,1.853,1.882,1.97,3,7,13.411,20.323,28.97,31.764,27.823,22.176,18.029,14,12.206,12.676,14.176,15.647,17.617,19.411,20.735,19.853,14.323,10.235,7.911,6.647,5.353,3.764,3.5,4.353,4.794,4.617,4.323,5.382,7.235,6.794,6.264,6.558,6.353,5.676,5.735,6.294,6.558,5.647,5.088,4.294,2.382,2.882,5.911
CO2_TUG_BCT2,2021-10-05,1727,False,10,2.35594,2.47294,1.06194,2.50294,11.2969,24.6789,39.2669,58.4439,69.4439,76.7089,84.2089,83.6789,75.5619,67.1199,56.5029,49.2379,49.2089,53.4729,55.7669,53.9149,49.0619,45.1199,40.5909,36.1199,32.4149,26.5909,20.6499,16.1789,11.3559,9.82594,10.5319,10.0619,10.1789,10.5029,10.3849,10.3849,11.0319,10.8559,8.79694,6.03194,5.26694,6.11994,7.26694,9.91494,13.5029,13.6199,9.59094,5.38494,4.03194,4.44394
CO2_TUG_BCT2,2021-10-05,1740,False,7,2.62054,3.47354,2.88554,1.56154,1.62054,3.41454,5.56154,10.8855,25.0615,41.0915,46.0615,43.1205,38.0325,30.0615,24.3555,22.2085,20.4145,18.0915,13.7975,6.70854,3.76754,5.20854,7.76754,10.4145,13.8265,15.1205,12.5035,6.97354,5.12054,6.88554,8.29754,8.59154,8.15054,7.23854,7.00354,7.23854,6.17954,4.32654,4.76754,5.23854,4.41454,3.35554,3.79754,5.47354,5.35554,4.06154,4.67954,4.73854,3.20854,2.20854
CO2_TUG_BCT2,2021-10-05,1746,False,3,4.88672,4.50472,3.62172,3.62172,4.41572,6.41572,22.9457,60.2397,95.4747,129.946,139.005,123.593,94.6517,77.7987,66.8577,53.9747,41.5927,25.9157,16.8867,14.3577,12.8577,12.2987,11.9747,10.9157,11.0627,11.9157,10.9157,9.62172,8.56272,8.20972,9.09272,10.8577,10.7397,8.03372,5.29872,4.94572,6.12172,5.85772,3.82772,2.50472,2.82772,3.97472,4.29872,4.85772,6.20972,6.62172,5.76872,4.76872,5.85772,10.0337
CO2_TUG_BCT2,2021-10-05,1759,False,16,3.00824,4.12524,4.12524,3.00824,2.18424,2.83124,4.77224,6.47824,8.47824,10.1552,10.7432,9.62524,6.65524,5.74324,6.83124,6.65524,5.33124,5.30224,5.41924,5.06724,5.24324,5.68424,5.06724,3.56724,1.86124,2.12524,2.91924,3.44924,3.47824,3.27224,3.65524,4.89024,6.09624,4.86124,3.36124,2.30224,2.06724,2.47824,2.71424,2.83124,3.53724,4.86124,4.86124,3.53724,2.94924,3.80224,5.62524,6.15524,5.80224,6.15524
CO2_TUG_BCT2,2021-10-05,1801,False,24,4.70952,5.68052,6.88652,7.59152,7.88652,7.85652,9.29752,12.6505,15.0035,16.6215,17.3275,17.3275,16.6215,15.2685,15.0335,15.9745,17.0335,17.5625,16.4445,15.8865,15.2975,12.9745,11.8565,11.9445,10.6215,8.06252,7.76852,7.85652,7.47452,7.82752,7.29752,5.50352,4.79752,5.15052,5.38652,5.41552,5.41552,5.41552,5.41552,5.41552,5.41552,5.41552,5.35652,4.85652,3.68052,2.91552,4.03352,6.79752,8.00352,7.94452
CO2_TUG_BCT2,2021-10-05,1816,False,8,5.0053,4.5933,4.9753,4.6813,3.3283,3.3283,8.8873,20.7103,30.5933,39.7693,43.7103,41.8873,36.9463,32.5053,26.7993,21.4753,18.4163,15.7103,13.2993,10.3283,8.1523,7.0343,5.7993,4.7693,3.7693,2.3873,2.1813,3.2693,4.1813,4.2403,3.7993,3.5933,3.7993,4.3583,5.3283,7.0053,8.1523,8.2103,7.5343,6.7403,5.7693,4.2993,3.4463,3.5933,4.8283,5.9753,7.0053,7.3583,6.4753,4.6523
CO2_TUG_BCT2,2021-10-05,1844,False,7,1.88946,2.06546,2.77146,3.50646,4.03646,4.77146,5.65346,7.33046,10.3005,12.5365,13.6535,12.5655,10.7125,9.41846,10.4475,10.3005,7.91846,5.44746,3.41846,3.88946,4.56546,3.97746,2.59546,2.12446,2.65346,3.88946,4.85946,3.30046,2.71246,3.71246,3.91846,3.53646,3.15346,3.88946,5.97746,7.35946,7.35946,5.97746,3.83046,2.62446,2.12446,2.50646,3.27146,3.27146,4.03646,4.41846,4.12446,4.59546,5.94746,6.38946
CO2_TUG_BCT2,2021-10-05,1845,False,6,3.6813,3.5053,4.1523,4.8283,4.8583,4.6523,8.5343,30.1523,68.5933,92.2703,100.858,93.6523,81.2703,65.5343,48.0053,23.6233,7.7113,4.2993,5.3283,5.7993,5.4173,5.0343,3.7703,0.9463,-1.1717,-1.7887,-1.6717,-0.2597,2.5643,3.8873,3.4173,2.4763,2.7403,3.3583,4.0343,5.2993,6.5053,5.3283,4.2403,3.6233,2.6813,2.2113,2.1523,2.2113,2.6813,3.5643,3.7113,4.0053,5.7993,6.2113
CO2_TUG_BCT2,2021-10-05,1853,False,2,7.1966,6.7266,6.4906,6.4616,6.4906,6.6966,6.9326,6.8436,7.8146,10.0206,10.1676,7.7266,5.3736,4.6966,5.7856,8.0496,8.5206,7.1966,6.0206,4.9906,4.6676,5.7266,7.6086,7.8736,7.7856,8.1376,7.7856,5.9326,3.6376,3.1376,4.1966,5.1966,5.9616,6.9026,7.1376,6.7266,6.4906,6.2556,4.6086,1.4906,1.2556,3.9616,6.0206,7.1376,6.9026,6.6376,7.5206,9.3736,10.0796,9.7556
CO2_TUG_BCT2,2021-10-05,1862,False,8,2.74128,2.09428,2.47628,3.41828,3.91828,4.21228,5.38828,11.8003,27.3593,41.3003,44.6233,40.6823,35.7713,32.3003,28.7413,26.6233,25.4763,24.6823,22.0353,16.8593,14.0353,11.8293,8.09428,6.53528,7.47628,9.09428,9.41828,7.62328,4.65328,3.91828,5.18228,6.12328,6.68228,6.88828,6.68228,6.21228,6.00628,6.21228,6.62328,6.41828,5.74128,5.80028,6.30028,6.09428,4.21228,3.09428,3.03528,3.74128,5.15328,5.88828
CO2_TUG_BCT2,2021-10-05,1870,False,20,8.44158,6.61858,5.11858,4.76558,6.50058,8.29458,9.76558,9.85358,9.23558,9.91258,10.2656,9.64758,8.82358,7.61858,5.73558,5.05958,5.64758,6.41258,7.11858,7.85358,7.91258,8.20658,8.97158,8.38258,7.02958,7.64758,7.85358,7.50058,8.61858,9.00058,8.08858,7.02958,6.50058,7.55958,7.52958,6.23558,6.23558,6.58858,6.61858,6.29458,5.11858,3.50058,3.02958,3.64758,4.23558,3.55958,1.70658,0.76558,0.64758,0.70658
CO2_TUG_BCT2,2021-10-05,1876,False,23,12.9706,11.2646,11.3236,13.5596,15.5006,16.7646,19.4126,23.4126,27.0006,30.8536,31.2066,24.8536,14.5886,10.3236,9.9706,8.3826,7.7646,8.5006,8.3826,6.5596,4.2356,3.3826,3.0296,1.8236,0.9126,0.3236,0.0006,0.6766,2.7946,3.9126,3.8236,3.4706,4.1766,5.8536,5.3536,2.4126,0.5886,0.6476,1.5596,1.9706,1.5596,0.6766,0.6766,1.5596,2.1176,2.9126,4.5006,5.2066,4.5886,4.1476
CO2_TUG_BCT2,2021-10-05,1877,False,6,3.41672,1.88672,1.29872,1.97472,2.44572,0.82772,1.65172,6.73972,17.0927,33.8277,41.2397,35.6217,21.9747,14.3867,12.6217,11.4167,9.26872,5.68072,3.68072,4.21072,6.29872,7.82772,9.06372,10.5047,10.5927,10.9457,12.1807,11.9167,9.88672,8.23972,6.00472,2.32772,1.23972,1.71072,0.47472,0.76872,2.97472,3.53372,3.94572,5.29872,6.06372,6.62172,7.47472,7.21072,5.62172,4.44572,4.12172,4.09272,4.06372,3.82772
CO2_TUG_BCT2,2021-10-05,1894,False,27,11.8853,12.6493,14.4143,14.7083,13.8853,14.2083,15.2963,16.7673,17.5903,18.6203,20.3263,19.7963,16.6203,14.2373,13.2083,11.5023,8.94334,7.97334,8.29634,8.50234,8.29634,7.82634,7.56134,7.29634,6.79634,6.32634,5.85534,5.76734,5.50234,4.47334,4.85534,6.17934,5.47334,4.67934,4.59034,4.76734,4.76734,4.17934,4.62034,5.97334,6.00234,5.88534,6.20834,5.82634,5.14934,5.88534,6.70834,7.03234,6.70834,5.79634
CO2_TUG_BCT2,2021-10-05,1900,False,20,9.76616,9.00116,8.38416,6.97216,5.59016,5.29616,5.76616,6.61916,8.76616,11.5602,12.5312,11.9722,11.3252,11.5312,12.2372,11.2372,9.41316,10.5602,11.5902,11.7662,12.4432,12.6482,12.1482,11.2372,10.0312,9.73716,9.38416,8.23716,7.20716,6.20716,4.76616,3.88416,2.38416,-0.23384,0.00116,3.11916,4.67816,4.17816,2.70716,1.53116,0.50116,0.11916,0.76616,2.17816,2.88416,2.97216,3.09016,3.94316,5.11916,4.64816
CO2_TUG_BCT2,2021-10-05,1909,False,16,8.32518,15.9422,23.4422,31.6482,34.8842,32.9722,29.6482,30.2372,32.2952,34.3542,35.0602,33.2952,29.3542,26.0312,22.7372,20.7072,19.1192,16.6782,15.1192,14.7372,15.4422,14.2952,11.3252,10.9722,12.3842,14.3842,15.4422,15.0892,13.4132,12.3252,12.2072,12.8842,13.0892,12.6192,11.8542,10.4132,9.08918,9.29518,10.8842,11.9422,11.3252,9.58918,9.61918,11.5602,12.5012,11.8842,11.2072,10.7072,10.7072,11.1192
CO2_TUG_BCT2,2021-10-05,1910,False,24,6.82772,8.12172,8.26872,7.44572,6.23972,6.12172,7.20972,9.18072,10.6217,11.9157,12.7987,12.6217,11.6517,10.7397,9.97472,10.0047,10.3867,10.6517,10.2987,9.15172,7.29872,6.94572,8.70972,11.1517,12.7687,13.5927,12.8277,11.7397,10.6807,9.94572,9.18072,8.50472,8.38672,8.12172,7.12172,7.85672,10.6217,12.2397,12.6517,12.4747,12.6517,12.8567,11.7397,9.68072,6.91572,6.56272,7.79872,7.15172,6.82772,7.65172
CO2_TUG_BCT2,2021-10-05,1923,False,29,8.56018,9.35418,10.4132,11.1782,10.5902,10.9132,12.6192,12.8842,11.8252,11.8542,14.0602,17.8542,18.9422,18.0312,16.6482,16.5012,16.6482,15.0012,14.0012,14.5602,15.9422,16.4132,15.8842,14.6192,13.4132,14.6482,16.0902,16.7072,16.2372,15.8252,15.7662,15.8252,16.2952,17.1192,16.7952,16.1482,17.5012,18.0902,17.2372,16.1782,14.2372,12.1482,13.1192,16.0602,15.9132,15.7072,17.0012,17.7372,16.6482,13.6782
CO2_TUG_BCT2,2021-10-05,1928,False,9,4.68012,4.76912,6.79812,9.26912,12.8861,18.7691,23.7691,34.4741,51.6801,59.9451,60.4741,58.5631,55.5331,51.3861,51.0921,55.5331,59.5921,58.0921,53.0921,52.5921,53.3571,52.7691,50.1221,44.9161,41.3861,38.5041,32.7981,27.1511,25.0331,24.6511,23.3271,19.7981,16.2691,14.7101,12.6801,8.91612,7.03312,6.79812,6.76912,6.53312,6.03312,5.62212,5.59212,6.09212,4.88612,1.68012,0.21012,0.00412,-0.64288,-0.52588
CO2_TUG_BCT2,2021-10-05,1945,False,27,7.67718,7.38318,7.70618,7.91218,6.35418,6.11818,8.55918,11.7062,13.6772,15.2652,16.1182,15.9712,14.7062,13.3832,12.3542,12.6182,13.2362,13.6482,12.9422,11.0892,10.0302,8.88318,6.29518,3.97118,3.38318,3.88318,5.05918,6.97118,7.91218,7.97118,7.50118,6.44218,5.03018,3.17718,2.94218,4.23618,4.94218,5.08918,5.55918,6.44218,6.44218,5.58918,5.35418,5.76518,5.97118,5.79518,5.55918,5.70618,5.20618,3.91218
CO2_TUG_BCT2,2021-10-05,1977,False,19,21.8322,23.5672,25.0672,26.3022,27.7732,28.4492,28.3022,28.0672,29.6552,32.9202,33.5672,30.9792,26.2142,23.7732,22.7732,21.2732,19.8612,18.3612,17.5962,17.0382,16.0962,15.5962,15.3022,15.0082,16.1552,18.7142,19.6852,19.8612,20.2432,19.9792,18.8322,17.8912,17.5382,17.0382,16.0962,15.6262,15.3022,13.2732,9.74324,9.00824,9.03824,7.24324,4.24324,3.27324,3.97924,4.03824,3.62624,4.06724,4.21424,3.56724
CO2_TUG_BCT2,2021-10-05,1989,False,19,6.1223,4.9463,4.6223,4.7403,6.0643,9.5933,13.0933,14.2403,14.3873,15.0933,15.5343,15.4753,14.4753,12.1223,10.2693,9.9753,10.8583,12.0933,13.0643,13.9753,13.9753,14.5053,17.3583,17.5933,15.2403,14.9753,15.2403,14.8583,14.5933,14.3283,13.8583,13.5933,13.3283,12.7993,12.0933,11.0053,9.6813,8.4463,8.8873,9.2403,8.8583,8.5643,8.0643,7.0643,6.1813,5.6523,5.9463,5.1813,4.2993,6.5643
CO2_TUG_BCT2,2021-10-05,2019,False,18,0.62388,1.24188,1.15388,1.21188,3.47688,5.97688,8.68288,11.4769,16.0949,20.7119,21.8299,20.5949,19.6539,19.0949,18.7119,17.4179,14.3589,11.9179,12.2419,14.3299,14.1829,12.2119,12.1829,12.4179,11.5649,10.4179,10.1539,10.6539,11.5059,12.2419,11.4769,10.5949,11.2119,13.8589,14.0359,11.2419,8.38888,5.15388,3.18288,2.21188,1.94788,3.44788,3.35888,1.24188,0.71188,1.50588,1.44788,2.47688,5.24188,6.53588
CO2_TUG_BCT2,2021-10-05,2032,False,7,2.6227,0.5927,0.3877,2.1517,3.6817,3.2987,1.7107,3.0347,9.7407,17.4167,18.1227,13.3287,10.8287,11.2107,12.6227,13.1517,11.8287,9.0047,7.4167,5.8287,3.0347,1.8577,2.0637,1.6517,0.7407,0.8577,0.4757,0.0637,2.0047,3.7697,4.7987,4.5637,3.2107,2.5347,2.6817,3.1517,3.3287,2.8877,1.9757,1.8577,3.2107,5.2987,5.8577,4.0927,1.1817,0.9167,3.0637,3.8577,2.3577,0.0047
CO2_TUG_BCT2,2021-10-05,2063,False,10,2.94218,3.08918,1.97218,0.35418,-0.14582,0.35418,2.06018,8.20718,17.6772,22.3252,22.3832,20.0602,18.9422,19.2362,19.2072,17.1192,12.8542,10.4422,9.23618,8.08918,7.82518,8.23618,8.41318,7.97218,7.03018,6.64818,7.29518,8.73618,9.67718,10.1192,9.44218,7.82518,7.56018,9.06018,10.2662,7.58918,4.88318,2.50118,0.50118,0.82518,4.03018,7.82518,9.61918,10.5012,11.1772,11.2072,10.6192,9.32518,7.88318,8.73618
CO2_TUG_BCT2,2021-10-05,2124,False,8,1.88476,3.32576,3.94376,3.29576,1.64876,1.11976,5.97276,17.7378,33.8848,53.1198,55.4728,50.6788,47.2958,47.3548,48.5318,49.2078,46.3848,38.4438,31.3848,27.2668,23.5018,22.0018,21.2958,19.7378,17.6198,14.7078,13.3258,13.4138,14.1198,14.7378,14.2958,12.9728,12.7378,13.5908,14.1198,14.6488,15.4728,14.9728,12.9138,11.4138,10.3258,8.64876,7.41376,6.61976,5.56076,4.41376,3.17876,3.00176,3.70776,5.38476
CO2_TUG_BCT2,2021-10-05,2125,False,14,-1.81576,-0.40376,4.71324,8.00824,9.74324,10.4492,10.5662,10.8022,11.3022,11.7722,12.2432,12.1842,11.2722,10.0962,9.41924,7.94924,5.18424,4.24324,5.21324,7.12524,8.83124,7.30224,6.68424,7.41924,6.47824,5.65524,5.33124,3.89024,2.24324,3.86124,5.09624,5.06624,5.21324,4.71324,3.44924,3.53724,4.15524,2.89024,2.86124,3.89024,2.77224,2.21324,3.09624,4.39024,6.80224,9.18424,8.56624,5.47824,4.53724,5.74324
CO2_TUG_BCT2,2021-10-05,2181,False,8,4.4163,4.1523,3.2403,3.0053,4.6523,15.5933,41.9753,65.7693,79.8283,95.2403,106.24,105.563,97.1813,89.8873,77.5933,59.7993,46.9753,35.4463,29.0933,27.7693,27.7103,27.6523,25.7693,21.0933,17.1523,13.7993,12.6223,12.6523,12.6223,12.0053,9.8873,6.9753,5.0633,3.7403,3.4463,3.1223,2.1223,1.0633,0.5343,1.7103,2.5633,2.6813,2.6523,2.4163,2.0933,2.8873,4.0343,3.0053,3.1523,5.3573
CO2_TUG_BCT2,2021-10-05,2185,False,18,6.18248,9.97648,12.6235,13.4765,14.1535,14.8885,15.2115,17.7705,24.0945,28.9175,29.4765,27.7415,26.3295,22.4475,14.9175,11.3005,12.0065,14.4765,16.5945,18.3585,17.2705,13.8585,13.3005,14.8005,16.3005,15.4475,13.4765,10.9175,8.94748,6.68248,4.74148,5.27048,7.30048,7.30048,6.77048,6.68248,6.82948,8.00648,10.3885,11.7115,11.6235,10.4765,10.0355,10.3295,9.68248,6.88848,3.56448,3.65348,6.30048,6.97648
CO2_TUG_BCT2,2021-10-05,2199,False,14,25.6009,29.9539,33.3069,33.5129,32.0719,33.9839,37.4539,41.1899,41.9249,41.7189,42.0719,42.0419,41.3659,40.5419,39.3659,37.6899,37.3069,38.1309,39.3069,37.3369,28.7189,17.3949,10.6309,6.54194,5.80694,6.01294,5.57194,4.80694,3.36594,1.98394,1.65994,1.83694,1.68994,2.18994,3.48394,3.60094,3.21894,4.39494,5.21894,5.10094,4.60094,4.13094,3.60094,3.15994,2.89494,3.10094,3.04194,2.36594,1.60094,0.86594
CO2_TUG_BCT2,2021-10-05,2204,False,15,6.06094,6.29694,6.50294,6.53194,6.59094,7.06094,8.17894,10.2669,14.7969,19.4139,20.5319,19.2379,17.9139,17.1199,17.7669,17.9139,17.0609,16.6199,16.7969,17.3259,17.9139,17.9439,16.5319,15.7669,16.5909,18.3559,18.3559,16.4439,14.1499,10.2669,6.38494,5.67894,6.67894,6.26694,6.14994,7.00294,7.38494,6.73794,5.44394,5.70794,7.73794,9.11994,9.23794,8.94394,9.76694,11.1499,10.3849,9.20794,8.85594,9.82594
CO2_TUG_BCT2,2021-10-05,2232,False,8,2.77284,3.39084,4.15584,4.89084,5.83184,6.53784,9.89084,17.3908,22.7728,26.5378,27.9198,26.0088,21.5968,18.1558,15.7728,15.7148,15.7728,14.9198,14.3318,13.3318,11.3318,9.39084,6.91984,5.00884,4.30284,4.71484,6.27284,6.47884,5.18484,4.56684,5.18484,6.47884,6.18484,3.91984,2.18484,2.77284,5.00884,5.74384,5.18484,5.18484,5.18484,3.80284,0.97884,-0.43316,-0.55016,0.03784,1.91984,4.15584,4.36184,3.77284
CO2_TUG_BCT2,2021-10-05,2234,False,8,5.76618,6.11918,5.94218,9.70718,20.3832,28.5012,34.1482,35.1482,34.0602,36.7952,37.6192,31.7952,21.5602,15.8242,13.1482,10.6192,7.67718,6.94218,7.14818,8.14818,10.5892,10.7952,8.82418,9.29518,12.4422,14.0892,14.0892,12.4422,9.14818,7.50118,7.32418,7.47118,7.23618,6.11918,5.91318,6.64818,6.23618,4.88318,4.85418,5.00118,4.82418,5.00118,4.73618,3.82418,3.38318,3.56018,3.94218,3.47118,2.08918,1.47118
CO2_TUG_BCT2,2021-10-05,2247,False,7,5.03118,4.44218,4.32518,3.23718,4.94218,10.5892,18.4422,32.6482,46.5892,53.7372,56.8842,54.5312,48.9422,40.8542,34.9132,31.1482,31.4422,31.0892,27.9722,25.7072,25.7662,26.7072,24.1192,17.6192,14.0012,11.0602,6.35418,4.76618,5.38418,6.32518,6.50118,7.03118,9.32518,10.2952,10.2372,11.0312,10.5012,8.20718,6.82518,6.44218,6.61918,6.26618,4.64818,2.94218,3.58918,6.35418,8.00118,8.64818,8.82518,8.32518
CO2_TUG_BCT2,2021-10-05,2248,False,9,2.44278,4.05978,4.61878,5.20778,6.76578,9.03078,13.1188,17.3248,22.0898,28.3548,30.0018,29.5018,29.0308,26.2368,20.8248,18.4428,18.2078,18.7078,20.5308,22.8548,25.6778,26.0598,23.6488,21.1778,19.1778,15.3248,10.6188,8.61878,8.32478,7.85478,6.91278,6.50178,6.73678,6.26578,3.88378,2.29578,1.70778,1.88378,2.32478,2.00178,2.70778,4.53078,4.73678,4.17778,3.73678,4.20778,5.58978,6.23678,5.79578,4.38378
CO2_TUG_BCT2,2021-10-05,2255,False,9,2.09742,2.21542,2.59742,2.12642,1.03842,2.71542,7.56842,11.0384,16.7444,27.2744,33.0684,31.5974,23.5974,17.6264,15.1854,17.2154,20.0384,22.7154,24.4794,25.0974,23.7444,21.5384,19.0684,18.3914,17.0384,13.7744,12.0384,12.5384,14.7444,16.4794,17.0974,15.8914,14.8034,14.2154,13.9504,13.6854,13.0974,11.8914,9.74442,8.39142,8.50942,9.21542,8.03842,4.80342,3.30342,4.30342,6.89142,8.53842,8.92142,8.92142
CO2_TUG_BCT2,2021-10-05,2269,False,10,0.94158,3.88358,6.35358,6.38358,5.53058,6.55958,8.29458,11.4716,15.5886,18.2656,20.2366,20.0006,16.3536,11.7366,10.4416,11.5596,11.8836,11.7366,12.5596,12.2656,10.4716,9.50058,9.20658,9.20658,9.85358,9.82458,9.05958,9.38358,10.0306,8.61858,7.55958,7.38358,7.14758,6.67758,6.38358,5.85358,4.67758,3.88358,4.76558,7.03058,7.79458,7.47158,7.91258,8.05958,7.41258,6.70658,6.44158,6.26558,5.05958,2.47158
CO2_TUG_BCT2,2021-10-05,2270,False,14,8.8536,13.8236,17.8826,20.5296,19.4706,17.5296,16.8826,19.0006,22.1766,25.9416,26.4116,23.8236,22.2356,20.4416,15.9706,11.3236,9.9706,10.8536,12.3826,13.8536,13.0596,11.5886,10.2946,9.8536,8.3536,5.1766,4.0886,4.1176,2.5296,1.8826,2.4416,2.3826,1.7356,0.7646,0.3236,0.5006,1.0296,1.8236,3.5006,5.4116,6.4116,6.8236,5.8826,3.5596,2.3536,2.0296,2.0296,2.7066,2.9116,2.5886
CO2_TUG_BCT2,2021-10-05,2274,False,9,2.85712,2.85712,3.73912,3.91512,4.21012,5.15112,6.65112,9.91512,16.5621,21.8271,22.3861,20.0621,17.7101,15.2101,13.9741,13.2981,11.8861,10.5041,10.2101,10.5921,10.6511,10.6801,11.3571,11.4741,10.3571,8.79812,8.76812,9.94512,9.47412,7.21012,6.09212,6.29812,6.29812,4.91512,4.26812,4.53312,4.03312,2.41512,1.26812,1.23912,2.15112,3.29812,3.56212,3.12112,2.71012,2.68012,3.35712,3.59212,3.41512,3.65112
CO2_TUG_BCT2,2021-10-05,2276,False,6,1.88418,1.35418,1.82518,3.35418,2.41318,2.00118,6.56018,16.6782,27.0312,38.8542,44.0012,43.5312,42.1482,38.3252,30.7072,22.8542,13.2372,7.79518,8.06018,10.0902,9.47218,9.20718,10.4132,10.5602,9.00118,7.20718,7.06018,7.67818,6.85418,5.29518,3.38418,2.88418,3.47218,3.64818,4.79518,6.88418,7.06018,7.94218,10.5312,10.5902,7.00118,3.03118,1.79518,2.79518,4.41318,4.91318,4.38418,2.97218,0.59018,-0.46882
CO2_TUG_BCT2,2021-10-05,2280,False,10,5.62584,4.21484,3.65584,3.15584,2.47884,3.30284,4.86184,7.12584,10.3908,14.9788,16.8318,16.5378,15.0968,12.9788,12.0088,11.8318,11.3318,10.1558,9.21484,8.91984,8.68484,7.12584,4.53784,4.27284,4.62584,4.94984,6.09684,6.41984,5.09684,3.06684,2.80284,4.30284,6.33184,7.12584,3.74384,2.53784,4.47884,4.97884,3.94984,3.59684,2.86184,1.47884,1.41984,1.30284,0.41984,0.03784,0.68484,2.21484,3.89084,6.09684
CO2_TUG_BCT2,2021-10-05,2292,False,6,2.67818,1.73718,1.00118,1.64818,4.47218,6.06018,6.44218,7.97218,11.7372,15.0602,16.2662,15.6782,13.6482,13.2072,14.5602,15.8252,16.1482,14.4722,13.1192,12.2662,11.5312,11.0312,10.7072,11.7662,13.6192,12.9722,10.9422,9.17818,9.91318,9.26618,6.06018,4.17818,4.91318,8.11918,9.09018,6.73718,3.82518,3.73718,6.11918,8.50118,9.82518,8.03118,7.00118,6.09018,2.70718,1.85418,3.97218,5.23718,4.67818,2.50118
CO2_TUG_BCT2,2021-10-05,2297,False,27,6.00706,7.30106,8.71306,9.27206,9.56606,9.94806,9.47706,8.38906,9.91906,13.5951,14.0361,13.0661,11.7721,10.1541,9.65406,10.0661,10.3891,9.71306,7.65406,6.97706,7.77206,8.27206,8.56606,8.91906,8.33006,7.41906,8.15406,7.50706,5.74206,6.80106,7.06606,5.44806,5.18306,6.24206,6.56606,6.97706,7.18306,5.77206,6.56606,9.97706,10.3011,7.94806,7.83006,9.15406,10.1831,9.41906,10.0071,12.4191,11.5361,7.47706
CO2_TUG_BCT2,2021-10-05,2308,False,7,2.82712,4.53312,3.91612,1.44512,1.23912,1.97412,2.91612,7.18012,21.0921,39.5631,46.3861,42.4161,35.1511,30.2981,26.3861,24.3271,24.3571,25.2981,25.9161,25.7391,24.4161,22.5631,20.2391,19.9451,21.2101,21.0041,18.8861,14.5921,10.8571,8.06312,4.65112,3.12212,3.85712,5.62212,5.79812,5.44512,7.29812,8.35712,7.85712,6.06312,3.44512,3.12212,2.94512,1.85712,1.71012,2.56312,4.03312,4.97412,5.53312,5.68012
CO2_TUG_BCT2,2021-10-05,2309,False,10,1.73912,2.59212,3.59212,3.65112,1.59212,0.88612,2.82712,7.68012,25.1511,57.2091,67.6211,49.8861,23.5921,10.6211,5.03312,0.88612,0.00412,1.26812,2.32712,3.82712,5.70912,4.82712,1.41512,0.00412,0.00412,0.03312,0.20912,1.62112,4.20912,3.76812,0.41512,-0.90788,-0.20188,1.20912,1.82712,2.62112,4.70912,5.62112,5.29812,5.15112,5.82712,7.23912,7.65112,5.38612,0.85712,0.00412,3.23912,5.97412,6.15112,4.82712
CO2_TUG_BCT2,2021-10-05,2310,False,14,9.62348,8.12348,6.91848,6.65348,8.50648,12.8885,14.5065,13.5355,14.1235,17.3295,20.2415,20.1825,18.1825,17.3005,15.9765,13.2705,12.4765,13.0065,12.4185,12.7125,14.2705,14.6235,13.5655,11.5655,10.0065,9.18248,9.85948,10.2705,10.1235,10.4185,11.0945,12.0355,12.2125,11.3295,9.91848,7.82948,6.35948,9.15348,11.0355,10.7125,9.35948,7.44748,7.18248,7.21248,6.32948,5.18248,4.91848,5.27048,4.85948,2.53548
CO2_TUG_BCT2,2021-10-05,2311,False,12,3.85888,5.68288,7.44688,10.0649,10.9469,10.4179,9.47688,9.35888,10.7119,12.7419,12.9179,10.9179,8.68288,6.94688,5.03588,4.59388,5.65288,6.50588,6.09388,4.71188,4.00588,3.91788,3.91788,3.85888,3.38888,2.47688,2.15288,1.85888,0.79988,1.06488,2.85888,3.85888,4.44688,5.29988,5.00588,3.18288,1.62388,1.77088,3.09388,3.71188,4.50588,6.50588,6.65288,4.44688,2.68288,3.03588,4.77088,5.00588,3.71188,2.91788
CO2_TUG_BCT2,2021-10-05,2312,False,9,4.35358,6.29558,7.79558,6.70658,8.08958,13.3246,16.5306,18.2656,20.9426,24.2956,27.7366,26.7656,21.6476,13.4716,9.47158,8.97158,9.03058,9.53058,10.7066,11.6186,11.7956,12.2956,13.8246,13.7956,11.9716,10.4716,8.70658,6.91258,6.70658,6.85358,5.26558,4.64758,5.50058,6.38358,6.91258,6.50058,6.53058,7.17758,7.23658,7.53058,8.41258,8.67758,8.50058,8.67758,8.26558,6.17758,3.41258,2.64758,3.55958,4.97158
CO2_TUG_BCT2,2021-10-05,2313,False,9,2.922,2.834,5.01,6.158,6.069,5.54,5.01,5.452,7.893,9.863,10.746,10.04,9.422,9.422,9.952,9.952,8.01,7.922,9.158,7.746,6.51,6.246,5.687,5.452,7.128,8.363,8.275,7.01,5.628,4.04,2.922,3.775,7.599,8.393,5.393,3.099,2.922,3.775,4.069,4.128,4.893,5.716,6.01,5.099,4.687,5.01,4.687,3.069,1.334,1.716
CO2_TUG_BCT2,2021-10-05,2315,False,7,3.18288,3.65288,4.47688,4.06488,2.71188,3.00588,5.71188,10.9179,16.6829,23.0949,24.4479,21.6239,17.0359,15.0649,14.2999,13.0949,13.7999,16.5359,17.8589,17.1239,14.0649,10.1239,8.85888,9.62388,10.2709,10.3299,9.65288,9.35888,9.06488,7.85888,6.94788,6.53588,7.38888,9.00588,8.71188,7.77088,7.44788,8.27088,7.97688,6.21188,5.68288,7.44788,10.3299,10.3299,7.44788,5.59488,5.41788,5.74188,5.09488,3.71188
CO2_TUG_BCT2,2021-10-05,2320,False,6,3.33124,1.80224,1.65524,3.33124,4.03724,5.09624,8.39024,10.4782,12.8312,16.9492,18.1252,16.3312,13.8612,9.97824,6.50824,4.18424,2.89024,4.77324,6.24324,6.36124,5.65524,4.24324,3.59624,3.92024,4.39024,3.97824,4.03724,4.83124,4.62524,3.50824,3.39024,4.44924,6.12524,6.50824,5.68424,4.24324,3.36124,1.86124,-0.75676,-0.40376,3.65524,7.18424,8.33124,8.33124,7.36124,5.24324,3.92024,4.18424,4.86124,4.12524
CO2_TUG_BCT2,2021-10-05,2324,False,5,2.47236,5.26636,6.35536,5.35536,3.67836,2.70836,2.44336,6.73736,28.8254,65.2374,75.5314,55.1194,28.0314,14.7964,9.17836,6.56036,6.53136,9.00236,9.64936,8.20836,7.61936,6.79636,4.85536,3.32536,2.73736,3.88436,4.35536,2.82536,0.32536,-0.17464,1.06036,1.56036,1.41336,1.73736,2.67836,4.35536,5.56036,6.11936,6.56036,6.26636,4.88436,3.56036,3.64936,4.29636,3.50236,2.17836,0.85536,1.50236,3.76636,4.20836
CO2_TUG_BCT2,2021-10-05,2330,False,11,6.15522,5.39122,2.18522,0.00822,0.89122,4.59722,7.92022,9.27322,10.0672,11.7732,13.6852,12.5382,11.5082,11.3322,10.4502,8.59722,5.74422,4.56722,4.86122,4.95022,3.92022,2.50822,3.12622,3.21422,1.92022,1.39122,2.71422,5.50822,6.53822,5.06722,2.59722,2.33222,4.18522,5.89122,6.47922,4.62622,3.56722,3.86122,4.33222,6.24422,9.74422,9.59722,6.30222,5.56722,5.77322,5.39122,5.18522,5.33222,5.33222,4.56722
CO2_TUG_BCT2,2021-10-05,2333,False,11,3.91494,4.85594,13.2679,30.1209,48.2979,70.1799,79.1509,78.8269,82.1209,91.0619,102.621,101.915,92.7389,75.3269,58.3859,52.0329,51.0619,48.8859,44.1799,40.8269,37.7389,32.7679,28.6509,24.1209,20.5619,19.0029,17.0029,14.0029,13.0329,13.8859,14.8269,14.4149,11.5619,11.2679,13.1509,12.5919,12.7979,15.0329,16.4449,17.0619,17.2389,16.8859,16.6509,17.6509,18.7679,19.6799,18.9449,15.0029,9.97394,8.88594
CO2_TUG_BCT2,2021-10-05,2347,False,5,-0.08624,-0.35124,2.29576,3.82576,3.53076,2.17876,3.61976,9.32576,20.2668,35.6198,38.5608,33.9728,27.5018,23.5608,21.2668,17.9138,15.3548,13.0608,9.88376,9.58976,11.7368,12.0608,10.5898,8.06076,6.06076,4.97276,6.11976,8.38376,10.1488,8.67876,8.64876,11.1788,12.0018,11.7078,12.8258,13.0308,10.7958,7.73676,8.14876,11.4728,11.1788,6.70776,3.67876,3.17876,3.58976,3.82576,3.85476,3.82576,3.44276,1.79576
CO2_TUG_BCT2,2021-10-05,2351,False,5,2.5637,2.4757,2.5347,3.0047,3.9167,4.4757,6.6517,13.0347,27.1227,50.0047,56.6517,43.0347,24.6817,15.2997,11.1227,10.5047,13.3287,18.6227,21.7697,23.7407,25.5637,25.7697,24.2107,22.1227,19.7107,16.2997,14.2997,12.6817,10.4757,8.7997,7.3577,7.3577,8.6817,9.4167,9.6817,9.6817,9.0637,9.3287,10.7697,11.9167,11.2997,7.7107,5.2407,4.2697,4.3577,5.2407,6.6817,7.4167,7.7407,8.1517
CO2_TUG_BCT2,2021-10-05,2356,False,24,5.9757,6.7397,6.7697,4.7107,3.9757,5.6807,8.0637,9.2987,9.9457,10.6227,11.3577,11.2697,10.3867,8.9457,8.2397,8.1517,8.1807,8.3577,8.3577,7.6227,7.0637,7.4757,9.0927,9.7697,9.4167,9.0637,8.0927,6.2987,6.0337,7.0927,7.3867,7.7107,8.6517,9.3277,9.6227,9.5337,10.2697,10.7107,8.2987,7.9757,10.5337,11.7107,11.4167,11.1517,10.9457,10.9457,11.7107,12.6227,13.4757,12.8277
CO2_TUG_BCT2,2021-10-05,2357,False,17,8.11878,9.85478,11.1778,12.7658,15.8548,18.4428,19.2958,19.4428,19.9128,20.8548,20.9718,18.2078,12.5598,9.85478,10.4428,12.3548,13.4428,13.3248,12.1188,11.1778,10.3838,9.67778,9.41278,9.41278,9.47178,8.53078,6.08978,5.79578,7.26578,7.05978,6.73678,7.05978,6.73678,5.11878,3.35478,3.53078,5.32478,6.23678,6.11878,5.67778,5.67778,6.11878,6.29578,5.76578,4.11878,2.44278,3.32478,6.61878,8.85478,9.53078
CO2_TUG_BCT2,2021-10-05,2358,False,10,1.50058,1.94158,2.82458,2.97158,3.26558,6.17758,15.5306,32.2946,41.6476,44.5596,44.6776,43.1186,38.8246,32.9126,28.3246,23.7946,21.5886,20.6186,19.0006,16.5886,12.7366,10.1776,9.73658,9.97158,8.85358,6.53058,6.08858,6.58858,6.88358,6.67758,6.70658,7.14758,7.35358,7.14758,6.50058,4.91258,2.53058,2.08858,2.61858,3.05958,2.67758,2.00058,2.67758,3.05958,2.76558,3.11858,3.55958,2.38358,1.55958,1.67758
CO2_TUG_BCT2,2021-10-05,2365,False,11,6.23854,5.41454,3.76754,1.35654,0.23854,1.00354,5.47354,13.1205,17.6505,19.9145,20.3265,19.0325,17.3855,14.8855,10.3565,7.03254,5.85654,5.38554,5.91454,7.76754,9.35654,9.44454,8.56154,8.09154,8.03254,8.12054,8.70854,9.17954,8.03254,7.38554,7.50354,7.12054,5.73854,3.38554,2.53254,3.56154,5.20854,5.88554,5.50354,4.59154,4.35654,4.67954,4.35654,4.15054,5.79754,6.76754,5.97354,4.12054,3.41454,3.88554
CO2_TUG_BCT2,2021-10-05,2366,False,16,11.9463,14.4163,16.5933,18.5343,21.0053,22.9163,23.6813,23.7403,23.0933,23.1223,23.8873,23.4163,21.5933,20.3873,18.3283,15.5053,16.0933,16.2993,14.4753,12.5933,10.5933,9.7693,10.5053,11.6813,11.2403,10.8873,11.2693,11.5343,11.7993,12.2403,12.2993,12.3283,12.9463,12.6813,11.3283,10.5343,9.7403,8.2693,7.0933,6.0633,5.6223,5.7993,6.3283,7.0343,8.0053,8.5053,8.6523,7.9463,5.8873,5.2103
CO2_TUG_BCT2,2021-10-05,2370,False,26,3.23776,4.35476,6.35476,8.79576,9.26676,9.06076,9.70776,11.2378,12.8848,14.8548,15.6488,14.5898,12.2958,11.5898,12.3548,12.6488,12.7078,13.1788,11.7378,8.03176,6.17876,6.29576,7.70776,9.82576,10.7958,10.8258,10.0608,8.17876,6.56076,6.23776,6.70776,7.23776,6.79576,4.44276,3.06076,2.64876,2.23776,2.47276,3.44276,4.38476,5.38476,5.79576,5.47276,5.23776,6.20776,7.08976,7.53176,6.82576,4.97276,4.00176
CO2_TUG_BCT2,2021-10-05,2371,False,23,4.80224,5.30224,5.77224,6.36124,7.59624,11.3902,16.8312,19.5662,20.8022,21.9192,21.9492,20.9492,19.3902,16.2722,13.0372,12.0662,11.6842,9.74324,8.15524,7.24324,7.94924,8.83124,6.68424,6.53724,8.89024,9.18424,9.15524,9.91924,9.68424,8.33124,7.68424,8.12524,9.53724,10.7722,9.89024,7.15524,5.91924,5.74324,5.18424,5.89024,7.94924,8.74324,9.36124,10.6552,10.7132,9.86124,10.2132,11.2432,10.8312,7.12524
CO2_TUG_BCT2,2021-10-05,2372,False,16,16.2366,16.3836,20.0006,22.9126,24.6186,25.2656,24.8836,24.0596,24.5596,26.6186,27.8536,26.8836,24.7946,24.5306,22.9416,18.7366,16.2066,15.4716,15.8536,15.3536,12.3536,8.35358,6.61858,6.26558,5.23658,4.05958,5.26558,6.44158,6.35358,5.20658,4.76558,4.97158,3.97158,2.58858,4.00058,5.29458,5.94158,6.67758,5.50058,2.32458,1.14758,1.88358,2.26558,1.73658,1.26558,2.35358,2.50058,1.20658,0.61858,1.47158
CO2_TUG_BCT2,2021-10-05,2378,False,11,3.50236,4.14936,6.50236,9.85536,11.7964,12.8844,13.8554,19.3254,31.3254,40.4724,44.9724,41.1494,37.3844,35.7674,33.5614,29.5024,26.2374,23.6194,19.7674,17.0614,15.2674,11.9144,8.14936,6.61936,6.47236,6.82536,8.23736,10.4144,11.8554,12.8554,12.7374,10.9144,8.70836,9.06136,12.7084,16.4724,16.2374,13.3554,12.9144,13.6194,14.2084,14.4144,12.7964,8.94336,8.03136,10.3254,12.9434,14.7374,13.0614,11.4144
CO2_TUG_BCT2,2021-10-05,2381,False,13,4.32536,4.94336,5.20736,4.44336,5.50236,10.5904,16.7964,20.0314,21.8554,23.3554,24.1494,22.7964,22.1784,22.7374,22.6784,22.0314,21.0024,19.9134,17.7374,14.9134,13.5904,12.7374,11.2964,10.3554,9.97236,10.9134,11.8254,9.44336,7.64936,8.11936,10.0024,9.26636,5.73736,4.56036,5.73736,6.41336,6.17836,5.00236,3.50236,3.94336,6.29636,8.06036,8.67836,7.59036,7.29636,7.41336,5.91336,6.00236,8.17836,8.94336
CO2_TUG_BCT2,2021-10-05,2389,False,20,15.5443,19.7803,21.3973,21.6033,21.2213,20.5743,19.3383,18.3683,20.1323,22.1623,22.8093,20.9273,19.6323,19.3383,18.3383,15.9853,14.1913,14.3093,15.6623,16.2803,15.6623,14.1623,13.0743,14.1623,18.4853,19.8093,17.7803,16.5743,16.1913,15.6033,14.4273,12.5153,11.4563,10.3973,8.5443,7.8683,8.4563,9.3383,10.8093,12.0153,10.0743,8.1323,6.9853,6.6033,7.2503,8.5443,8.5153,8.3683,10.5443,10.6623
CO2_TUG_BCT2,2021-10-05,2393,False,9,3.53136,1.23736,0.64936,3.79636,10.5314,20.0024,32.3554,36.3254,39.0604,45.8844,49.0024,47.5604,44.3844,42.0024,39.7084,36.7964,32.2084,28.3254,22.5904,12.3844,6.20836,4.44336,3.35536,2.56036,2.73736,4.56036,5.14936,3.88436,2.38436,1.14936,-0.11564,0.76636,3.50236,4.23736,4.14936,4.09036,3.38436,2.94336,2.88436,2.94336,3.41336,4.14936,3.09036,0.79636,1.14936,2.82536,4.70836,4.76636,3.47236,3.56036
CO2_TUG_BCT2,2021-10-05,2394,False,13,9.76676,6.61976,4.38376,3.70776,5.06076,7.97276,16.0898,28.1488,35.8548,41.0898,42.3548,39.5898,36.1488,33.5898,30.3838,27.6488,25.6198,23.2078,22.0898,21.0018,18.1788,15.0018,11.7668,11.2958,11.7668,11.7958,11.2958,10.1198,9.26676,9.53076,9.73676,8.17876,7.79576,8.94276,8.88376,8.50176,10.3258,11.0018,9.06076,6.47276,7.11976,10.9138,13.8838,14.3548,10.7368,9.50176,11.5308,12.6488,12.3258,11.2668
CO2_TUG_BCT2,2021-10-05,2398,False,12,0.06548,0.44748,2.80048,6.77148,8.44748,8.15348,7.94748,10.9765,18.5355,22.6825,23.4185,23.0065,21.3885,18.2415,14.2715,7.74148,2.15348,0.80048,2.47648,4.77148,5.30048,4.35948,3.03548,1.80048,2.24148,2.59448,2.21248,1.91848,1.41848,0.62348,1.18248,2.30048,1.12348,0.15348,0.47648,1.53548,2.94748,4.82948,5.27148,4.21248,3.15348,2.09448,1.59448,3.41848,4.24148,3.56548,3.68248,4.09448,2.91848,2.09448
CO2_TUG_BCT2,2021-10-05,2399,False,23,1.95276,3.30576,3.51176,2.42376,1.74676,3.74676,9.36476,14.3648,16.5118,17.6878,18.4528,18.0408,15.5708,13.3648,12.0118,12.4238,12.5408,11.6588,10.8058,9.09976,6.54076,5.54076,5.62976,5.36476,4.92376,4.36476,3.80576,4.01176,5.74676,5.71776,3.74676,3.15876,4.18776,5.98276,6.09976,5.27676,6.07076,5.71776,3.48276,2.27676,1.89376,1.59976,2.71776,5.04076,5.45276,4.74676,4.21776,4.59976,4.30576,3.01176
CO2_TUG_BCT2,2021-10-06,7,False,9,1.50118,2.94218,5.14818,4.97218,3.17718,6.00118,14.2072,28.1482,49.8542,61.3832,64.2952,62.6482,56.1772,50.0302,47.2952,44.0012,38.5602,35.7072,34.7662,33.1482,29.1192,24.5012,21.5302,18.9722,17.7362,17.1192,16.2072,16.1482,17.9722,20.8832,21.2362,19.7662,19.8242,18.9722,16.3542,15.8542,17.3242,17.7072,16.8242,14.9132,13.0302,10.5892,6.88318,5.79518,6.26618,4.88318,4.17718,5.44218,7.50118,8.00118
CO2_TUG_BCT2,2021-10-06,9,False,24,2.73618,2.47118,3.61818,6.17718,7.00118,6.41218,7.79518,13.5012,17.1482,18.5012,18.7952,17.4422,14.6772,13.6772,13.9712,13.5892,13.8832,15.3242,16.5592,16.6482,14.5012,12.9422,12.5302,14.1182,17.3832,18.3242,18.1182,18.2952,18.6182,17.6772,15.4122,14.5892,14.4422,13.0892,12.5592,12.4422,11.0012,9.88318,9.26518,8.79518,8.29518,8.11818,8.38318,7.91218,5.55918,4.20618,4.11818,4.82418,6.23618,6.85418
CO2_TUG_BCT2,2021-10-06,13,False,9,6.59036,5.03136,2.50236,1.76636,2.53136,3.06136,5.00236,10.4724,20.6784,36.0314,41.5314,36.6494,26.4434,19.7084,14.6194,10.4724,8.17836,7.79636,10.7664,12.0314,11.0904,11.9144,14.1784,13.8844,12.8844,13.4724,16.3254,18.1494,18.5024,16.1784,11.2664,9.14936,8.91436,7.76636,5.61936,6.09036,9.17836,10.2374,8.56136,6.17836,4.88436,3.82536,2.67836,2.41436,2.82536,3.06136,3.09036,3.03136,2.64936,2.41436
CO2_TUG_BCT2,2021-10-06,24,False,10,3.88378,6.11878,6.50178,4.53078,2.47178,2.26578,4.05978,6.55978,8.73678,11.1778,12.0598,11.2658,10.0018,8.76578,7.05978,5.94278,6.08978,7.14878,8.64878,9.88378,8.67778,7.44278,7.05978,7.29578,7.50178,7.47178,7.08978,6.85478,7.73678,7.88378,6.79578,5.79578,5.03078,4.08978,3.97178,5.32478,7.44278,8.26578,7.20678,4.85478,3.67778,3.55978,3.76578,4.00178,3.91278,4.73678,5.88378,4.58978,2.61878,0.82478
CO2_TUG_BCT2,2021-10-06,28,False,24,6.23676,6.85476,7.03076,7.73676,9.06076,9.03076,7.47176,6.47176,7.56076,10.2668,10.8548,8.67776,6.06076,4.79576,4.20776,3.94276,3.67776,3.26676,3.53076,4.67776,5.58976,5.67776,5.47176,5.79576,6.70776,7.97176,7.29576,4.79576,3.85476,3.79576,2.88376,1.11876,1.11876,2.85476,3.58976,3.47176,3.73676,4.17776,4.67776,4.91376,4.94276,4.94276,4.97176,5.20776,5.64876,5.64876,5.17776,4.73676,4.47176,4.67776
CO2_TUG_BCT2,2021-10-06,29,False,7,7.06782,5.68482,5.00882,5.12682,4.83182,4.15582,3.39082,4.97982,11.5088,19.5968,21.8318,19.1848,16.6558,16.2738,17.0678,17.1268,16.7148,17.0968,16.8908,16.2438,16.8028,16.2438,13.9798,12.6558,11.3318,9.00882,7.94982,7.33182,5.62682,4.24382,3.36182,4.24382,6.53782,7.03782,6.92082,6.86182,6.12682,5.44982,5.06782,5.92082,7.53782,7.12682,5.15582,2.36182,1.94982,4.12682,6.00882,6.59682,6.65582,6.62682
CO2_TUG_BCT2,2021-10-06,30,False,11,7.8826,7.5596,7.6766,10.4706,16.3236,20.7356,23.9126,24.6476,24.7656,26.3536,28.5296,26.4416,20.2656,18.8826,21.0596,19.6766,16.5596,12.3536,9.2066,7.5886,6.0296,4.9126,4.3536,4.9416,6.1476,6.9126,5.5596,4.9706,5.6186,5.0296,3.6766,4.3236,4.7356,4.6186,5.5006,5.6766,4.8236,4.3826,4.5596,5.0596,5.5006,5.7656,5.5886,5.8536,6.7066,6.7066,5.8236,5.3236,5.0886,5.0886
CO2_TUG_BCT2,2021-10-06,31,False,12,2.03412,2.50412,2.79812,3.29812,4.29812,5.38712,7.56312,10.5041,12.6811,14.6221,14.8871,13.8281,13.5631,13.4751,13.0931,13.2981,13.9751,14.0041,14.0631,14.5041,14.5931,13.4451,10.8871,8.09312,4.88712,3.82812,4.74012,6.18112,6.03412,4.50412,2.15112,1.44512,2.24012,2.71012,2.91612,4.09312,6.44512,7.62212,7.62212,6.35712,3.29812,0.85712,1.18112,3.44512,4.68112,5.29812,6.32812,7.50412,8.97512,9.56312
CO2_TUG_BCT2,2021-10-06,36,False,25,8.8877,7.2987,7.9757,8.6517,9.2407,10.8877,11.7987,12.0637,13.2107,15.3287,15.9457,15.0927,13.1817,11.4457,10.1817,8.7407,8.2407,8.3877,8.2407,8.5637,8.5347,6.3577,4.5637,3.5347,3.7697,5.1227,5.7987,5.5637,4.3877,2.7697,2.2697,2.7407,3.6817,5.1227,5.7987,5.5927,4.6517,3.5637,3.7697,5.0347,4.9457,2.9167,0.8877,0.6817,1.0637,0.0047,0.0927,1.9167,3.2407,3.5927
CO2_TUG_BCT2,2021-10-06,37,False,29,23.1795,26.0325,31.0035,33.6215,34.4445,35.2095,36.6505,38.0325,38.3565,38.1795,38.4445,38.8855,39.2095,38.1215,36.0325,36.0035,36.2975,35.6795,33.4445,28.7095,24.7385,21.7685,17.1795,13.2385,12.3265,13.0915,13.3265,12.9155,12.6505,12.4155,12.1795,12.2385,11.0325,8.26854,7.00354,6.59154,5.41554,4.79754,5.17954,6.15054,6.85654,7.26854,6.59154,4.97454,4.53254,5.00354,6.44454,8.35654,7.67954,4.62154
CO2_TUG_BCT2,2021-10-06,39,False,5,3.6227,1.3287,0.7987,1.5927,1.3287,0.8287,1.2407,3.1817,6.4457,11.3287,13.9457,13.5347,10.6517,8.6517,7.9757,8.3287,7.7987,6.0927,5.9757,6.7987,5.7987,4.6517,4.7697,6.6227,7.5047,7.1817,6.9457,6.9167,6.8877,6.6817,6.4457,6.5927,6.0927,4.7407,4.2407,4.3877,4.1817,4.1817,4.3877,4.1517,3.9457,3.8287,3.2697,3.0347,4.5047,4.3287,2.8287,3.7697,4.7697,4.8577
CO2_TUG_BCT2,2021-10-06,42,False,17,3.2113,3.0643,3.7993,5.6813,7.4463,8.9463,10.7113,10.5343,10.1813,13.4463,15.3873,15.2113,14.8873,14.1523,12.5933,10.7113,8.2703,7.1523,7.3873,7.6223,6.6813,6.0343,5.8283,5.0343,4.3283,5.6223,5.6523,3.2113,0.9463,0.8283,2.1223,2.5643,1.9463,1.3283,1.8583,3.9463,6.0053,6.3283,5.4463,4.8283,5.0053,6.0933,6.0643,4.7403,4.0343,3.9463,3.9173,3.7993,4.2703,5.7403
CO2_TUG_BCT2,2021-10-06,45,False,14,7.65052,7.97452,8.47452,8.94452,9.79752,13.3855,23.2975,34.7385,40.4745,43.1215,43.7975,43.4745,42.6215,39.5335,33.6215,30.1215,27.8565,24.2975,22.1505,21.4745,20.9745,20.5915,19.3855,17.0035,15.5915,14.9745,14.7685,14.9745,15.4745,15.8565,15.6505,14.3275,12.5335,10.5625,10.2685,10.1215,9.15052,8.00352,6.76852,6.47452,6.06252,4.44452,2.70952,3.12152,5.44452,6.97452,7.12152,5.76852,5.41552,6.70952
CO2_TUG_BCT2,2021-10-06,49,False,28,13.2721,14.8011,15.8601,16.1251,15.9481,16.4191,18.3901,21.2431,21.3601,21.5951,23.2131,23.0371,21.2721,20.8011,19.3901,16.8601,17.1251,16.4191,13.3901,12.5371,13.0371,11.6841,11.0661,11.6251,11.6841,11.9781,12.7721,12.3901,11.2721,11.7721,12.5371,12.6251,11.8601,10.9481,10.0071,9.97806,10.6251,10.5951,10.2721,10.4781,11.6541,12.3311,12.3011,11.4191,10.0071,9.97806,9.97806,8.62506,6.53706,5.80106
CO2_TUG_BCT2,2021-10-06,50,False,9,1.76734,1.32634,1.23834,1.12034,1.59134,4.03234,12.5613,35.5023,62.1793,73.7963,76.0613,73.1203,63.7963,54.7383,50.5323,48.0613,46.5913,45.7673,44.5023,41.4433,34.7963,28.4433,24.3553,20.1203,17.6203,15.9733,13.7083,13.3263,13.8853,12.5913,12.3553,13.1493,12.2673,11.9143,12.7083,12.8853,12.0023,10.8853,10.7963,11.2083,10.7383,10.3263,10.3553,11.0023,11.9433,11.7673,11.7383,11.6793,10.2383,9.12034
CO2_TUG_BCT2,2021-10-06,52,False,29,10.3849,9.41394,8.53194,9.00294,10.8259,11.6789,11.0909,9.85594,10.5029,12.7669,13.0909,11.7089,10.0029,10.3259,11.5909,13.0029,12.9729,11.4139,10.3259,10.6499,11.5609,11.2379,10.1499,8.73794,8.53194,9.61994,10.5319,10.5909,10.1499,9.94394,10.1499,10.5909,10.5029,9.35594,7.79694,7.76694,9.09094,9.76694,9.61994,9.35594,10.5319,11.9139,9.91394,9.03194,9.50294,8.11994,7.29694,7.56094,7.35594,6.67894
CO2_TUG_BCT2,2021-10-06,54,False,13,6.79558,5.41258,5.41258,5.76558,5.91258,6.58958,7.76558,8.64858,13.6186,23.4716,27.3246,24.4426,18.0896,13.5596,9.88358,7.79558,9.26558,13.4426,15.4716,15.0306,13.6486,13.2366,14.0896,15.1186,14.4126,11.8836,10.2956,10.3836,11.2656,11.5006,11.0896,10.7066,9.67758,8.73658,10.1486,9.53058,5.94258,4.11858,4.35358,5.29558,5.76558,5.82458,5.88358,6.35358,7.20658,7.14858,7.20658,9.29558,10.2066,8.50058
CO2_TUG_BCT2,2021-10-06,56,False,14,9.20836,9.88436,10.6784,11.6494,13.1194,14.1494,15.4134,17.1194,18.4134,20.1494,21.8844,21.4724,19.1494,17.6194,17.4724,18.7964,19.1494,19.2664,21.2664,21.6494,19.7374,17.1784,14.0024,12.8844,13.3254,13.8254,13.4134,13.4724,14.3254,14.5314,13.8844,13.3254,14.0024,14.4434,11.8554,10.1194,9.82536,9.29636,7.88436,6.50236,6.29636,7.41336,8.97236,9.00236,7.61936,6.50236,5.94336,6.35536,6.32536,5.67836
CO2_TUG_BCT2,2021-10-06,58,False,8,3.7946,4.4126,3.7946,2.4126,2.0006,2.8536,4.3236,7.6176,15.9126,25.2946,28.8826,28.6476,26.7356,23.1766,21.0886,20.8236,20.7946,19.9126,18.0596,15.1476,13.6476,14.1766,16.1476,16.0886,13.6476,12.0006,11.6176,11.4416,10.3236,8.4416,8.1766,8.3236,8.3826,8.9706,8.4706,6.7646,6.7066,8.0006,7.8826,6.5296,4.1176,2.3236,2.4416,3.7946,4.6176,5.6476,7.5886,8.8236,8.4706,6.0886
CO2_TUG_BCT2,2021-10-06,63,False,9,2.1133,2.3783,2.7603,2.2893,0.9073,0.6133,3.8483,10.6723,14.6133,16.6723,19.2893,18.8483,15.4953,13.8783,12.2313,8.9073,6.9073,6.7013,8.0843,8.6423,7.5843,5.8783,4.6723,3.6423,3.1423,2.8483,2.5253,3.4073,5.2603,5.6133,6.2313,7.9953,8.3193,6.3193,3.4953,2.1133,0.7893,-1.4457,-1.6807,0.0843,1.2313,1.5843,1.5543,2.8783,5.2013,4.8783,3.4373,1.9373,1.4073,1.3193
CO2_TUG_BCT2,2021-10-06,64,False,12,6.7213,6.2803,5.3973,5.7803,9.7213,16.6033,21.9273,25.8383,25.8973,25.4853,26.0743,24.8973,21.6623,19.9273,18.8973,16.5443,13.9853,13.1913,13.5153,13.6623,14.3973,16.4563,17.1913,16.8683,17.1623,16.1623,13.3973,12.0443,12.3383,13.1913,12.9273,11.3383,10.1623,9.8383,9.6913,8.8383,7.6623,7.9563,7.2213,5.1913,5.0443,4.3973,2.1913,1.5443,2.8093,4.1623,4.3093,4.1333,4.9563,4.6623
CO2_TUG_BCT2,2021-10-06,74,False,15,3.21794,7.77694,12.1599,13.0709,11.6009,9.27694,7.54194,9.95394,12.3949,14.3069,15.8359,13.8069,8.48294,6.07094,5.48294,4.68894,5.12994,6.71794,7.12994,6.54194,5.51294,4.60094,3.83594,3.92394,4.68894,5.18894,3.92394,2.36594,0.83594,0.24794,1.10094,2.92394,3.27694,1.51294,-0.63406,0.01294,3.07094,3.86594,2.89494,3.27694,3.18894,2.10094,1.83594,1.74794,1.30694,1.04194,0.77694,0.48294,1.62994,4.18894
CO2_TUG_BCT2,2021-10-06,75,False,25,14.177,15.059,13.5,9.824,9.618,12.383,16.765,19.206,20.647,22.353,23.383,23,20.677,19.559,19.942,20.706,20.736,18.677,17.883,19.118,20.442,20.265,18.765,16.853,14.177,12.53,12.177,12.383,12.765,12.294,10.794,9.089,6.647,4.853,4.912,5.794,5.471,4.383,2.971,2.794,4.118,5.412,5.03,3.442,3.059,3.883,5.294,5.765,5.383,5.118
CO2_TUG_BCT2,2021-10-06,76,False,25,13.098,11.01,8.598,7.834,8.157,7.922,9.598,14.951,20.187,22.54,23.451,21.892,17.01,12.716,10.863,10.01,9.981,9.922,9.657,10.657,12.04,10.598,9.098,8.216,7.481,6.981,6.51,6.54,7.216,8.098,9.628,11.304,10.304,8.834,7.775,7.481,7.422,6.775,6.745,7.157,6.951,8.657,12.687,13.451,9.951,6.098,5.687,7.628,8.334,8.245
CO2_TUG_BCT2,2021-10-06,78,False,23,5.47334,5.56134,6.62034,5.47334,4.88534,6.85534,10.4143,12.3263,13.0023,13.2383,13.2673,13.0913,11.6793,8.73834,6.47334,5.12034,5.44334,4.97334,3.64934,4.29634,4.62034,3.73834,2.73834,1.26734,-0.11466,-0.40866,0.00234,0.32634,1.06134,2.47334,3.06134,2.20834,0.47334,0.64934,2.41434,2.64934,2.32634,2.20834,1.79634,1.32634,1.82634,2.53234,3.53234,4.59134,4.14934,2.32634,1.53234,2.59134,4.94334,6.03234
CO2_TUG_BCT2,2021-10-06,89,False,15,4.44276,10.2368,14.0308,16.5018,18.1778,20.6198,24.6488,26.6488,29.5018,35.1488,38.0898,37.9718,36.2368,34.5898,32.8248,31.6778,31.5898,31.7958,30.0898,25.8838,22.9718,21.6198,20.6198,20.7368,20.1778,18.2368,16.2958,13.8248,11.7958,9.85476,6.03076,2.06076,0.73676,1.03076,1.26676,1.29576,1.29576,1.38376,2.08976,3.35476,2.88376,0.76676,0.79576,3.23676,4.79576,4.56076,3.88376,4.56076,4.94276,4.70776
CO2_TUG_BCT2,2021-10-06,92,False,10,5.79694,6.00294,9.67894,19.0029,39.7669,70.7969,78.7379,79.1199,85.2969,89.0319,89.4439,87.6789,76.2379,50.0909,29.5319,22.7669,22.3849,25.0619,27.3259,28.6499,26.8849,21.3259,16.9439,14.5909,12.5909,12.2969,12.1499,11.2379,10.4439,9.20894,7.64994,7.70894,9.73794,11.7089,11.3259,9.03194,7.76694,8.32594,10.4439,11.5909,11.7379,11.6499,10.9439,9.47294,8.26694,7.00294,6.03194,5.50294,5.00294,4.76694
CO2_TUG_BCT2,2021-10-06,93,False,11,7.41964,7.24264,6.77264,6.50764,6.24264,5.74264,5.50764,6.88964,10.6546,14.2426,17.0666,16.3896,13.8016,10.3316,8.33164,6.71364,4.74264,4.83164,6.12564,5.36064,4.09564,3.06664,2.80164,2.97864,2.80164,3.09564,4.24264,4.97864,3.62564,0.56664,0.50764,3.12564,3.83164,3.50764,2.97864,2.06664,1.83164,2.41964,4.00764,6.38964,6.80164,5.86064,3.44864,0.36064,0.53664,3.50764,3.97864,1.83164,0.65464,0.62564
CO2_TUG_BCT2,2021-10-06,98,False,13,4.60194,5.74894,6.01294,5.54294,5.10194,6.24894,10.0719,12.7189,14.8659,17.1899,17.9549,17.5129,16.3079,12.7489,7.68994,4.51294,2.13094,0.83694,1.42494,3.16094,3.21894,1.92494,2.04294,3.30794,5.01294,5.48394,5.36594,5.42494,6.01294,6.48394,5.27794,4.18994,3.60194,3.27794,2.54294,1.18994,1.07194,2.86594,5.01294,4.36594,1.39594,1.36594,4.21894,5.33694,4.80794,3.60194,2.77794,3.42494,5.16094,5.07194
CO2_TUG_BCT2,2021-10-06,111,False,13,3.03176,2.56076,2.94276,3.61976,7.17876,14.5898,21.4728,31.7958,43.1488,48.2078,49.4728,48.3258,45.3258,44.2368,44.9728,46.4138,46.7668,44.0318,38.0318,32.3548,26.1198,22.8258,22.1788,21.6788,20.5898,18.9428,16.4728,14.8838,14.2668,14.6788,14.6788,14.2668,14.7368,15.1488,15.1788,14.9428,14.4728,14.0898,12.9138,10.7958,10.1198,10.4428,10.8258,10.2078,9.06076,9.56076,10.2668,9.88376,8.29576,7.85476
CO2_TUG_BCT2,2021-10-06,140,False,11,3.11976,5.85476,6.35476,4.88476,4.38476,4.08976,2.23676,-0.38024,1.70776,8.50176,11.3258,10.3548,9.67876,9.79576,10.0318,9.70776,8.79576,7.35476,6.70776,7.08976,7.97276,7.82576,5.76676,3.00176,2.23676,3.03176,3.50176,3.56076,3.56076,3.64876,4.35476,5.73676,6.20776,5.88476,6.06076,6.50176,6.03176,5.67876,6.08976,7.00176,7.23676,6.85476,6.79576,6.76676,6.06076,5.70776,6.35476,7.82576,9.00176,9.94276
CO2_TUG_BCT2,2021-10-06,141,False,19,21.1239,26.6239,28.3299,28.4769,29.2999,29.5939,29.6529,30.3589,30.8299,31.1239,31.4769,30.7709,29.0349,28.9469,30.0059,29.5649,29.0939,28.5349,26.8589,25.7119,25.1829,25.2999,25.2709,23.9769,23.9469,25.0059,24.5059,23.6829,23.0649,22.4769,22.4469,23.7119,23.5939,22.7709,24.3299,24.8879,23.7119,23.4469,24.0649,23.9469,22.8879,21.4469,21.4179,21.5349,21.0649,20.2999,18.8589,17.1829,14.5349,10.2409
CO2_TUG_BCT2,2021-10-06,142,False,12,4.44218,3.32418,5.32418,7.61818,8.76518,7.88318,7.53018,8.79518,12.9122,20.9712,26.1182,25.3832,21.1772,18.3832,16.9422,16.6772,16.5592,15.8832,15.0012,13.3242,10.5592,9.85418,11.0892,11.8542,12.2362,11.7652,9.41218,8.05918,7.91218,8.05918,7.82418,6.73618,6.82418,8.61818,10.1772,10.0302,8.64818,7.67718,6.88318,6.17718,5.76518,4.55918,2.20718,1.03018,0.91218,1.23618,2.41218,4.03018,4.47118,3.61818
CO2_TUG_BCT2,2021-10-06,147,False,11,3.82888,4.56488,4.38788,2.71188,3.24088,6.38788,8.71188,14.3289,25.4759,33.3289,38.0059,37.9759,35.0059,30.4169,26.7119,23.6229,22.9759,23.7119,24.3589,21.7699,14.2999,7.68188,5.18188,4.24088,3.59388,3.79988,4.56488,3.88788,1.82888,1.21188,2.00588,3.44688,4.03488,3.18188,1.26988,0.09388,-0.49412,-0.70012,-0.43512,0.50588,1.71188,2.44688,2.88788,2.50588,1.82888,2.47588,2.76988,3.09388,4.91688,5.56488
CO2_TUG_BCT2,2021-10-06,151,False,17,10.3287,18.6517,26.7697,30.5047,31.5347,30.2697,30.3877,32.7987,35.6227,39.0637,40.3877,37.8577,31.5047,26.5637,25.0637,24.8287,24.1817,23.2407,23.2697,21.9457,18.2407,15.7107,15.5047,16.4167,16.7987,14.7407,9.7987,7.1517,6.1227,4.7987,4.7987,6.0637,6.3287,5.7107,5.6517,5.3877,4.7107,4.6817,4.6227,4.0927,3.1227,1.4457,0.4167,1.1817,2.7987,2.5927,2.2697,2.7107,3.3877,4.1227
CO2_TUG_BCT2,2021-10-06,152,False,29,27.7113,26.2403,24.2703,22.5643,21.5343,20.8293,22.9463,29.4763,35.7703,39.5343,44.0053,48.2403,49.8293,50.0343,50.0343,48.6233,45.0053,42.4173,40.5343,39.2703,38.2403,36.7703,35.9173,36.0643,37.0933,36.6233,34.5933,33.8583,33.7113,33.2113,32.5343,31.7993,31.7113,31.1813,29.9173,30.0643,31.1523,30.5933,29.1233,26.2113,22.4463,19.0643,15.2403,14.1813,14.8873,13.8873,12.4463,10.2113,7.3293,5.6233
CO2_TUG_BCT2,2021-10-06,225,False,7,0.392,-0.49,0.01,2.069,3.569,5.039,9.775,18.128,29.981,47.363,55.716,54.422,48.922,45.422,43.657,42.951,42.863,42.657,40.892,36.657,33.039,31.187,29.657,28.892,28.334,27.187,24.951,20.657,17.128,15.745,13.745,9.922,7.569,6.569,7.451,9.745,10.187,9.775,10.187,11.804,12.481,12.245,12.892,14.275,14.245,13.834,14.716,17.187,17.628,15.892
CO2_TUG_BCT2,2021-10-06,241,False,14,1.88612,3.00412,4.76812,8.12112,11.1211,11.8271,11.7101,12.7681,14.3571,16.2391,16.3571,14.1211,11.5041,10.2681,9.91512,10.1801,10.6211,11.1801,11.8271,12.3271,11.7391,10.5331,9.76812,11.0331,10.9151,8.79812,8.41512,10.3861,12.3861,12.3271,11.2391,11.6801,12.0331,11.7391,12.0331,12.0041,10.0041,9.62112,11.3271,12.3571,13.1801,14.5041,14.3571,11.8571,8.79812,7.35712,5.79812,3.03312,2.09212,2.91512
CO2_TUG_BCT2,2021-10-06,302,False,10,0.235,0.735,2.323,2.823,2.941,3.5,5.118,10.559,18.706,23.382,25,23.765,22.265,21.147,20.471,20.176,20.441,20.794,20.588,19.294,17.676,15.823,15.765,17.059,17,16,13.588,10.412,9.882,11.5,11.706,10.176,9.029,8.882,8.853,8.059,6.912,5.412,4.412,3.382,2.265,2.265,3.382,4.323,4.618,4.676,4.794,4.323,2.588,1.059
CO2_TUG_BCT2,2021-10-06,303,False,8,1.3571,1.5341,2.6221,2.5931,1.3871,1.6511,3.6811,5.4461,8.5341,13.4161,14.1221,12.3571,11.5341,11.2401,11.0041,11.2101,11.1511,10.4751,9.7401,9.2401,8.7991,9.0341,9.9461,10.2691,9.2101,7.3281,7.0931,7.4161,7.4161,6.9161,5.7401,4.8871,5.2401,6.0341,4.8571,2.5931,1.6221,1.7691,2.4751,3.2401,3.7991,3.3571,1.1511,0.9751,3.1811,4.5041,4.4161,3.1811,2.0631,1.2691
CO2_TUG_BCT2,2021-10-06,381,False,7,0.70894,0.73794,1.53194,2.67894,3.97294,3.44394,2.11994,4.00294,9.03194,16.9729,20.9149,19.1499,13.5319,9.29694,8.06194,8.17894,9.91494,12.5029,12.0619,11.3559,11.4439,9.79694,6.06194,4.00294,2.53194,1.11994,2.44394,2.97294,1.79694,1.59094,2.67894,3.59094,3.73794,4.00294,5.26794,6.64994,8.11994,8.61994,8.47294,8.67894,8.59094,7.67894,6.50294,6.00294,5.82594,4.94394,3.53194,3.56194,4.41494,7.06194
CO2_TUG_BCT2,2021-10-06,401,False,29,-0.6429,-1.4369,0.0041,0.5631,1.1521,2.5931,3.7691,4.7991,5.8571,11.7991,30.6221,54.2991,65.4751,68.4751,64.8571,52.0631,38.5341,30.5041,22.6521,16.4161,13.4751,11.3281,9.8571,8.3281,7.1521,8.3871,11.1521,10.8871,8.0631,3.7691,2.1221,2.7991,3.2691,3.2401,2.5341,1.2401,1.4751,3.2101,3.7101,3.1221,3.0931,3.0341,2.5931,2.6811,5.2401,10.7691,15.6811,17.6521,12.5341,9.4461
CO2_TUG_BCT2,2021-10-06,413,False,10,-1.99352,1.30048,3.94748,3.41848,0.88848,1.38848,6.62348,12.7125,16.6825,20.2415,21.8005,21.3005,19.8295,18.5065,16.3005,13.4475,11.9765,11.3295,10.9765,11.4185,12.9475,12.7415,9.56548,5.74148,3.74148,2.71248,2.85948,3.50648,2.68248,1.18248,-0.31752,-0.31752,0.03548,0.18248,0.94748,2.82948,4.50648,5.15348,4.50648,2.41848,1.50648,1.85948,2.41848,3.62348,5.24148,5.62348,4.30048,2.27048,2.00648,3.30048
CO2_TUG_BCT2,2021-10-06,448,False,6,1.06134,1.79634,3.00234,3.85534,4.32634,10.0023,32.5023,112.179,270.826,431.473,551.149,467.443,326.649,190.826,141.532,132.414,112.179,96.0323,83.6793,79.1793,79.2083,81.1793,86.2383,93.2673,102.473,102.414,88.8853,71.6493,57.0323,39.8263,28.1793,19.1793,14.2083,16.4733,24.3553,29.8853,32.2083,34.2383,35.4143,36.0023,35.9143,33.2963,27.6493,23.9733,22.0023,19.5613,18.0023,16.2083,13.6493,12.7673
CO2_TUG_BCT2,2021-10-06,451,False,16,13.2401,20.2101,21.8871,18.7981,17.3871,17.3871,17.4161,17.5921,19.0041,21.8281,23.1221,22.3571,20.3281,18.1511,15.2101,13.0631,12.2101,11.5921,10.5341,8.15112,5.74012,6.12212,8.68112,8.94512,7.00412,6.15112,5.21012,4.06312,5.18112,5.74012,5.00412,5.03412,6.15112,6.97512,6.32812,4.47512,3.71012,5.00412,7.68112,7.94512,6.00412,5.26912,5.12212,4.68112,4.44512,4.41612,4.41612,4.32812,3.62212,2.29812
CO2_TUG_BCT2,2021-10-06,458,False,7,4.00116,3.26616,3.29616,3.70716,4.11916,3.70716,2.79616,3.20716,5.32516,10.4722,14.4722,12.0602,9.64816,8.03116,4.73716,1.64816,0.35416,0.00116,0.32516,1.23716,2.64816,3.14816,3.00116,3.23716,3.29616,2.14816,-0.14584,-0.85184,0.00116,0.91316,1.67816,1.64816,1.14816,-0.05684,-1.40984,0.20716,4.79616,6.79616,5.67816,3.64816,3.44316,5.20716,6.70716,6.09016,3.94316,3.88416,5.61916,5.85416,5.50116,5.20716
CO2_TUG_BCT2,2021-10-06,489,False,10,1.23678,2.50178,3.88378,5.29578,5.29578,3.97178,3.35378,4.26578,8.03078,13.3838,15.3538,14.6188,13.5018,12.5018,12.5598,11.5308,8.76578,7.41278,7.70678,8.61878,8.85378,8.44278,8.05978,6.94278,5.29578,5.44278,5.29578,3.97178,3.29578,3.44278,3.85378,3.55978,2.17778,0.76578,0.23678,0.17778,0.14878,-0.08722,-0.38122,0.76578,3.32478,4.32478,4.73678,5.53078,5.17778,4.29578,5.14878,5.20678,3.44278,1.82478
CO2_TUG_BCT2,2021-10-06,490,False,22,2.0886,3.1176,5.2646,10.3526,18.3236,23.5886,27.3236,29.0586,29.9706,31.2946,31.3236,30.2356,30.0006,30.1476,30.1766,30.0586,29.1176,27.2646,26.4706,26.1176,24.7646,22.6766,19.5296,16.1766,11.7646,8.9416,8.2356,8.1766,8.1766,8.1766,8.2056,8.4116,8.6476,8.3826,7.9416,7.4416,6.9706,5.0586,1.5006,1.1476,3.2646,3.1176,3.0006,3.5886,2.9706,3.0586,4.2646,4.2356,4.0886,6.3526
CO2_TUG_BCT2,2021-10-06,522,False,8,-3.29164,-1.64464,0.17836,1.70836,1.76736,1.94336,3.29636,4.97236,7.62036,11.7964,12.8844,10.5614,8.09036,6.35536,4.62036,4.14936,4.26736,4.35536,4.79636,5.50236,5.62036,6.29636,7.44336,6.85536,5.32536,3.50236,3.50236,3.85536,1.38436,0.56136,1.97236,2.38436,1.79636,0.76736,0.00236,0.41436,2.82536,4.64936,5.62036,4.88436,2.35536,0.79636,1.12036,2.50236,3.23736,3.56136,3.97236,3.82536,3.62036,4.47236
CO2_TUG_BCT2,2021-10-06,609,False,18,10.382,14,18.853,20.853,19.735,18,20.588,30.588,41.911,48.411,52.882,52.617,46.529,39.941,35.294,28.205,20.029,15.323,12.058,10.235,9.588,10,9.853,8.264,6.5,6.676,8.5,9.794,11.323,13.294,13,10.058,7.441,6.353,5.941,6.647,7.088,4.647,4.088,6.205,7.294,6.735,5.323,4.647,4.794,5.264,5.411,4.735,3.47,3.941
CO2_TUG_BCT2,2021-10-06,652,False,18,0.59428,1.82928,3.21128,3.38828,2.03528,0.12328,0.80028,4.21128,7.68228,11.1823,12.0943,11.6233,11.0943,10.7413,9.77028,7.85828,6.62328,5.56428,4.38828,3.85828,3.56428,3.27028,4.44728,7.12328,7.50528,5.09428,2.85828,2.97628,4.77028,5.74128,6.09428,6.59428,6.85828,5.71128,2.77028,2.09428,3.68228,3.91728,2.62328,2.00528,2.62328,4.03528,4.74128,4.82928,4.77028,4.27028,3.09428,2.32928,3.41728,5.97628
CO2_TUG_BCT2,2021-10-06,653,False,10,2.06154,2.09154,1.32654,1.76754,3.35554,4.00354,5.62054,11.0035,17.5915,20.3555,20.6205,20.0615,18.4145,16.5035,15.3265,13.3555,10.4735,10.4445,12.9735,13.3855,11.2085,9.17954,7.47354,5.53254,5.23854,5.09154,4.06154,2.41454,0.00354,-1.14446,-1.02646,-0.32046,0.44454,1.17954,2.17954,2.82654,2.88554,2.12054,1.23854,0.47354,0.50354,0.91454,1.44454,1.88554,2.15054,2.03254,2.67954,3.82654,3.44454,3.56154
CO2_TUG_BCT2,2021-10-06,672,False,14,3.85358,3.67658,5.00058,6.26558,5.79458,4.91258,6.82458,10.2066,14.7356,17.5886,18.0886,15.7656,14.5596,15.5296,17.0006,16.3246,13.5886,12.2656,12.7946,14.1476,14.2356,12.2066,9.38258,8.14758,8.17658,9.47158,11.3536,10.8246,9.58858,8.52958,8.20658,9.47158,13.0006,16.3536,16.2656,13.5596,12.0886,12.8536,15.3826,16.2066,14.7356,12.8536,12.2066,13.1186,15.3246,16.0296,14.2356,12.8826,12.2356,11.8536
CO2_TUG_BCT2,2021-10-06,683,False,15,4.11818,3.85418,4.05918,4.73618,4.79518,5.55918,10.2362,18.5012,24.4422,29.1772,31.2652,29.8832,25.9422,24.1482,23.4122,21.0012,19.1772,18.1482,18.4422,20.2652,21.8242,21.6772,20.3242,19.6482,19.7952,20.1772,19.5892,17.2652,14.7362,14.1182,14.4712,14.0012,13.5892,13.4122,12.5592,11.3832,11.8832,12.5302,11.6772,9.03018,7.17718,6.00118,5.08918,4.32418,4.29518,4.23618,3.76518,3.35418,3.32418,3.97118
CO2_TUG_BCT2,2021-10-06,757,False,5,2.65582,2.53782,3.18482,3.09682,1.74382,0.47882,1.36182,5.53782,10.9788,17.0088,24.7438,24.5378,15.3908,8.09682,5.94982,5.86182,6.68482,7.62582,6.65582,5.68482,5.80282,6.97882,7.65582,7.68482,7.21482,6.27282,5.74382,5.15582,3.74382,2.39082,2.33182,3.24382,3.94982,4.47882,4.62582,4.03782,3.33182,4.03782,4.65582,4.74382,4.74382,4.74382,4.80282,5.21482,5.68482,5.15582,4.27282,3.36182,3.39082,3.09682
CO2_TUG_BCT2,2021-10-06,789,False,8,4.2056,4.6766,4.2946,3.9706,4.0296,8.9706,21.5586,32.5296,42.7646,47.5886,47.7056,45.7646,42.6176,38.7356,37.8826,35.4706,29.3536,25.3826,23.3536,22.4706,19.3236,13.0006,10.0886,9.2056,7.7646,6.6476,6.0886,6.5006,6.4416,5.5586,5.1176,5.2946,5.7646,5.9706,5.7646,5.3236,5.3236,5.7646,5.9706,5.7646,5.2646,4.7646,4.0296,3.2946,2.9416,3.6176,5.6176,5.8236,4.1766,3.8236
CO2_TUG_BCT2,2021-10-06,815,False,7,5.29518,5.32418,5.20718,5.58918,5.70718,6.20718,8.97118,19.9122,46.6182,72.6772,80.1482,76.5892,73.9422,68.4712,56.0892,44.7362,31.2652,20.3832,14.5892,9.55918,7.44218,7.61818,7.91218,8.47118,9.88318,11.2652,11.5592,11.1182,10.5302,9.08918,6.91218,5.50118,4.67718,4.82418,6.17718,8.50118,9.26518,8.94218,9.41218,9.73618,9.08918,7.76518,7.76518,9.05918,9.50118,8.88318,8.26518,8.73618,10.3542,11.5302
CO2_TUG_BCT2,2021-10-06,849,False,16,7.7407,8.7407,9.6517,9.5047,8.8577,9.5047,9.7407,9.5937,10.5937,11.5937,11.6817,10.3287,9.9167,10.6227,10.0937,7.7987,6.0937,6.9167,9.5047,9.5347,7.1227,6.1517,6.1227,6.8577,8.9757,10.1227,10.2407,10.1517,10.8577,12.9457,13.8877,13.7987,13.9167,13.1817,11.2407,9.6227,8.3287,8.1227,8.5937,9.7987,11.4457,12.1817,12.2407,11.9457,11.0047,9.7107,8.4167,7.6517,9.0047,9.5937
CO2_TUG_BCT2,2021-10-06,850,False,26,7.60134,7.48334,8.15934,9.54234,9.51234,8.89534,8.13034,7.54234,8.21834,10.1013,11.0713,10.0123,7.13034,6.92434,9.45434,10.0713,8.13034,5.98334,4.89534,3.86534,2.65934,1.92434,1.39534,1.13034,0.86534,0.57134,1.68934,4.01234,4.42434,3.65934,2.57134,1.54234,1.24834,2.83634,3.42434,2.39534,1.48334,1.42434,1.77734,1.33634,0.18934,0.01234,0.51234,0.54234,-0.84066,-1.48766,-1.10466,-0.60466,0.13034,0.83634
CO2_TUG_BCT2,2021-10-06,851,False,7,-0.60466,0.13034,0.83634,1.07134,0.86534,0.74834,3.33634,10.0123,21.0713,36.4833,40.7183,35.7183,24.6593,14.2183,9.74834,7.95434,7.48334,7.86534,8.30634,9.98334,13.3363,15.2773,15.0123,12.7183,11.8063,12.3363,12.3953,12.6893,13.6013,13.8953,12.5423,9.74834,8.48334,8.07134,6.89534,6.39534,7.71834,10.3653,10.3653,7.83634,7.39534,9.33634,10.7773,11.3653,11.7183,10.8363,8.98334,8.68934,8.48334,7.13034
CO2_TUG_BCT2,2021-10-06,923,False,8,4.15584,3.91984,3.89084,3.80284,3.09684,2.12584,6.30284,24.0968,49.5668,62.9788,67.3908,65.8618,59.8028,49.8318,41.9198,32.6258,23.6848,20.2438,19.6258,18.8908,16.5378,12.1848,9.21484,6.36184,3.30284,2.12584,2.68484,3.97884,3.74384,1.91984,0.86184,1.21484,2.86184,3.74384,3.62584,3.27284,3.97884,5.74384,5.97884,4.68484,3.97884,3.71484,2.30284,-0.43316,-1.13816,0.15584,1.36184,2.62584,3.44984,2.91984
CO2_TUG_BCT2,2021-10-06,946,False,16,8.62094,6.79694,5.09094,4.50294,6.35594,7.41494,7.20894,7.94394,11.4439,16.2679,17.5029,15.6499,14.1799,13.4149,12.9149,13.3849,13.7969,13.6209,11.7679,8.23794,6.79694,6.56194,6.03194,5.26794,5.23794,7.12094,6.73794,4.56194,5.44394,6.14994,5.41494,5.12094,5.06194,4.47394,4.97394,6.79694,7.62094,6.79694,4.88494,3.70894,3.12094,2.94394,3.35594,4.06194,4.14994,4.67994,6.00294,6.17994,4.85594,3.44394
CO2_TUG_BCT2,2021-10-06,955,False,10,1.50588,1.18288,1.71188,3.56488,5.50588,8.82988,16.8889,26.2119,32.8589,39.4479,42.5649,40.5949,34.4179,30.3589,26.1829,20.0359,16.9179,16.1239,15.9179,14.7119,11.6829,10.3009,10.4179,9.44788,6.88888,5.09488,3.56488,1.41788,0.88888,2.38888,5.09488,5.44788,4.21188,4.85888,5.21188,4.62388,4.53588,4.00588,2.74188,2.94788,4.50588,5.09488,5.85888,7.24188,7.21188,6.62388,5.97688,4.82988,3.15388,2.74188
CO2_TUG_BCT2,2021-10-06,958,False,29,15.1476,17.6476,18.8246,18.9716,18.9126,18.4126,17.2366,16.4426,17.3246,19.7366,21.5896,22.9126,23.0306,21.9426,19.7656,16.4716,10.2366,4.44258,2.97158,3.91258,4.11858,3.67758,2.70658,1.61858,1.82458,3.14758,3.53058,2.44258,0.79558,0.05958,-0.02842,0.00058,0.23658,0.76558,1.41258,1.91258,1.61858,2.55958,4.85358,5.20658,3.97158,2.11858,1.82458,2.64758,2.47158,2.55958,3.44258,3.91258,3.97158,3.91258
CO2_TUG_BCT2,2021-10-06,963,False,12,6.26852,7.03352,6.38652,6.23952,7.20952,9.09252,14.7975,23.5335,29.6215,35.0335,38.0035,34.5035,25.3865,18.6805,12.9455,8.88652,7.20952,6.15052,5.76852,6.41552,7.82752,8.53352,8.62152,8.47452,7.23952,4.41552,2.32752,1.94552,2.26852,1.85652,0.94552,1.20952,1.73952,1.56252,0.50352,0.76852,2.47452,2.70952,1.41552,0.70952,0.53352,-0.17248,-1.55448,-2.02548,-1.46648,0.15052,2.76852,3.59252,2.70952,1.73952
CO2_TUG_BCT2,2021-10-06,986,False,14,2.20718,2.23618,2.97118,3.70718,4.70718,5.97118,7.17718,8.82418,10.9422,13.8542,15.1772,14.6772,13.5012,13.2952,13.6772,14.1772,14.3832,14.1772,13.3832,10.5602,5.41318,3.38318,4.70718,6.47118,6.32418,4.76618,4.26618,4.14818,3.64818,2.88318,1.44218,0.08918,0.00118,0.64818,0.76618,1.53018,3.29518,3.58918,2.76618,2.94218,2.79518,1.44218,0.17718,0.82418,3.08918,4.03018,3.70718,3.50118,3.73618,4.44218
CO2_TUG_BCT2,2021-10-06,1000,False,8,5.08918,4.26618,3.41318,3.11918,4.23618,6.38318,10.0012,13.4422,19.2662,29.2362,34.0302,33.4712,31.0602,29.3542,27.7952,26.0012,22.4422,16.5012,13.9422,14.0302,14.4132,13.6192,11.0602,8.70718,7.88318,7.76618,7.50118,6.79518,6.17718,6.79518,9.58918,12.9132,12.9132,10.9712,11.6772,12.6482,12.6772,11.6482,9.06018,6.70718,5.88318,5.79518,5.79518,5.79518,5.85418,6.14818,5.67718,3.35418,2.23618,2.58918
CO2_TUG_BCT2,2021-10-06,1011,False,8,2.5296,2.2656,2.6766,2.9416,3.2066,4.0006,8.9126,30.8236,67.5296,89.0886,93.5296,80.5596,66.4416,53.0006,43.0296,36.4126,37.5886,35.9706,26.0006,16.7066,14.3536,15.7066,15.2356,12.5296,10.9416,9.3536,6.5006,4.9126,4.7356,5.3536,5.1176,4.0006,3.9126,5.2356,7.5596,8.3826,8.5296,9.9416,10.7356,10.1476,8.7656,8.3826,9.4706,10.9126,10.0006,6.7066,4.5006,4.0596,5.6766,6.5296
CO2_TUG_BCT2,2021-10-06,1012,False,8,2.47,2.088,2.441,2.882,1.735,1.117,1.588,3,6.794,11.529,13.588,12.882,10.411,9.97,11.588,11.764,10,8.382,8,7.941,7.117,5.735,3.823,3.117,3.47,3.676,3.529,3.529,4.264,4.941,5.559,6.294,6.088,3.617,2.97,4.411,4.823,4.235,3.323,3.294,3.941,3.97,4.088,5,6.059,5.617,3.706,2.176,1.588,2.764
CO2_TUG_BCT2,2021-10-06,1035,False,11,1.15406,0.91906,0.00706,-0.34594,0.62506,3.21306,5.71306,8.15406,14.1251,22.2721,25.2431,24.1541,22.3901,19.4781,16.7431,16.3901,17.5071,16.8311,14.3311,13.4191,13.6541,13.6841,12.8601,11.4781,9.47806,8.00706,6.47806,5.00706,4.06606,3.53706,4.09606,5.21306,6.74306,7.86006,8.41906,7.83106,6.53706,5.06606,5.09606,5.68406,6.21306,6.36006,5.68406,4.27206,3.62506,4.00706,4.89006,4.89006,4.06606,4.03706
CO2_TUG_BCT2,2021-10-06,1057,False,8,4.23618,3.44218,3.23618,3.88318,4.50118,4.11818,3.20718,3.88318,7.79518,14.9122,18.2652,17.2952,14.3832,12.1482,9.61818,6.91218,4.94218,2.94218,2.00118,1.88318,1.88318,1.82418,1.35418,0.41218,-0.05782,-0.17582,-0.52882,-0.52882,0.88318,1.73618,1.61818,1.17718,1.17718,1.67718,2.35418,3.08918,3.20718,3.88318,5.03018,4.50118,3.44218,2.44218,2.14818,2.08918,1.41218,1.20718,1.61818,1.79518,1.35418,0.47118
CO2_TUG_BCT2,2021-10-06,1067,False,15,7.73618,7.26618,8.29518,9.76618,12.2072,14.6772,14.7662,13.1482,13.4132,15.8832,17.4132,16.8542,14.8542,12.7662,10.5302,9.82418,9.82418,9.14818,7.85418,8.08918,9.76618,9.82418,8.53018,8.32418,7.23618,5.64818,7.17718,7.67718,6.08918,5.91318,7.67718,9.26618,9.14818,6.61818,2.94218,1.82418,2.08918,1.06018,1.38318,3.73618,5.70718,6.56018,5.11818,3.82418,3.23618,3.17718,3.14818,2.38318,1.53018,1.00118
CO2_TUG_BCT2,2021-10-06,1276,False,7,4.70836,3.97236,4.67836,5.38436,6.17836,7.61936,8.56036,10.1194,18.6494,37.0314,48.9724,45.6494,29.2374,14.0314,7.61936,4.91336,5.50236,9.59036,12.8254,11.6494,7.29636,5.38436,5.09036,4.64936,4.35536,3.85536,2.88436,2.35536,3.23736,5.79636,6.91336,6.38436,5.67836,5.41336,5.32536,4.82536,3.64936,2.73736,2.67836,3.11936,3.32536,3.11936,2.64936,2.50236,3.17836,4.56036,5.03136,4.61936,4.11936,3.38436
CO2_TUG_BCT2,2021-10-06,1277,False,10,19.1286,34.8346,36.3636,34.7756,39.8926,48.4516,53.0406,54.8636,55.3046,56.0986,58.4816,55.7456,42.5406,26.1576,18.1876,14.9226,12.6876,9.71658,6.83458,5.27558,3.98158,3.06958,3.01058,3.36358,2.83458,0.98158,-0.51842,0.01058,1.59858,1.33458,0.54058,0.09858,0.95158,3.98158,7.15758,7.51058,5.77558,4.80458,4.45158,3.92258,3.27558,2.77558,3.21658,3.45158,3.51058,4.06958,3.33458,1.15758,0.92258,2.65758
CO2_TUG_BCT2,2021-10-06,1294,False,3,2.2407,3.9167,3.7697,2.2407,2.5047,3.4167,4.9167,7.4167,11.4467,17.3287,17.5047,11.7697,8.0347,7.4467,7.8577,8.0637,7.8577,7.4467,7.5637,7.5347,6.1517,5.4757,5.5937,5.4757,6.2107,7.9167,7.6517,5.1817,3.4467,2.4467,1.7107,2.2987,1.9757,0.3287,0.4467,1.7407,1.1817,1.5637,3.7987,4.9167,4.5937,3.6817,3.4167,3.5937,3.3877,3.3577,3.3287,2.7407,3.2407,5.0637
CO2_TUG_BCT2,2021-10-06,1299,False,2,1.91376,2.61976,2.88476,2.88476,2.79576,3.50176,5.79576,8.53176,12.9138,17.0608,17.9428,16.6488,15.4138,13.9138,12.3848,10.8848,8.70776,7.44276,8.26676,10.6788,12.4728,13.3258,12.6198,11.7958,10.0608,6.73776,4.85476,4.11976,3.38476,2.17876,1.32576,1.67876,2.58976,2.29576,1.44276,0.50176,0.50176,1.38476,1.82576,1.76676,2.23776,3.79576,4.00176,2.76676,2.56076,3.64876,4.50176,4.06076,2.44276,1.32576
CO2_TUG_BCT2,2021-10-06,1313,False,8,6.147,4.442,2.559,5.324,12.765,16.824,18.236,19.442,20.265,21.5,22.912,21.765,18.177,16.971,17.912,18,16.647,14.03,12.471,12.795,14.03,13.471,10.5,7.824,6.383,5.824,6.971,7.589,7.442,8.765,11.324,11.559,10.912,9.647,7.236,5.589,4.559,4.589,5.706,6.677,7,5.853,2.912,2.236,3.853,4.265,2.971,1.618,1.618,2.971
CO2_TUG_BCT2,2021-10-06,1342,False,8,3.85476,5.20776,6.79576,10.4728,13.5018,15.9138,15.7958,14.0608,14.6198,15.9728,16.5608,15.3258,14.0018,12.7958,11.1198,8.47276,6.79576,6.17876,5.67876,5.38476,4.88476,4.06076,4.44276,5.56076,5.11976,4.64876,4.08976,2.47276,1.79576,2.08976,2.11976,3.32576,6.97276,7.97276,5.41376,2.70776,2.58976,4.20776,3.97276,1.73776,0.56076,0.47276,0.94276,1.88476,2.35476,2.44276,2.58976,2.35476,1.20776,0.70776
CO2_TUG_BCT2,2021-10-06,1355,False,4,3.7797,3.8087,5.1917,5.8387,5.4557,5.3387,7.6617,13.0447,15.6327,15.7497,15.8677,15.1327,13.1917,11.5147,9.7497,8.4557,7.2797,6.0737,6.5447,7.1327,7.1327,6.4557,5.2797,4.9557,4.4267,3.2797,3.1027,3.7207,4.7497,5.5737,5.6327,4.3087,4.0147,4.3677,3.2207,2.6027,3.0147,3.6917,4.4267,4.3967,3.9557,3.2207,2.5447,2.5147,3.0737,4.1617,5.3677,4.9267,4.5737,4.9557
CO2_TUG_BCT2,2021-10-06,1374,False,2,1.67934,2.82634,3.53234,3.88534,5.17934,6.79734,8.97334,11.8853,17.8853,24.5913,26.3263,23.8263,20.9443,19.4143,18.2673,16.9443,14.2973,11.3553,11.0323,12.7673,13.6503,13.2973,12.0913,9.50234,5.20834,3.12034,3.09134,3.56134,3.97334,5.41434,8.17934,9.03234,7.56134,5.59134,4.15034,2.88534,2.70834,3.32634,4.17934,3.70834,1.88534,1.09134,1.97334,2.91434,1.38534,1.06134,2.67934,3.00234,2.41434,3.20834
CO2_TUG_BCT2,2021-10-06,1400,False,16,1.7946,1.5886,2.2356,3.4706,6.3236,16.7066,35.9416,44.7356,46.1766,50.1476,51.5296,44.7946,31.1176,22.3826,17.2946,14.7066,12.0886,8.0596,5.8826,4.9416,4.1176,2.9126,1.0886,0.8536,2.1476,2.9416,3.7656,5.4126,6.5296,6.3826,5.4416,4.7066,3.9416,3.2946,3.5296,4.6766,5.4706,4.5886,2.4126,2.4416,4.8826,6.4416,6.0296,3.9416,1.8236,1.0296,0.9126,0.6476,-0.0584,-0.6464
CO2_TUG_BCT2,2021-10-06,1426,False,2,4.2017,4.4077,4.2607,2.8487,0.0247,-1.4163,-1.2103,3.2607,13.0547,19.1427,21.6127,18.7017,10.1427,4.9657,5.6717,9.5837,11.8487,11.6127,10.0247,7.7307,4.8187,4.2017,4.9957,5.0547,2.9367,1.6127,1.3487,0.7307,0.0247,0.7307,1.2307,0.3777,-1.3873,-1.3873,0.3187,0.9367,1.2897,2.9957,2.7897,0.8187,0.7897,1.0837,0.7017,0.5837,1.4957,3.3187,3.8187,3.2307,3.2897,3.9367
CO2_TUG_BCT2,2021-10-06,1432,False,4,1.09272,1.94572,3.06272,3.06272,2.15172,2.85672,5.85672,7.59272,8.85672,11.6807,14.3567,14.0337,10.1517,5.73972,4.41572,5.06272,4.97472,4.79872,6.50472,8.06272,9.09272,9.09272,8.20972,7.70972,7.38672,6.68072,5.91572,5.18072,4.20972,3.70972,3.41572,2.94572,2.65172,2.15172,1.15172,0.20972,-0.70128,-0.40728,1.41572,2.94572,2.76872,2.59272,4.91572,6.20972,6.06272,6.76872,8.62172,9.29872,7.47472,4.65172
CO2_TUG_BCT2,2021-10-06,1484,False,3,1,1.765,2.53,2.353,0.53,-0.118,0.971,4.382,13.853,25.412,28.882,27.118,26.971,24.647,18.471,13.941,10.265,7.853,6.706,5.471,4.618,5.03,6.324,6.235,4.206,2.118,1.559,1.941,2.206,2.471,2.853,2.588,2.853,5.353,6.235,5.265,5.03,5.177,5.265,5.559,5.088,2.735,1.412,1.471,2.088,3.5,5.971,7.677,7.824,5.706
CO2_TUG_BCT2,2021-10-06,1509,False,5,3.71188,2.41688,3.71188,4.35888,5.47588,10.7409,17.9169,27.1529,31.2119,31.2999,31.4759,29.5939,25.4169,23.8289,22.5939,19.6229,16.5649,13.0939,11.2999,9.91688,7.56488,6.32888,5.71188,4.79988,4.62288,5.50588,6.71188,7.44688,7.97588,8.18188,7.97588,7.44688,6.76988,6.03488,5.94688,5.47588,4.56488,4.82888,5.41688,5.71188,5.44688,5.00588,4.53488,4.47588,4.44688,3.88788,4.62288,6.79988,7.12288,6.09388
CO2_TUG_BCT2,2021-10-06,1521,False,3,5.47158,6.08958,5.53058,4.58958,4.79458,4.94158,4.55958,5.35358,12.1476,24.8836,29.5896,26.8536,24.7946,24.8246,25.5596,24.2946,18.9416,12.2946,9.03058,7.53058,6.58958,6.29458,6.38358,7.29458,8.94158,9.26558,8.00058,5.85358,5.08958,4.70658,3.88358,4.05958,4.94158,4.67758,4.11858,4.05958,4.79458,5.47158,6.11858,7.17758,8.14758,7.26558,6.91258,7.73658,8.14758,7.73658,6.79458,6.38358,6.79458,7.67758
CO2_TUG_BCT2,2021-10-06,1545,False,7,5.11976,6.44276,5.88476,4.32576,5.23776,5.97276,5.41376,5.03176,7.35476,12.4138,14.2958,13.2078,12.4138,11.5898,9.94276,8.79576,8.70776,9.08976,8.73776,6.88476,4.58976,3.97276,4.08976,3.11976,2.23776,1.67876,1.58976,2.73776,5.06076,6.03176,5.94276,6.17876,6.38476,6.41376,6.47276,6.94276,7.85476,7.97276,6.61976,4.50176,3.53176,3.58976,4.82576,6.23776,4.79576,3.26676,2.14876,0.94276,0.20776,-0.20424
CO2_TUG_BCT2,2021-10-06,1563,False,1,1.61936,0.79636,0.29636,1.94336,2.79636,2.97236,3.47236,4.53136,8.32536,14.3844,16.6784,15.1494,12.8844,12.5904,13.7964,13.6494,11.1494,8.17836,7.47236,7.56036,5.85436,4.29636,3.23736,2.97236,3.14936,2.91336,2.82536,3.73736,5.50236,5.50236,3.82536,3.41336,3.29636,1.26636,0.64936,1.88436,2.61936,2.94336,3.44336,3.82536,3.61936,2.50236,2.29636,3.14936,3.56036,3.14936,2.09036,0.85436,0.32536,2.29636
CO2_TUG_BCT2,2021-10-06,1606,False,7,2.47296,3.29696,5.20796,7.82596,10.855,14.503,15.208,14.767,14.738,15.15,15.62,15.003,13.208,9.14996,4.88496,4.73796,7.85496,9.76696,10.679,11.414,11.767,11.091,8.91396,7.29696,6.26696,6.26696,7.14996,7.61996,7.70796,7.94396,8.38496,8.38496,7.94396,7.70796,7.67896,7.56096,6.73796,5.79696,6.76696,7.82596,8.41396,8.76696,9.73796,11.503,11.414,8.94396,6.61996,6.03196,6.41396,6.59096
CO2_TUG_BCT2,2021-10-06,1617,False,5,0.44788,0.74188,2.56488,4.24188,5.03588,5.65388,7.32988,14.6539,27.2709,34.1829,35.3889,32.8009,31.0649,30.8009,30.4769,29.3009,27.7709,27.9769,29.7709,30.5059,28.9769,25.2119,19.9179,13.1239,11.1239,10.5359,7.82988,5.03588,4.21188,4.59488,5.15388,6.35888,8.06488,9.12388,8.97688,7.09488,5.97688,5.85888,6.21188,7.62388,9.62388,9.50588,6.56488,3.30088,2.24188,2.62388,3.32988,4.30088,4.71188,4.35888
CO2_TUG_BCT2,2021-10-06,1624,False,22,2.67994,2.56194,3.47394,6.73794,10.5619,12.5619,13.6499,13.9439,14.0029,14.7089,14.8559,12.5619,8.00294,6.82694,8.73794,8.85594,7.59094,8.29694,8.97394,8.14994,6.20894,4.79694,3.70894,3.17994,4.06194,6.53294,6.91494,4.73794,2.85594,2.26794,2.23794,2.44394,2.67994,2.38494,1.70894,0.73794,0.29694,0.47394,1.03294,1.94394,3.14994,3.38494,3.23794,3.23794,3.56194,4.73794,6.29694,6.29694,4.73794,3.59094
CO2_TUG_BCT2,2021-10-06,1642,False,11,15.1251,19.2131,19.5951,18.2431,16.8011,17.0371,20.2431,24.7431,26.9781,27.9191,28.5371,28.0951,26.3601,22.8011,16.8311,13.5071,12.6251,11.6541,10.3601,8.91906,6.94806,5.86006,5.97806,7.15406,7.83106,7.91906,7.91906,7.91906,8.00706,8.68406,9.86006,10.0371,9.41906,8.41906,7.80106,7.97806,9.24306,10.4781,10.8011,9.21306,8.59506,9.30106,9.09506,7.97806,7.74306,7.83106,7.39006,6.30106,4.65406,2.27206
CO2_TUG_BCT2,2021-10-06,1643,False,13,0.00118,0.85418,2.38318,3.97118,6.88318,10.4422,12.2652,13.6182,15.3242,16.5302,17.4422,17.0602,15.9422,16.3242,16.2072,14.5602,11.2652,6.00118,3.50118,3.97118,6.08918,8.17718,8.76518,8.61818,8.82418,8.79518,8.23618,7.00118,4.61818,2.76518,2.32418,2.03018,0.91318,0.70718,1.61818,2.64818,4.35418,6.08918,5.70718,3.67718,2.88318,2.26518,0.97118,0.88318,1.50118,0.79518,0.23618,0.61818,1.58918,2.29518
CO2_TUG_BCT2,2021-10-06,1653,False,18,9.23776,5.11976,2.82576,2.82576,3.67876,3.79576,3.85476,5.53176,8.73776,14.7378,19.7958,18.8848,13.2668,9.03176,5.85476,4.38476,3.67876,2.26676,0.85476,0.32576,0.29576,0.59076,1.53176,2.56076,2.09076,1.44276,3.41376,3.73776,1.85476,2.67876,5.82576,6.00176,4.94276,4.59076,5.56076,6.44276,7.06076,7.64876,7.67876,6.20776,4.88476,4.06076,4.00176,3.70776,2.91376,3.38476,5.20776,6.00176,5.06076,3.64876
CO2_TUG_BCT2,2021-10-06,1678,False,12,3.59094,4.29694,5.09094,5.20894,5.23794,5.47394,6.06194,7.47394,11.2679,15.7679,16.1499,13.3269,12.1799,12.4439,12.7969,11.7969,9.00294,6.94394,6.79694,7.62094,7.59094,6.47394,5.44394,4.47394,3.26794,2.97394,2.64994,1.76794,1.70894,3.53294,6.59094,7.82694,6.35594,3.09094,1.67994,1.79694,0.97394,-0.40906,0.41494,2.29694,5.47394,8.59094,8.47394,5.82694,4.62094,4.67994,4.53294,5.00294,6.14994,6.32694
CO2_TUG_BCT2,2021-10-06,1713,False,6,3.20658,3.41258,3.20658,2.70658,2.14758,0.94258,-0.44042,1.08958,6.41258,10.7656,11.2656,9.50058,8.29558,7.47158,6.67758,5.67758,4.00058,3.00058,4.08958,6.67758,6.47158,3.58958,2.44258,2.70658,3.11858,2.67758,1.53058,1.35358,2.03058,3.47158,4.82458,4.88358,4.05958,4.05958,4.94258,5.38358,5.17758,4.47158,3.61858,2.17758,-0.02842,0.11858,2.08958,2.17758,2.35358,3.67758,4.23658,3.14758,0.79558,-0.32242
CO2_TUG_BCT2,2021-10-06,1714,False,8,4.44258,3.32458,3.79558,4.38358,4.41258,4.38358,6.97158,13.8246,19.5006,24.8836,28.2366,27.7956,24.8536,21.8836,19.1186,18.8836,19.2656,18.4126,16.5006,15.3246,14.6186,13.5896,12.8536,14.2066,14.7066,13.2066,11.3836,11.0896,11.9716,12.6776,13.2066,13.3836,12.9716,12.2656,12.1476,11.3836,9.47158,8.11858,7.53058,7.91258,7.64758,6.53058,6.26558,6.17758,5.82458,6.35358,8.20658,9.73658,9.41258,8.05958
CO2_TUG_BCT2,2021-10-06,1733,False,6,4.47766,5.36066,6.65466,6.15466,3.65466,2.33066,5.12466,14.9777,27.1547,33.5957,36.5667,34.3307,26.5077,20.9777,18.8017,17.9777,19.5367,21.7717,24.1247,24.0957,21.6547,20.0667,20.1837,21.3307,22.2137,22.0367,21.1547,20.8897,21.0667,20.7427,19.8017,18.1247,17.0077,17.1547,17.9777,17.9197,17.9777,19.9487,20.0957,17.9197,16.8017,17.1247,17.9777,17.7427,16.3897,15.6547,15.3017,14.5957,13.7717,12.5667
CO2_TUG_BCT2,2021-10-06,1746,False,1,3.35828,2.35828,2.06428,3.41728,6.32928,8.30028,8.71128,7.24128,7.56428,10.2413,11.4763,10.2413,7.50528,6.71128,7.24128,6.53528,5.85828,5.30028,4.41728,4.41728,5.21128,4.94728,3.35828,2.21128,2.18228,3.09428,4.24128,4.53528,4.35828,4.50528,4.00528,2.65328,2.24128,3.09428,4.24128,4.50528,3.97628,2.88828,1.68228,2.24128,3.53528,5.03528,5.59428,4.50528,2.27028,2.00528,3.50528,4.03528,4.21128,3.71128
CO2_TUG_BCT2,2021-10-06,1760,False,1,7.17778,7.32478,7.58978,8.82478,9.97178,11.6778,20.4428,54.3838,106.56,133.943,134.943,114.325,92.1488,69.1188,55.7958,48.1188,42.8548,38.7958,33.7068,31.6188,31.7658,32.5308,35.0598,40.7368,45.3548,44.2068,37.3248,30.7068,26.3838,22.0018,20.4128,20.1488,18.0598,17.0898,18.3248,20.5018,21.9428,22.9428,22.8838,21.5308,20.1188,19.5898,19.6778,20.8548,23.2068,24.4428,24.8838,24.4128,22.2658,22.5598
CO2_TUG_BCT2,2021-10-06,1761,False,3,47.7219,47.5459,44.0749,37.2219,33.2809,31.2219,28.3099,26.9569,30.0749,37.9869,40.9869,36.3399,28.0459,23.7219,22.0459,19.6049,16.4869,16.8689,18.7219,19.3399,16.7519,15.0159,14.7519,14.3989,12.9869,10.7809,9.13388,7.83988,7.51588,6.95688,5.66288,5.72188,7.51588,9.10488,9.10488,7.51588,5.69288,5.39888,6.33988,7.42788,8.19288,7.33988,5.63388,3.89888,4.16288,4.95688,5.48688,5.60488,6.10488,7.78088
CO2_TUG_BCT2,2021-10-06,1823,False,3,5.38552,5.35652,5.29752,4.73852,3.09152,1.88552,6.53252,17.7975,27.5035,37.1215,42.1505,41.7385,37.5625,32.4445,29.0035,25.8855,24.0325,23.1505,23.1805,23.5625,23.8275,23.6215,23.6505,23.9155,22.6505,19.1505,16.2685,14.8855,13.6215,12.5915,11.5915,10.0035,8.09152,5.41552,3.73852,3.09152,2.35652,1.68052,1.65052,2.09152,2.26852,1.82752,0.94452,0.94452,1.82752,2.18052,1.29752,-0.37848,0.38552,4.03252
CO2_TUG_BCT2,2021-10-06,1828,False,1,8.94218,8.91318,8.56018,9.14818,11.4722,14.0602,15.1782,16.0012,17.4422,18.3832,18.8542,18.4422,17.5312,17.6782,17.3832,16.2662,16.0012,15.9132,15.4422,15.0602,15.2662,16.5012,17.5602,17.8832,16.8542,15.5012,14.1482,14.4422,15.2952,13.7662,13.3832,14.7662,15.9422,17.8832,18.5312,17.6782,16.8252,16.5312,17.2662,16.3542,13.8542,13.6482,14.3832,14.9722,15.3252,14.8832,13.2362,12.2662,11.6782,10.8832
CO2_TUG_BCT2,2021-10-06,1842,False,20,8.26618,9.73618,10.5012,12.3832,14.6782,15.2072,14.3832,13.9722,14.3832,15.4722,16.7952,16.6192,12.6482,10.4422,10.7362,12.1192,14.2662,14.7952,13.3542,10.9722,10.4722,10.5302,10.1192,10.0012,10.9132,12.5602,11.6782,8.50118,7.58918,8.06018,8.58918,8.97218,10.1782,12.5012,13.4422,13.1192,12.8832,12.8542,12.6782,11.4132,9.76618,10.6192,10.9722,10.1782,10.3252,10.0012,8.67818,8.32518,9.64818,11.6782
CO2_TUG_BCT2,2021-10-06,1843,False,23,3.1223,4.4463,6.1523,8.3873,10.8283,10.5343,9.4463,9.3283,10.8873,12.9463,15.2113,14.7993,12.1223,11.4163,11.5933,10.9463,9.3583,7.2403,4.2693,2.5643,2.8583,5.0643,5.2693,3.3283,2.5643,2.1813,1.2403,0.6813,1.3283,3.3283,3.6223,2.5933,2.9463,2.5933,0.7993,0.0053,1.0643,3.4463,4.7993,4.9463,4.2403,3.7993,3.7113,3.4463,2.7403,2.0343,1.7993,2.0053,2.5343,3.2403
CO2_TUG_BCT2,2021-10-06,1849,False,24,14.5296,19.4716,24.9716,32.2356,35.1766,36.1186,38.6186,45.1766,57.7656,66.4716,68.3246,64.7656,56.9126,50.5596,44.7656,40.6766,35.4126,28.8246,24.2066,20.1186,18.1476,17.2066,15.8826,15.9416,17.7356,19.0886,17.1766,11.5886,7.38258,6.38258,6.76558,7.14758,6.94158,5.91258,6.41258,8.67658,9.97158,11.0596,12.9126,13.5886,13.0006,12.2356,11.4716,10.2656,9.29458,8.76558,8.50058,10.0296,12.8246,12.9126
CO2_TUG_BCT2,2021-10-06,1851,False,14,0.44336,2.53136,3.41436,2.85536,2.20836,2.41436,3.35536,4.38436,7.50236,12.9144,15.4144,14.7964,12.7674,10.6494,8.26736,7.79636,9.06136,9.79636,10.1494,10.8554,11.5314,11.5614,11.0024,9.79636,7.64936,6.17936,5.32636,4.12036,3.09036,2.09036,0.79636,1.20836,3.00236,3.20836,2.64936,2.12036,1.88436,1.88436,2.20836,3.38436,4.91436,4.79636,3.70836,4.14936,4.50236,4.03136,3.14936,2.17936,2.44336,3.00236
CO2_TUG_BCT2,2021-10-06,1900,False,5,4.01276,5.04176,4.74776,3.86576,2.63076,1.98376,4.04176,11.4838,37.0418,90.2778,127.925,122.572,79.4248,36.0418,19.3368,16.2188,15.9248,16.3068,16.1898,18.6008,24.1898,26.9838,27.1008,26.7188,26.8658,25.6598,21.1308,18.0718,16.1008,14.0718,12.1308,9.71876,8.74776,8.83676,8.57176,8.21876,8.42476,9.71876,11.3368,13.2188,13.4538,12.1598,11.4838,11.7188,12.8948,14.3658,13.6898,10.9538,9.63076,10.1598
CO2_TUG_BCT2,2021-10-06,1908,False,12,16.3312,17.2432,17.4782,17.2142,18.1842,20.7432,22.3022,22.1842,22.4492,25.0082,26.3312,25.8312,23.7732,20.4492,19.5962,20.3902,20.6842,19.0372,17.9492,18.0372,19.8612,23.1552,23.9492,22.3312,18.2732,13.7142,11.2142,9.50824,8.24324,7.92024,9.71424,11.8612,13.4202,12.8022,12.7142,13.8022,13.0082,10.9782,11.6552,12.3612,11.8022,11.1262,11.0962,11.4202,10.7432,9.12624,8.59624,8.15524,6.53724,4.68424
CO2_TUG_BCT2,2021-10-06,1915,False,28,19.8275,18.1215,20.4455,26.9745,30.7975,32.6215,34.1805,36.1805,40.9455,46.6505,47.7395,44.9455,41.2095,35.1505,30.0035,30.1215,33.4455,33.8275,30.7975,25.2975,20.6805,15.4155,11.2685,10.6215,12.3565,13.9745,14.2975,13.6805,11.9455,9.79752,10.4455,11.1215,11.7395,13.9155,13.8565,11.2095,9.68052,8.56252,6.85652,7.32752,9.82752,9.50352,5.68052,2.70952,2.59252,4.62152,6.68052,7.00352,6.00352,4.47452
CO2_TUG_BCT2,2021-10-06,1937,False,28,25.265,25.382,24.529,24.176,25.059,26.824,26.853,25.324,25,26.147,27.353,26.206,25.412,25.794,26.559,28,29.206,28.059,24.588,22.441,21.765,21.265,21.118,21.794,23.206,23.912,24,24,24,23.941,23.441,22.265,21.324,21.088,21.529,22.471,22.941,23,23.059,23.529,24.471,24.971,25.265,25.647,25.176,23.706,22.235,20.265,18.647,18.412
CO2_TUG_BCT2,2021-10-06,1978,False,13,18.5925,18.2975,16.7685,16.7975,18.5625,19.5035,19.6215,19.6805,20.1505,21.0925,21.4155,20.2975,17.9455,16.7975,16.8865,17.2095,16.2975,14.2095,13.3565,12.2095,9.41552,7.29752,6.68052,6.65052,6.94552,7.88652,8.94552,8.65052,8.00352,9.44552,10.7395,11.3275,11.2095,9.82752,7.70952,6.73952,6.62152,6.62152,6.62152,6.70952,7.53352,9.88652,12.2975,11.9455,9.47452,8.53352,8.59252,8.47452,7.29752,4.94552
CO2_TUG_BCT2,2021-10-06,1985,False,20,9.29636,8.06036,8.67836,8.76636,7.59036,7.82536,9.61936,10.5604,10.7374,11.2074,11.8844,10.2374,6.03136,3.61936,2.41336,1.32536,1.38436,1.56036,0.03136,-0.11564,1.50236,1.64936,1.06036,2.38436,2.79636,2.00236,2.20736,2.35436,1.97236,1.88436,1.61936,0.64936,1.56036,4.29636,4.97236,4.47236,3.91336,3.47236,3.20736,3.44336,3.61936,3.41336,3.03136,3.50236,4.88436,5.56036,5.41336,5.00236,5.29636,6.67836
CO2_TUG_BCT2,2021-10-06,2011,False,23,19.8589,20.1529,19.2709,19.1529,20.4769,21.8589,22.1529,21.9479,23.2709,25.8299,26.0949,25.6239,24.3589,21.4179,20.7419,22.4179,23.2709,22.6829,21.1239,19.3299,17.5949,17.7119,17.3299,15.4769,14.1529,13.8009,14.5949,14.1829,12.8589,13.3889,12.7709,10.0949,8.94788,9.47688,10.1239,10.0059,9.80088,10.7419,11.3889,11.3889,10.6829,9.27088,8.65288,9.21188,10.1529,9.91788,9.53588,9.62388,10.9479,14.4769
CO2_TUG_BCT2,2021-10-06,2015,False,9,3.38258,3.35358,3.35358,3.29458,2.82458,1.91258,1.85358,3.67758,6.85358,9.23558,11.0886,10.5006,8.26558,8.38258,8.17758,6.55958,6.64758,7.70658,6.44158,4.61858,2.35358,0.29458,-0.02842,0.94158,2.35358,4.29458,5.26558,5.55958,5.55958,4.67758,2.82458,0.00058,-0.94042,-0.17542,0.38258,1.11858,2.29458,2.55958,2.58858,2.55958,1.88258,1.67758,2.02958,1.85358,1.41258,1.88258,2.29458,2.26558,1.61858,0.67758
CO2_TUG_BCT2,2021-10-06,2017,False,25,12.3259,16.6199,16.5909,13.4439,11.3849,13.0909,17.6789,19.6199,19.4439,19.9139,20.2669,19.8559,18.9439,18.7089,19.2089,20.2669,22.6499,25.0909,24.8849,22.1789,20.0029,18.9139,17.7379,15.8259,12.7089,10.7969,10.2089,10.1789,10.7089,9.73794,6.79694,3.94394,0.70894,-1.02706,-0.17406,2.85594,5.44394,6.29694,6.32594,5.79694,4.38494,3.00294,2.73794,3.38494,4.14994,4.88494,5.73794,5.17894,2.64994,0.38494
CO2_TUG_BCT2,2021-10-06,2018,False,9,18.1292,17.3052,17.1882,17.1292,15.7762,15.9232,21.2172,31.0412,38.8642,45.9232,48.1292,44.0702,37.1582,33.2172,30.7172,28.7172,28.8642,30.6292,31.4232,31.7762,32.8642,32.8932,32.0412,32.1582,31.5992,29.6882,28.0992,27.0412,27.1292,26.2462,23.2462,20.7762,20.8642,22.5992,23.0702,22.2462,21.6882,20.8642,18.9822,17.2462,15.9822,14.4232,12.9822,11.2462,10.0412,9.48218,8.98218,8.71718,8.45218,7.89318
CO2_TUG_BCT2,2021-10-06,2030,False,13,7.01888,7.16588,8.22488,9.63688,8.90088,7.87188,7.45988,8.63688,11.4309,12.8429,12.9309,12.2249,10.9309,11.1659,12.8429,12.8719,11.3429,10.8129,10.4009,9.01888,7.60688,7.07788,7.10688,7.66588,7.90088,6.22488,4.84288,3.75388,2.60688,2.34288,2.84288,3.66588,4.16588,3.04788,2.63688,3.22488,3.10688,1.98988,0.10688,-0.51012,0.54788,2.10688,2.22488,1.60688,2.34288,3.19488,3.66588,3.25388,2.34288,2.63688
CO2_TUG_BCT2,2021-10-06,2041,False,15,2.47336,2.23736,4.97336,13.1784,22.2964,29.0904,37.0024,42.3554,45.1204,48.0614,49.2084,47.2674,43.0024,40.6204,39.6494,38.8254,37.6204,35.5904,33.7964,32.5024,32.9434,33.2674,32.6494,31.6494,29.0314,24.3254,22.1784,22.1204,21.9434,22.3254,24.1784,26.4144,26.4734,24.5904,22.7964,21.5024,21.7374,20.3554,15.9734,12.6784,11.7374,11.5904,11.0904,9.91436,9.06136,9.47336,10.8554,11.4734,10.8554,9.47336
CO2_TUG_BCT2,2021-10-06,2100,False,13,6.21012,6.09212,5.03312,3.62112,4.50412,7.03312,12.5631,19.2981,23.2391,25.8271,26.2101,24.2391,22.0631,20.6211,18.1801,14.9151,13.6801,14.1211,15.4151,16.8571,16.1801,15.5041,14.9151,13.1511,11.2981,9.32712,8.71012,9.76812,11.3571,11.5631,10.2391,8.50412,5.38612,0.18012,-2.11388,-1.49588,-0.20188,1.38612,4.50412,7.79812,9.09212,9.18012,8.53312,6.18012,2.88612,1.50412,2.03312,3.47412,4.41512,5.06312
CO2_TUG_BCT2,2021-10-06,2104,False,8,3.77558,4.21658,4.42258,4.21658,3.80558,4.33458,7.59958,13.2756,19.6876,27.6876,29.1286,23.2756,17.5696,14.9816,12.4226,9.15758,7.92258,8.30558,9.24658,10.6876,11.3636,11.0696,9.42258,6.74658,4.83458,3.30558,3.06958,5.33458,9.21658,10.0996,7.74658,5.48158,5.36358,6.54058,6.12858,4.33458,4.01058,3.65758,2.54058,2.48158,4.04058,6.77558,7.21658,5.27558,3.86358,3.45258,2.95258,2.06958,2.06958,2.89358
CO2_TUG_BCT2,2021-10-06,2148,False,7,10.4422,12.1482,15.4712,17.8242,18.4712,18.5302,18.8242,21.6482,30.1182,39.9122,43.2652,42.2952,41.4422,41.5892,42.5302,41.3242,37.5892,35.1772,33.5302,32.0892,31.2362,30.0012,28.3542,27.6182,27.4422,26.6482,24.5302,22.3542,21.1182,20.3242,20.3242,20.5012,20.3542,18.9712,16.3832,15.4422,15.4712,15.2652,14.8832,15.3542,16.4712,15.2362,12.5012,13.3832,15.9712,19.2062,20.9712,20.4422,18.7952,19.2952
CO2_TUG_BCT2,2021-10-06,2149,False,9,7.51706,7.54706,8.01706,9.13506,11.0171,13.9001,15.4001,16.2821,17.9591,20.6061,23.5171,22.8121,21.6641,21.3701,20.2821,17.2231,13.8701,12.0761,10.7531,9.72306,8.72306,7.31206,6.98806,8.54706,11.1061,12.1351,12.2821,12.9001,12.6351,11.1351,9.37006,7.87006,8.54706,9.22306,9.81206,11.3411,11.3121,9.51706,8.42906,8.54706,9.78206,10.9001,11.6941,11.6061,10.7231,9.37006,9.13506,8.57606,5.63506,4.72306
CO2_TUG_BCT2,2021-10-06,2174,False,28,22.8236,22.5006,22.8826,22.5886,21.2066,20.2356,19.4416,18.8536,19.5596,21.6476,23.0006,22.8826,21.8536,20.6766,20.6176,23.4126,24.8826,24.1766,22.9706,22.2356,21.7356,21.6476,21.3826,20.2946,20.3826,22.1766,23.7946,24.1176,23.6766,23.1176,21.9126,20.1176,18.2946,16.5596,16.6766,16.2946,14.6176,14.7946,17.9706,21.7356,23.2356,23.1766,22.7356,22.7356,23.0296,22.1176,20.0296,19.3826,20.0006,21.4416
CO2_TUG_BCT2,2021-10-06,2185,False,7,0.29576,0.82576,0.97276,3.88476,21.5018,53.6788,72.4138,81.6788,91.1488,104.267,110.767,106.708,91.2378,72.9728,60.8848,49.8258,42.0608,35.7958,32.8548,31.3548,27.8258,23.4728,20.7668,18.7378,18.1788,18.2958,17.4138,17.2078,17.8258,17.8548,17.9138,18.2668,17.9138,17.4728,18.5318,18.4728,16.9438,16.5908,17.6488,19.4138,19.2378,17.4728,17.2078,17.2958,16.8848,16.4728,15.0318,12.3258,11.8848,13.8258
CO2_TUG_BCT2,2021-10-06,2203,False,20,26.294,22.97,18.794,13.882,12.117,11.559,11.617,14.912,20.441,28.147,31.441,30.97,30.588,31.059,31.059,28.823,26.559,24.529,23.765,23.647,22.882,21.853,19.912,17.412,15.235,12.853,12.206,12.059,9.765,7.117,4.823,4.794,5.088,4.676,4.206,3.706,3.412,3.029,3.029,4.588,6.647,8.941,8.735,6.294,5.235,4.412,3.029,3.088,3.912,4.823
CO2_TUG_BCT2,2021-10-06,2209,False,4,3.71658,3.51058,3.65758,3.15758,1.77558,1.59958,5.74658,16.5696,41.7166,96.5996,145.776,140.364,92.4816,59.7756,40.2466,31.7466,28.3636,22.2466,16.2166,12.8936,10.3056,9.01058,7.92258,6.18758,6.33458,7.86358,7.56958,6.54058,5.51058,4.98158,4.45258,3.56958,3.59958,4.71658,5.68758,6.21658,6.62858,6.15758,4.77558,4.15758,4.59958,4.68758,3.27558,3.42258,4.42258,5.42258,5.77558,6.30558,7.98158,9.04058
CO2_TUG_BCT2,2021-10-06,2253,False,9,2.6033,3.5453,4.6923,10.1623,21.0743,27.2503,29.8093,31.5453,32.8093,34.3393,35.2803,34.4273,31.1333,29.2213,28.2803,26.7213,24.8393,22.3983,21.2213,21.0743,21.0153,20.5453,19.6033,19.1033,18.8093,18.3393,18.1333,18.3393,18.8683,19.5153,20.0153,19.4563,18.3393,16.8683,16.0743,15.2803,13.9563,13.9863,15.5453,16.7803,17.5743,18.6033,19.5153,20.2803,20.2213,19.6623,19.3983,20.1333,19.1333,15.9273
CO2_TUG_BCT2,2021-10-06,2272,False,11,29.1546,27.1546,23.7436,19.8316,19.8016,24.0666,31.9496,37.1256,40.0966,43.4786,44.2726,42.8606,40.2436,37.3016,32.9196,29.3606,27.9786,27.5076,28.1256,29.2726,28.7136,27.4496,26.1846,26.0076,26.6256,27.3016,25.5076,21.5666,20.4786,19.5966,16.3906,13.1846,10.9196,8.59664,8.62564,11.0666,12.7436,13.2726,13.0666,11.8906,11.2136,11.1256,11.1256,11.1256,11.0966,10.8906,10.6546,10.6846,9.24364,5.86064
CO2_TUG_BCT2,2021-10-06,2277,False,28,11.6878,11.2768,11.1298,11.8058,13.0708,12.6878,11.1298,11.4528,12.7178,14.1588,14.3938,13.5408,12.8648,11.1588,7.86476,6.33576,7.07076,8.98276,10.2178,11.2768,12.5408,13.6588,14.4238,13.5998,12.0408,10.1878,10.1588,11.6878,12.1878,12.3358,13.0118,13.5408,12.3938,9.57076,7.95276,7.54076,7.62976,6.68776,4.59976,4.01176,5.04076,6.83576,6.77676,4.54076,2.62976,1.68776,0.21776,-1.78224,-1.81224,0.01176
CO2_TUG_BCT2,2021-10-06,2284,False,6,9.882,6.559,4.676,3.97,3.588,3.794,6.941,24.059,61.088,87.059,89.5,79.529,67.882,50.323,34.323,25.264,18.559,17.764,19.882,22.382,23.382,23.529,24.029,22.764,19.059,16.47,15.794,15.647,14.941,13.529,12.764,12.235,11.529,11.588,12.235,13.059,12.382,10.323,9.617,9.588,8.676,6.706,5.059,3.529,2.882,3.264,4.088,3.735,2.853,3.911
CO2_TUG_BCT2,2021-10-06,2285,False,25,6.823,12.529,18.529,21.147,21.264,21.882,25.5,34.47,43.323,47.706,50.147,49.353,46.441,46.441,45.529,42.382,41.206,39.559,35.47,30.559,24.441,22.088,23.823,27.617,29.617,30.794,32.617,33.059,32,30.647,26.941,19.382,14.206,12.853,12.529,10.941,8.117,7.294,6.617,4.853,4.206,3.617,1.382,0.882,1.882,1.529,1.882,3.676,4.588,4.47
CO2_TUG_BCT2,2021-10-06,2289,False,9,0.33106,0.38906,2.53606,7.06606,8.36006,7.24206,8.27206,11.8011,18.2721,23.0951,23.6541,21.8011,20.0361,18.9781,19.8601,20.2131,19.1841,16.9481,12.6541,9.30106,9.50706,11.7421,12.1541,11.3891,10.3891,9.97806,10.3891,11.2721,11.2131,9.86006,8.41906,7.65406,7.12506,6.80106,6.06606,4.59506,3.44806,2.65406,2.71306,3.36006,4.12506,3.21306,2.09506,4.59506,5.77206,4.38906,3.21306,2.88906,3.06606,4.53606
CO2_TUG_BCT2,2021-10-06,2290,False,16,10.5165,9.81048,11.4275,16.7805,21.8695,23.1925,23.1635,25.1925,29.3395,35.2805,35.6045,29.6335,24.3695,20.2515,14.6925,11.8105,12.6635,15.4865,17.1925,18.3105,19.3395,18.4275,14.2515,9.28048,7.01648,6.22148,5.31048,4.10448,3.92748,4.54548,5.51648,5.78048,4.19248,0.98648,0.07448,1.51648,2.72148,3.13348,2.45748,0.31048,-1.07252,-1.57252,-0.80752,1.51648,3.42748,4.25148,4.86948,5.48648,4.33948,0.01648
CO2_TUG_BCT2,2021-10-06,2291,False,12,7.91612,8.88612,12.7101,16.0331,19.3271,21.2101,21.6221,21.6221,21.4751,21.7101,22.7391,22.1801,19.4451,17.3271,16.7101,16.7391,17.4161,18.5921,18.7981,18.3271,17.1221,15.4451,14.4751,13.7981,12.4451,9.12212,5.41612,4.47512,6.18012,8.32712,7.68012,4.68012,4.38612,6.53312,7.09212,7.50412,8.85712,9.59212,9.91612,10.3861,10.5331,9.85712,8.50412,8.21012,8.59212,8.12212,7.71012,7.68012,7.94512,8.65112
CO2_TUG_BCT2,2021-10-06,2308,False,22,22.7356,22.3536,21.8826,20.1176,17.5296,18.0296,19.2066,19.9126,20.8826,22.5596,23.6476,23.2646,21.8236,20.5886,19.0886,17.6766,17.0596,16.2946,14.9706,14.9706,16.3536,17.3826,17.2356,15.3826,14.4126,14.0296,12.8536,12.1766,12.1176,12.1176,10.7066,7.2946,6.3236,7.5006,7.5296,7.4126,7.8826,8.5296,9.0296,8.5296,7.8826,7.3536,7.1476,7.3536,7.9416,9.0596,10.5006,10.4416,9.5596,8.0886
CO2_TUG_BCT2,2021-10-06,2312,False,11,2.4753,3.0053,3.0933,3.7703,3.9753,3.7403,5.0343,8.7703,12.1813,14.0643,14.6523,12.8283,12.0053,12.5643,11.3873,8.1523,6.5343,6.5343,6.7703,6.3583,4.7403,2.1813,2.9753,6.3283,6.2993,5.1233,4.0343,3.0343,3.9463,6.6813,7.7403,6.5053,4.3583,3.1523,2.5643,2.2993,2.0343,1.6813,2.4173,4.5053,5.8873,5.9173,4.7703,3.0933,2.1233,1.4753,0.7703,1.2113,4.2113,5.5343
CO2_TUG_BCT2,2021-10-06,2315,False,3,-1.08722,-0.79222,0.82478,1.50178,1.05978,1.05978,7.14878,25.1778,60.4718,107.766,110.825,90.7368,66.0598,50.1188,36.9428,25.7658,19.0308,12.2658,8.08978,7.50178,8.17778,7.26578,4.73678,3.85478,4.26578,4.29578,3.00178,3.05978,4.76578,5.35478,5.47178,6.76578,6.70778,4.94278,3.94278,3.35478,2.44278,2.14878,2.08978,1.44278,1.38378,1.55978,0.73678,1.03078,2.88378,4.20778,4.55978,3.70778,3.73678,4.82478
CO2_TUG_BCT2,2021-10-06,2324,False,10,7.36006,11.3011,14.4191,17.4781,19.5371,19.6841,18.8601,18.8311,19.4781,19.5961,20.1251,20.0961,17.2131,14.9781,13.8601,13.6541,12.8901,10.1541,9.36006,11.2721,13.4191,14.4481,14.8901,14.1841,12.3311,11.2431,10.0661,8.65406,9.39006,10.4191,10.9481,10.5961,8.74306,6.44806,5.91906,6.74306,7.18406,7.00706,6.41906,5.36006,4.39006,5.30106,5.97806,6.33106,7.50706,8.18406,8.21306,7.62506,5.74306,3.59606
CO2_TUG_BCT2,2021-10-06,2334,False,21,5.4163,1.2693,2.2103,9.4753,16.3583,21.0053,26.4163,30.0343,33.3873,38.3283,38.5633,34.1813,31.6523,29.7403,25.2693,20.4163,17.4163,14.7693,12.9753,12.1223,12.7693,12.8873,11.7993,10.8583,10.5633,10.5343,10.5633,10.7993,11.0633,9.7403,7.1813,6.9753,7.7103,8.1813,7.8283,7.3873,8.4463,8.3283,6.3283,4.9163,4.5633,4.7103,6.0343,8.1523,8.1523,7.5633,7.0053,6.1523,6.3873,7.7693
CO2_TUG_BCT2,2021-10-06,2337,False,4,1.23658,0.00058,0.70658,1.03058,1.32458,2.76558,6.41258,17.5596,33.5306,42.2656,45.6776,41.5596,30.9416,26.7656,25.2366,19.9416,13.2656,9.79458,8.08958,7.44158,6.41258,3.64758,0.97158,-1.08742,-0.58742,0.41258,1.05958,1.76558,2.73658,3.35358,4.41258,5.35358,3.85358,3.76558,5.88358,6.50058,5.00058,3.14758,2.67758,3.53058,4.64758,4.67758,3.85358,3.82458,4.47158,4.47158,4.29458,4.11858,3.03058,1.38358
CO2_TUG_BCT2,2021-10-06,2345,False,3,4.64994,4.35594,3.32694,2.35594,2.35594,3.23894,3.85594,5.56194,11.6799,20.3269,23.7679,23.2389,22.1499,19.9739,17.0619,15.2089,14.3559,15.0919,15.9439,16.5919,17.3559,17.3859,15.2389,13.7389,13.5619,14.2089,14.1799,13.2679,12.5919,12.2969,12.4149,11.6799,9.82694,8.82694,8.23894,7.26794,6.64994,6.82694,8.00294,8.67994,8.76794,8.73894,8.50294,8.03294,7.67994,6.70894,4.97394,5.20894,7.29694,7.26794
CO2_TUG_BCT2,2021-10-06,2346,False,29,9.14818,8.91218,8.47118,8.47118,8.85318,8.61818,7.70618,7.29518,7.79518,9.44218,11.3242,12.0892,12.0592,11.1182,9.23618,8.35318,8.64818,9.11818,8.70618,8.76518,9.67718,10.3832,10.9122,11.2062,11.6482,12.1182,11.5892,10.7062,9.79518,9.94218,10.5892,9.79518,8.64818,8.55918,10.5302,10.6772,8.70618,9.08918,11.5302,11.7652,11.1482,10.1182,8.20618,7.03018,6.55918,7.20618,8.58918,8.67718,8.85318,8.79518
CO2_TUG_BCT2,2021-10-06,2347,False,17,7.70618,5.55918,4.88318,5.91218,6.82418,7.08918,8.29518,12.1772,20.3832,33.8832,40.8832,39.3532,31.5592,25.1772,19.2362,14.7652,13.3832,13.7062,14.5592,14.3242,13.0012,12.5012,12.6482,12.4422,12.4712,12.6772,11.2362,9.14818,10.4712,11.2062,10.2362,9.88318,9.08918,7.35318,7.32418,8.85318,9.26518,8.76518,8.50118,9.58918,11.4122,13.6482,13.2652,10.8242,10.5892,10.9422,9.85318,7.58918,7.11818,8.38318
CO2_TUG_BCT2,2021-10-06,2348,False,13,2.88436,1.97336,1.56136,3.32636,6.38436,7.82636,8.00236,8.12036,9.06136,10.8264,10.9144,9.85536,10.1494,9.32636,6.47336,4.20836,2.85536,3.35536,4.06136,3.67836,2.03136,1.12036,0.97336,0.73736,0.26736,0.09036,0.47336,0.94336,0.44336,-0.20364,-0.64464,-0.23264,0.67836,0.44336,0.06136,0.00236,0.12036,1.06136,2.88436,3.56136,4.38436,7.14936,8.17836,6.73736,4.82636,3.82636,3.23736,2.73736,2.00236,1.38436
CO2_TUG_BCT2,2021-10-06,2349,False,12,16.0614,17.8554,18.0904,17.0024,18.1494,23.0024,28.0024,30.4144,32.2674,34.0904,34.3844,33.3554,31.3844,27.7964,24.8844,23.3554,22.3264,22.3844,21.3554,18.7674,18.7674,21.4144,22.8264,22.9734,22.7374,22.3264,22.5614,23.3264,22.6204,20.3264,18.9434,17.0314,12.7964,9.38436,9.17836,11.0024,12.2674,12.1494,10.3844,10.2674,12.4734,14.4434,15.7374,17.2084,17.6784,15.8844,12.0614,9.76736,9.06136,9.53136
CO2_TUG_BCT2,2021-10-06,2371,False,12,19.1529,19.1229,20.4759,20.8879,20.0349,19.3289,18.7999,18.6819,19.5639,21.2109,21.5349,20.2409,17.7109,15.3589,12.8589,11.5939,10.7999,9.8589,10.1229,10.7409,11.0639,9.7699,7.4469,7.7409,8.8879,9.4759,9.0349,8.8589,9.3289,9.9759,10.4759,9.9469,9.1229,8.5939,9.0939,9.7409,10.1229,9.2409,7.3879,7.2109,7.9759,8.7409,8.6529,7.7699,6.3589,5.9469,6.7999,7.9469,8.2409,8.0639
CO2_TUG_BCT2,2021-10-06,2389,False,23,14.3873,16.5053,16.4463,12.3583,6.7403,4.7403,6.7993,11.2113,16.4173,23.0643,25.0343,23.3283,23.0343,20.8873,13.6813,6.2703,4.3283,5.8873,6.8873,7.4753,8.3283,8.0643,6.4753,5.3873,5.7703,7.1813,8.0933,8.4173,8.2403,8.4463,8.8873,8.3283,7.2113,5.6813,4.5933,4.2703,5.1813,5.5933,5.1813,4.8283,5.2703,6.8583,7.2703,6.2113,5.3583,5.7703,7.1813,8.1523,8.9463,9.6523
CO2_TUG_BCT2,2021-10-06,2390,False,8,7.118,8.883,9.265,7.795,7.324,7.442,7.736,10.353,18.589,28.5,30.765,25.147,17.559,12.177,7.147,5.089,5.736,6.883,7.236,7.53,8.53,7.795,5.147,4.559,6.736,9.177,9.059,7.059,6.324,6.177,5.647,4.765,3.795,4.089,4.795,4.618,2.736,1.618,1.471,1.471,1.412,1.147,1.853,4.471,4.412,1.559,1.765,5.089,6.383,5.471
CO2_TUG_BCT2,2021-10-06,2394,False,8,7.03312,4.71012,4.23912,4.50412,4.32712,4.29812,7.59212,15.7391,27.9161,43.8861,47.8861,44.5921,39.1211,33.9741,28.7981,21.4161,16.6511,13.3861,11.2391,10.1801,8.00412,4.50412,3.06312,3.41612,4.26812,5.00412,4.38612,4.38612,5.00412,4.32712,3.94512,4.32712,4.50412,4.06312,3.21012,3.53312,5.59212,7.76812,9.03312,10.0921,10.6801,10.2681,8.50412,6.65112,4.65112,3.73912,3.85712,4.32712,4.68012,5.65112
CO2_TUG_BCT2,2021-10-06,2399,False,19,8.17876,8.26676,8.26676,8.26676,8.35476,9.17876,11.5318,14.1488,15.4138,16.0318,16.3258,15.4138,12.7668,10.8848,9.53176,8.59076,8.29576,8.23776,8.03176,7.79576,8.03176,8.23776,8.14876,7.29576,6.11976,6.53176,6.67876,6.06076,5.97276,5.44276,4.06076,3.26676,2.47276,1.14876,1.23776,3.26676,5.38476,6.17876,6.11976,5.00176,3.11976,2.91376,3.56076,4.79576,6.38476,6.64876,5.73776,5.03176,5.91376,8.94276
CO2_TUG_BCT2,2021-10-06,2400,False,5,3.70658,3.29458,2.29458,-0.14642,0.35358,8.17658,25.0296,65.8826,138.766,186.913,197.177,158.619,125.795,103.589,87.5596,80.2946,75.5296,72.7356,67.0596,55.6476,45.2066,32.5296,22.8826,21.5886,24.8826,25.3826,21.6186,17.0296,14.2066,11.4126,9.08858,8.50058,8.64758,7.08858,4.05958,3.41258,2.73558,2.11858,5.00058,7.41258,8.52958,8.26558,6.67658,5.52958,5.35358,5.08858,4.08858,4.82358,7.47158,8.02958
CO2_TUG_BCT2,2021-10-06,2403,False,13,10.3016,15.7136,24.4196,28.1836,26.0956,21.1546,20.4486,24.5076,31.8896,46.4786,59.8016,59.7726,46.2136,31.0366,22.4786,16.1546,12.9196,10.6836,7.68364,6.68364,7.21364,7.06664,5.71364,3.41964,3.00764,4.74264,6.44864,7.47864,8.47864,8.91964,8.74264,8.44864,9.56664,11.8896,12.2426,11.0956,9.86064,10.1836,9.59564,7.36064,6.53664,7.80164,9.94864,11.0956,11.2136,10.4786,9.80164,9.24264,8.62564,6.94864
CO2_TUG_BCT2,2021-10-06,2407,False,9,1.17718,-0.46982,0.44218,5.23618,9.29518,9.29518,6.88318,7.58918,11.6482,13.8242,14.2652,12.8542,8.55918,5.79518,4.55918,4.05918,3.76518,3.35418,3.61818,4.76518,5.55918,4.67718,2.44218,2.05918,4.03018,6.11818,6.53018,4.97118,2.53018,2.50118,4.70618,5.82418,5.50118,4.58918,4.35418,4.76518,5.00118,5.03018,5.03018,4.97118,4.50118,3.67718,4.20618,6.50118,8.29518,8.17718,6.79518,5.73618,4.23618,2.23618
CO2_TUG_BCT2,2021-10-06,2410,False,27,18.1766,20.4126,20.2946,18.5006,17.7066,18.7656,21.0596,21.8826,22.0296,23.3826,23.7066,22.1766,20.5006,21.3826,24.2656,23.4416,19.4126,18.7066,19.3236,19.2656,17.9126,15.5596,15.1176,15.7656,17.2356,19.2356,19.3826,18.5596,19.4416,19.7946,18.8826,17.6476,15.7066,14.0296,13.2356,12.7946,13.1766,13.8536,13.2066,13.1476,14.7066,16.4706,16.2946,14.5596,14.0296,14.3826,13.8536,13.0006,12.2356,12.1476
CO2_TUG_BCT2,2021-10-06,2412,False,12,9.53,12.383,15.559,20.147,22.589,21.912,19.853,20.853,25.412,28.5,29.236,27.883,24.265,21.706,20,18.824,17.794,17.236,16.412,14.53,12.883,12.324,12.089,10.853,9.441,10.765,11.324,10.324,10.089,10.236,10.294,10.471,10.471,9.677,8.647,8.118,9.177,9.089,7.383,6.971,8.265,9.589,9.53,9.118,10.206,10.353,9.206,9.589,11.147,10.912
CO2_TUG_BCT2,2021-10-06,2413,False,9,3.2066,3.0296,1.8826,1.4416,1.9706,3.5886,7.6176,12.6766,19.1766,28.7946,33.2946,32.2356,28.6766,24.7646,19.1476,14.7066,13.5596,14.3536,15.6176,16.8236,18.2066,18.0886,15.8236,13.3236,12.8536,12.9706,11.2356,9.4416,7.8236,6.5006,4.2946,1.4416,-0.0294,-0.4704,0.5296,1.9126,0.5886,0.1476,2.0886,4.1766,4.7356,4.4416,4.9706,6.8236,8.3826,8.1766,6.3536,4.7946,4.9416,6.1766
CO2_TUG_BCT2,2021-10-06,2414,False,11,11.1795,11.6795,11.2385,11.0625,11.5325,12.8855,19.0325,30.6205,42.1505,56.4445,64.7675,62.0035,51.7385,42.0325,30.1205,20.6795,15.7095,11.6505,10.5035,10.9445,11.5325,12.1505,12.4145,11.4145,10.3855,10.0625,10.9735,11.3855,10.9735,10.4445,9.47354,8.23854,7.26754,6.26754,5.91454,6.79754,8.53254,8.35654,6.59154,6.32654,6.53254,7.06254,8.59154,8.56254,6.91454,6.94454,8.94454,10.2385,9.82654,9.38554
CO2_TUG_BCT2,2021-10-06,2417,False,4,1.70776,-0.08624,-0.67424,0.41376,0.00176,-1.79224,-1.26324,6.82576,32.2958,63.3548,66.0018,44.5308,29.5608,24.1488,28.7958,31.9728,29.2368,23.9428,20.5898,18.1788,15.4138,12.0018,11.1488,12.0018,12.7668,12.1488,12.2368,13.5018,13.4728,10.5018,5.88376,4.29576,4.50176,3.41376,3.26676,4.67876,6.32576,8.29576,9.26676,9.53076,9.29576,8.14876,7.70776,8.03076,7.88376,7.67876,8.53076,8.47276,7.14876,6.32576
CO2_TUG_BCT2,2021-10-06,2418,False,29,5.3536,6.0596,9.4126,10.0596,9.1476,8.1766,8.1766,9.0596,9.5886,10.0886,10.7946,10.8236,10.8826,11.2066,10.6476,9.9706,11.3826,12.4126,12.3236,11.8236,11.3536,10.9126,11.0596,11.2646,10.3826,10.0886,10.0006,8.6176,7.9706,8.4416,9.4706,10.2066,8.7946,7.7356,7.5886,7.5886,7.5886,7.7066,8.6476,10.5296,11.4126,11.0296,9.8536,8.8536,8.0886,7.1176,6.7066,7.1176,8.0886,8.9416
CO2_TUG_BCT2,2021-10-06,2420,False,25,22.2425,23.3595,23.5065,23.5655,24.8895,25.0655,23.8305,23.6245,24.7125,25.6245,25.6835,25.2715,25.1245,24.3895,22.2125,20.7715,21.0955,23.3595,24.0065,22.7125,21.3015,18.3895,14.0655,11.3015,8.71246,6.03646,4.30146,2.85946,2.74246,3.12446,2.00646,1.50646,1.38946,0.03646,-0.37554,0.47746,1.18346,1.71246,1.91846,1.62446,0.44846,-1.05154,-0.61054,1.68346,3.00646,2.91846,1.71246,0.80146,0.24246,0.09546
CO2_TUG_BCT2,2021-10-06,2424,False,4,-0.23482,-1.14582,1.29518,6.41218,8.53018,7.73618,6.20718,6.14818,10.6182,15.0012,17.9422,17.2652,14.6772,11.2652,9.94218,10.9122,12.7072,14.3542,14.6772,11.6482,9.91218,10.1772,10.8542,11.5892,11.5892,11.4422,11.6482,12.0302,11.5592,10.3242,10.7652,12.7952,13.4422,12.8832,11.9122,11.4122,11.1182,10.5892,9.79518,8.11818,6.23618,5.47118,5.38318,5.47118,6.17718,7.73618,9.50118,11.0012,10.1182,8.03018
CO2_TUG_BCT2,2021-10-06,2428,False,25,11.2403,10.8293,10.4173,10.9763,13.0643,15.2403,16.4763,17.2703,17.3293,17.6233,18.3583,17.4463,14.9173,14.0053,14.2703,14.5353,14.1233,12.5053,9.8293,9.6823,11.1523,10.2403,9.4763,9.7993,10.0643,10.3293,10.8583,11.5643,12.5353,12.9763,12.7993,12.3293,12.0933,12.0643,12.1233,12.5643,13.2703,13.2703,13.0643,12.7993,12.1823,10.7703,8.3583,7.0053,6.8583,7.5933,8.2403,8.5353,8.3883,8.8883
CO2_TUG_BCT2,2021-10-06,2429,False,28,6.18406,6.94806,6.62506,5.65406,5.12506,6.39006,7.94806,9.47806,10.3011,11.3311,13.0371,12.6251,10.3901,9.89006,9.94806,9.39006,8.00706,5.86006,5.09606,4.71306,3.71306,2.50706,0.80106,-0.34594,-0.43394,0.00706,0.24306,0.27206,0.30106,0.44806,0.21306,-0.84594,-0.63994,0.68406,0.74306,0.86006,1.62506,1.27206,0.39006,1.39006,2.65406,3.47806,3.50706,3.56606,3.97806,3.91906,3.00706,1.86006,1.59606,2.00706
CO2_TUG_BCT2,2021-10-06,2432,False,12,4.44158,3.32458,3.03058,5.14758,10.0006,17.6776,21.6476,23.7656,27.4716,32.0886,36.2946,34.4716,32.7656,33.1776,31.8246,27.1776,22.5306,19.5306,16.7656,15.7656,15.3536,14.3836,13.3536,11.6476,9.73658,8.76558,8.44158,8.76558,9.67758,11.1476,12.1186,12.9126,13.5596,13.4716,13.5006,14.9126,15.7946,15.8536,15.4416,14.9716,15.3536,15.0886,13.9716,13.6776,13.3536,12.3836,11.5596,11.5006,12.7366,12.1476
CO2_TUG_BCT2,2021-10-06,2439,False,5,8.35358,4.70658,4.85358,5.20658,3.73558,2.76558,4.08858,7.41258,9.61858,11.4716,13.2356,13.1776,12.3246,13.1476,13.0306,11.2356,10.0006,8.94158,7.79458,7.50058,7.67758,7.41258,6.97158,6.50058,6.50058,6.94158,7.14758,6.94158,6.41258,5.73558,5.00058,5.00058,5.23558,5.73558,6.58858,6.35358,5.11858,5.26558,6.35358,5.91258,5.55958,5.94158,6.20658,6.47158,6.91258,6.91258,6.47158,6.20658,5.94158,5.47158
CO2_TUG_BCT2,2021-10-06,2440,False,14,3.73894,10.0329,20.7679,26.6799,27.2969,23.7679,21.5619,21.5329,23.7389,28.6799,32.0619,31.9149,30.1209,29.7679,29.1499,27.2969,25.9739,24.2089,21.5329,19.5919,17.7969,16.6209,16.2969,16.2969,16.4149,15.9439,14.2389,12.7679,11.0029,9.06194,7.82694,6.70894,5.47394,3.53294,1.82694,1.00294,1.64994,4.32694,4.73894,2.67994,2.29694,4.26794,6.29694,6.41494,5.32694,5.29694,7.09194,10.1499,9.82694,6.97394
CO2_TUG_BCT2,2021-10-06,2441,False,10,5.382,5.353,5.323,5.117,5.588,7.676,11.264,11.735,10.559,12.676,14.323,14.323,13.823,13.353,12.853,12.559,12.059,11.147,10.853,10.794,10.206,10.706,12.559,13.294,10.353,3.617,0.823,1.794,2.529,2.853,3.323,3.647,4.382,5.735,5.823,3.794,1,0,0.412,1.264,2,1.294,0.647,0.323,-0.059,0.412,1.882,3.323,5.059,6.235
CO2_TUG_BCT2,2021-10-06,2454,False,4,5.48452,4.77852,3.36652,2.83752,4.16052,6.92552,8.01352,8.42552,10.6015,13.9545,17.7485,17.2785,14.7485,13.7785,14.3665,15.7785,16.6015,17.3665,17.1315,13.7195,10.7785,8.42552,5.80752,2.16052,0.01352,-0.66248,-1.16248,-1.33948,-0.89848,0.16052,1.45452,2.45452,1.51352,0.80752,1.63152,3.42552,3.66052,2.30752,1.30752,1.69052,4.04352,5.24852,4.24852,1.98452,1.51352,2.98452,5.24852,7.92552,8.04352,6.69052
CO2_TUG_BCT2,2021-10-06,2465,False,25,4.94158,4.35358,3.02958,2.97158,3.82358,3.97158,6.64758,12.7356,16.0886,17.4126,18.4416,17.7356,15.2066,13.5886,13.4416,14.0296,15.4716,18.0886,19.7946,20.6476,21.6186,22.0886,22.1476,22.0886,21.7656,22.0006,23.7656,23.9126,21.9416,20.5596,20.4416,20.7656,20.1186,18.7356,18.8236,19.8236,20.8236,20.4716,19.1476,17.2356,16.6476,17.9416,19.9716,20.1476,18.1476,16.0596,15.5006,15.8826,16.0596,15.6186
CO2_TUG_BCT2,2021-10-06,2466,False,9,25.5696,25.3636,24.1286,24.4226,26.6876,28.4516,28.3346,28.3926,31.3046,33.7756,35.3046,35.0106,32.7456,30.8636,30.3046,30.4816,31.0406,31.9816,33.3926,33.9226,34.0106,34.5406,33.5986,31.0696,30.1876,30.7166,31.6576,31.8346,30.9516,29.6876,28.4516,26.7456,25.5986,25.5106,25.9516,26.0106,24.6286,21.8926,20.9816,20.5696,17.9816,16.4226,16.3046,16.9816,18.1576,18.4816,18.8346,18.5696,16.1286,15.7456
CO2_TUG_BCT2,2021-10-06,2468,False,0,14.9143,14.7673,13.4733,13.1493,13.2963,12.3263,11.4443,10.8853,10.7083,11.1493,12.0023,11.7673,10.4143,9.64934,9.09134,8.14934,7.73834,8.14934,9.03234,9.09134,8.67934,9.09134,9.00234,7.88534,7.06134,7.70834,9.50234,9.91434,8.62034,7.20834,6.67934,6.56134,6.26734,6.73834,9.03234,9.94434,9.41434,9.38534,9.32634,8.76734,7.50234,4.88534,2.56134,1.91434,1.82634,1.26734,2.00234,4.23834,5.06134,5.20834
CO2_TUG_BCT2,2021-10-06,2472,False,23,27.824,27.853,27.059,26.353,27.736,28.559,28.236,28.118,29.03,30.883,31.471,30.177,27.942,25.883,22.706,19.559,19.442,21.559,22,20.5,19.089,17.03,14.412,14.912,16.089,16.795,17.53,17.324,14.824,14.03,15.706,17.471,18.971,20.765,20.559,18.559,17.942,18.765,20.442,21.677,22.471,23.295,22.647,20.824,20.471,19.883,18.295,17.853,18.206,18.647
CO2_TUG_BCT2,2021-10-06,2479,False,5,10.2084,10.2374,10.4144,10.4144,9.79636,10.2084,12.7374,16.5024,23.4144,34.5024,37.2674,31.8554,28.2674,28.8844,31.8844,33.7374,33.9144,33.2674,31.3264,27.5324,24.8554,23.7674,24.6494,28.5614,30.1204,29.0324,28.4434,27.8844,26.3844,26.4734,27.2964,25.5614,23.5904,21.9734,20.8554,18.8844,15.8844,14.7964,14.6204,13.1494,11.7964,10.7084,10.0614,10.0024,10.6794,10.9734,11.2674,12.4734,13.3844,13.8264
CO2_TUG_BCT2,2021-10-06,2492,False,19,11.0006,10.0896,11.8246,15.5596,16.6776,16.0006,15.0896,15.3836,17.2066,18.8536,19.3246,18.6776,17.2656,16.5596,16.4126,16.0006,15.5306,16.0306,16.6776,17.2066,17.5306,18.2656,19.5896,19.6476,18.7956,19.1186,20.1776,21.4126,21.4126,19.3836,15.8536,16.1776,20.8836,24.2656,24.0306,21.5306,19.8836,19.5006,19.4126,18.9716,18.2656,18.2956,18.6186,18.4126,17.1776,16.0306,15.1186,15.4716,16.3536,15.3246
CO2_TUG_BCT2,2021-10-07,0,False,16,7.67934,9.67934,11.6793,12.3263,11.5023,10.3853,10.3853,11.5023,12.4733,13.0023,13.3263,12.0323,8.29634,4.97334,3.70834,3.82634,4.97334,5.41434,5.09134,5.29634,5.97334,5.88534,4.91434,2.76734,0.73834,0.64934,2.00234,3.03234,4.29634,5.88534,6.20834,5.82634,6.20834,5.91434,4.70834,5.17934,7.44334,8.56134,8.38534,8.62034,10.3853,10.5613,8.79634,7.67934,7.56134,8.12034,7.56134,6.67934,8.41434,10.3853
CO2_TUG_BCT2,2021-10-07,1,False,8,3.39064,2.50764,1.56664,3.47864,11.4196,21.9196,27.5666,30.4486,31.6546,32.0376,32.4196,31.8906,30.0376,28.3906,27.8316,27.6256,26.4196,23.8316,21.9786,19.9786,16.8906,15.6846,15.4786,14.8906,13.5666,11.8906,11.9196,10.8316,7.62564,6.00764,6.03764,6.27264,4.68464,1.41964,0.59664,1.56664,1.86064,-0.37436,-0.96236,0.71364,1.65464,1.77264,1.86064,2.50764,3.44864,3.27264,3.36064,4.21364,4.53764,4.83164
CO2_TUG_BCT2,2021-10-07,2,False,9,4.48864,3.75364,3.07664,2.51764,2.01764,1.28264,0.75364,2.40064,9.19464,18.5176,21.9886,21.1646,21.0766,21.6946,21.0176,20.6356,21.0176,21.0176,19.1646,15.3416,13.1946,13.6646,16.4886,18.1066,18.5476,18.9586,18.7236,17.8706,17.8416,18.4886,18.4886,18.0176,15.6356,11.0476,9.63564,11.1646,11.4586,9.22364,5.92964,4.48864,4.54764,4.95864,4.72364,3.87064,3.92964,5.28264,6.72364,7.51764,8.28264,8.92964
CO2_TUG_BCT2,2021-10-07,3,False,11,6.29518,8.05918,11.0592,13.9712,11.7362,8.94218,8.17718,10.2952,13.4712,17.2362,17.7062,15.1182,13.5592,12.2362,10.1182,9.50118,10.2952,11.6182,11.3242,9.05918,7.20618,6.82418,7.00118,6.79518,6.82418,7.32418,8.05918,9.26518,10.0302,9.08918,7.70618,8.94218,8.76518,6.17718,5.26518,6.26518,7.11818,6.73618,5.58918,5.38318,5.76518,6.11818,5.32418,4.17718,5.29518,5.85418,4.94218,3.58918,2.11818,1.97118
CO2_TUG_BCT2,2021-10-07,6,False,5,7.76618,6.50118,5.82518,5.97218,6.41318,6.85418,9.94218,17.0012,22.3252,26.0602,26.8542,25.4422,23.0012,21.4722,19.9132,17.5312,14.4422,10.0892,7.85418,6.64818,4.79518,4.17818,5.23618,6.85418,7.17818,5.38318,2.29518,0.61918,0.00118,-0.05782,-0.08682,-0.73382,-0.61682,0.97218,2.91318,4.17818,5.44218,6.32518,6.14818,5.29518,5.35418,6.70718,8.00118,7.58918,5.73618,4.56018,3.97218,3.76618,4.00118,4.70718
CO2_TUG_BCT2,2021-10-07,9,False,20,4.6476,7.3536,9.3236,11.2946,12.1176,12.7066,14.2356,14.3236,13.5006,14.3536,14.4706,13.0886,11.6476,9.9116,8.7066,8.0886,7.1176,6.0296,6.2356,7.5886,8.1766,7.3236,5.5296,5.2646,6.3236,6.5886,6.6766,7.0886,7.1766,7.4416,8.6476,9.5886,10.3826,11.0296,10.8236,9.7066,7.7946,6.0886,7.6176,8.2356,7.5006,8.3236,8.2066,6.4416,5.6176,6.4416,8.3536,9.4116,9.0586,7.4116
CO2_TUG_BCT2,2021-10-07,10,False,5,3.0684,6.0394,6.3624,4.4504,4.3334,4.0394,3.1864,4.9504,12.3624,25.8924,33.7444,33.3924,25.3334,20.2744,19.6564,21.0684,21.9504,22.3034,24.0394,26.6274,26.0974,24.6274,23.0684,21.5094,19.8034,17.4214,16.5394,17.3334,18.4214,18.2154,16.8624,16.1864,16.3334,16.5974,15.2154,12.1864,11.0974,11.7154,12.2154,10.8924,8.8624,6.3034,4.5394,3.9214,5.0394,5.3924,4.3334,3.4214,3.3624,3.8334
CO2_TUG_BCT2,2021-10-07,11,False,11,10.5306,8.58958,7.53058,9.14758,10.1186,9.35358,8.73658,12.7066,21.8536,28.2366,31.3836,29.7656,24.6476,15.7366,8.88358,6.55958,6.14758,7.97158,11.7066,13.0006,13.5896,14.2366,12.9126,12.5596,13.7656,13.9716,12.8836,11.7366,9.79458,6.47158,4.88358,5.14758,6.03058,6.14758,6.20658,7.58958,8.23658,7.88358,7.58958,7.03058,5.61858,4.17758,3.41258,2.82458,2.20658,1.94258,2.91258,3.79458,4.23658,3.55958
CO2_TUG_BCT2,2021-10-07,22,False,8,4.76794,6.67994,7.85594,8.44394,8.62094,8.38494,9.09094,12.2089,16.1499,21.0909,23.5029,22.8559,20.2679,18.8559,18.4439,17.8849,16.9439,15.4739,14.6209,14.7679,15.9149,16.3559,15.9739,15.5909,14.3849,12.0909,11.2969,11.3849,10.4739,9.97394,9.64994,8.53294,8.32694,9.17994,9.53294,8.64994,6.76794,5.94394,6.76794,8.59094,9.06194,8.09094,6.62094,5.62094,7.20894,8.03294,7.50294,7.44394,7.14994,6.26794
CO2_TUG_BCT2,2021-10-07,23,False,8,3.2993,2.6813,2.6813,2.8583,2.8583,2.7993,3.7403,6.4163,8.5343,10.3583,11.4753,11.3283,10.3583,9.4753,8.9463,9.4163,9.8583,10.1523,10.4753,9.5053,6.9463,5.2113,4.1223,2.5933,1.2993,0.7403,2.0053,3.5633,4.9163,4.2113,1.4753,0.0343,-0.2597,0.2113,1.8283,2.5053,2.1813,2.0933,1.8283,0.6813,0.2993,1.1523,2.3283,2.8283,2.8873,2.8873,2.8873,2.9753,3.7993,6.1523
CO2_TUG_BCT2,2021-10-07,24,False,7,7.50234,10.6493,11.2963,9.14934,7.26734,6.73834,7.14934,8.35534,10.9443,15.2383,17.2673,16.8263,15.4143,14.5613,13.2963,11.0023,10.2963,11.0613,11.1793,9.82634,7.91434,8.56134,11.5023,12.6493,12.3853,11.7963,10.9143,9.94434,10.1493,10.2963,9.88534,9.70834,10.1493,11.0613,11.2673,10.6203,9.94434,9.91434,10.2963,10.0323,8.88534,7.82634,6.62034,4.94434,4.59134,5.64934,7.59134,8.56134,7.50234,4.53234
CO2_TUG_BCT2,2021-10-07,29,False,12,9.35536,11.7084,19.9144,24.0904,23.0314,21.1494,25.5904,37.8554,51.9434,66.5314,66.6494,57.2664,44.2964,39.2374,40.0614,41.9724,42.2964,40.2964,37.1784,33.1784,25.0314,16.1784,13.2964,14.5614,17.2964,20.9144,21.5024,20.2374,19.2084,19.8554,18.3254,13.6784,10.7374,8.56136,6.14936,4.70836,3.88436,3.91436,4.32536,4.91436,5.79636,6.76636,6.50236,5.88436,5.35536,5.14936,5.35536,5.85536,6.35536,7.09036
CO2_TUG_BCT2,2021-10-07,31,False,14,25.7413,31.4173,35.8883,37.2703,36.9473,36.0643,36.0643,36.9763,37.7413,38.7413,39.8293,39.5353,37.4763,35.1523,32.7113,29.1523,26.1233,23.3293,22.4473,22.8583,22.8883,21.4763,20.5943,20.6823,22.4473,26.6823,30.1823,30.7413,27.5643,21.5353,17.5053,14.6233,12.0353,9.06428,7.82928,9.03528,11.6233,12.4173,11.1823,8.85828,8.09428,8.41728,7.85828,6.82928,6.06428,6.85828,8.18228,9.77028,10.9473,10.5643
CO2_TUG_BCT2,2021-10-07,37,False,12,19.1835,21.8305,20.7415,17.6835,16.1245,18.3005,23.5945,27.5065,31.3595,34.9475,36.5355,35.9775,33.0355,30.5065,28.5065,28.3005,29.8305,31.0355,31.4185,30.5065,27.7125,24.6835,21.2125,19.7125,20.6835,22.8595,22.8305,21.8005,23.5655,24.0945,22.5355,22.3305,22.4475,20.1835,19.3595,20.6245,21.6245,21.2415,18.7715,16.4775,14.4185,13.3305,12.0355,9.85946,10.0355,12.2415,12.6835,12.3005,12.9475,15.0655
CO2_TUG_BCT2,2021-10-07,38,False,3,1.16658,0.54858,-0.15742,0.69558,2.37258,3.87258,3.78358,9.84258,34.9016,69.9606,82.1076,75.8136,66.4306,53.4896,44.6666,41.4016,38.9896,35.4016,29.6366,26.0196,24.3726,21.7256,18.2256,13.4306,6.31358,3.51958,4.72558,5.81358,5.54858,5.10758,6.07858,5.28358,2.13658,0.69558,0.72558,0.51958,0.57858,1.25458,1.90158,1.69558,0.90158,1.34258,2.93058,3.22558,1.90158,0.69558,2.48958,3.25458,2.10758,1.84258
CO2_TUG_BCT2,2021-10-07,39,False,4,2.56018,2.26618,3.47118,5.08918,3.50118,3.73618,14.1192,35.1192,54.7072,75.4712,82.7072,72.6482,54.7662,44.3542,37.0012,29.7662,25.5302,22.3832,21.0602,21.5892,23.0892,24.4712,25.7362,25.9712,25.8242,25.6192,24.1192,20.5892,18.0012,18.7952,20.8242,19.2662,16.6772,14.1482,13.2662,14.0602,15.2072,15.3832,14.2662,12.5892,11.6192,10.7952,8.73618,6.82418,9.44218,11.5892,10.9422,8.32418,6.70718,6.11918
CO2_TUG_BCT2,2021-10-07,40,False,9,4.05958,2.26558,1.82458,2.85358,3.14758,3.70658,6.50058,11.5006,19.5596,31.7946,35.7066,30.1186,22.9126,18.9126,16.0886,13.5596,9.64758,5.73658,4.76558,5.05958,4.17758,5.67758,10.1186,11.3536,9.76558,9.41258,8.97158,8.55958,10.4716,12.0006,12.6476,12.8246,12.3836,11.3836,10.6186,11.0306,13.2656,13.6776,11.8536,9.97158,7.97158,6.94158,6.20658,5.50058,6.17758,6.55958,6.26558,6.53058,6.26558,3.70658
CO2_TUG_BCT2,2021-10-07,41,False,11,18.9706,24.4706,27.5886,31.8236,32.3536,30.4706,28.7066,30.0596,34.3536,40.9416,42.9416,40.0596,37.0006,35.6766,33.6766,29.7656,26.7066,23.9416,21.2356,17.3236,13.9416,11.9416,9.0006,5.5596,4.7656,6.0006,6.7356,7.0596,7.4416,7.0006,5.8536,5.5296,4.9706,3.8536,5.2066,8.8826,9.9706,9.0296,7.3236,6.1476,5.8236,5.7656,5.4126,4.0006,2.0006,1.9416,3.4706,4.1476,5.6766,8.9126
CO2_TUG_BCT2,2021-10-07,42,False,4,3.03352,2.15152,2.47452,3.56252,5.09252,6.23952,7.03352,8.00352,15.7685,32.6805,42.9155,42.4745,36.9455,33.4455,30.5035,26.6215,23.8565,20.8275,17.7985,15.0925,11.5925,9.09252,6.29852,3.41552,3.73952,7.82752,11.8865,12.0625,9.50352,8.70952,9.23952,8.68052,9.26852,11.7685,13.2985,12.7395,10.8275,9.32752,7.56252,5.82752,6.18052,7.97452,8.06252,6.56252,4.18052,3.09252,2.23952,0.32752,0.70952,2.91552
CO2_TUG_BCT2,2021-10-07,43,False,4,-1.05742,-0.96942,0.64758,5.32458,16.2366,27.1476,30.1776,28.6476,30.6476,38.9716,46.9426,45.8836,36.3536,28.2656,23.2956,17.7956,14.4426,12.2366,10.5596,9.88358,10.2956,11.7066,10.7366,7.14758,5.70658,6.17758,6.00058,4.58958,3.14758,4.58958,6.05958,6.55958,5.70658,4.08958,4.32458,4.73658,3.64758,1.44258,1.44258,3.61858,4.41258,2.91258,0.47158,0.41258,2.38358,3.08958,3.00058,2.91258,2.41258,1.23658
CO2_TUG_BCT2,2021-10-07,47,False,6,3.53,5.147,5.677,6.089,7.471,9.059,11,14.177,17.853,22.03,22.736,20.412,16.324,13.765,11.647,8.295,6.383,5.471,4.853,5.206,5.883,5.206,4.824,5.236,5.618,5.412,4.383,4.795,6.353,6.236,6.618,8.412,9.324,9.206,8.647,7.795,7.059,7.706,7.853,6.853,5.412,4.647,6.589,6.677,4.147,3.5,5.206,6.824,7.206,7.265
CO2_TUG_BCT2,2021-10-07,48,False,5,1.61858,1.70658,2.79458,2.35358,2.00058,2.61858,5.20658,12.7656,22.3236,27.1766,27.4126,23.2066,19.1186,15.5006,13.8236,13.3826,12.7656,11.4716,10.0296,10.7066,11.2656,11.0596,11.9716,14.0596,14.7946,14.7356,13.5296,10.5006,9.11858,9.55958,10.9716,11.9416,9.64758,8.41258,9.11858,9.58858,9.64758,9.70658,10.1766,11.1186,11.5006,10.7946,8.91258,7.20658,6.17658,5.08858,3.97158,2.97158,3.14758,3.02958
CO2_TUG_BCT2,2021-10-07,53,False,13,3.235,3.353,4.353,6.706,8.794,11.235,16.235,21.382,24.882,28.323,29.529,29.029,28.97,28.676,27.441,24.411,19.411,17.411,18.147,19.117,18.147,17.088,16.323,14.676,11.823,10.411,10.235,10.235,10.176,9.706,8.764,8.323,8.5,8.941,8.853,7.706,5.941,4.264,2.441,2.735,5.441,7.559,8.117,7.706,6.853,7.088,8.353,8.353,7.029,6.382
CO2_TUG_BCT2,2021-10-07,55,False,3,7.70658,4.47158,2.79458,2.35358,2.29458,7.14758,28.0596,61.1186,84.7946,107.06,121.795,120.031,106.501,89.6186,65.2946,47.9716,38.3836,27.3836,20.9126,18.6476,16.8246,17.0006,18.7656,18.8246,17.0306,13.6776,11.4126,11.7656,15.4716,20.8246,22.7946,22.0896,21.0006,18.8246,16.0306,15.0306,15.1776,13.9426,10.6776,8.29458,7.55958,8.20658,10.2366,10.6776,9.47158,9.26558,10.3536,11.4126,12.5306,13.5006
CO2_TUG_BCT2,2021-10-07,58,False,26,14.2656,16.6776,19.2366,20.0306,19.5306,18.2946,17.3246,19.0006,20.5006,21.1476,21.2946,20.5596,18.6776,16.7656,14.0886,9.73658,7.11858,5.67758,4.67758,3.91258,2.97158,2.70658,2.88358,2.61858,2.23658,2.20658,2.94158,3.58858,3.88358,3.64758,3.44158,3.47158,3.88358,4.35358,3.79458,2.67758,1.41258,2.35358,5.55958,7.11858,6.70658,6.00058,6.64758,6.79458,5.91258,5.23658,4.94158,5.17758,5.38358,5.41258
CO2_TUG_BCT2,2021-10-07,60,False,16,2.44688,3.94688,9.68188,13.5939,13.9469,12.8589,12.5939,12.5059,12.2119,13.0349,14.4179,13.6529,12.3879,11.3289,10.7409,9.74088,7.94688,7.65288,8.47588,8.29988,8.21188,7.68188,5.32888,3.97588,3.71188,3.09388,2.38788,3.21188,4.62388,5.41788,4.09388,3.74088,4.94688,5.12388,3.79988,2.41788,2.15288,2.79988,3.47588,3.50588,3.15288,3.59388,4.74088,4.94688,4.59388,4.32888,4.65288,5.56488,6.85888,6.41788
CO2_TUG_BCT2,2021-10-07,61,False,2,2.65054,1.67954,1.20954,1.17954,1.41554,2.09154,3.97454,8.62154,20.9445,42.2385,47.8855,36.7975,27.2385,19.7975,16.0325,14.6215,13.8565,14.2685,16.5035,16.7685,13.8855,10.5035,8.50354,7.12154,7.91554,11.3565,14.1795,15.0325,14.8855,14.4155,14.1795,14.0325,13.1215,11.4745,11.0035,11.1215,11.1795,11.3855,11.6215,11.4445,11.6795,12.3565,12.2685,11.3855,10.0035,9.76854,10.6215,11.2095,12.0625,12.7685
CO2_TUG_BCT2,2021-10-07,62,False,6,9.4706,8.9706,8.6476,7.9416,7.3236,7.7656,10.0296,18.4416,37.8236,54.8536,57.5006,49.2066,40.2356,34.9126,30.1766,26.7066,22.6766,18.7066,17.6176,19.7946,23.8536,26.2356,27.2356,26.1766,22.4706,18.9126,15.7656,12.1176,11.4416,12.1176,12.8236,14.2656,16.8826,18.5886,19.3536,19.6176,18.6476,17.7656,17.0596,15.5596,12.4706,9.8826,8.9706,8.4126,7.5006,7.2656,7.7066,8.1176,8.1476,7.4416
CO2_TUG_BCT2,2021-10-07,64,False,5,6.0586,5.4706,4.6766,4.4416,6.5586,6.2056,3.0886,5.2056,15.7946,26.7056,29.5886,26.5296,22.8826,20.6176,18.5586,17.5006,17.8536,19.3536,18.9706,15.7946,12.9116,13.2356,16.0006,17.6766,17.1476,14.2946,12.5296,12.3236,12.9116,12.4116,10.5006,8.8236,7.0586,6.0886,7.3236,9.8826,10.0296,8.8236,7.4116,7.3236,7.9416,7.1766,6.0886,5.0586,4.6176,4.7946,5.2056,4.9116,3.5296,2.2356
CO2_TUG_BCT2,2021-10-07,65,False,26,0.98218,4.42318,6.45218,6.39318,6.65818,9.12918,9.74618,8.21718,8.45218,10.6872,11.7462,10.9522,9.12918,8.54018,8.42318,7.15818,7.45218,9.68718,10.6872,9.42318,6.77618,6.86418,10.2172,12.9232,12.9522,11.8642,12.2462,12.1292,10.7762,9.83518,9.27618,9.04018,9.07018,9.54018,10.3932,10.1582,8.83518,8.33518,8.48218,8.24618,7.92318,6.95218,5.07018,4.12918,4.01118,4.07018,4.54018,5.39318,5.18718,4.07018
CO2_TUG_BCT2,2021-10-07,67,False,13,3.85416,6.88416,11.3842,14.6482,17.0312,17.6192,16.6782,15.4722,16.0312,17.3252,18.7072,18.4722,16.6782,15.6482,14.7372,12.6192,10.5602,10.2372,11.0012,10.7662,9.41316,8.67816,8.41316,8.41316,8.97216,8.23716,5.94316,4.73716,4.35416,4.03116,4.97216,7.17816,7.47216,6.20716,6.29516,7.32516,8.56016,8.67816,7.59016,5.76616,5.59016,7.35416,8.88416,8.47216,6.41316,5.11916,5.70716,7.59016,8.64816,8.29516
CO2_TUG_BCT2,2021-10-07,74,False,15,19.1817,21.6817,23.6817,23.8877,22.3577,21.3287,22.1817,24.5047,25.7697,26.6227,27.9467,27.7107,24.5047,19.9167,17.1227,15.9467,16.8877,17.7107,17.7697,17.2697,16.0937,14.9467,12.9167,8.8877,5.8577,5.1817,5.5347,5.5347,5.0937,4.8577,4.9167,5.6227,6.9467,6.9467,5.5937,4.7407,4.8877,5.9757,6.0347,5.4167,6.1527,7.0047,7.5637,7.7107,7.0347,5.7107,5.6817,6.7697,6.9467,6.3287
CO2_TUG_BCT2,2021-10-07,75,False,5,6.91218,6.35318,4.67718,3.53018,2.94218,3.17718,6.91218,14.7362,20.8532,26.0302,28.2652,27.6182,25.5012,22.6182,18.2652,15.5892,16.0892,18.6182,20.1772,19.8532,18.5302,18.2952,19.1482,19.4422,18.0592,15.0012,13.2362,13.7652,15.5892,16.3242,16.2062,16.3832,16.0592,14.6772,13.2652,12.7362,12.7062,12.9712,13.6772,14.3242,14.2362,14.2652,15.7652,17.3532,18.7652,18.5892,17.2652,17.2952,17.7062,16.8242
CO2_TUG_BCT2,2021-10-07,78,False,28,9.59564,8.74264,7.88964,7.44864,10.0076,11.5076,11.3606,11.9196,14.0076,16.0666,16.4196,15.8016,15.5956,14.1256,10.7426,8.18364,6.33164,5.94864,6.77264,8.21364,8.86064,8.47864,7.65464,8.09564,9.68364,10.0366,9.09564,8.12564,8.97864,9.09564,7.88964,7.74264,7.88964,6.41964,6.62564,8.36064,7.88964,7.12564,7.06664,7.36064,6.88964,4.59564,3.62564,3.68364,2.74264,2.09564,2.03664,2.38964,3.80164,5.80164
CO2_TUG_BCT2,2021-10-07,79,False,13,3.67718,3.38318,3.76518,4.44218,3.85418,4.17718,5.97118,7.08918,8.61818,11.3542,12.1182,11.3542,11.5012,11.1182,9.29518,7.53018,6.03018,4.14818,3.76518,5.29518,7.03018,6.67718,4.88318,4.50118,3.64818,1.41218,0.67718,1.23618,1.29518,1.61818,2.76518,3.70618,4.00118,4.00118,3.76518,3.29518,3.08918,3.20618,2.97118,1.91218,2.17718,4.00118,5.14818,5.50118,5.23618,4.79518,4.29518,4.05918,4.03018,4.00118
CO2_TUG_BCT2,2021-10-07,82,False,7,3.98688,3.01588,2.57488,2.75188,3.31088,4.63388,9.13388,16.2519,21.7519,26.8109,28.7219,26.8989,23.1049,19.5459,16.9869,18.3689,17.8689,13.7809,10.8399,8.22188,5.72188,5.45788,7.22188,8.89888,9.69288,10.0459,8.92788,6.60488,6.19288,6.95788,7.95788,8.33988,7.69288,6.31088,5.81088,5.95788,5.63388,4.81088,4.07488,4.69288,4.60488,3.36888,3.33988,4.42788,4.66288,4.60488,5.28088,6.72188,7.66288,8.13388
CO2_TUG_BCT2,2021-10-07,83,False,9,1.52958,1.79458,5.23558,10.2356,12.9716,14.6476,16.2356,18.1766,21.1476,23.1186,23.5296,21.8826,20.6476,19.3236,16.9716,15.7946,15.6186,15.3826,14.9126,14.5886,13.9716,13.5006,14.6186,15.0006,14.0886,12.7656,10.1186,7.14758,6.61858,8.11858,9.26558,9.35358,8.91258,8.76558,9.44158,10.8536,11.5006,11.1186,10.0596,8.64758,6.88258,7.38258,10.3236,12.4126,14.4716,17.5596,17.2946,13.5006,11.2066,11.0296
CO2_TUG_BCT2,2021-10-07,87,False,19,5.90006,4.98806,6.72306,8.66406,10.0171,10.2821,10.3701,10.9291,12.1051,14.0171,14.8411,14.0761,12.6641,12.6351,12.7521,12.2521,11.3411,10.1351,10.0171,11.0761,12.7521,13.4881,15.4881,19.6641,21.3411,19.4881,15.9881,14.6051,15.3411,16.3701,15.6941,13.3411,11.5471,9.28206,6.48806,5.54706,6.34106,7.63506,9.07606,10.9001,11.0171,10.1941,10.9001,9.95806,7.25206,7.19406,7.42906,6.42906,4.45806,0.87006
CO2_TUG_BCT2,2021-10-07,88,False,1,4.15112,5.23912,5.09212,4.21012,5.15112,12.1511,31.2681,52.7681,63.8271,69.7391,70.0041,63.0331,54.2101,51.3861,52.4741,50.4451,43.7391,38.4741,36.0331,32.8271,28.7981,26.8271,26.1211,25.4451,23.2981,19.8571,18.8861,20.0921,20.6801,19.8271,17.8861,16.4151,14.8861,13.2391,10.9451,8.06212,8.18012,9.82712,11.7391,12.0921,11.7391,12.9741,14.2681,15.0921,15.0621,14.6511,14.1511,14.0621,15.2101,17.3861
CO2_TUG_BCT2,2021-10-07,89,False,16,67.0586,40.2356,37.9416,49.9416,66.7356,76.4416,88.2646,109.971,132.206,161.206,180.353,177.353,158.795,136.324,105.589,86.3236,79.9706,74.6766,69.0886,62.0886,51.7646,47.4706,50.3526,56.7646,57.8236,50.2356,38.9706,32.4116,28.3526,25.2946,22.2646,20.7056,19.1476,15.1476,10.6766,8.8826,8.7946,9.5886,10.2946,8.7946,7.1176,6.2646,6.8826,6.7946,5.6766,6.7056,10.6176,13.6476,14.2356,13.1476
CO2_TUG_BCT2,2021-10-07,90,False,21,10.1776,10.7656,13.0896,15.6486,16.5006,16.6186,17.2366,16.9716,15.7956,16.3536,17.9126,16.9426,15.6776,14.8246,14.1186,13.8536,13.7656,13.2956,12.3536,11.9716,12.5306,13.2366,12.6186,12.7066,14.0306,14.7066,14.5596,14.0306,13.2366,11.5596,9.70658,9.17758,9.47158,8.97158,7.35358,6.23658,6.29558,6.50058,5.58958,5.17758,5.53058,5.53058,5.08958,4.94258,5.53058,6.23658,5.55958,5.17758,5.61858,6.32458
CO2_TUG_BCT2,2021-10-07,91,False,12,20.1823,19.6823,18.3293,19.0643,21.7113,23.5643,24.5933,24.7113,26.1823,31.0053,32.6523,29.9463,26.4763,23.7703,20.9463,20.7993,23.6823,26.1523,25.8873,22.6823,18.7113,15.5353,12.0643,10.4763,10.7403,11.6523,11.9463,12.0053,12.7113,13.1523,13.1823,12.9173,12.2113,11.6523,12.5053,14.3583,14.5933,14.2703,13.9763,12.1823,9.1233,8.5643,8.3873,7.5353,7.6233,6.8293,4.5643,3.7113,4.7403,6.1523
CO2_TUG_BCT2,2021-10-07,97,False,25,2.42376,3.24776,5.15876,7.57076,9.12976,10.8948,12.7478,13.2768,13.0418,13.8948,15.5118,15.0708,12.8648,9.48276,7.92376,8.42376,9.92376,11.3058,12.5708,12.6588,11.5118,10.5418,11.9828,11.6008,8.57076,7.45376,7.24776,5.12976,3.80576,3.71776,4.33576,5.04176,4.39476,4.21776,4.83576,4.89476,5.15876,5.83576,5.80576,5.39476,5.04176,6.01176,8.57076,10.0708,9.27676,7.07076,6.77676,8.04176,8.04176,7.74776
CO2_TUG_BCT2,2021-10-07,98,False,7,2.353,0,-0.441,1.059,2.353,3.853,7.647,12.441,15.147,16.735,16.941,15.853,14.912,14.47,13.264,10.882,9.47,8.882,8.823,8.794,8.117,7.912,8.323,8.735,10.176,13,14.353,14.059,13,11.588,9.647,8.529,7,4.441,5.147,9.206,11.294,11.294,10.588,9.853,9.353,8.823,8.382,8.117,8.353,8.559,8.382,6.912,5.029,6.059
CO2_TUG_BCT2,2021-10-07,99,False,3,0.73618,0.79518,1.08918,1.97118,2.26518,2.32418,3.11818,4.85418,11.0302,21.0012,24.6182,22.4712,18.1772,11.4422,7.41218,6.35418,6.05918,6.26518,6.23618,5.82418,5.85418,6.53018,7.08918,6.29518,4.91218,5.67718,6.94218,8.03018,8.61818,8.20618,6.55918,5.67718,5.79518,6.05918,4.64818,1.50118,0.79518,2.47118,3.44218,3.79518,4.26518,4.50118,4.53018,4.64818,5.50118,6.67718,6.29518,6.29518,6.67718,5.53018
CO2_TUG_BCT2,2021-10-07,105,False,15,16.324,14.647,13.941,14.294,14.441,13.824,12.883,13.265,14.824,17.118,17.206,14.294,11.059,10.206,10.765,10.794,10.853,11.235,10.941,9.559,8.147,7.53,6.765,5.324,4.383,3.883,4.03,4.235,3.383,3.294,3.441,1.765,0.441,-0.088,0.471,2.559,4.618,4.912,3.824,2.853,2.324,1.941,2.677,4.765,6.088,5.735,4.353,3.735,4.353,5.706
CO2_TUG_BCT2,2021-10-07,125,False,6,1.41218,2.20718,1.50118,-0.58782,-0.05782,3.55918,6.47118,10.3832,20.7952,33.4712,36.8542,32.8832,27.7362,21.5892,19.0302,18.8832,17.5012,13.9122,11.5892,10.5012,10.7362,12.0892,12.8542,13.5012,15.1482,17.0592,18.0592,18.5892,18.5012,17.3542,15.6482,14.3242,12.3542,9.97118,8.73618,8.11818,7.70718,7.67718,8.44218,9.44218,11.1482,13.0012,13.5302,13.1182,12.7362,12.9422,14.0302,13.9122,11.8832,9.73618
CO2_TUG_BCT2,2021-10-07,126,False,7,1.26578,1.91278,2.05978,1.55978,4.00178,10.2958,14.7958,18.1778,24.1488,29.5018,30.9428,30.0598,28.3248,25.2068,22.7368,22.7368,23.8248,23.2068,21.4428,18.8838,16.9428,16.3248,18.2368,19.6188,19.0898,17.0018,16.0898,16.4428,16.7068,15.5598,12.5898,11.6778,12.8838,13.5598,13.4128,12.8248,11.7958,11.0598,12.5018,13.6488,13.0898,10.8538,8.76578,6.85378,6.82478,8.35378,8.88378,9.20678,9.88378,9.88378
CO2_TUG_BCT2,2021-10-07,127,False,9,4.29752,4.06252,4.26852,5.26852,4.53352,1.91552,2.03352,8.44452,19.5035,29.4745,37.3565,34.3855,26.1505,15.7095,10.3855,9.53352,10.3855,10.4155,9.79752,10.3275,9.53352,6.82752,5.73852,6.73852,8.32752,8.59152,7.85652,8.23852,9.35652,9.00352,9.29752,10.6215,10.6215,10.2685,10.3275,11.1805,12.3565,11.8565,11.0625,10.7385,10.8855,10.4155,9.26852,9.03352,9.18052,9.20952,9.03352,7.62152,4.94452,4.70952
CO2_TUG_BCT2,2021-10-07,139,False,9,2.32948,2.68248,3.21248,4.77048,5.21248,5.80048,9.27048,14.3595,21.3005,25.4175,26.7705,25.7125,23.8595,21.1535,18.7705,17.7125,17.2125,17.3005,17.0355,15.0645,13.1535,10.8885,8.80048,8.24148,8.47648,7.65348,6.27048,6.94748,7.50648,7.15348,6.94748,7.15348,7.71248,8.65348,10.0945,10.8295,10.9475,9.77048,6.71248,5.09448,4.71248,3.38848,1.27048,1.21248,1.38848,1.47648,2.77048,2.71248,1.12348,1.59448
CO2_TUG_BCT2,2021-10-07,140,False,2,2.471,0.853,0.588,1.471,2.618,2.882,2.765,5.824,18.03,35.294,41.53,36.824,28.971,24.824,22.824,20.794,18.588,18.588,19.147,19.471,19.882,19.647,18.677,17.735,16.735,16.265,16.265,16.735,17.647,17.882,17.353,16.059,13.206,10.588,11.177,14.353,16.059,16.735,17.588,17.324,15.735,14.618,14.706,15.147,14.735,14.794,15.559,15,12.471,10.088
CO2_TUG_BCT2,2021-10-07,160,False,9,0.00178,2.29578,6.50178,14.3548,19.9128,20.7958,19.5018,18.6778,19.0608,20.6488,20.9428,18.9428,16.1488,15.1488,15.3548,14.7078,13.3248,13.2368,12.8838,11.5608,10.8838,9.61878,6.67778,6.08978,8.47178,10.7958,11.3838,10.8838,9.70778,7.79578,6.82478,6.44278,5.73678,5.23678,6.61878,9.76578,10.5308,9.32478,9.38378,10.1488,10.6778,10.1188,9.00178,7.56078,7.08978,7.47178,7.76578,8.20778,8.67778,8.17778
CO2_TUG_BCT2,2021-10-07,227,False,9,8.7993,9.7403,10.6813,9.1523,8.8283,10.7113,13.1523,16.7993,19.6523,20.7403,21.0643,20.5933,18.5053,14.7993,13.4173,12.9463,10.3583,8.7113,7.7993,6.5343,7.0053,9.2113,9.8873,8.8583,7.7993,6.6523,5.4463,5.7693,5.1813,3.2113,4.3873,8.9463,11.2403,10.8583,8.2693,4.6523,4.1223,6.1813,6.7113,5.9173,6.0933,6.0053,5.2993,6.2993,9.5343,11.8283,11.9753,10.8583,9.7403,8.0343
CO2_TUG_BCT2,2021-10-07,260,False,10,0.64876,-0.67524,-0.52724,0.58976,0.85476,0.94276,1.50176,3.08976,8.29576,15.8248,19.1488,18.8548,17.5308,17.5308,18.7368,18.4138,15.9138,13.5308,12.3548,10.8548,8.70776,7.50176,6.94276,6.91376,7.11976,6.94276,7.32476,9.17776,11.3838,11.2078,9.03076,8.23676,8.32476,7.50176,7.91376,10.6488,13.2668,12.6778,9.61976,8.79576,9.53076,8.53076,7.23676,6.17776,5.73676,5.91376,6.41376,6.85476,7.11976,6.82476
CO2_TUG_BCT2,2021-10-07,271,False,0,20.3026,21.5666,24.3906,25.7726,25.7136,25.1846,24.5076,23.7726,23.6846,22.9786,20.1846,16.7436,15.9496,17.0966,16.9496,14.4496,11.4496,10.4786,9.86064,7.47864,5.89064,5.33164,5.68464,6.12564,5.03764,4.94964,6.71364,8.21364,7.59664,5.21364,3.36064,2.03764,1.77264,1.68464,1.24364,1.03764,1.24364,1.77264,2.47864,3.44964,3.77264,2.80264,1.62564,2.80264,3.83164,4.00764,4.21364,4.44964,4.06664,2.77264
CO2_TUG_BCT2,2021-10-07,281,False,11,15.1233,15.9763,15.4173,14.2993,15.4763,16.7993,19.2993,24.6233,31.9173,42.0643,46.5053,44.5343,40.0053,37.2403,34.8583,31.8873,29.4763,27.2403,28.1813,32.2703,34.5053,35.3873,34.6813,30.2403,26.1233,22.6523,22.2113,24.5933,26.3583,27.6813,29.5933,30.6523,31.7113,33.5343,34.0053,33.0643,31.6523,29.6233,28.1233,27.7703,29.3283,29.7113,28.4763,28.1523,29.7113,32.1523,32.2993,31.0343,31.7113,32.2703
CO2_TUG_BCT2,2021-10-07,315,False,13,2.00704,0.71304,0.80204,2.83104,4.91904,5.56604,5.89004,7.27204,9.59604,12.978,14.537,14.037,12.507,10.802,8.36004,6.50704,6.15504,6.50704,6.27204,5.36004,4.89004,4.77204,4.30204,3.30204,2.36004,1.44904,1.80204,4.09604,6.39004,5.18404,1.53704,1.15504,2.50704,4.00704,4.36004,3.03704,0.91904,0.00704,0.36004,1.36004,2.30204,3.21304,3.21304,3.74304,6.74304,8.06604,7.39004,7.18404,7.83104,8.50704
CO2_TUG_BCT2,2021-10-07,316,False,5,6.09604,7.24304,7.41904,6.30204,4.77204,4.97804,6.74304,7.68404,9.21304,12.655,13.743,12.096,10.507,10.419,11.39,12.331,11.919,8.94904,7.68404,7.44904,5.27204,3.47804,2.39004,2.09604,2.03704,1.36004,1.12504,1.30204,1.15504,1.65504,3.03704,3.74304,3.83104,3.80204,3.50704,2.56604,1.39004,0.89004,0.80204,0.65504,0.89004,2.00704,2.24304,1.62504,1.68404,2.33104,3.24304,3.30204,2.89004,3.36004
CO2_TUG_BCT2,2021-10-07,360,False,16,2.33006,3.30106,4.44806,5.68306,6.03606,7.62406,15.8301,29.6831,37.8011,41.8891,43.3891,42.4181,39.7421,35.8601,29.5951,24.9771,22.5361,20.0361,18.5661,17.4771,16.3011,15.6241,14.1541,11.3301,9.91806,9.53606,7.86006,4.33006,2.36006,3.03606,4.88906,5.21306,5.59506,6.94806,7.77106,8.80106,10.6241,10.9771,9.21306,6.91806,6.38906,7.15406,7.18306,6.53606,6.59506,7.24206,8.21306,8.65406,8.50706,8.27106
CO2_TUG_BCT2,2021-10-07,423,False,28,14.7681,16.0041,16.4161,15.7101,13.0331,12.6211,15.0041,18.1211,22.5041,25.2981,25.7981,25.6211,25.9451,26.8571,28.2681,28.7981,28.8861,29.7391,31.2681,32.9741,32.6211,31.1211,28.9161,26.1511,22.7391,21.9451,23.2391,24.7101,23.8571,21.8861,19.2981,17.2101,15.4161,14.5921,11.8861,6.26812,3.56312,4.15112,6.03312,6.85712,6.03312,4.12112,2.94512,2.35712,2.06312,1.56312,0.71012,0.97412,2.56312,3.71012
CO2_TUG_BCT2,2021-10-07,428,False,8,7.00236,7.00236,6.94336,6.53136,6.06136,6.64936,8.00236,10.3554,14.4144,19.7084,20.0314,17.7084,14.0024,10.4144,8.62036,7.50236,6.85536,6.79636,7.38436,6.91436,5.32636,4.67836,3.38436,0.79636,1.06136,4.41436,6.56136,7.20836,7.47336,7.14936,6.23736,4.79636,4.06136,3.73736,3.41436,4.26736,5.88436,5.62036,4.82636,4.38436,5.00236,6.14936,5.76736,6.00236,8.26736,10.8264,11.6204,11.2084,10.4434,9.00236
CO2_TUG_BCT2,2021-10-07,429,False,18,15.1848,14.9788,14.0378,12.9498,13.1558,14.5968,16.0378,17.7738,19.0088,19.8028,20.5968,19.5968,16.3618,13.8028,11.5678,8.68482,7.92082,7.71482,6.86182,6.50882,5.97882,4.56782,5.36182,7.59682,6.71482,6.00882,6.86182,7.94982,8.71482,8.03782,7.56782,7.24382,6.15582,6.18482,7.44982,7.59682,6.03782,4.18482,3.65582,4.03782,4.39082,5.36182,7.09682,6.86182,4.62682,3.59682,4.39082,4.86182,2.33182,1.06782
CO2_TUG_BCT2,2021-10-07,512,False,28,7.64758,8.32358,8.35358,8.02958,8.67658,10.0596,10.0886,10.0596,11.1766,12.7656,13.0296,12.2356,12.2066,12.8536,12.9416,13.5006,15.1186,16.2656,16.3536,15.9716,16.1186,16.3236,15.3236,14.3826,14.7656,16.9416,16.8826,14.2946,13.2946,13.5886,13.1766,13.2656,14.3826,15.4416,16.6766,18.5886,19.4716,19.1186,18.1766,17.6766,17.3826,16.8236,15.8826,14.5596,14.8826,17.3826,19.5296,18.8236,16.5596,16.7356
CO2_TUG_BCT2,2021-10-07,515,False,12,2.39436,1.04236,2.21836,3.65936,4.74736,7.86536,13.5714,18.5424,23.8064,27.8064,29.9834,27.8654,24.1594,18.7474,13.8364,10.5424,7.10036,5.63036,5.42436,4.86536,5.57136,7.63036,8.27736,7.71836,6.68936,5.68936,4.21836,2.95336,3.54236,5.36536,5.60036,5.27736,5.07136,4.10036,3.39436,5.60036,7.74736,8.89436,8.51236,6.95336,4.65936,4.33636,5.36536,4.86536,3.92436,2.42436,0.45336,0.65936,2.86536,3.80636
CO2_TUG_BCT2,2021-10-07,662,False,10,3.44984,4.09684,3.41984,3.03784,3.47884,4.91984,11.7728,24.2138,31.8908,36.6258,39.4788,38.7438,35.4788,33.2138,30.8908,27.9788,25.9788,23.9498,22.2138,20.9498,19.5088,19.0668,19.6848,20.4788,21.4498,22.8318,23.0668,22.2138,21.6558,20.8608,19.2138,18.0668,17.9498,18.1558,17.8318,16.9198,15.4788,15.0088,16.8028,20.5088,21.9198,21.1558,20.1558,18.6848,17.3318,17.0668,16.3028,13.5378,12.4198,13.3318
CO2_TUG_BCT2,2021-10-07,676,False,0,16.1541,15.1251,14.7421,13.7131,11.4781,11.0371,12.5371,13.6841,13.8011,13.5951,13.7721,13.5071,12.5661,11.6841,9.74206,6.62506,4.74206,3.86006,3.94806,4.83106,6.33106,7.53706,8.80106,9.71306,9.68406,8.53706,7.00706,7.21306,8.94806,9.39006,8.33106,7.50706,8.03706,8.94806,8.12506,8.24206,9.97806,10.8011,11.3901,12.9191,12.9191,11.3901,10.8901,10.7721,10.3011,9.94806,10.3901,11.7721,10.6841,7.50706
CO2_TUG_BCT2,2021-10-07,759,False,3,7.62152,7.00352,7.12152,8.68052,9.65052,8.32752,5.32752,6.62152,17.2385,32.2685,36.6215,30.1505,21.6505,16.2095,11.6805,10.2095,10.8855,10.6215,9.91552,8.68052,7.06252,6.56252,7.03352,7.88552,8.62152,7.94452,7.56252,8.03352,9.00352,10.6805,11.7685,11.3275,9.47452,7.91552,8.06252,9.35652,9.56252,8.47452,7.68052,8.53352,10.6215,11.3855,11.7685,12.6215,12.4155,9.88552,6.23852,5.44452,6.88552,7.38552
CO2_TUG_BCT2,2021-10-07,778,False,7,6.15348,7.00648,8.91848,10.0945,10.5945,10.1825,9.27148,9.65348,11.2125,13.6235,14.5945,13.0945,9.91848,9.09448,9.82948,8.85948,7.85948,7.74148,8.59448,10.2125,12.5065,12.6825,10.4765,8.62348,8.24148,8.41848,8.27148,8.77148,10.0655,10.2125,10.0655,11.6535,12.2125,10.9475,9.65348,10.0655,11.8005,12.0655,11.0065,10.6535,9.91848,8.53548,8.41848,7.82948,5.85948,3.94748,3.12348,5.15348,5.94748,4.88848
CO2_TUG_BCT2,2021-10-07,798,False,17,14.8848,16.5318,16.4438,15.3848,13.9438,13.5018,14.1198,14.9138,15.8848,17.3258,17.9438,17.3258,15.8848,14.7668,12.7958,9.67876,7.76676,6.67876,6.44376,6.85476,7.20776,8.11976,9.53176,9.44376,8.38476,6.91376,6.32576,7.17876,9.03176,9.61976,8.32576,6.06076,4.06076,2.76676,3.94376,4.97276,5.14876,5.41376,6.11976,6.79576,6.82576,6.38476,5.97276,4.53176,1.70776,0.26676,-0.14524,-0.52724,-0.08624,1.06076
CO2_TUG_BCT2,2021-10-07,855,False,22,12.6498,11.9138,9.38476,7.85476,8.41376,10.2668,11.2668,11.8548,12.8848,14.0018,15.0018,14.7378,14.1198,13.5908,13.4138,13.8548,14.7378,14.6788,13.3258,11.7668,10.0608,7.70776,7.03176,8.06076,8.88476,8.20776,6.11976,4.82576,5.41376,7.14976,7.14976,5.38476,4.53176,5.14976,6.79676,8.03176,8.82576,9.79676,10.1198,9.00176,6.70776,6.17876,8.38476,11.5318,11.8258,9.67876,8.70776,8.79676,8.59076,8.56076
CO2_TUG_BCT2,2021-10-07,871,False,7,2.45394,2.60094,4.21894,7.21894,11.7189,18.4249,21.7779,24.0719,29.0719,35.1889,40.4249,37.0719,29.8359,20.7779,15.7479,15.9249,21.1009,25.4839,26.3359,21.4839,17.2479,14.3069,11.8359,9.80694,10.0419,8.89494,5.01294,2.71894,2.71894,3.71894,4.71894,4.77794,2.63094,1.07194,0.51294,0.92494,1.83594,1.68894,2.04194,3.63094,4.71894,4.33594,2.98394,2.60094,3.68894,5.27794,5.48394,4.15994,2.74794,2.21894
CO2_TUG_BCT2,2021-10-07,873,False,4,3.26636,2.17836,1.85536,2.73736,3.35536,6.03136,12.7664,17.4134,20.4724,23.5604,26.2964,24.6784,19.6194,11.1784,5.14936,2.35536,0.00236,-0.11564,1.14936,0.59036,1.00236,3.47236,5.11936,5.50236,5.35536,4.03136,1.91336,1.85536,1.97236,1.59036,2.11936,3.00236,3.94336,3.85536,2.26636,0.41336,-0.11564,0.26636,0.53136,0.79636,1.20736,1.11936,1.38436,3.14936,3.35536,1.85536,1.44336,2.03136,2.94336,2.82536
CO2_TUG_BCT2,2021-10-07,897,False,3,0.67778,1.58978,4.55978,5.61878,5.61878,11.4718,27.9428,50.6488,82.6188,103.884,113.06,105.149,87.9718,60.7658,39.3838,29.3538,21.2958,14.8248,7.79578,3.26578,3.20678,4.50178,3.20678,2.91278,4.61878,5.55978,5.67778,5.61878,5.11878,3.94278,3.00178,2.70678,2.76578,3.53078,5.41278,6.97178,6.91278,6.26578,6.82478,6.26578,3.97178,2.61878,2.47178,3.29578,4.58978,5.82478,5.29578,4.23678,3.26578,3.32478
CO2_TUG_BCT2,2021-10-07,898,False,7,4.85536,3.50236,0.79636,0.32536,2.00236,2.76636,2.88436,3.88436,6.73736,11.9724,15.1194,14.7084,12.2374,9.61936,6.41436,4.41436,3.06136,1.29636,1.61936,4.56136,7.03136,7.03136,5.94336,6.29636,5.94336,4.11936,3.09036,3.67836,5.76636,6.64936,6.06136,5.11936,4.38436,4.09036,3.82536,3.41436,3.64936,4.61936,5.44336,5.50236,4.03136,2.67836,1.64936,1.41436,1.82536,2.09036,2.35536,2.82536,3.00236,2.56136
CO2_TUG_BCT2,2021-10-07,955,False,5,14.3428,12.7548,10.0778,9.87182,12.2838,13.8138,13.2548,11.6078,12.5188,17.3428,21.8428,20.1078,12.7838,8.37182,7.93082,8.69582,8.28382,6.93082,6.93082,7.19582,6.54882,5.16682,4.69582,5.19582,6.22482,6.96082,5.60782,4.96082,5.28382,4.93082,5.46082,7.16682,7.07782,4.60782,2.31382,2.07782,3.87182,6.07782,5.90182,3.78382,3.51882,5.01882,5.66682,6.78382,8.16682,6.81382,6.04882,6.78382,7.04882,6.87182
CO2_TUG_BCT2,2021-10-07,956,False,8,0.01882,-2.03918,-0.92218,3.16682,4.90182,7.31382,12.8718,19.2548,28.7548,36.3718,37.4898,33.2838,27.9308,26.1368,26.7838,26.8138,24.7548,21.0188,17.4608,12.0778,6.72482,5.10782,5.72482,5.60782,5.19582,6.31382,6.78382,6.66682,7.57782,7.98982,7.60782,7.28382,6.54882,5.19582,4.93082,5.54882,5.48982,4.84282,3.90182,3.72482,4.60782,5.72482,5.78382,5.13682,5.16682,5.57782,6.04882,6.04882,5.60782,5.37182
CO2_TUG_BCT2,2021-10-07,1048,False,8,3.56076,5.56076,6.61976,11.7078,26.6488,51.2378,87.7378,104.767,105.826,106.385,107.355,106.267,101.297,94.7968,86.2078,79.9728,74.2968,69.8848,65.1488,56.5608,49.3848,46.1488,43.8258,41.1788,37.2968,34.2968,30.1788,22.3548,16.7668,15.7078,16.9728,18.2968,18.1198,16.7078,15.3848,13.1788,10.3258,8.85476,8.23776,8.00176,7.97276,7.91376,7.41376,6.23776,5.41376,6.06076,7.91376,9.06076,10.8258,13.9438
CO2_TUG_BCT2,2021-10-07,1056,False,8,3.3873,3.7993,5.1523,5.1523,4.8283,5.0053,5.6523,7.5343,12.2693,17.2993,18.1813,16.0343,14.5343,13.2113,11.5343,10.5643,10.0053,9.9463,11.3283,13.9753,13.8583,10.2693,6.8873,5.0933,3.7993,3.5643,3.7113,3.6223,2.5933,0.0053,-2.2307,-2.1127,-0.2887,0.8283,0.9463,0.3583,0.7993,2.1523,2.2403,2.5933,3.7993,3.4163,1.8583,2.1813,3.2403,3.0933,0.5933,-0.2597,0.9753,1.9463
CO2_TUG_BCT2,2021-10-07,1057,False,9,4.88376,3.20776,2.88376,4.88376,7.61876,8.11876,6.61876,5.70776,7.50176,11.6778,13.5018,12.8248,11.5308,10.2078,9.20776,9.97176,9.38376,6.73676,5.73676,6.03076,5.76576,6.94276,9.70776,10.3838,9.88376,9.17776,7.64876,5.73676,6.14876,6.32476,4.56076,2.35476,2.53076,4.73676,5.70776,5.61876,5.76576,5.38376,4.94276,6.11876,6.97176,6.88376,5.35476,3.00176,3.17776,3.50176,3.14876,3.82476,5.88376,9.08976
CO2_TUG_BCT2,2021-10-07,1058,False,3,4.82458,4.17758,4.14758,4.55958,4.08958,3.67758,4.41258,11.2946,28.2366,43.0006,47.4426,46.0896,43.2066,37.6476,26.4716,16.8536,12.0896,8.50058,7.05958,7.08958,6.85358,6.64758,6.55958,6.05958,4.88358,3.97158,4.08958,5.94258,8.88358,9.38358,7.70658,7.03058,7.61858,8.44258,9.70658,12.0896,13.9126,14.0306,13.0596,11.8536,10.1476,9.00058,8.76558,8.03058,5.97158,5.29458,6.17758,7.29458,8.29458,8.05958
CO2_TUG_BCT2,2021-10-07,1065,False,3,0.68876,1.65876,2.71776,3.27676,3.27676,2.83576,3.30576,10.1888,31.5998,57.2178,65.9238,62.3648,55.3648,44.2768,36.3058,30.4828,20.8948,12.6298,9.59976,8.83576,8.48276,7.51176,5.71776,5.27676,4.92376,2.45276,1.83576,3.54176,4.59976,4.24676,2.62976,2.07076,3.36476,5.39476,5.65876,4.39476,3.95276,4.57076,5.36476,6.33576,7.54176,6.54176,4.27676,5.07076,5.18876,3.95276,4.59976,4.77676,2.77676,0.21776
CO2_TUG_BCT2,2021-10-07,1066,False,6,1.83576,1.77676,3.30576,2.83576,1.54176,4.09976,9.30576,17.2178,25.7178,36.2768,41.3948,39.6588,33.0998,26.5998,21.3648,14.8648,10.5708,7.36476,5.21776,4.30576,3.30576,2.12976,1.62976,1.65876,2.27676,2.98276,2.33576,2.12976,2.51176,2.21776,3.21776,5.95276,7.09976,6.57076,5.83576,5.21776,3.77676,1.71776,1.21776,1.98276,2.09976,2.15876,3.51176,4.07076,4.42376,6.27676,7.15876,6.74676,5.98276,5.95276
CO2_TUG_BCT2,2021-10-07,1095,False,5,12.6476,11.4126,8.1476,6.0296,7.1476,9.9126,10.3536,13.1766,20.2356,24.4706,24.9126,22.2946,21.8236,22.0596,17.7946,13.0596,8.4126,5.8826,5.1476,5.7066,6.8826,8.8236,10.4416,10.7646,10.4416,10.7646,10.9706,9.3236,8.1176,7.0296,5.3536,6.0596,9.1766,10.2356,8.5596,6.1476,4.7946,4.6766,6.2066,8.0296,9.8826,9.5886,6.8826,4.6176,2.9126,1.2066,1.4416,2.0006,2.0596,1.7946
CO2_TUG_BCT2,2021-10-07,1152,False,4,4.471,3.824,2.412,1.765,2.147,3.177,4.353,6.177,9.559,14.118,14.353,11.53,6.677,2.971,2.265,3.03,3.059,2.412,2.471,3.089,3.824,3.824,3.647,3.736,4.618,6.03,6,5.294,3.824,1.706,0.736,0.618,0.736,1.677,3.53,4.118,2.824,0.736,0,0.383,0.883,1.618,2.265,2.206,2.471,4.412,6,7.03,7,5.883
CO2_TUG_BCT2,2021-10-07,1194,False,13,4.82596,8.47296,9.73796,9.26696,9.88496,9.88496,9.26696,10.091,11.65,13.591,14.267,13.679,12.826,11.355,8.73796,7.23796,8.03196,10.179,10.003,7.79696,7.41396,8.47296,10.414,12.061,12.62,12.591,11.826,9.94396,8.32596,8.00296,8.41396,8.67896,8.94396,9.29696,8.56096,6.47296,5.20796,5.94396,7.47296,6.53196,4.56096,3.85496,4.50296,6.14996,7.35496,7.82596,7.61996,6.53196,6.56096,7.79696
CO2_TUG_BCT2,2021-10-07,1220,False,6,2.73854,2.00354,2.12154,1.82654,1.15054,0.41554,2.23854,9.23854,18.5625,28.1215,35.8265,29.5325,20.7385,13.6215,12.4745,16.5325,19.0325,18.6795,16.1215,12.9155,10.4745,7.88554,5.97454,4.17954,3.17954,4.26854,7.06254,8.32654,7.32654,4.97454,3.73854,3.12154,2.32654,2.82654,3.47454,1.50354,1.17954,3.29754,4.26854,4.17954,4.32654,3.88554,2.97454,3.20954,3.59154,3.62154,3.38554,2.91554,2.73854,3.23854
CO2_TUG_BCT2,2021-10-07,1240,False,6,1.63524,1.84124,1.19424,0.54724,1.51824,8.54724,21.7532,31.9292,40.9292,46.5182,48.4292,45.3702,41.2822,36.5182,33.1062,31.2232,29.1942,27.6652,25.6652,23.2532,21.6352,19.4002,16.5472,15.0762,14.2822,12.6652,10.0472,8.95924,7.90024,6.04724,5.75324,5.60624,4.78224,4.69424,4.87024,3.95924,3.54724,3.92924,4.07624,3.40024,2.01824,1.60624,2.45924,3.60624,3.92924,3.98824,4.63524,4.60624,3.81224,3.90024
CO2_TUG_BCT2,2021-10-07,1282,False,10,3.79694,2.06194,1.88494,3.09094,7.38494,14.7679,20.7089,26.3849,29.7379,31.9439,33.3559,31.7089,25.4149,18.0329,12.6209,7.12094,4.59094,4.73794,5.56194,5.12094,3.53294,3.03294,2.91494,2.59094,3.26794,4.88494,5.32694,5.03294,5.00294,5.70894,6.14994,6.14994,5.59094,3.94394,2.09094,1.56194,1.97394,2.38494,2.41494,1.73794,1.47394,1.41494,0.76794,0.79694,1.70894,2.41494,2.94394,3.20894,3.38494,3.14994
CO2_TUG_BCT2,2021-10-07,1283,False,14,2.17816,2.85416,5.23716,7.11916,8.67816,9.41316,9.79616,10.7372,11.9132,12.4132,12.4722,12.4132,11.9432,10.9132,9.76616,8.53116,8.29616,8.44316,8.53116,8.88416,8.88416,7.50116,6.88416,7.47216,8.06016,7.38416,5.59016,5.03116,5.14816,4.20716,3.50116,2.94316,2.14816,2.85416,5.03116,5.32516,4.06016,4.09016,4.61916,4.67816,3.97216,3.53116,3.41316,3.06016,3.06016,4.38416,4.53116,3.00116,1.85416,1.76616
CO2_TUG_BCT2,2021-10-07,1332,False,15,8.67894,10.6499,11.3259,12.0029,11.3559,11.2089,11.9149,11.3849,10.5029,12.1499,13.2379,12.0029,9.23794,8.29694,9.03194,9.20894,8.32594,7.14994,6.73794,7.38494,8.67894,8.44394,6.53194,4.73794,3.44394,3.91494,4.50294,4.59094,4.61994,4.85594,5.23794,4.70894,2.85594,1.26694,1.17894,2.03194,2.26694,1.85594,1.76694,2.79694,4.20894,3.50294,2.70894,2.61994,2.85594,3.32594,3.50294,3.14994,2.91494,3.76694
CO2_TUG_BCT2,2021-10-07,1370,False,3,5.38594,5.06194,4.14994,2.82694,3.03294,4.59094,5.26794,7.59094,17.2089,31.1499,34.4149,28.2389,21.8559,15.0909,11.4739,10.1499,8.70894,7.97394,7.64994,7.14994,6.79694,7.23894,8.73894,8.50294,6.50294,5.64994,4.56194,2.44394,2.76794,4.73894,4.12094,3.85594,5.00294,4.88594,4.03294,5.03294,6.32694,7.38594,7.85594,7.91494,7.82694,7.09094,5.44394,4.32694,4.47394,5.38594,5.94394,6.70894,7.94394,7.32694
CO2_TUG_BCT2,2021-10-07,1420,False,15,5.35612,4.82712,3.73912,2.53312,3.00412,4.12112,8.44512,17.2091,23.7981,28.9451,30.1801,25.7681,18.4451,14.7981,13.6801,12.9451,12.4451,12.0331,12.4151,13.0921,12.4741,12.5921,14.1511,15.4151,16.4451,17.8561,18.3561,18.2091,18.3561,17.8861,16.7391,16.4451,16.1211,15.3271,15.7981,17.6211,18.4151,17.4151,15.5331,15.2391,15.0921,14.2091,13.7091,13.4151,12.9451,12.5331,11.0921,8.32712,7.38612,8.23912
CO2_TUG_BCT2,2021-10-07,1422,False,21,22.2148,23.0968,22.7438,22.3328,22.3028,23.1848,25.0378,27.9208,29.3908,30.0378,30.8328,29.9498,26.2438,21.9498,17.9498,12.3618,8.62682,7.86182,8.24382,8.44982,8.24382,7.89082,8.39082,8.59682,6.33282,5.50882,6.68482,7.12682,6.50882,6.06782,7.92082,11.9498,12.5678,9.30282,6.39082,4.89082,4.09682,4.77382,5.15582,4.59682,3.06782,1.15582,1.56782,1.89082,1.30282,1.27382,1.21482,0.86182,1.27382,2.18482
CO2_TUG_BCT2,2021-10-07,1440,False,5,2.27558,2.71658,3.86358,3.98158,2.89358,1.09858,1.18758,3.65758,6.33458,9.54058,13.1576,12.3046,9.80458,7.24658,6.04058,5.65758,5.18758,4.95158,4.95158,5.39358,7.51058,10.8936,11.3636,8.98158,7.15758,5.36358,2.68758,2.68758,5.33458,6.68758,6.27558,4.39358,2.09858,1.56958,2.42258,3.12858,3.65758,3.80458,3.21658,2.51058,3.21658,3.83458,3.83458,3.18758,2.24658,2.51058,3.09858,3.39358,3.15758,2.95158
CO2_TUG_BCT2,2021-10-07,1462,False,4,2.3393,3.1923,3.7213,4.2213,4.9273,5.0453,5.8093,7.8093,10.1623,14.5153,19.0453,17.8093,11.6923,8.8393,8.4273,8.0743,8.5453,9.9273,10.5153,9.6623,7.6923,6.0153,4.2503,3.1033,2.9273,2.6623,1.5743,1.6033,2.7803,2.3093,0.0453,-1.0727,-0.7497,0.1923,0.6623,0.7213,0.8093,1.4273,2.1333,1.4273,0.8683,1.2503,2.1623,2.3973,2.0453,2.3093,3.4563,4.3093,3.9273,2.7803
CO2_TUG_BCT2,2021-10-07,1478,False,12,25.6776,30.0006,35.2066,44.8836,50.7366,51.7656,51.5306,53.0596,60.0896,70.6776,75.4426,75.3246,73.4716,69.2366,61.4716,52.4126,37.3836,23.2066,19.6776,24.9716,32.5306,36.0006,36.7656,36.1186,33.3246,29.7066,27.4716,25.6476,24.3246,22.8246,20.4426,19.2066,18.5896,17.6476,17.1776,17.1186,17.0596,16.5896,15.7066,15.6186,15.7946,14.9716,15.3836,18.1186,20.8836,21.4716,20.5596,19.3536,17.6476,16.5306
CO2_TUG_BCT2,2021-10-07,1504,False,26,11.7668,13.0318,15.2968,18.4138,18.8548,18.1198,17.3258,16.7668,17.6788,19.9138,20.4138,19.3848,19.0608,18.5908,17.9138,18.6788,19.7668,20.7078,20.3848,18.3258,16.3258,16.4438,18.0018,18.3548,17.2968,15.4438,14.9138,15.2668,14.8548,14.9138,15.7968,16.3258,16.8548,17.8548,18.6498,18.4728,16.6788,16.2668,17.5318,18.2378,18.3258,18.2378,17.5608,16.3848,15.9728,14.8548,13.2378,14.2378,15.7078,16.7378
CO2_TUG_BCT2,2021-10-07,1509,False,8,14.5596,15.2656,14.4126,13.4706,12.4706,12.0006,12.0296,12.7356,14.1476,14.8536,14.8826,14.2946,12.4126,10.0296,8.9126,9.2656,10.8826,11.5596,11.2356,11.1476,10.8826,9.5886,8.0296,6.5296,6.5006,6.6176,6.1476,5.5596,5.5296,6.9126,7.5886,7.4706,7.7066,7.9126,8.0006,8.4126,8.8826,8.3536,7.4416,6.2066,5.2946,5.2356,5.7656,6.5006,6.2946,3.7066,2.2356,2.7356,4.0296,3.7946
CO2_TUG_BCT2,2021-10-07,1559,False,6,3.5006,2.8536,1.4416,0.1476,0.6766,3.4416,6.9126,13.1476,24.8536,39.0886,52.9126,49.3536,41.4706,33.1176,24.0596,17.6766,11.6176,8.7066,7.6476,6.2656,5.7946,6.1766,6.3536,5.9126,5.0296,5.0886,6.4416,7.7066,7.1176,5.2946,5.0296,5.1176,4.7356,4.6766,4.6476,3.9416,3.5886,4.2356,5.6176,6.0886,5.7066,5.4706,5.4416,5.3536,4.6766,3.5006,3.2656,3.4126,3.4706,3.7356
CO2_TUG_BCT2,2021-10-07,1591,False,6,20.1198,21.7668,22.6778,22.7958,22.9718,24.3838,27.4428,30.8548,35.7368,39.4718,40.4138,39.9138,38.1778,33.2078,26.6488,22.2958,18.9138,17.7368,17.7668,17.6488,16.5898,15.1778,15.9428,17.0608,16.9428,15.0898,14.2078,14.5608,14.8548,13.9428,11.3548,9.88376,9.00176,7.70776,7.94276,9.73676,10.7958,11.8548,13.6488,13.9718,13.3838,14.0898,14.7078,14.8248,15.0308,15.2668,15.0308,14.8248,14.7958,14.7078
CO2_TUG_BCT2,2021-10-07,1623,False,13,12.0614,13.2964,14.2674,15.1784,15.1784,15.7084,18.9434,22.4724,28.1204,34.5314,35.8844,33.0614,28.8254,21.5904,15.3254,14.0024,16.5904,20.0614,21.0904,20.3254,19.6494,17.9434,14.5904,12.3844,10.5314,8.64936,7.88436,7.91436,8.73736,9.67836,8.94336,9.59036,11.3554,10.2374,9.50236,10.2674,10.7084,10.5314,10.1494,10.6204,11.9144,11.7964,9.53136,7.00236,6.26736,5.67836,3.41436,2.76736,3.88436,3.85536
CO2_TUG_BCT2,2021-10-07,1629,False,6,2.20718,2.73618,0.00118,-1.23382,-0.05782,1.06018,3.03118,6.35418,9.79518,13.2662,13.4422,12.2952,11.1192,9.56018,6.44218,3.20718,2.35418,2.91318,2.88318,2.47218,2.00118,1.97218,2.17818,2.00118,2.26618,3.17818,3.67818,3.97218,4.47218,4.97218,5.70718,6.23618,5.26618,3.88318,5.17818,5.47218,3.76618,2.94218,3.76618,5.61918,6.35418,6.23618,6.47218,6.67818,6.64818,6.17818,5.23618,4.88318,5.64818,6.58918
CO2_TUG_BCT2,2021-10-07,1657,False,3,14.3542,14.0602,13.5012,12.0892,10.7362,10.6772,11.5012,11.6182,11.6772,13.0892,13.9422,13.8242,13.2362,12.0602,10.1772,9.35418,8.76518,7.23618,7.17718,8.23618,7.76518,7.17718,7.11818,7.44218,8.61818,10.1482,10.0012,8.67718,8.73618,9.56018,10.5302,10.7362,10.0892,9.35418,8.91318,8.88318,9.50118,9.23618,7.97118,8.00118,9.56018,10.5892,9.67718,6.88318,4.76518,4.14818,4.08918,4.17718,4.88318,6.20718
CO2_TUG_BCT2,2021-10-07,1697,False,11,2.41512,4.71012,5.23912,4.41512,4.03312,4.68012,6.15112,7.53312,10.2101,13.8861,14.8271,13.1511,11.5621,11.4741,12.2101,11.4741,8.94512,7.15112,5.56212,2.94512,1.38612,1.71012,3.12112,3.94512,3.56212,1.94512,1.35712,2.41512,4.09212,5.06212,5.53312,5.03312,3.41512,2.32712,2.68012,3.82712,3.91512,2.59212,0.32712,0.12112,2.09212,3.50412,3.73912,2.82712,0.94512,0.00412,0.00412,0.88612,2.29812,2.26812
CO2_TUG_BCT2,2021-10-07,1807,False,16,21.8826,20.5006,16.5596,14.9126,15.3536,15.5006,16.5006,19.0596,22.1186,26.0296,27.6186,25.5596,21.3236,19.8536,19.5596,18.5886,17.2656,14.6186,11.7066,11.6766,14.3536,16.2066,14.7066,10.6186,9.29458,11.1476,13.1186,12.7656,10.7356,10.0006,9.85358,9.29458,8.17658,6.73558,6.76558,7.23558,6.82358,5.11858,3.73558,2.76558,2.88258,3.29458,2.11858,1.35358,1.94158,3.38258,4.32358,4.82358,4.50058,2.88258
CO2_TUG_BCT2,2021-10-07,1826,False,9,41.8536,41.9706,41.5886,42.2066,44.7646,47.8536,49.3536,50.0006,50.6176,52.2946,54.7066,54.3536,50.5006,46.6766,44.8536,43.4416,40.4116,35.4116,33.1476,31.7066,27.9706,24.2066,24.5296,28.0596,29.4706,28.7646,27.9416,25.1176,19.9416,17.9116,16.8536,14.7646,15.2356,18.3826,19.8826,18.9116,16.5596,15.3536,14.9706,14.4416,13.6766,12.2356,10.9116,10.9416,11.1176,9.3826,7.5886,6.0596,5.5296,5.4416
CO2_TUG_BCT2,2021-10-07,1827,False,9,15.3936,14.9516,15.1286,14.8636,13.9816,13.8346,14.9516,16.5986,17.3346,17.4516,17.5986,17.3636,16.1576,15.2166,14.4226,13.6876,13.1876,12.6576,12.2756,12.4816,13.6286,14.0106,13.1576,12.0106,11.7466,12.1576,12.4816,13.2166,14.6876,15.7166,15.5696,13.7466,13.0986,13.8046,13.3346,10.0986,5.65758,3.92258,4.21658,4.95158,6.15758,6.98158,6.33458,4.48158,3.54058,3.42258,3.48158,3.80458,3.56958,1.77558
CO2_TUG_BCT2,2021-10-07,1828,False,10,17.5312,17.0902,16.8542,16.8252,16.7962,16.5602,16.0902,16.0012,17.1492,19.5012,20.6192,20.2962,19.2662,18.0902,16.6192,15.9132,15.8252,15.8252,15.7662,15.2962,14.5312,15.3842,17.4432,17.4432,16.9132,16.8252,16.7962,16.5602,16.0012,15.0902,13.8842,13.6782,14.0602,14.5602,14.8252,15.0902,15.6192,16.2962,17.0312,16.8842,15.5312,13.2372,12.6782,13.2372,12.4722,11.4432,10.8842,11.2662,10.9722,9.64916
CO2_TUG_BCT2,2021-10-07,1833,False,24,2.81106,2.28206,2.19306,3.34106,5.92906,9.22306,15.0171,20.8991,24.8991,28.8701,30.5171,30.2821,29.9881,29.3411,27.2231,24.3991,23.1641,22.9881,22.5461,20.4291,16.8701,14.8991,13.7521,12.6641,12.8701,14.2231,14.9291,15.0171,14.8411,13.2821,9.28206,5.42906,3.37006,1.95806,2.28206,3.37006,2.28206,1.98806,3.48806,4.72306,5.51706,6.45806,6.57606,5.22306,3.19306,2.92906,4.22306,4.89906,4.75206,4.22306
CO2_TUG_BCT2,2021-10-07,1859,False,19,11.5625,11.7685,13.5335,14.2395,13.8865,13.6505,13.6215,13.6215,13.7095,14.4155,15.7395,15.6505,13.6215,11.5035,10.7395,10.8865,11.2975,11.2095,11.4745,13.1505,12.6215,9.53352,8.47452,10.1505,12.5035,13.5035,13.5925,13.4155,13.4155,13.9745,13.2975,11.4745,11.2685,11.7095,11.2975,9.73952,9.53352,10.7395,10.7685,9.68052,9.35652,8.79752,7.47452,7.32752,8.88652,10.7685,11.5925,12.1505,12.9455,12.2395
CO2_TUG_BCT2,2021-10-07,1893,False,2,1.47628,0.74128,0.94728,2.06428,2.41728,3.21128,7.47628,29.4173,81.7703,127.358,134.035,108.682,77.4763,56.2703,33.9473,18.0353,12.2413,9.47628,8.53528,8.85828,9.06428,8.85828,8.29928,7.29928,5.38828,3.91728,4.56428,5.68228,3.85828,2.85828,3.44728,2.97628,2.56428,5.00528,5.62328,3.97628,3.74128,4.06428,4.12328,4.09428,3.85828,3.27028,2.24128,1.50528,2.94728,4.24128,4.74128,4.00528,1.91728,0.62328
CO2_TUG_BCT2,2021-10-07,1947,False,4,2.794,5.559,6.823,5.823,3.559,3.5,8.059,16.588,29.853,49.676,55.765,43.588,25.118,16.059,13.088,11.206,9.206,8.176,7.353,5.941,5.294,5.676,6.529,6.323,5.206,4.882,4.353,3.206,3,3.382,3.853,3.706,2.088,-0.441,-1.059,0.676,2.941,3.235,2,1.882,3.676,5.941,6.235,4.941,4.176,3.618,2.647,1.971,1.676,2.029
CO2_TUG_BCT2,2021-10-07,1990,False,7,15.1482,15.5012,14.6772,14.2662,14.6772,15.6192,16.0602,15.8832,15.5012,15.8832,16.5602,15.7952,14.7072,13.7362,13.6482,13.8242,12.9422,12.6192,12.2952,10.5892,10.8832,13.4422,14.0302,13.2662,14.0892,13.9132,11.6772,9.85418,9.73618,10.6192,11.2662,12.7362,15.5302,16.7072,16.4132,16.1482,15.8832,15.2952,14.0892,11.9422,10.6482,11.2362,13.0892,14.0302,14.1482,14.2362,14.8542,15.5602,14.7952,13.7072
CO2_TUG_BCT2,2021-10-07,2000,False,0,18.1188,16.8838,15.8248,14.7368,14.9138,16.0308,16.1188,14.8838,13.2078,13.2368,12.1488,9.06076,8.29576,9.50176,9.50176,9.14876,8.94276,7.97176,7.26576,9.26576,9.97176,9.47176,10.8548,11.5898,10.5608,8.91376,8.17776,8.20776,9.03076,9.97176,9.08976,8.73676,9.53076,9.79576,9.61876,10.0308,11.3838,12.1188,9.47176,8.94276,11.4138,11.9718,9.56076,6.61876,6.26576,7.76576,8.14876,7.32476,5.85476,4.82476
CO2_TUG_BCT2,2021-10-07,2066,False,3,3.216,4.392,4.539,3.686,2.275,1.863,2.716,4.333,8.304,14.951,17.451,16.716,15.039,12.598,8.51,5.539,5.245,5.863,5.127,4.275,3.833,4.598,6.922,8.657,8.245,7.363,8.922,9.48,8.127,6.363,3.451,0.716,0.245,0.598,-0.549,-1.167,-0.755,0.01,1.451,2.716,2.275,1.627,3.657,4.451,3.275,2.686,2.127,0.569,0.392,1.922
CO2_TUG_BCT2,2021-10-07,2110,False,29,4.23736,6.23736,7.64936,8.70836,9.26636,10.0024,11.1784,11.3844,11.0904,11.2964,12.3254,11.8254,9.64936,9.23736,10.9724,12.5904,12.9134,12.5314,12.4134,11.9134,10.3844,10.4434,12.4434,13.8554,14.2084,14.1494,13.3844,11.5024,9.76636,8.47236,6.76636,5.67836,6.06136,7.44336,8.14936,8.23736,8.32536,8.88436,9.11936,7.44336,6.11936,5.61936,6.23736,7.38436,6.97236,6.85536,7.70836,8.23736,8.76636,9.56136
CO2_TUG_BCT2,2021-10-07,2268,False,1,6.59272,6.50472,8.65172,9.44572,9.35772,10.2687,10.7397,10.8277,11.6517,13.0337,14.8577,14.8577,13.0927,12.0927,11.5047,10.6217,10.6517,11.7687,12.6807,12.7397,12.2987,12.1217,12.5627,13.4747,13.6517,12.7687,11.6517,11.6517,12.7687,13.7397,14.2687,14.5627,13.1807,10.1517,9.09272,10.0047,11.4457,11.2987,9.76872,7.29872,5.68072,4.82772,4.73972,4.20972,2.82772,2.12172,2.03372,2.06272,2.38672,3.56272
CO2_TUG_BCT2,2021-10-07,2269,False,4,0.26618,0.26618,0.23718,0.00118,-0.40982,-0.17482,0.82518,2.35418,6.64818,12.9422,15.2372,13.4722,10.6782,9.67818,10.0602,10.6192,10.4132,8.50118,7.29518,7.85418,9.88418,10.3252,8.94218,7.29518,5.32518,4.38418,4.38418,5.32518,7.17818,7.88418,7.44218,6.50118,5.06018,4.23718,3.23718,1.59018,1.06018,0.70718,-0.05782,0.56018,2.14818,1.97218,1.88418,2.73718,3.23718,3.53118,3.97218,4.00118,3.79518,4.03118
CO2_TUG_BCT2,2021-10-07,2464,False,23,11.6488,11.4128,10.9128,10.3538,9.14878,7.53078,7.03078,7.55978,8.97178,11.3538,12.4428,11.8538,10.2068,9.08978,9.23678,10.0598,9.88378,9.00178,9.17778,9.08978,8.20678,7.70678,7.41278,6.76578,5.17778,2.79578,2.38378,3.14878,4.26578,5.55978,6.55978,5.61878,4.70678,3.88378,2.61878,3.08978,5.32478,6.20678,5.41278,4.11878,2.79578,1.79578,2.70678,3.29578,2.91278,2.50178,2.47178,3.14878,3.29578,2.41278
CO2_TUG_BCT2,2021-10-07,2471,False,10,2.97982,4.18582,6.50882,6.89182,5.89182,4.45082,4.09782,5.42082,7.86182,11.1858,14.5978,13.4208,11.8618,11.5088,10.8028,10.8028,13.3918,13.1858,8.95082,5.62682,4.45082,3.83282,3.15582,2.42082,2.53882,3.65582,5.56782,6.45082,6.09782,5.06782,3.92082,2.68582,2.45082,2.53882,2.09782,1.24482,1.47982,2.68582,2.33282,1.00882,1.68582,2.33282,2.68582,3.77382,3.74482,2.21482,0.00882,-2.19718,-1.40218,0.27382
CO2_TUG_BCT2,2021-10-07,2472,False,29,10.2403,9.3293,9.6823,11.4763,13.5643,15.9463,16.5343,16.2113,17.3873,18.3583,19.4173,21.3583,22.7703,23.7113,23.3293,22.2113,22.6233,22.7403,21.8873,21.2703,20.0343,17.5933,15.6233,13.3583,11.1233,9.5643,9.0053,10.8873,12.1823,12.2703,11.6523,10.9463,11.4463,10.5053,8.0053,7.7993,8.5343,9.0643,8.9463,7.5643,5.4463,4.4463,4.0933,3.6233,3.3873,3.2993,2.8583,2.1523,2.1523,2.3583
CO2_TUG_BCT2,2021-10-07,2473,False,8,2.09194,2.82694,4.67994,5.53294,4.94494,4.00394,7.65094,19.7979,33.0919,39.2099,41.4449,40.1799,33.9449,26.7679,22.9739,20.5329,19.0329,17.9739,16.4739,15.3269,14.5329,14.4739,14.0629,12.2099,9.82694,8.59194,8.09194,8.50394,9.41494,9.20994,9.06294,9.47394,9.70994,9.73894,9.79794,10.2099,10.6799,10.2099,9.79794,9.73894,9.67994,9.20994,8.26794,7.79794,7.73894,7.73894,7.73894,7.73894,7.67994,7.20994
CO2_TUG_BCT2,2021-10-07,2478,False,10,2.3873,4.6223,5.8583,6.4753,7.2993,6.9753,6.3283,7.8873,10.1813,13.1523,15.0343,13.7703,9.9753,7.3283,5.2113,3.5343,2.8283,3.0053,4.1813,4.8583,4.7703,3.5053,1.8583,2.7993,3.8873,4.7403,6.1813,7.1223,7.4173,5.7403,3.1813,4.2993,5.2113,4.4753,3.9173,3.1523,1.7993,1.4463,1.3583,0.1523,0.7993,3.0343,2.7113,1.2703,-0.2597,-0.8477,0.0053,1.8873,2.8873,3.4753
CO2_TUG_BCT2,2021-10-07,2484,False,11,3.61936,2.50236,1.26636,0.73736,2.53136,3.29636,3.47236,5.73736,8.23736,10.7374,11.5314,10.0314,7.29636,5.00236,3.20836,3.47236,4.26636,4.88436,5.56136,6.29636,6.35536,6.73736,8.35536,10.1194,9.94336,7.97236,5.82536,4.53136,6.38436,7.59036,7.09036,6.44336,6.64936,7.59036,8.29636,8.82536,9.03136,8.79636,8.09036,7.50236,8.17836,9.82536,9.14936,6.20836,5.09036,5.56136,6.29636,6.35536,6.64936,7.47236
CO2_TUG_BCT2,2021-10-07,2516,False,21,6.08978,10.4128,13.5898,13.5898,11.7958,10.9428,11.5308,12.9128,13.4428,13.5308,14.1488,13.8838,12.5898,12.3248,12.9428,12.8838,12.2958,11.7958,12.2658,12.6778,12.7368,12.7078,12.4718,12.0898,12.5608,13.9428,14.5608,13.9428,12.5308,12.0308,13.5898,16.5898,15.9428,11.9128,10.4428,10.1488,9.29578,9.08978,9.73678,10.3838,10.2368,9.79578,10.2658,10.6778,10.5898,9.56078,8.38378,9.64878,11.4718,13.7368
CO2_TUG_BCT2,2021-10-07,2518,False,8,5.47354,4.35654,4.09154,4.00354,3.88554,6.26854,11.6505,14.7095,15.2975,15.5625,15.9445,15.4735,14.1215,13.5915,13.5035,12.7685,12.0325,11.0325,9.82654,9.09154,8.50354,7.88554,7.62154,8.50354,8.67954,7.82654,7.32654,7.03254,6.62154,6.97354,8.82654,10.9445,10.0625,6.41554,4.65054,5.35654,7.20954,7.97354,8.09154,8.70954,8.44454,7.12154,6.67954,7.29754,7.94454,7.88554,8.15054,10.0035,10.8855,10.4445
CO2_TUG_BCT2,2021-10-07,2529,False,13,3.32478,2.58978,1.23678,1.00178,1.85478,2.79578,6.61878,14.3838,20.1778,25.5898,29.5018,28.3248,23.2958,20.6488,19.8548,18.7958,17.2958,14.6488,12.3838,12.2958,13.8548,15.0018,15.0898,14.6488,14.4128,14.3838,14.2658,13.3248,11.4428,10.5018,10.3838,10.2958,9.73678,9.50178,11.0308,11.0898,8.64878,6.41278,6.53078,8.23678,8.55978,7.97178,8.70778,9.44278,9.05978,7.53078,7.55978,9.26578,9.67778,8.38378
CO2_TUG_BCT2,2021-10-07,2545,False,6,3.94572,2.97472,2.94572,3.59272,3.62172,3.71072,4.38672,5.56272,9.59272,16.8867,18.2687,12.3867,6.15172,4.71072,6.29872,7.06272,7.18072,7.82772,7.79872,6.91572,6.47472,6.65172,7.06272,6.76872,5.38672,4.09272,4.59272,7.12172,9.44572,10.0337,9.56272,8.53372,6.38672,4.29872,3.68072,3.59272,2.85772,2.18072,1.73972,2.29872,4.38672,6.26872,5.32772,2.82772,3.29872,4.23972,4.35772,4.21072,4.44572,5.59272
CO2_TUG_BCT2,2021-10-07,2546,False,28,6.559,5.471,5.353,6.883,8.088,8.647,9.206,9.971,11.412,12.824,13.177,11.824,9.03,7.853,8.177,8.588,8.618,7.853,7.03,6.736,7.559,7.265,5.412,4.147,4.265,6.059,6.412,4.677,3.03,2.471,2.53,3.412,4.824,4.824,4.53,4.941,5.794,5.559,4.147,3.03,2.471,2.941,3.265,2.618,1.265,1.03,1.883,2.383,2.677,3.177
CO2_TUG_BCT2,2021-10-07,2567,False,19,6.70678,7.64878,8.50178,7.91278,6.55978,7.38378,9.11878,11.1488,12.3838,13.4428,14.4718,13.6488,10.1778,6.70678,5.88378,6.91278,7.85378,8.14878,8.23678,8.64878,9.11878,8.58978,7.70678,6.73678,6.53078,7.17778,7.94278,8.55978,8.58978,7.08978,5.50178,4.03078,3.88378,5.44278,7.26578,7.53078,6.44278,5.47178,4.94278,4.47178,4.38378,4.11878,2.88378,1.91278,2.29578,4.58978,5.47178,4.70678,4.23678,4.17778
CO2_TUG_BCT2,2021-10-07,2571,False,11,1.56272,3.59272,4.29872,4.62172,7.88672,15.1517,23.8567,35.0627,40.2987,40.9747,41.4747,40.2687,37.0337,35.0627,32.2687,26.9747,23.2397,19.3867,15.1807,13.4457,12.0627,9.00472,7.38672,7.15172,7.03372,7.50472,9.09272,9.56272,8.97472,8.91572,8.62172,7.76872,7.65172,7.59272,6.38672,7.03372,9.26872,9.18072,9.62172,11.7987,12.5337,11.9747,11.9157,11.5927,10.4457,9.59272,10.0047,11.2987,11.4157,11.0337
CO2_TUG_BCT2,2021-10-07,2574,False,6,0.3526,0.0006,0.9416,1.6766,2.4706,4.4116,9.3526,18.5006,27.1766,35.0006,35.2946,32.3826,29.5296,28.3526,26.5296,22.8526,21.3236,21.0886,19.6476,18.5296,17.9416,17.5886,16.6176,14.9116,15.0586,15.1766,11.5586,10.2056,11.2946,10.6476,10.3236,11.0006,10.3526,8.5296,8.3826,9.3826,10.6176,10.8526,10.7056,10.4706,8.9116,6.3236,6.0296,6.0586,5.2056,4.7056,4.4116,3.9416,3.9116,5.5296
CO2_TUG_BCT2,2021-10-07,2589,False,7,3.64916,3.79616,3.47216,2.14916,1.64916,1.79616,1.85416,4.67816,14.7662,27.8542,32.8542,31.9432,29.8842,27.4432,27.0012,27.2662,25.6782,21.5312,18.2662,15.6192,14.1492,13.0602,11.7962,10.5012,8.32516,6.17816,5.14916,4.56016,4.03116,3.06016,1.97216,2.17816,3.53116,4.29616,4.85416,5.79616,6.14916,5.26616,3.53116,3.64916,4.94316,4.29616,3.97216,4.76616,5.06016,5.11916,5.88416,6.85416,8.32516,9.73716
CO2_TUG_BCT2,2021-10-07,2592,False,29,10.5306,9.20658,8.05958,7.26558,7.32458,8.00058,9.20658,10.2066,10.9716,11.9126,12.1186,11.4716,10.7656,10.3836,9.41258,7.58958,7.11858,8.03058,9.05958,9.35358,7.76558,7.05958,7.14758,6.35358,6.88358,9.05958,9.58958,8.79558,8.97158,8.79558,7.20658,5.32458,4.55958,4.44258,4.23658,4.00058,4.17758,3.82458,2.20658,0.41258,0.35358,1.70658,2.58958,2.67758,1.97158,1.50058,1.20658,0.73658,0.50058,0.53058
CO2_TUG_BCT2,2021-10-07,2593,False,18,9.77912,11.1321,10.6901,9.95512,9.83712,9.07312,7.22012,6.48512,8.01412,11.1321,11.3371,8.48512,6.57312,5.92612,5.48512,5.72012,6.63212,7.01412,6.30812,4.42612,2.86712,3.01412,4.27912,4.27912,2.95512,2.13212,1.19012,0.01412,0.60212,2.13212,4.07312,4.92612,5.74912,7.74912,7.86712,5.42612,3.24912,3.83712,6.51412,7.48512,6.95512,6.95512,7.01412,6.10212,4.24912,3.54312,3.89612,4.04312,3.36712,2.04312
CO2_TUG_BCT2,2021-10-07,2594,False,9,3.70718,3.38418,3.64818,4.79518,5.64818,5.23618,4.14818,6.03118,12.5312,18.7662,21.6192,21.6192,18.3542,16.5892,16.7662,16.7072,15.7952,14.5602,13.4422,11.2662,8.38418,6.67818,5.73618,6.35418,7.94218,7.64818,6.53118,4.79518,3.00118,2.94218,4.26618,4.97218,5.06018,5.08918,5.44218,6.85418,8.79518,8.35418,5.76618,5.08918,5.14818,2.91318,2.23618,3.20718,2.88418,3.47218,5.70718,6.61918,6.06018,5.35418
CO2_TUG_BCT2,2021-10-07,2600,False,12,9.50118,17.7662,21.8542,22.7952,23.0312,23.0602,23.1482,23.8842,25.5312,26.7072,27.0312,26.9132,25.7952,23.9132,23.8542,25.3542,26.3542,23.9422,21.7662,20.4722,19.0892,17.3842,16.7362,15.4722,12.9132,11.9422,11.7662,11.3542,11.2952,11.2662,10.4422,9.17818,8.17818,8.91318,8.08918,5.00118,4.08918,5.53118,6.61918,6.20718,4.58918,3.38418,2.82518,2.41318,2.79518,3.47218,2.79518,2.38418,2.53118,2.35418
CO2_TUG_BCT2,2021-10-07,2627,False,21,9.97922,13.5972,14.2732,13.5972,13.0382,12.7442,12.2442,11.3022,11.0082,12.3612,14.9492,14.2732,9.03822,3.97922,3.03822,4.71422,5.59722,5.24422,4.42022,4.89122,6.71422,7.56722,7.18522,7.42022,9.89122,10.5082,8.83222,7.77322,6.71422,4.83222,3.89122,3.77322,3.92022,5.09722,7.42022,8.24422,6.97922,4.92022,4.42022,5.21422,5.53822,5.83222,6.97922,7.39122,6.77322,6.03822,5.53822,5.03822,4.89122,5.56722
CO2_TUG_BCT2,2021-10-07,2631,False,5,6.53992,6.48092,4.30492,3.51092,5.01092,7.86392,11.1869,15.8639,20.2459,24.5109,25.0399,21.4809,15.9809,14.9519,15.1579,15.0699,16.8049,18.5989,19.9229,18.8339,15.8639,15.3339,15.3339,14.5399,14.5699,15.6869,16.5699,16.3929,15.4809,15.0109,14.9519,14.8049,13.8639,13.3929,15.9229,17.0399,15.1579,12.3929,11.6279,12.3929,12.6579,12.4809,12.6869,12.6279,11.9519,11.2459,10.9809,10.7169,8.95192,6.12792
CO2_TUG_BCT2,2021-10-07,2633,False,23,5.23056,5.20156,5.31856,4.93656,5.05456,6.43656,8.58356,9.84856,10.9076,12.0546,12.3186,11.8186,10.8186,8.90756,7.26056,6.70156,6.64256,6.70156,7.17156,8.02456,7.78956,6.43656,5.81856,6.43656,7.84856,8.40756,7.31856,4.93656,3.70156,4.49556,6.99556,7.70156,6.70156,6.40756,6.08356,5.23056,5.26056,6.37756,7.37756,8.17156,9.37756,10.3186,10.6136,10.6426,10.5836,10.1136,9.08356,8.02456,7.49556,8.55456
CO2_TUG_BCT2,2021-10-07,2635,False,4,2.61994,2.85594,2.85594,2.61994,2.23794,2.70894,4.14994,5.64994,9.26694,14.8559,16.8559,14.8259,11.5319,10.0609,9.79694,9.06094,7.41394,6.23794,5.91394,5.88494,5.85594,5.61994,5.20894,5.38494,5.82594,5.38494,5.17894,5.35594,5.11994,4.91394,4.79694,4.17894,3.47294,4.06094,3.91394,3.53194,5.32594,5.91394,4.73794,4.44394,4.82594,4.29694,3.41394,2.41394,2.03194,2.67894,4.06094,4.59094,4.67894,5.20894
CO2_TUG_BCT2,2021-10-07,2641,False,22,6.04606,6.37006,5.75206,6.45806,7.07606,7.72306,12.8401,26.9581,41.8701,48.1351,48.7821,46.4881,43.7521,40.5461,37.3401,32.6931,28.7231,27.7521,29.4881,32.6051,34.5171,35.3701,33.9581,31.6641,33.1051,32.8991,28.4291,23.9581,22.3401,22.2521,22.8701,23.5761,22.5761,19.4291,13.2231,8.28206,8.45806,11.9881,13.3111,11.8991,10.1051,10.1051,11.8991,13.3991,12.7821,10.5461,9.69306,9.31106,7.69306,8.48806
CO2_TUG_BCT2,2021-10-07,2642,False,26,10.5335,12.9455,14.9455,16.4745,18.3275,18.5625,17.2685,16.6805,17.5335,19.4155,20.2685,19.6805,18.2395,17.2985,16.7395,16.5035,16.4455,16.2095,15.6805,14.9745,14.0335,13.7985,14.2095,14.4455,14.6215,15.7985,18.1215,19.0625,18.6505,17.5925,15.2095,12.7095,12.5035,14.7395,17.2685,17.8275,17.0925,17.2985,18.4155,18.5335,17.4745,15.7985,15.3275,15.4455,15.3565,14.5035,13.3275,13.5925,12.7395,11.1805
CO2_TUG_BCT2,2021-10-07,2643,False,22,32.0159,32.6629,32.8399,32.3989,31.5459,31.7519,32.8689,33.2519,34.2809,36.5749,37.3399,35.6039,32.2809,28.5159,22.4569,17.1339,15.9279,17.0459,17.0749,15.9869,15.8399,16.6039,17.3399,16.6929,16.5459,17.2809,16.7809,14.7219,13.4569,14.0749,14.7519,12.6039,10.8689,10.2519,10.4869,11.3989,11.8989,12.2519,13.1929,14.1929,13.2809,10.5459,9.42788,10.1929,11.2219,10.5459,8.25188,7.13388,7.45688,8.45688
CO2_TUG_BCT2,2021-10-07,2655,False,2,3.26618,3.20718,2.20718,1.35418,2.17718,4.00118,3.70718,5.53018,17.6482,37.4722,43.7662,37.9722,31.7072,25.8832,24.0892,23.2362,20.9722,19.6482,18.3242,15.9722,14.8542,15.1772,15.9422,14.9722,11.9722,10.0012,8.88318,7.53018,7.53018,8.85418,9.73618,11.2362,13.7072,12.4132,7.88318,6.97218,7.85418,8.91318,10.0602,10.3242,10.0012,10.3542,10.7952,9.47218,7.50118,5.50118,5.20718,5.06018,4.23618,4.20718
CO2_TUG_BCT2,2021-10-07,2656,False,9,0.91376,1.88476,4.73776,12.7668,22.5318,27.5018,29.7078,29.6488,28.8258,30.4428,31.3548,30.1198,27.9138,26.2378,24.4728,21.7378,16.7078,12.4428,10.7668,9.91376,9.20776,8.94276,8.94276,9.20776,9.91376,10.6198,10.9428,11.4428,12.4138,13.1198,13.5898,13.2958,11.9138,10.4428,9.53176,9.23776,10.1198,10.2958,9.38476,8.53176,8.23776,9.11976,9.23776,7.91376,6.58976,6.76676,8.11976,8.58976,6.79576,3.26676
CO2_TUG_BCT2,2021-10-08,2,False,29,6.06018,5.59018,7.11918,10.5012,12.8542,14.5312,15.6482,16.2072,15.7952,15.9132,17.2662,18.6192,18.6782,17.5902,15.5312,12.6482,11.9422,12.0902,11.2072,9.44218,9.44218,11.1782,11.8252,11.0012,9.88418,9.67818,9.14818,7.00118,7.29518,10.2662,10.5902,7.26618,3.82518,3.20718,4.53118,5.61918,5.94218,5.00118,4.23718,3.20718,1.44218,1.44218,3.14818,3.61918,2.79518,2.17818,1.09018,-0.08682,1.14818,2.64818
CO2_TUG_BCT2,2021-10-08,8,False,4,8.187,7.716,7.981,7.804,7.393,7.628,8.598,9.922,13.981,20.54,23.422,23.157,21.451,18.128,15.687,14.363,13.128,12.893,13.04,12.863,11.216,7.922,6.334,6.54,7.01,6.54,6.128,5.922,4.804,2.922,2.716,3.216,3.275,2.569,2.128,2.04,1.981,2.922,5.393,5.775,3.598,1.716,1.128,1.01,0.687,0.922,2.775,3.628,3.069,2.363
CO2_TUG_BCT2,2021-10-08,12,False,19,9.94334,12.9143,16.0023,18.2963,16.9733,16.3853,18.5323,21.3263,24.0023,27.4143,28.8853,27.7963,25.9143,26.3553,26.8853,26.3853,24.9733,22.4143,19.7083,15.7963,12.4433,10.9433,10.5913,11.3853,10.8553,8.64934,7.88534,8.20834,7.73834,7.26734,6.73834,5.91434,6.38534,8.29634,9.82634,10.4143,9.20834,8.12034,7.53234,7.41434,8.32634,10.1493,10.5323,9.00234,7.14934,6.62034,6.91434,6.35534,4.26734,2.29634
CO2_TUG_BCT2,2021-10-08,15,False,17,6.98042,9.39142,13.0094,16.3034,19.8034,21.4504,21.8324,23.2444,26.0684,27.4804,27.6274,27.3624,26.6564,25.9214,25.3914,24.6564,23.9804,23.9504,24.3624,24.3624,23.9214,23.7154,23.7744,23.0684,20.8624,19.0094,17.3914,16.2154,15.1854,14.8914,16.0974,17.7444,16.8914,16.5974,17.8324,18.2444,17.3914,16.2154,15.8324,16.7154,18.5974,19.4504,18.8624,17.3914,16.2154,15.2444,15.2154,15.8624,15.6564,13.8324
CO2_TUG_BCT2,2021-10-08,16,False,16,10.1825,10.3885,10.4775,10.9775,12.5945,13.2715,13.1245,14.5945,18.3295,20.9775,21.8005,20.2125,15.4185,12.1825,10.3885,9.18248,7.91848,6.85948,5.62448,3.71248,2.65348,1.59448,-0.31752,-1.43452,-1.55252,-0.69952,0.91848,3.27148,4.03548,3.71248,4.18248,4.62448,4.91848,5.44748,6.15348,6.97748,6.30048,4.24148,3.65348,4.59448,5.80048,5.30048,4.47748,3.94748,3.82948,3.32948,1.71248,1.21248,2.97748,6.00648
CO2_TUG_BCT2,2021-10-08,18,False,9,0.82418,1.06018,1.56018,1.94218,1.73618,0.70718,1.85418,9.29518,20.9422,27.2072,29.5892,29.2072,25.7952,21.9712,18.3542,13.9712,12.5892,13.0012,13.5302,13.6192,12.4712,10.1772,9.44218,10.0012,9.94218,9.29518,8.20718,6.76618,4.58918,3.29518,3.79518,4.94218,4.58918,4.94218,6.73618,7.61918,7.26618,6.32418,5.85418,5.85418,6.26618,6.73618,6.32418,6.47118,8.06018,9.94218,10.7072,10.7072,9.94218,8.06018
CO2_TUG_BCT2,2021-10-08,21,False,15,7.47158,8.70658,8.17758,7.17758,6.61858,7.29458,9.35358,12.7066,14.4416,15.3536,16.5596,15.6476,12.6776,11.5006,11.5306,11.5886,11.7656,11.7656,11.0596,10.4416,8.97158,6.32458,6.32458,8.94158,10.1776,10.3536,11.0306,11.1186,9.76558,7.79458,8.00058,10.1776,10.7656,9.03058,6.70658,5.88358,5.76558,5.14758,5.41258,6.67758,6.58858,4.55958,2.50058,2.17758,3.03058,3.44158,3.03058,2.23558,3.00058,5.76558
CO2_TUG_BCT2,2021-10-08,23,False,17,9.52958,7.61858,6.82458,6.52958,6.82458,7.50058,8.55958,9.94158,13.0596,16.9126,17.5596,16.1186,16.2356,15.8536,13.9416,12.0886,10.3246,9.94158,10.7066,11.6766,11.5006,11.5886,12.6186,14.2656,16.6766,17.9126,18.5296,19.4716,19.7356,18.1476,14.9416,14.0006,15.2066,15.9126,15.9126,15.2066,13.9126,14.1476,16.0006,17.2356,16.8826,14.5296,13.2066,13.2656,13.6766,13.4416,12.5596,12.3246,12.7356,12.9416
CO2_TUG_BCT2,2021-10-08,25,False,12,1.9416,2.1476,2.2056,4.5296,10.6176,15.8526,18.0296,19.1476,19.6766,20.2056,21.0886,21.0886,20.2056,19.5006,17.5586,13.8526,12.5296,13.9416,15.8236,16.5296,16.1476,15.2356,15.0006,15.3526,15.0886,13.9416,13.0886,13.3526,13.5586,11.8526,10.2946,9.1476,8.2356,7.4706,7.4706,7.6766,7.9416,8.5006,9.4416,10.8236,11.0296,9.9416,8.9116,7.9706,7.0006,7.2646,7.8826,8.3826,8.4116,8.2056
CO2_TUG_BCT2,2021-10-08,27,False,7,3.15288,4.09388,4.18288,6.38888,11.7419,16.4179,22.1529,28.3589,38.4769,54.7709,59.8299,53.7999,49.0359,48.9469,50.2419,48.7119,46.5359,44.3889,42.7709,41.4769,41.2119,41.0939,40.4179,39.5939,38.3889,36.4179,34.9469,33.4179,31.8589,30.0059,26.4179,22.9179,21.8299,22.2119,22.7999,22.8299,21.3589,19.9469,18.4179,16.9469,15.9469,14.9179,14.3589,15.0059,16.9469,16.7119,14.2709,13.1829,12.0649,9.68288
CO2_TUG_BCT2,2021-10-08,28,False,9,2.67816,3.20716,7.26616,16.2962,25.0902,33.8542,36.1192,35.0012,34.8542,36.9722,38.2962,38.2372,36.1782,31.0012,26.1782,23.5602,21.2662,19.9132,20.0312,20.9722,21.4132,19.8252,15.9432,14.6782,15.3542,14.4132,13.5902,13.3842,12.7072,11.5312,11.2372,10.9722,10.5312,11.0012,11.4132,11.4432,11.1482,10.2072,9.09016,9.03116,9.67816,9.56016,8.44316,6.59016,6.14816,7.20716,8.11916,8.17816,7.73716,7.59016
CO2_TUG_BCT2,2021-10-08,31,False,12,1.97588,1.44688,2.12288,4.18188,7.53488,9.44688,11.7699,16.2699,20.4169,24.2119,24.8589,23.8289,21.8589,19.6229,19.5639,21.2999,22.0939,22.4469,23.4169,22.2699,17.6529,13.2699,12.1529,11.7409,9.15288,7.59388,7.35888,7.21188,7.44688,8.56388,8.76988,7.82888,6.62288,4.91688,3.74088,3.32888,2.59388,1.26988,1.26988,2.65288,3.85888,5.12288,6.03488,6.18188,6.44688,7.50588,7.24088,5.47588,4.76988,5.12288
CO2_TUG_BCT2,2021-10-08,34,False,11,5.97236,5.73736,5.14936,4.82536,4.94336,9.41436,19.4144,29.3844,42.4434,52.4434,54.4144,50.5024,44.3254,37.6194,28.7964,23.9434,21.2964,18.3554,16.2664,14.9434,15.1194,13.3554,9.00236,8.64936,11.6494,11.8844,11.2084,11.1784,11.7664,12.2374,11.1494,11.0614,12.8254,14.2664,13.2084,10.2084,9.11936,9.85536,11.1494,10.7374,8.94336,8.76636,9.56136,10.4724,10.2664,9.14936,8.91436,9.09036,9.35536,9.70836
CO2_TUG_BCT2,2021-10-08,35,False,25,17.7378,18.1488,18.3258,17.8848,16.9428,16.5318,16.9428,17.9428,18.8848,19.9138,20.4428,19.5608,17.0898,16.7078,18.8848,20.6488,20.2958,18.5318,18.1198,19.4138,20.7378,20.5318,18.9428,17.7078,16.9138,16.0318,16.2958,17.8848,19.0318,19.0318,17.8848,16.3548,16.5608,18.2078,18.1198,17.0608,18.1488,18.5318,17.7378,17.9138,17.8258,16.9428,16.5608,17.2078,18.5318,18.5608,17.4728,17.2378,17.3848,17.3548
CO2_TUG_BCT2,2021-10-08,36,False,21,8.117,11.97,13.912,14.617,15.323,14.088,11.794,12.882,15.176,17.235,17.382,16.353,14.823,13.529,11.559,9.323,9.264,11,11.706,11.353,11.176,11.529,11.764,10.794,9.912,9.382,9.382,9.823,10.088,10.382,11.088,11.617,10.47,7.794,7.294,8.764,9.294,9.588,10.029,9.5,8.617,7.706,7.912,9.029,9.294,9.264,8.764,7.117,6.206,6.117
CO2_TUG_BCT2,2021-10-08,37,False,13,5.76734,5.50234,5.59034,5.26734,5.79634,7.64934,9.38534,10.7083,12.6493,14.2673,14.5903,14.1203,13.3853,12.1793,11.1493,10.2383,9.50234,10.1793,10.5613,10.2673,10.7383,12.1203,12.7963,12.6493,12.1793,11.9143,11.6493,11.1493,10.7673,10.9733,11.9733,11.2673,8.76734,7.85534,8.14934,8.53234,7.94334,7.03234,7.85534,7.85534,7.03234,7.79634,7.20834,4.53234,3.41434,4.17934,5.38534,6.14934,6.91434,7.67934
CO2_TUG_BCT2,2021-10-08,39,False,4,8.68758,8.18758,7.27558,7.04058,7.59858,9.83458,18.8046,33.3926,42.0406,46.8636,48.8346,46.2456,40.1576,36.8636,34.5986,30.8346,28.9816,28.9816,29.4226,29.4226,29.0106,29.0106,29.4516,29.5696,28.5986,26.2456,24.3046,23.2456,22.0406,19.8346,15.7756,12.5696,10.4816,8.04058,6.95158,7.51058,8.83458,8.89258,8.04058,8.45158,10.2456,13.1286,14.5106,14.4516,13.9816,13.8926,15.0406,17.3346,17.9516,16.4516
CO2_TUG_BCT2,2021-10-08,40,False,15,7.0006,7.2646,6.8236,6.5596,7.7066,11.2066,16.4416,24.4126,29.5006,31.8236,34.1176,34.0296,31.1176,28.3536,26.1176,23.4416,22.4416,22.0296,21.2066,21.4706,23.0596,24.0886,23.2066,20.6476,19.0296,18.8826,19.2356,18.7946,17.6476,17.1766,15.5596,12.7646,12.7946,13.7356,14.2356,13.8536,13.1766,13.7946,13.7066,12.2066,10.1766,7.9706,7.8826,7.6476,5.8536,4.1476,3.1176,2.2066,2.4126,3.5296
CO2_TUG_BCT2,2021-10-08,43,False,4,2.53252,1.65052,1.47452,2.20952,2.00352,2.29752,6.09152,12.1505,20.8855,25.7385,26.0035,24.4155,21.8565,18.2385,16.6805,15.5915,13.9745,14.1215,13.9745,12.5915,11.4745,10.9155,11.4745,12.6215,14.3275,15.4745,15.5625,15.0625,14.1805,11.7975,8.59152,7.76852,8.53252,8.26852,7.65052,7.18052,7.32752,7.53252,6.53252,5.38552,4.12152,3.29752,3.94452,5.65052,5.41552,3.18052,1.97452,1.68052,1.91552,3.09152
CO2_TUG_BCT2,2021-10-08,44,False,13,3.21542,2.59742,2.47942,1.83242,0.92142,1.95042,3.47942,5.18542,7.62742,13.1274,19.3034,18.5974,10.9214,4.71542,2.18542,0.71542,0.89142,2.21542,2.24442,2.21542,3.33242,4.97942,5.71542,5.71542,4.97942,3.33242,2.27442,2.83242,4.21542,4.03842,2.27442,-0.46158,-0.75558,0.95042,1.09742,0.12742,-0.87258,-0.60858,0.00942,0.59742,1.36242,2.80342,4.06842,3.47942,1.65642,1.53842,2.80342,4.74442,5.56842,4.74442
CO2_TUG_BCT2,2021-10-08,45,False,2,0.20718,0.58918,0.82418,0.00118,0.29518,2.08918,3.67718,8.97218,20.9722,38.0892,55.2072,48.7072,41.5892,45.0602,52.0302,52.8242,47.8242,42.9422,35.5602,26.9722,22.3242,18.6192,14.6772,11.7362,8.73618,7.35418,7.41318,7.94218,8.73618,10.4132,12.2072,12.2662,11.0012,10.7662,11.6192,12.0302,11.5892,10.4132,9.50118,9.44218,9.70718,8.61918,6.53018,6.56018,7.14818,6.29518,3.76618,2.85418,3.56018,3.64818
CO2_TUG_BCT2,2021-10-08,46,False,2,5.676,3.823,3.353,4.206,5.382,5.882,5.941,7.206,17.323,37.588,46.853,39.882,22.706,14.029,12.853,12.147,10.735,9.97,9.382,8.206,7.294,7.235,7.647,7.559,6.412,4.853,4.706,5.088,3.97,3.588,4.529,5.882,7.353,7.265,6.206,4.735,3.97,3.412,2.5,2.323,3.206,4.265,3.853,2.265,1.912,2.97,4.823,5.265,4.206,3.235
CO2_TUG_BCT2,2021-10-08,48,False,11,16.6476,25.1766,30.8536,25.4416,19.9126,22.5596,35.5006,47.9716,60.2066,66.3246,67.9716,67.8536,62.9416,51.4126,42.5596,40.5596,41.9126,44.1766,46.8536,46.8536,44.3536,39.5596,35.7946,34.6186,34.4126,33.5886,31.2356,28.5886,27.0006,25.2356,23.3826,22.8536,23.0006,21.4716,18.6766,18.4716,17.4716,13.8246,11.2656,10.8246,11.3246,12.1186,12.3826,10.7356,9.70658,10.0296,10.8826,10.6476,9.32458,8.91258
CO2_TUG_BCT2,2021-10-08,49,False,10,3.53018,8.06018,12.5302,17.5012,19.8832,20.4132,20.8542,20.9722,21.4722,23.1192,23.9722,23.6192,22.5892,21.4132,19.9132,18.9132,17.8832,16.6482,15.5302,13.3542,10.5302,9.29518,9.32418,10.8242,14.3542,17.0602,17.0012,15.0302,12.7072,10.0012,8.97218,8.14818,5.35418,1.91318,1.11918,2.32418,2.85418,2.94218,3.76618,5.11918,6.82418,7.35418,7.70718,8.67718,9.64818,10.7952,11.0302,9.82418,8.44218,7.14818
CO2_TUG_BCT2,2021-10-08,51,False,4,3.82418,5.03018,6.00118,5.94218,4.58918,3.56018,7.00118,20.3542,38.1772,47.2652,50.6482,48.9132,40.8542,32.4422,26.2072,19.0602,13.9712,10.5012,10.0302,10.6182,11.6482,13.4712,13.9422,12.9712,11.3242,8.91318,7.76518,7.73618,7.26518,5.64818,4.97118,5.32418,5.41318,4.26518,2.03018,1.73618,3.00118,3.00118,2.64818,2.58918,2.64818,3.11818,4.08918,4.70718,4.53018,3.41318,3.20718,4.11818,5.08918,6.32418
CO2_TUG_BCT2,2021-10-08,54,False,6,3.23894,1.82694,0.94494,0.76794,0.47394,0.94494,3.91494,10.6799,24.5029,36.6209,38.1799,32.7089,27.3269,20.6209,14.8859,12.1509,9.82694,7.65094,6.38594,5.35594,4.85594,4.56194,4.09194,3.79794,3.29794,2.41494,2.41494,3.23894,3.23894,2.35594,1.79794,1.09194,0.15094,0.35594,0.50294,0.09194,-0.14406,-0.17306,0.00294,1.35594,3.70894,4.15094,3.62094,3.03294,2.47394,2.67994,4.53294,5.38594,4.82694,4.15094
CO2_TUG_BCT2,2021-10-08,55,False,6,2.11976,-0.67424,-1.20324,0.11976,2.29676,3.73776,5.03176,7.85476,15.4438,24.5608,25.8258,18.5318,9.94376,5.64976,3.47276,3.20776,4.26676,4.47276,4.09076,3.59076,3.32576,3.06076,2.61976,2.70776,3.85476,5.38476,5.23776,3.91376,3.97276,4.79676,5.73776,5.70776,4.59076,3.67876,3.44376,2.47276,0.00176,-0.43924,1.35476,2.85476,3.20776,1.64976,1.17876,1.73776,1.09076,0.94376,1.88476,2.88476,2.94376,0.94376
CO2_TUG_BCT2,2021-10-08,56,False,16,2.74088,4.59388,6.24088,6.79988,6.88788,7.27088,8.91788,11.4769,12.5059,12.6529,13.1529,11.9469,8.77088,7.44688,7.00588,5.09388,3.82988,3.91788,5.00588,4.97688,3.71188,3.47688,4.32988,4.85888,5.21188,4.74088,2.47688,1.82988,3.06488,3.74088,3.59388,3.15288,3.18288,3.85888,4.59388,5.09388,5.50588,5.03488,3.65288,3.03488,3.65288,4.97688,5.06488,4.44688,5.09388,5.35888,5.44688,6.88788,8.00588,8.41788
CO2_TUG_BCT2,2021-10-08,61,False,8,4.4806,4.8926,4.0686,3.5986,3.5396,3.5396,3.8926,6.7156,12.4806,16.2456,18.3046,17.9516,16.1866,16.3926,15.1276,11.7156,11.1276,12.5106,14.3926,14.7156,14.1276,14.8636,15.5686,14.9516,12.8046,11.4216,10.6576,9.2746,7.1276,6.5396,7.4806,8.6866,8.0986,6.5686,4.6276,3.9516,4.5396,5.2746,5.8336,6.8046,7.8336,7.1576,5.0106,4.9806,6.9516,7.4806,5.9806,3.2746,3.0396,5.2156
CO2_TUG_BCT2,2021-10-08,63,False,9,1.47336,1.67936,1.47336,1.50236,1.97336,2.64936,4.79636,8.53236,11.8554,15.3554,16.8844,16.1494,14.3554,14.0324,14.6204,14.0024,13.9144,13.8264,11.6204,9.59036,8.09036,8.03236,8.88436,8.62036,8.12036,8.53236,9.94336,8.97336,5.32636,3.47336,3.47336,4.03236,4.85536,5.35536,4.12036,2.79636,1.76736,1.62036,2.73736,4.32636,4.56136,3.47336,2.59036,2.76736,3.59036,3.50236,3.32636,4.85536,4.91436,2.47336
CO2_TUG_BCT2,2021-10-08,65,False,8,0.5933,1.3583,1.8283,1.8873,1.8873,2.2403,5.0633,11.1223,17.1223,23.1223,24.3583,22.4163,19.3873,17.3583,16.4753,17.1813,17.7693,17.6223,16.9463,15.0633,11.8283,10.9463,12.6223,14.0633,13.0343,10.2693,9.3583,7.9753,4.8583,4.2403,6.6223,8.9753,9.7113,9.0933,7.7693,7.7693,9.0633,9.5633,9.4163,9.5053,8.5053,5.9463,4.3583,4.4463,5.3873,6.0933,6.6223,6.8583,6.7693,5.8873
CO2_TUG_BCT2,2021-10-08,66,False,11,3.85064,4.26264,3.99764,5.32164,9.26264,12.2036,12.1746,10.5566,11.1156,14.5276,17.2336,17.1746,15.3806,14.3806,13.8506,13.3806,13.8506,14.2626,14.3806,14.6746,14.2036,11.9396,11.2926,12.4976,13.0566,13.3806,14.4396,14.1746,12.3806,11.5276,12.1156,13.4096,13.2626,12.1746,12.4686,11.7336,9.70364,9.58664,9.17464,7.40964,6.76264,7.58664,8.70364,8.70364,7.58664,6.70364,6.88064,7.73364,7.73364,6.85064
CO2_TUG_BCT2,2021-10-08,67,False,7,2.56782,3.03782,3.42082,4.62682,6.86182,7.97882,13.3028,28.4208,50.8908,82.8028,97.2738,92.1558,78.3028,68.4788,63.1848,64.5968,64.8618,61.3318,58.7148,56.8318,55.1268,49.9208,36.2438,21.5678,15.1558,12.9498,11.0378,8.36182,6.80282,7.06782,7.97882,7.59682,6.03782,3.65582,2.65582,2.50882,1.89082,2.15582,3.47882,4.03782,4.36182,5.42082,5.21482,3.89082,3.86182,3.97882,3.71482,4.68482,7.24382,8.80282
CO2_TUG_BCT2,2021-10-08,71,False,4,0.794,1.382,2.823,3.706,3.794,3.412,5.559,11.794,23.353,41.794,50.529,46.47,35.559,29.323,27.706,28.735,30,29.412,25.559,20.941,15.176,10.059,5.029,3.47,4.441,6.853,9.264,8.882,6.059,3.941,3.764,6.5,7.441,5.323,2.853,2.764,4.5,5.117,4.059,2.529,2.764,4.794,6.117,5.764,4.323,3.206,2.647,3.176,4.029,4.794
CO2_TUG_BCT2,2021-10-08,76,False,6,3.58858,3.38258,3.00058,3.52958,5.38258,7.88258,15.2656,29.5296,40.7946,50.3536,53.8536,49.8536,39.2356,30.0886,27.2356,27.2656,26.3236,22.5886,18.0596,17.7066,22.1766,27.2656,28.6186,27.3826,26.2356,25.4416,25.2946,24.2946,21.9716,20.7656,20.3826,19.7656,18.3536,15.9716,14.6766,13.5296,11.1766,9.29458,8.70658,8.67658,8.85358,8.85358,8.23558,8.52958,10.1186,11.2356,11.0886,10.2656,10.5006,11.8536
CO2_TUG_BCT2,2021-10-08,78,False,11,0.91336,3.85436,5.67836,5.56036,4.17836,2.82536,2.76636,3.91336,6.50236,10.7964,12.8844,12.7664,11.1194,8.56036,7.59036,7.91336,8.06036,7.38436,5.97236,5.26636,5.17836,5.29636,6.23736,8.03136,8.09036,5.38436,2.09036,2.38436,5.26636,5.73736,5.26636,5.23736,5.67836,6.38436,6.35436,5.91336,5.17836,4.47236,4.20736,4.06036,3.26636,2.56036,3.88436,4.23736,2.97236,2.32536,2.70736,3.61936,3.73736,2.38436
CO2_TUG_BCT2,2021-10-08,82,False,8,1.88476,4.26676,8.85476,13.3848,17.4138,17.0018,14.6488,12.8258,13.9138,16.0898,18.3848,17.8548,14.2378,11.6198,10.6788,9.91376,9.11976,8.14876,6.73776,6.38476,7.70776,9.73776,9.88476,7.64876,5.11976,4.56076,5.41376,5.97276,5.32576,3.29576,2.76676,3.32576,2.61976,2.00176,1.91376,1.97276,2.44276,3.38476,3.85476,3.88476,3.67876,3.44276,3.64876,3.56076,2.64876,1.41376,0.44276,-0.41024,0.23776,2.06076
CO2_TUG_BCT2,2021-10-08,85,False,5,6.6517,5.8287,5.4457,4.6817,2.6517,3.4167,14.3287,35.2407,52.2697,67.9167,73.5347,68.0937,58.5347,51.2987,44.4457,40.6517,37.9167,33.7107,32.0047,32.2107,31.6817,30.4167,26.3577,19.6817,15.8577,13.9457,12.2697,10.0637,8.6817,8.4167,7.6817,5.6517,5.2107,6.3287,6.0347,5.1817,6.6227,6.2107,2.8577,0.7107,0.0347,-0.3483,0.3877,2.4757,3.9167,4.4757,4.7407,4.5937,5.0937,6.3577
CO2_TUG_BCT2,2021-10-08,90,False,7,0.6766,2.5006,3.6766,4.2646,4.5296,5.0296,7.3826,11.9416,18.3236,27.5586,32.2356,31.6176,27.5886,23.2356,17.3236,12.5006,11.7646,13.3536,13.2056,10.2646,7.1176,7.0006,9.2056,10.2356,9.2056,6.7946,5.1476,4.0586,3.6176,3.8536,4.7946,5.9416,6.2056,5.7646,5.3236,5.0586,5.2946,5.4116,4.7356,3.3536,2.8826,3.2646,3.4116,2.7356,1.5296,2.4116,5.1476,5.8826,5.8536,6.2356
CO2_TUG_BCT2,2021-10-08,93,False,5,4.98628,5.16228,4.30928,3.83928,3.78028,3.78028,4.75128,12.5153,28.5453,40.3093,48.5743,46.4863,32.1623,19.2803,13.6333,10.3683,8.92728,8.45628,7.51528,6.48628,7.16228,9.39828,10.1043,9.39828,9.69228,11.5153,13.2213,14.2803,15.5153,16.4563,16.7513,16.7213,16.2513,15.3093,14.8393,14.6043,13.1923,10.3983,9.22128,9.48628,9.54528,9.57428,10.2513,10.4563,10.0453,9.86828,10.3093,11.0453,9.89828,6.89828
CO2_TUG_BCT2,2021-10-08,102,False,10,8.39496,19.071,31.424,33.807,28.071,23.865,23.042,23.807,27.307,35.101,41.071,40.042,34.071,30.689,30.542,32.248,31.807,27.954,24.013,21.248,18.277,16.895,16.954,17.336,16.836,15.218,13.983,13.189,12.248,11.983,12.16,11.983,12.277,13.424,14.307,14.13,13.248,12.954,12.895,12.13,11.189,9.95396,8.98296,8.45396,7.89496,7.12996,5.68896,4.36496,4.54196,5.89496
CO2_TUG_BCT2,2021-10-08,105,False,6,3.65406,4.15406,4.38906,4.38906,3.74206,3.77106,4.68306,5.85906,10.1541,17.6831,19.5951,16.3591,14.9481,15.6541,16.0651,15.3591,12.0651,6.94806,5.00706,5.56506,5.35906,4.24206,3.97706,3.88906,3.44806,3.18306,2.91806,2.50706,2.71206,3.38906,3.41806,3.44806,3.65406,3.53606,4.27106,5.94806,5.56506,3.56506,3.59506,4.33006,4.65406,4.30106,3.15406,1.27106,0.62406,1.44806,2.50706,2.12406,0.77106,0.83006
CO2_TUG_BCT2,2021-10-08,106,False,12,1.32576,0.50176,1.35476,4.82576,8.26676,9.11976,9.73776,12.9138,15.6498,17.7668,18.6498,18.2968,17.2378,16.0018,15.4728,17.3258,18.3848,18.0608,17.3848,15.2378,11.7668,10.3258,9.17876,5.85476,3.79676,3.03176,2.44376,2.41376,3.76676,4.11976,2.82576,1.38476,0.61976,0.26676,1.41376,3.97276,4.94376,5.17876,6.09076,7.09076,6.17876,3.47276,2.50176,3.03176,3.03176,2.94376,3.61976,4.94376,4.94376,3.59076
CO2_TUG_BCT2,2021-10-08,110,False,7,-0.2891,-0.7591,-0.3181,0.0059,0.7699,3.0639,5.6229,9.3579,16.8579,29.0349,34.5059,33.4759,29.4469,25.5349,23.0059,20.4759,19.2109,19.7699,21.7699,21.9759,20.2409,19.2409,18.6529,17.7409,17.4469,17.3879,16.5639,15.0349,11.9169,8.6819,7.8579,8.5639,8.3879,7.5059,7.7409,8.2409,9.2409,11.0939,11.7999,11.3879,10.6529,9.4469,8.4759,8.0059,7.9759,8.7409,9.6529,10.6819,11.2699,10.8579
CO2_TUG_BCT2,2021-10-08,111,False,16,2.62624,2.27324,1.44924,0.74324,2.36124,5.06724,8.56724,10.7432,12.3612,13.7732,14.1852,13.3022,11.4792,11.0082,11.8902,12.5672,11.4492,7.62624,5.09624,3.89024,3.33224,2.56724,1.03724,-0.40376,-0.72676,1.74324,4.21424,6.21424,6.42024,4.89024,3.74324,3.59624,3.56724,2.83224,2.15524,1.50824,0.50824,0.00824,1.92024,3.33224,3.03724,1.44924,1.00824,1.83224,2.33224,2.62624,3.06724,3.06724,2.62624,2.33224
CO2_TUG_BCT2,2021-10-08,136,False,15,8.2056,9.8526,11.3826,12.0296,11.7356,11.5006,12.5296,13.8826,15.4116,16.2946,16.3826,15.7056,15.4116,15.1176,13.8826,12.7356,11.5886,10.2356,8.7646,8.9416,10.5006,11.7356,9.9416,9.1766,10.4116,11.2946,11.3826,10.6476,10.0886,10.5006,12.0006,11.7356,9.3236,6.8526,4.8236,5.2946,5.9116,4.8526,2.5006,1.3236,1.0886,0.5006,0.0296,1.1476,1.5296,0.8236,1.2946,3.1176,4.0006,3.7646
CO2_TUG_BCT2,2021-10-08,190,False,8,6.1176,3.0886,2.5886,2.8236,2.5886,3.5886,6.3826,8.6476,10.4706,13.1176,14.6176,13.8236,11.3526,9.0296,6.7646,5.9706,5.3526,3.9706,3.3526,3.9706,5.2356,4.9416,4.0886,5.6476,6.2056,4.9706,4.2056,3.6476,2.6476,1.8236,1.7646,3.0586,3.0296,1.4706,0.9116,1.7356,3.8236,4.5006,3.7056,3.2946,3.6766,4.3826,4.3826,4.2056,4.2646,4.9116,5.8526,5.4416,3.6766,1.0296
CO2_TUG_BCT2,2021-10-08,198,False,4,3.59034,2.44334,0.82634,1.76734,2.76734,2.94334,3.79634,9.20834,19.5323,25.6793,25.8263,19.7383,14.5323,10.6793,8.47334,8.03234,9.67934,10.6493,9.85534,7.97334,7.03234,6.88534,6.79634,7.50234,9.59034,10.4733,9.91434,9.14934,8.41434,7.44334,7.17934,8.76734,11.9433,12.6203,10.7083,9.23834,8.41434,7.44334,6.85534,5.85534,4.09034,4.03234,5.32634,5.38534,5.50234,6.35534,6.53234,5.64934,4.50234,4.26734
CO2_TUG_BCT2,2021-10-08,251,False,6,3.09036,4.14936,5.85536,5.67836,5.32536,8.97236,13.9724,20.2374,25.6784,31.4434,34.3554,33.4724,29.0314,23.8254,23.2084,26.4724,29.7664,31.8554,29.9724,28.1784,26.7664,24.3844,22.9724,22.3254,21.8844,21.6194,21.7084,20.7374,18.4144,17.3844,18.4144,20.6194,20.5314,17.6194,15.0904,14.5904,14.5024,12.9434,10.8844,8.56136,8.56136,10.7664,11.9434,12.1194,12.3554,12.7374,12.2664,10.8844,10.2374,10.6194
CO2_TUG_BCT2,2021-10-08,256,False,15,4.11994,4.76694,7.76694,10.7669,13.9139,16.2969,18.5909,20.0909,21.1199,22.3259,22.5609,22.4139,22.3259,21.7969,20.3849,18.8559,17.3259,14.9139,13.1499,13.5029,15.3849,16.5319,15.4729,11.7089,9.59094,8.85594,7.91394,7.44394,7.47294,7.97294,7.73794,5.23794,4.56094,7.17894,10.5029,10.3559,7.20894,5.29694,4.38494,3.76694,4.11994,4.79694,4.09094,3.47294,3.41394,3.82594,5.70894,8.53194,8.35594,6.88494
CO2_TUG_BCT2,2021-10-08,258,False,3,4.23852,5.26852,6.12152,6.38552,5.17952,7.62152,14.8275,20.8565,27.1795,31.7685,31.8855,26.8565,19.1505,14.3275,11.2095,10.7095,12.1795,12.5915,12.1215,12.0915,13.5035,14.3855,14.5035,14.4155,13.7095,12.2685,11.2685,10.2385,9.00352,8.03252,7.15052,7.59152,9.17952,9.67952,9.65052,8.91552,6.82752,5.91552,6.26852,6.67952,6.70952,5.85652,4.32752,2.62152,2.88552,3.67952,4.20952,4.17952,3.50352,2.79752
CO2_TUG_BCT2,2021-10-08,399,False,0,12.8265,12.6505,12.7385,13.6505,14.2685,14.0915,13.0915,13.7975,16.2975,17.1795,16.6505,15.5915,14.4155,12.9445,12.1505,11.5625,11.7975,14.3565,15.6795,15.2975,14.0915,11.9445,10.6505,11.0325,11.2385,9.03254,8.67954,10.7385,11.2385,10.2095,10.0035,10.3265,10.3565,9.56254,8.41554,7.15054,7.79754,8.65054,5.67954,4.32654,6.15054,8.23854,8.79754,8.32654,7.47454,6.73854,7.53254,8.73854,9.29754,8.15054
CO2_TUG_BCT2,2021-10-08,419,False,5,-0.02842,0.05958,1.00058,2.14758,4.79558,9.47158,18.4716,33.3536,41.3836,43.9426,44.2656,37.7066,23.6186,15.8246,14.4126,15.0596,17.0006,16.7366,13.7656,10.0596,5.64758,4.29558,4.94258,5.88358,5.91258,5.26558,5.29558,5.64758,5.67758,4.91258,4.00058,3.14758,3.67758,4.55958,2.97158,2.08958,2.14758,1.29558,1.35358,2.61858,2.85358,2.00058,1.50058,1.29558,1.53058,2.61858,2.58958,1.38358,1.61858,3.41258
CO2_TUG_BCT2,2021-10-08,447,False,8,1.26854,0.91554,0.15054,1.09154,3.76854,4.62054,4.56254,6.76854,12.3565,21.6795,26.2975,24.5035,19.3565,16.6205,15.1205,12.5915,9.79754,5.17954,0.56254,-0.55546,0.70954,2.06254,4.50354,7.62054,7.62054,4.50354,2.23854,2.29754,3.62054,4.09154,3.70954,3.47354,3.29754,2.12054,0.00354,0.70954,4.20954,5.17954,3.76854,3.29754,3.41554,3.44454,3.44454,3.44454,3.32654,2.47354,1.29754,1.76854,2.29754,1.91554
CO2_TUG_BCT2,2021-10-08,448,False,22,11.2962,11.4132,12.1782,14.0602,15.6192,15.3842,13.3252,11.5012,13.0602,17.5012,18.5602,16.9722,17.2962,17.0012,15.7072,16.4432,17.4722,17.9132,16.9432,14.3842,12.5012,10.1492,5.64916,2.38416,1.67816,2.14916,3.03116,4.00116,3.79616,3.47216,2.47216,0.00116,-0.43984,1.47216,3.97216,6.67816,6.91316,6.56016,7.64916,10.0012,11.1782,11.2662,10.7372,9.32516,7.97216,7.88416,8.53116,8.73716,10.2072,13.2372
CO2_TUG_BCT2,2021-10-08,458,False,16,5.65112,6.03312,5.56212,4.18012,3.82712,6.97412,15.9151,25.3271,28.9741,29.5041,30.1511,29.6801,25.7981,22.6211,20.4451,19.5621,19.9151,20.6211,19.1511,14.9741,12.1801,11.7101,12.2981,13.7391,14.9451,13.0921,11.7981,11.5921,11.0331,11.7681,14.0331,15.0921,15.7101,17.3271,18.0621,18.1801,18.8861,19.3271,19.4151,19.5331,19.0621,17.4451,16.7981,17.3861,17.9741,17.2981,15.3271,13.2981,10.1211,6.79812
CO2_TUG_BCT2,2021-10-08,483,False,12,2.64994,3.06194,5.11994,8.06194,12.8849,16.4729,16.3559,14.5909,15.1499,16.6199,18.0029,17.5029,15.0029,13.3559,12.8559,11.8849,9.94394,8.53194,7.41494,6.53194,6.00294,6.56194,7.61994,8.61994,8.41494,8.26794,8.47294,7.29694,5.91494,7.94394,9.00294,8.53194,9.14994,9.06194,7.64994,6.32594,5.53194,6.17894,6.29694,5.20894,4.26794,3.97294,4.00294,4.44394,5.14994,5.17894,5.06194,4.09094,1.59094,0.91494
CO2_TUG_BCT2,2021-10-08,613,False,15,9.13936,10.0804,10.1984,10.4334,12.2864,15.8164,17.3744,18.6694,21.9334,24.9634,25.8164,25.1984,22.6984,17.2864,13.0514,12.0514,11.9044,11.4044,10.6984,9.69836,8.84536,7.13936,4.58036,3.78636,5.52236,8.58036,10.0224,9.99236,8.40436,5.58036,4.81636,4.72736,4.78636,6.25736,7.61036,8.61036,8.58036,7.46336,6.46336,5.69836,4.72736,4.22736,3.93336,3.61036,4.49236,6.34536,6.52236,5.72736,4.72736,4.34536
CO2_TUG_BCT2,2021-10-08,650,False,3,1.00236,0.29636,0.32636,1.26736,3.09036,3.56136,2.85536,3.82636,9.64936,18.2674,19.7084,14.3264,10.6204,11.9434,16.3844,17.2964,14.5324,12.5324,11.1494,9.00236,7.44336,5.91436,3.64936,3.41436,5.14936,6.20836,7.06136,7.29636,5.00236,3.94336,4.70836,5.41436,5.94336,6.14936,5.91436,5.20836,4.53236,4.50236,4.97336,5.38436,5.41436,4.79636,4.91436,5.09036,3.41436,2.09036,1.50236,1.59036,2.73736,4.17936
CO2_TUG_BCT2,2021-10-08,683,False,11,3.97354,3.56154,3.76754,5.82654,8.62054,9.62054,10.5615,24.7975,79.8265,157.268,172.974,125.798,78.1205,58.3855,50.4735,47.1205,44.3855,39.5615,36.0615,32.2385,27.8565,24.9145,22.4145,21.5915,21.4445,20.0325,19.1205,18.7675,18.3855,18.8565,20.0035,18.7675,14.6205,11.9145,12.1505,13.9735,15.0035,15.8265,17.2385,18.0325,18.8265,20.2085,20.6795,20.2975,19.9735,19.2385,17.7385,16.2975,14.5615,13.3855
CO2_TUG_BCT2,2021-10-08,840,False,15,3.59428,6.15328,6.94728,6.68228,7.15328,8.53528,9.53528,12.0943,17.7413,21.9173,22.6823,21.7703,20.5053,18.3293,16.0943,14.3883,12.6533,12.3883,14.1533,17.4173,18.5943,17.8583,17.4473,17.6533,16.9473,14.0053,11.4763,9.47628,9.35828,11.5943,14.0643,14.1533,12.6233,13.5943,17.4763,19.7703,19.8583,19.6533,20.5643,20.9763,20.5643,20.0943,19.5943,19.5053,20.4763,21.4173,19.7413,18.2413,17.3883,15.8003
CO2_TUG_BCT2,2021-10-08,903,False,11,1.08976,0.00176,0.11976,1.53176,4.44276,11.1198,18.5318,20.6488,19.2668,19.3848,20.6788,20.0898,20.0608,20.4138,18.4728,16.7078,15.7078,16.0318,16.6788,15.2668,14.1198,13.2668,11.7668,10.3548,8.97276,9.00176,9.14876,6.76676,4.94276,3.79576,2.53176,1.32576,-0.08624,-0.14524,2.11976,5.38476,6.61976,6.23676,5.41376,4.91376,5.97276,5.82576,3.58976,1.67876,0.94276,1.11976,2.32576,3.23676,3.70776,3.38476
CO2_TUG_BCT2,2021-10-08,988,False,12,1.3236,4.2066,6.8826,8.4706,10.2066,11.3536,11.4416,11.0006,10.9706,12.5886,15.6476,15.4706,12.3826,11.2646,10.0886,7.5596,8.0296,11.6176,13.4116,12.7946,10.2066,7.0886,5.3536,4.2646,3.8826,4.5296,5.9116,6.3826,6.0006,5.6766,4.9416,3.7356,4.6176,7.3536,8.0886,7.9116,7.1476,5.0886,4.4116,5.2646,6.2066,7.2066,7.5886,6.9116,5.2646,4.1476,4.2946,5.1766,5.3826,4.7356
CO2_TUG_BCT2,2021-10-08,1079,False,16,6.8826,8.2946,9.5006,11.0886,13.0296,13.4116,14.2646,16.5586,17.9116,19.4706,22.1476,22.0886,17.5586,11.6176,8.5886,6.8826,5.4706,4.9416,4.9116,5.1476,5.6176,5.7946,5.3236,4.1476,3.1766,2.6476,2.1476,2.0296,2.9416,4.8236,5.6176,4.5586,2.2646,1.5586,2.3826,3.0886,3.6176,3.7356,2.7946,0.6766,-0.6174,-0.0294,1.7946,2.4116,1.4706,0.7646,1.8826,2.5006,2.1476,1.9116
CO2_TUG_BCT2,2021-10-08,1117,False,4,2.35654,2.67954,3.76754,5.23854,6.00354,6.56154,7.88554,12.2675,25.2675,41.6795,46.5325,42.1505,35.4145,25.4735,18.8265,16.5615,14.7675,13.0035,13.1795,14.8265,14.5325,11.8265,9.70854,9.09154,9.03254,9.03254,9.03254,9.00354,8.79754,8.56154,8.85654,9.47354,9.97354,9.38554,8.03254,5.97354,4.20854,3.15054,4.26754,6.44454,8.91454,9.56154,10.6795,13.4445,14.6795,13.4445,10.5325,8.41454,6.91454,6.79754
CO2_TUG_BCT2,2021-10-08,1118,False,2,0.94728,1.21128,2.97628,3.21128,2.88828,2.88828,14.1823,101.711,282.594,422.505,512.153,490.535,415.888,316.858,233.623,139.064,69.6233,46.2413,37.8293,31.5053,29.3583,29.5643,29.9473,31.1533,33.2413,31.9473,25.0353,17.0943,12.5943,9.38828,7.77028,7.35828,7.50528,7.12328,6.68228,7.80028,8.18228,7.30028,6.32928,5.09428,4.24128,4.74128,6.82928,8.88828,9.21128,8.53528,9.41728,11.7113,12.0643,10.8293
CO2_TUG_BCT2,2021-10-08,1164,False,13,7.89318,8.80518,12.4822,20.2762,25.5992,24.6582,20.0992,18.7172,20.9822,25.2762,26.9522,23.6872,16.5992,12.9822,13.2462,15.3642,16.5112,16.4522,14.8932,12.3052,11.8342,10.5702,7.83418,7.80518,8.27618,7.86418,7.04018,5.12918,2.83418,2.30518,3.12918,3.57018,3.39318,2.92318,2.62918,2.12918,1.30518,1.80518,3.86418,5.33418,6.15818,7.01118,6.59918,5.24618,5.21718,5.30518,4.65818,3.98218,3.95218,4.42318
CO2_TUG_BCT2,2021-10-08,1165,False,5,1.853,3.647,5.353,6.412,7.647,8.824,11,16.03,27.736,47.265,55.824,53.559,47.618,44.971,44.353,43.324,41.677,37.853,33.088,30.618,29.324,27.736,24.383,20.53,18.236,16.177,14.441,13.177,11.441,8.618,4.294,2.265,2.824,5.177,7.736,8.53,8.177,7.912,7.647,7.059,5.971,4.765,5.294,6.353,7.353,7.618,7.441,7.588,7.059,5.441
CO2_TUG_BCT2,2021-10-08,1166,False,14,17.9457,22.1817,21.9457,17.5047,15.2107,15.4167,16.5927,17.7697,19.9457,23.6817,25.0337,23.8577,22.3287,20.7397,17.8577,14.9457,13.1817,11.6517,10.9167,10.5927,10.2107,10.5637,11.0047,9.7987,8.7107,8.2397,8.8867,10.2697,10.2697,9.7987,8.7987,6.8287,5.1817,3.6517,3.0927,4.1817,6.4167,6.6227,4.6517,3.2987,3.4167,4.3867,5.2397,5.5337,4.6817,4.6517,5.2697,4.5047,3.4167,2.3867
CO2_TUG_BCT2,2021-10-08,1167,False,23,7.79576,7.26676,7.08976,7.53076,8.38376,8.26676,7.85476,9.14876,10.9428,12.9428,13.8258,13.4728,12.5018,11.7958,11.2668,11.0018,10.7368,10.3548,10.7368,11.4138,10.7668,10.6778,12.0018,13.4138,13.9428,13.8838,12.9428,11.0608,10.1488,10.3258,11.2668,12.3548,12.1488,10.9428,11.3838,13.4138,14.1198,14.0608,14.2668,14.5898,13.6488,11.2668,9.61976,8.53076,8.00176,7.53076,7.06076,7.47276,7.41376,6.56076
CO2_TUG_BCT2,2021-10-08,1168,False,5,2.50058,3.00058,3.79458,4.11858,3.79458,2.88258,3.88258,27.5886,105.619,201.119,222.295,167.648,99.3536,65.9126,49.9126,38.7066,26.8826,19.9126,20.4716,23.6186,22.5296,21.6766,23.3236,28.2356,39.3826,49.8826,50.9416,43.3826,34.8236,29.0886,23.2066,17.7656,11.5596,8.05958,5.88258,3.02958,2.41258,3.38258,4.64758,3.76558,1.02958,0.26558,0.14758,-0.02842,0.82358,0.76558,-0.52842,-0.88142,0.44158,2.47158
CO2_TUG_BCT2,2021-10-08,1258,False,12,3.03312,4.41612,8.29812,15.8571,20.2691,20.7101,19.6801,18.2691,17.7391,20.2391,21.1221,18.7691,15.5331,12.8571,9.79812,7.82712,7.41612,9.00412,9.71012,9.62212,10.6221,11.7391,12.5921,11.5631,8.09212,5.32712,4.71012,3.91612,1.21012,0.56312,2.26912,3.44512,4.03312,4.21012,3.82712,3.35712,3.79812,3.97412,3.59212,3.53312,3.50412,2.82712,2.59212,2.76912,2.53312,2.32712,2.15112,1.03312,-0.84888,-1.02588
CO2_TUG_BCT2,2021-10-08,1269,False,13,5.33224,4.59624,4.56724,5.21424,5.30224,5.94924,8.27324,11.1262,14.2732,18.4492,18.9202,14.4792,9.36124,7.80224,8.74324,9.62624,9.44924,8.33224,6.18424,2.59624,0.56724,0.80224,1.94924,2.27324,2.83224,4.21424,4.94924,5.27324,5.68424,5.47924,4.80224,4.77324,4.71424,4.24324,3.80224,3.53724,3.71424,3.42024,2.27324,1.33224,1.03724,1.09624,1.65524,1.89024,0.27324,-0.55076,0.00824,0.83224,2.03724,3.94924
CO2_TUG_BCT2,2021-10-08,1304,False,5,3.44334,3.41434,3.23834,2.03234,0.85534,2.73834,4.20834,4.79634,7.94334,14.7673,19.0323,18.4733,15.2383,13.2673,11.8853,10.1493,8.56134,5.88534,2.79634,1.29634,0.79634,1.38534,2.29634,1.32634,0.20834,-0.85066,-1.87966,-1.20366,1.12034,2.56134,3.41434,4.12034,4.44334,4.94334,5.79634,5.56134,4.23834,3.67934,3.35534,2.20834,1.73834,1.88534,1.73834,2.23834,3.64934,4.53234,4.62034,3.88534,3.12034,1.88534
CO2_TUG_BCT2,2021-10-08,1310,False,9,3.00058,3.23558,2.38258,2.02958,3.11858,6.64758,11.0596,14.2356,17.5596,21.1476,24.6186,23.9716,21.1776,16.0596,10.2946,7.05958,4.85358,3.44158,2.38258,1.88258,1.67758,1.91258,3.08858,3.76558,3.85358,3.85358,3.85358,3.76558,3.14758,2.44158,3.17758,4.02958,4.55958,4.50058,3.58858,2.44158,2.05958,1.52958,-0.02842,-0.23442,1.17758,2.76558,4.26558,4.20658,3.41258,2.64758,2.55958,2.02958,0.76558,0.97158
CO2_TUG_BCT2,2021-10-08,1330,False,11,-0.32124,0.70776,2.06076,3.41376,2.97276,0.94276,0.53076,3.06076,8.50176,12.2368,13.0018,12.5898,12.0608,11.0898,9.88376,9.23676,9.41376,10.4428,9.94276,7.73676,7.00176,7.56076,7.50176,6.94276,6.67876,7.61976,8.26676,8.41376,8.76676,8.76676,7.41376,7.00176,7.82576,8.26676,8.08976,7.64876,7.58976,7.56076,6.88376,6.61976,6.56076,5.88376,5.67876,5.94276,5.00176,2.67876,1.64876,2.58976,4.23676,3.97276
CO2_TUG_BCT2,2021-10-08,1336,False,3,10.8648,10.8648,10.2768,8.89376,6.74676,6.21776,7.71776,10.5708,12.0118,12.4238,12.7768,12.1588,11.0118,11.4238,11.5708,10.9528,10.9828,11.3938,11.8058,11.3938,10.4828,10.7768,11.5998,12.3648,12.2768,11.3938,9.77676,7.77676,5.80576,6.27676,7.01176,6.89376,6.36476,5.65876,4.74676,4.71776,5.36476,5.30576,4.62976,3.42376,2.57076,2.98276,4.45276,5.74676,6.30576,5.15876,4.48276,4.36476,3.77676,4.27676
CO2_TUG_BCT2,2021-10-08,1351,False,5,6.11858,7.32358,7.88258,8.38258,8.52958,7.85358,6.52958,7.20658,13.9416,25.2356,28.8536,25.3826,20.4126,13.8236,10.1476,8.58858,8.08858,10.7656,13.2066,14.7356,14.5296,12.9716,12.5006,12.5596,12.1186,11.3536,12.2946,14.7656,13.7946,9.02958,6.26558,6.26558,7.64758,8.91258,8.26558,5.91258,4.32358,3.70658,4.32358,5.73558,6.73558,5.00058,3.02958,1.58858,2.00058,3.79458,4.00058,3.61858,4.50058,6.94158
CO2_TUG_BCT2,2021-10-08,1365,False,12,16.9344,16.9634,16.9924,17.2284,17.6394,17.4044,16.4924,16.1984,17.5514,20.3754,21.6694,20.9044,19.0814,18.5514,18.9044,18.3164,17.0224,15.5514,15.4344,14.8454,13.0514,12.3164,12.4344,12.2874,12.6984,13.3754,12.6984,12.3164,12.5224,11.3754,8.81636,7.81636,7.49236,7.28736,8.11036,7.81636,5.99236,4.78736,3.96336,3.28736,3.25736,3.69836,3.90436,3.69836,3.25736,3.19836,3.16936,2.40436,1.63936,1.81636
CO2_TUG_BCT2,2021-10-08,1370,False,14,23.1782,23.1782,23.4432,22.7372,20.0602,19.7072,22.3252,24.5012,25.5902,26.5602,26.6192,24.7952,21.6482,19.5012,17.8842,16.8542,15.5902,13.9722,13.3842,13.0602,11.9432,11.7372,12.6482,13.4432,13.2662,11.2662,9.32516,8.23716,9.06016,8.94316,7.11916,5.70716,4.64816,4.11916,3.61916,2.91316,3.11916,4.94316,8.11916,8.64816,6.97216,6.61916,6.06016,4.70716,4.61916,4.26616,3.00116,3.09016,5.11916,7.26616
CO2_TUG_BCT2,2021-10-08,1388,False,13,7.82634,7.41434,7.62034,9.70834,13.3553,15.9443,17.7963,18.3263,18.6793,19.5913,19.9143,18.7963,16.5913,16.4443,17.4733,16.2673,15.0023,14.4143,14.5323,15.9143,17.8553,17.1793,12.5913,7.41434,5.35534,5.03234,4.20834,1.85534,-0.64466,-0.93866,0.59134,1.76734,2.09134,2.14934,2.53234,4.17934,6.79634,8.12034,7.79634,6.26734,6.29634,8.03234,8.62034,7.32634,5.20834,4.14934,3.32634,2.03234,2.26734,4.12034
CO2_TUG_BCT2,2021-10-08,1435,False,7,2.88318,0.88318,1.03018,4.20618,7.91218,8.97118,8.23618,8.20618,10.2652,13.8532,15.6182,13.7062,8.08918,5.32418,5.35318,5.08918,3.94218,2.91218,2.03018,1.53018,2.61818,2.76518,1.55918,1.50118,2.35318,2.05918,1.35318,1.53018,3.29518,3.47118,1.76518,0.97118,0.61818,-0.49882,-0.61682,0.94218,2.70618,2.53018,0.76518,0.03018,0.14818,0.08918,1.17718,3.03018,2.64818,2.58918,3.85318,4.26518,3.41218,2.32418
CO2_TUG_BCT2,2021-10-08,1456,False,6,17.147,15.588,13.676,11,9.529,10.559,13.529,16.5,20.676,24.323,24.735,23,22,21.294,19.412,16.853,14.206,10.794,9.147,8.941,8.882,8.412,7.5,7.206,7.147,6.588,7.294,9.353,10,9.441,8.441,7.97,9.323,12.735,13.617,11.735,10.441,11.029,12.882,13.823,13.941,14.029,14.647,15.353,14.735,14.823,16.117,16.441,14.882,12.382
CO2_TUG_BCT2,2021-10-08,1467,False,12,1.97158,0.14758,0.14758,1.91258,2.91258,3.79558,7.08958,12.3836,15.7366,17.9126,18.7656,18.1776,16.5306,13.8536,9.29558,5.97158,4.79558,4.20658,3.70658,2.97158,2.29558,2.29558,2.97158,3.55958,2.88358,1.23658,1.91258,4.85358,5.94258,5.26558,4.29558,4.53058,4.91258,4.94258,4.76558,4.76558,5.47158,5.94258,6.23658,6.61858,6.14758,4.88358,5.11858,6.91258,7.82458,7.70658,7.23658,7.00058,6.97158,6.97158
CO2_TUG_BCT2,2021-10-08,1470,False,19,13.2154,10.9794,9.15642,8.06842,8.27342,8.53842,9.06842,10.8624,12.9504,15.3624,15.9794,14.4794,12.4504,10.6264,9.12642,9.89142,11.1564,12.1854,12.2444,10.4204,7.27342,5.24442,4.59742,5.83242,7.15642,8.15642,8.15642,7.27342,6.89142,7.50942,8.68542,8.86242,8.24442,7.39142,7.74442,8.62642,7.74442,7.36242,7.95042,7.95042,7.77342,7.50942,5.65642,2.12642,0.80342,1.36242,1.62642,0.00942,-0.84358,-0.46158
CO2_TUG_BCT2,2021-10-08,1471,False,24,5.44158,5.91258,6.47158,7.67658,9.29458,9.79458,9.41258,9.47158,11.7946,16.3536,17.5006,15.2066,13.6186,13.7066,14.6186,15.0886,15.1476,15.0886,14.6766,14.2066,14.5596,14.1476,13.2656,14.2066,15.0296,15.2356,15.9126,17.0886,17.2656,16.6186,15.4126,14.2946,12.5886,9.76558,8.52958,8.35358,7.58858,6.67658,5.79458,6.17658,7.29458,6.88258,6.85358,8.41258,10.2656,10.7946,10.3536,9.61858,8.41258,7.41258
CO2_TUG_BCT2,2021-10-08,1473,False,14,10.1511,8.85712,6.88612,4.91612,4.53312,6.06312,7.94512,8.97412,11.1801,15.3861,17.2691,16.9451,15.6221,12.5331,9.26912,8.23912,8.79812,9.56312,10.2981,11.2981,12.0041,12.5331,12.8861,13.8271,15.4741,15.8271,14.7691,12.7981,11.2691,9.26912,7.00412,6.88612,9.59212,12.9741,13.2981,11.0631,9.47412,8.85712,9.15112,8.15112,5.47412,4.65112,4.94512,3.79812,3.21012,3.79812,4.50412,4.76912,4.85712,5.23912
CO2_TUG_BCT2,2021-10-08,1475,False,4,5.50118,4.53018,6.03018,9.17718,9.67718,7.76518,7.97118,15.3532,30.9712,45.0892,52.5892,41.3242,29.2362,19.8242,14.0012,12.8532,13.5302,13.1482,12.0302,12.5592,13.6182,14.6482,14.9712,13.8532,11.5592,10.7652,10.8532,9.85318,8.61818,6.64818,4.23618,2.76518,1.85318,2.38318,3.26518,1.82418,2.05918,4.00118,3.29518,2.32418,2.08918,1.44218,0.50118,0.73618,1.14818,1.44218,1.88318,1.88318,1.55918,2.29518
CO2_TUG_BCT2,2021-10-08,1513,False,2,24.9739,22.3849,20.5619,21.3849,21.4439,19.7969,20.0029,24.8259,32.7969,37.8849,40.2089,38.5029,33.0619,24.0909,17.2379,11.2969,8.12094,6.67894,5.23794,5.35594,6.64994,8.67894,10.2679,11.3259,11.0909,10.7679,11.1789,12.1789,13.1209,14.0029,13.4439,10.9149,8.47394,7.00294,5.97394,6.26794,7.12094,8.06194,8.03194,6.91494,5.82594,4.59094,4.09094,6.70894,8.67894,9.35594,9.32594,8.64994,7.94394,7.62094
CO2_TUG_BCT2,2021-10-08,1519,False,9,3.23678,4.32478,7.91278,14.4428,18.9428,22.1488,23.7958,25.8548,29.7368,32.4128,33.3548,31.6188,27.9718,22.6488,19.7078,16.5608,10.8248,7.32478,5.79578,5.38378,4.11878,1.58978,2.29578,6.35478,8.41278,8.20778,7.26578,6.82478,7.00178,7.44278,7.53078,7.79578,8.91278,9.06078,7.73678,6.29578,5.53078,5.06078,5.26578,5.94278,6.03078,6.56078,7.94278,8.56078,7.94278,6.73678,7.70778,11.1488,13.1778,12.7958
CO2_TUG_BCT2,2021-10-08,1520,False,2,22.3536,19.7946,18.9126,18.5596,17.3246,16.1776,15.1776,15.4126,19.5896,27.2656,30.3836,29.6776,29.2366,27.7366,24.3536,21.7066,19.1476,17.2656,16.7366,17.1476,18.1476,19.0896,19.9126,19.1476,17.7946,19.0596,19.2366,18.0006,18.5306,17.9126,15.1186,12.8836,10.3536,7.64758,5.67758,3.73658,3.44258,5.67758,8.91258,9.76558,7.82458,5.00058,3.76558,3.61858,3.70658,4.41258,5.70658,5.32458,2.35358,-0.88142
CO2_TUG_BCT2,2021-10-08,1570,False,19,8.76676,7.64876,7.06076,6.06076,4.20776,3.76676,6.23776,11.0318,15.6488,20.1488,20.8548,20.2378,20.0018,18.9728,16.3848,14.1488,14.2668,15.9138,15.5608,12.3848,9.20776,7.14876,4.91376,3.59076,3.94376,5.26676,5.50176,4.64876,4.20776,4.26676,3.79576,2.17876,1.50176,1.76676,1.29576,-0.08624,-0.79224,-0.70424,0.70776,3.44376,4.14876,2.85476,1.76676,1.44376,2.32576,2.47276,1.38476,0.53176,0.94376,2.26676
CO2_TUG_BCT2,2021-10-08,1585,False,18,12.7356,10.8236,13.5296,16.5596,18.8536,20.7356,22.7356,23.6186,23.4126,23.6476,25.2356,24.0006,19.0886,13.9706,8.5006,6.6766,7.1186,6.9416,5.0006,3.4126,2.3236,1.7946,1.2656,0.3236,-0.0584,0.5886,1.8826,1.6476,0.0006,0.2356,2.4706,3.7066,4.2356,4.4706,3.5886,3.4126,4.4126,5.8826,6.8826,5.3536,4.9706,6.2066,6.2946,6.6476,8.0006,8.5006,6.9416,3.7656,3.1186,5.2656
CO2_TUG_BCT2,2021-10-08,1591,False,5,8.92024,11.2142,30.0382,70.3612,103.096,118.685,99.3022,95.3912,118.596,134.479,136.508,123.067,106.508,82.8612,60.5672,49.2432,41.3912,34.9492,27.7142,23.2142,21.8912,21.3322,21.0672,20.8022,20.3912,20.5082,20.4792,19.2432,19.6262,21.1552,20.2142,19.2142,18.9202,17.6552,14.5962,12.0672,11.5672,11.4792,10.0382,8.77324,7.00824,4.50824,4.00824,5.27324,6.03824,6.59624,7.44924,7.21424,5.86124,5.12624
CO2_TUG_BCT2,2021-10-08,1626,False,10,2.79636,3.82536,5.61936,9.44336,18.9434,29.7964,32.7084,29.9434,28.7374,32.0614,38.6494,38.0314,27.8844,17.8254,12.8844,9.67836,8.20836,7.56136,6.59036,5.76636,4.29636,2.35536,2.85536,6.03136,8.26636,7.97236,6.23736,6.03136,7.56136,8.61936,8.03136,6.41436,6.06136,7.11936,9.11936,10.7084,11.7664,11.5024,10.8844,10.3554,10.1784,10.6194,11.5314,11.7964,11.6194,11.7964,11.5024,10.3554,9.32536,8.32536
CO2_TUG_BCT2,2021-10-08,1673,False,3,4.03254,4.00354,3.76754,3.32654,3.32654,3.79754,4.29754,5.03254,6.23854,10.1205,15.0915,12.8565,9.35654,7.17954,6.97354,8.50354,9.65054,9.76754,9.56154,9.70854,9.20854,7.91454,7.91454,9.23854,9.88554,9.41454,7.76754,5.76754,4.06154,2.17954,1.91454,2.97354,3.29754,3.85654,5.15054,5.32654,5.41454,7.47354,8.23854,6.76754,4.94454,4.65054,5.50354,6.00354,6.29754,6.73854,6.76754,6.56154,6.70854,6.20854
CO2_TUG_BCT2,2021-10-08,1683,False,21,8.29636,8.12036,9.00236,9.17836,8.32536,7.97236,8.85536,10.7674,12.0024,13.0614,14.0614,13.1494,10.3844,8.91436,8.26736,7.35536,7.12036,7.53136,7.70836,7.26736,6.32536,5.70836,4.47236,2.29636,2.38436,3.88436,3.03136,2.73736,4.00236,4.76736,5.32536,6.32536,7.29636,8.53136,9.50236,10.0614,10.7964,11.4434,11.2374,10.2374,9.03136,7.32536,6.35536,7.67836,10.9434,12.5614,12.5314,11.9724,11.0614,9.85536
CO2_TUG_BCT2,2021-10-08,1684,False,7,9.73952,8.53352,8.53352,10.6215,14.8865,17.7395,18.6805,19.1215,18.7685,18.3275,19.2985,18.4155,14.5335,11.4455,10.2985,9.73952,9.41552,8.68052,7.12152,5.38652,4.12152,5.18052,5.26852,3.59252,3.09252,3.68052,3.59252,2.79852,2.06252,2.73952,3.12152,2.76852,2.59252,1.62152,-0.84948,-1.29048,0.41552,1.38652,1.73952,2.15052,1.94552,1.26852,1.29852,1.70952,2.20952,2.35652,1.68052,0.35652,0.41552,2.20952
CO2_TUG_BCT2,2021-10-08,1690,False,8,20.3926,18.9226,17.3636,14.6876,11.6876,10.9816,12.4816,14.5406,16.7166,19.6286,21.0106,20.9516,20.2756,18.4816,15.8636,15.5696,15.5986,14.5106,12.1876,8.59858,7.21658,7.36358,7.15758,5.98158,5.30458,5.15758,4.65758,3.48158,2.56958,2.56958,3.48158,4.65758,5.15758,5.33458,6.18758,7.36358,6.74558,4.98158,2.54058,1.51058,2.54058,4.83458,5.42258,3.68758,1.45158,1.39258,3.12858,3.83458,3.48158,3.21658
CO2_TUG_BCT2,2021-10-08,1727,False,13,7.23794,8.82694,9.44394,8.91494,8.03194,7.09094,7.14994,8.50294,10.0319,11.3849,12.3849,11.3269,9.56194,7.59094,6.85594,6.97394,6.73794,6.56194,6.76794,7.32694,8.26794,9.53194,8.94394,7.14994,7.56194,7.85594,7.03194,6.47394,5.85594,5.62094,7.20894,7.82694,6.97394,6.03194,5.03194,4.59094,4.76794,5.29694,6.06194,7.50294,8.82694,8.64994,7.29694,6.59094,6.44394,5.97394,5.00294,4.29694,3.79694,3.85594
CO2_TUG_BCT2,2021-10-08,1810,False,21,27.5012,26.8832,26.0892,24.4122,22.5892,22.3532,23.6772,25.2362,26.9422,29.4712,31.3242,31.2362,27.7652,24.5012,22.5892,23.5012,24.2652,24.0012,24.1182,24.0892,22.9712,24.3832,28.5012,29.8242,28.9422,27.3532,25.5592,22.4122,18.9422,16.0892,11.9422,8.26518,7.61818,8.85318,9.35318,9.20618,9.44218,9.53018,8.61818,6.73618,5.76518,5.41218,4.91218,4.44218,3.85318,2.94218,1.73618,1.47118,1.38318,0.97118
CO2_TUG_BCT2,2021-10-08,1870,False,10,8.559,12.441,19.177,25.353,28,29.235,30.588,34.882,42.147,46.971,49.265,47.912,45.294,42.147,39.647,37.824,38.206,39.824,41.324,40.53,39.03,37.441,36.177,34.441,32.441,30.647,27.971,25.5,23.735,21.735,20.265,17.324,12.5,11.059,12.647,13.53,13.177,12.206,11.471,10.706,9.912,9,8.03,8.265,8.647,8.706,8.588,7.647,5.853,5.559
CO2_TUG_BCT2,2021-10-08,1896,False,8,15.1493,17.1203,19.1493,19.2383,17.9733,17.6793,18.0613,17.7383,18.4443,20.2673,20.3853,19.1203,17.1203,15.8553,15.9733,17.7963,18.4443,17.6493,17.1793,17.1203,17.2383,18.0023,18.4733,16.6793,16.0613,17.0613,17.1793,16.0913,14.2963,14.3263,16.3263,17.7083,17.8263,17.2963,16.3853,15.1793,14.7383,13.4733,12.0913,14.1493,15.3553,14.6203,13.9143,13.3853,13.0913,12.5913,11.6493,11.2963,12.1793,14.0913
CO2_TUG_BCT2,2021-10-08,1966,False,11,21.7372,20.4432,22.4722,23.4432,22.3252,22.2372,24.2662,27.5602,32.4132,38.9132,40.2072,38.5602,36.5312,35.3252,33.0902,28.7072,25.5312,23.8542,24.6192,25.8842,26.6782,25.0312,20.8542,19.0312,20.9722,24.5012,24.5602,24.1482,24.9132,25.0902,24.2072,22.7962,20.5602,17.9132,18.2962,18.5312,17.2372,16.1192,14.1482,11.0312,9.29616,9.59016,11.8842,12.7662,11.9132,10.7962,9.79616,9.94316,9.61916,8.26616
CO2_TUG_BCT2,2021-10-08,1971,False,20,10.6194,15.7074,17.0314,16.1194,15.7964,17.4724,18.7964,19.5024,20.4434,21.8844,22.5314,22.1494,21.2074,20.7374,20.6784,20.6194,20.1494,19.1194,17.9134,16.2074,15.0604,14.9724,15.4134,15.5314,14.6194,12.7074,11.5904,11.4724,12.1194,12.0904,11.1194,10.0024,9.00236,9.29636,10.1784,11.4134,12.3844,12.9134,13.3844,13.2964,12.1494,10.4724,9.44336,8.41336,7.23736,6.73736,6.70736,6.97236,7.67836,8.38436
CO2_TUG_BCT2,2021-10-08,1996,False,29,26.9569,27.3099,26.7509,26.0739,27.3979,27.7509,26.4569,25.6919,26.5449,29.0739,30.0449,29.7509,30.1329,29.8389,28.5159,27.9569,27.6329,26.4859,26.0449,26.2509,25.0739,22.2799,20.9269,21.2209,22.1629,22.4569,21.1039,18.2509,16.4569,14.6329,11.9859,10.3389,9.4859,9.3099,8.0739,5.3389,4.4269,5.4269,6.3389,6.3099,5.1629,3.6629,4.1039,6.2509,6.5739,5.5449,6.0159,6.6919,7.4859,8.7209
CO2_TUG_BCT2,2021-10-08,2004,False,11,13.5312,14.5902,14.5012,14.1192,15.9432,16.7662,15.9432,15.1482,15.3252,17.1192,17.5902,16.7962,17.0012,17.1482,16.5012,14.2662,9.53116,5.76616,4.59016,4.44316,4.38416,5.32516,8.03116,10.3542,12.4132,13.2372,12.4132,10.5312,9.44316,8.14816,5.67816,3.59016,1.79616,1.29616,1.17816,0.76616,0.76616,1.20716,1.41316,1.29616,1.53116,2.67816,3.11916,2.82516,3.47216,6.26616,9.94316,12.6482,15.4132,17.0602
CO2_TUG_BCT2,2021-10-08,2012,False,11,24.2756,22.3926,23.8046,27.1866,33.4806,40.2456,44.2456,48.2756,56.8636,70.6866,75.2456,68.0396,51.4516,38.8046,33.5396,28.9516,24.8636,24.4516,26.7166,28.5396,29.6276,29.6576,31.3926,35.5696,37.7756,38.7456,39.9516,39.1276,36.8636,36.9806,36.7756,34.8636,32.8636,31.3336,31.9806,32.2756,31.2166,30.3636,30.7756,32.0696,32.0696,30.7456,30.1276,30.6866,31.6276,31.3336,30.4806,29.4516,28.5396,26.3636
CO2_TUG_BCT2,2021-10-08,2104,False,9,12.6784,10.1494,9.41336,10.1494,10.3254,10.8554,13.1494,14.1194,14.0614,14.9434,15.1194,14.1494,12.6194,9.73736,6.88436,5.70836,6.06136,7.53136,7.03136,4.38436,3.38436,3.67836,3.20836,2.76636,2.47236,2.09036,2.56136,3.91336,4.35536,3.73736,3.03136,2.70836,2.20836,1.17836,0.00236,-1.35064,-1.20364,-0.11564,-0.43864,0.03136,1.35536,0.76636,0.91336,2.61936,3.14936,2.79636,3.32536,4.14936,4.67836,4.11936
CO2_TUG_BCT2,2021-10-08,2120,False,19,8.0053,7.0933,7.3873,7.7993,7.7113,9.3873,15.2113,21.4763,28.4763,31.9763,32.6233,32.2993,31.1813,28.0933,24.0343,21.8283,20.5343,18.9463,17.0053,16.7703,17.0643,16.8873,16.2993,15.1233,13.5343,14.9763,18.3873,17.8873,18.1523,20.7703,21.3583,20.1523,18.1813,16.7703,14.2993,10.4463,9.6233,11.0343,10.7703,9.9763,9.4463,9.3283,8.8283,7.2403,6.8873,8.4173,10.1813,10.0053,8.1813,7.0643
CO2_TUG_BCT2,2021-10-08,2127,False,6,10.7091,10.6511,10.4151,9.94512,9.79812,10.4151,11.3561,11.3271,12.5921,15.8561,17.5921,17.0921,14.9151,13.4451,13.5331,15.4151,16.5331,16.5331,15.2981,12.4741,10.3271,9.47412,8.94512,8.91512,10.5331,13.6511,14.0621,12.8561,14.2681,15.3271,14.0921,11.3561,10.6511,11.9741,13.3271,14.3561,14.2091,14.4741,15.3561,15.0921,14.4741,14.0921,14.9451,16.5621,16.3271,15.6511,14.6211,12.8271,12.5921,13.9151
CO2_TUG_BCT2,2021-10-08,2148,False,5,15.6778,13.3548,12.3248,13.2368,14.6488,14.4128,17.3838,25.4128,34.0598,43.9428,47.6188,45.0598,38.8838,34.2658,31.8248,29.2658,27.4428,26.3548,26.6188,26.9718,25.3838,21.2368,17.9718,15.4128,14.6778,15.2368,15.2958,15.5598,16.2368,16.2068,15.7958,15.2068,14.2368,12.5598,11.2658,10.1488,9.41278,10.5898,9.76578,6.20678,4.64878,4.17778,2.38378,2.08978,4.29578,6.76578,6.85478,5.11878,4.38378,4.50178
CO2_TUG_BCT2,2021-10-08,2169,False,4,12.0296,12.5886,12.2356,12.7656,14.5596,15.2946,15.1766,15.4126,15.6476,15.9126,16.2066,15.0296,12.2356,10.7066,9.58858,7.67658,6.50058,5.91258,5.67658,5.64758,5.67658,5.76558,5.08858,3.20658,2.52958,2.61858,2.73558,3.44158,4.82358,5.32358,5.17658,5.32358,4.88258,3.97158,4.29458,5.38258,6.76558,6.79458,5.70658,5.44158,5.23558,3.85358,1.82358,1.55958,2.97158,4.52958,5.79458,5.35358,5.02958,5.64758
CO2_TUG_BCT2,2021-10-08,2209,False,23,21.8642,22.1292,22.5412,22.3942,20.7762,18.3062,18.0702,20.0412,21.5412,22.6002,23.9822,23.9822,21.2472,16.9822,14.6882,13.0412,10.9232,9.95316,9.77616,9.36416,8.89416,9.27616,8.98216,7.62916,6.92316,6.83516,6.77616,6.24716,4.83516,3.65916,5.01116,8.71716,10.6292,11.1002,11.5112,11.2762,10.2762,9.15916,8.15916,8.48216,9.57016,10.8642,10.1292,7.15916,5.18816,4.15916,3.42316,4.18816,5.27616,6.45316
CO2_TUG_BCT2,2021-10-08,2236,False,14,3.33282,3.12682,4.89182,6.21482,7.97982,10.4798,11.4208,13.6858,20.3328,26.1268,30.9498,30.8918,27.4208,27.7148,29.0968,28.8028,26.5088,25.6268,26.0388,23.6858,18.0968,15.2448,14.6558,14.1858,13.9208,13.6558,13.1858,12.8328,11.8618,10.0088,9.24482,9.12682,8.56782,9.30282,11.5088,12.0388,11.2448,11.5388,12.3328,12.8618,12.4208,12.2448,12.5678,12.2148,11.7738,12.8028,12.4498,9.97982,8.36182,8.21482
CO2_TUG_BCT2,2021-10-08,2306,False,8,16.8034,14.7444,14.7744,15.5974,15.3914,14.2744,14.7444,20.7744,33.9804,43.2744,44.9214,42.9214,39.1564,33.3914,30.5094,29.7444,29.2744,29.7744,30.4214,30.7444,29.3914,26.5974,25.8334,25.5394,23.9504,22.0974,21.5684,21.9214,21.8334,20.6864,18.8624,16.7154,13.8034,12.3034,11.4214,9.8624,8.0094,5.8034,5.0684,4.9504,4.7444,4.8624,4.1274,2.3624,1.9804,2.0974,0.5684,0.4214,2.1564,3.1864
CO2_TUG_BCT2,2021-10-08,2347,False,14,8.13152,6.80752,5.98452,4.98452,3.33752,3.27852,6.68952,13.4845,18.2195,21.6895,23.4255,22.3375,17.4255,11.1315,8.86652,9.45452,9.66052,9.01352,8.27852,7.77852,7.27852,7.04252,7.01352,6.98452,6.74852,6.27852,5.98452,5.51352,4.80752,4.71952,4.18952,2.86652,2.57252,2.95452,2.60152,3.13152,4.95452,5.95452,6.54252,7.45452,7.74852,7.80752,8.45452,8.33752,6.74852,4.92552,4.63152,5.48452,5.89552,5.48452
CO2_TUG_BCT2,2021-10-08,2404,False,1,9.97334,10.0323,10.3263,11.3263,12.3853,12.9143,11.7673,11.3263,13.0913,16.0023,16.2673,14.1793,13.5323,13.3853,11.3553,10.7673,12.2383,13.3853,13.4733,13.0023,12.5023,11.7673,11.0613,10.8263,11.0323,11.4733,11.4733,11.1493,11.7963,13.1793,13.0913,12.0323,10.5323,9.70834,10.0913,11.7673,12.9433,13.7673,14.4143,14.2083,13.3263,13.0613,13.2383,13.0323,12.9733,12.7083,11.5613,11.1203,11.5613,12.2673
CO2_TUG_BCT2,2021-10-08,2438,False,14,12.3548,14.3838,15.6488,15.5308,13.7368,13.2958,14.3248,14.8248,16.7958,21.0308,23.2368,22.7958,20.7658,20.2658,21.0598,20.8548,20.7078,21.0898,21.1488,21.1778,21.7368,20.9718,18.4428,16.7368,15.8838,14.8548,14.0598,14.2368,16.0018,16.2958,15.5018,16.3248,16.2078,14.5898,14.8248,17.0598,18.0598,16.9128,15.0308,15.4128,15.4718,14.1778,13.5018,13.6488,14.1778,14.8248,15.3248,14.8838,14.7078,15.1488
CO2_TUG_BCT2,2021-10-08,2441,False,5,2.6766,3.1176,3.6476,4.1766,5.1476,6.5006,8.4116,11.5886,15.4116,20.7646,23.9116,23.4706,20.9416,19.1766,17.8536,15.7946,13.6766,11.2066,9.9706,9.5296,10.0006,12.2946,13.1766,12.4416,12.0886,11.5586,10.0006,9.7646,10.8236,11.0886,11.1766,11.5586,11.2646,9.8826,8.5886,8.9706,10.5586,10.9416,10.1176,8.7946,9.0586,11.0886,12.5886,13.5886,14.5586,14.3536,14.2066,14.5296,14.1476,13.4706
CO2_TUG_BCT2,2021-10-08,2446,False,22,12.324,13.471,13.941,15.177,18.294,20.383,21.559,22.294,23.059,23.735,23.765,23.324,23.059,22.794,22.206,21.118,19.912,20.294,20.059,17.794,15.177,13.912,13.324,13.03,12.53,11.471,10.088,8.383,7.794,6.971,5.353,6.324,10.206,12.471,12.206,10.588,9.441,9.353,9.677,9.059,7.912,8.353,8.618,7.53,5.912,5.412,5.735,5.471,4.324,3.353
CO2_TUG_BCT2,2021-10-08,2455,False,5,1.73736,0.44336,0.85536,2.61936,3.09036,2.26636,1.94336,3.50236,9.38436,17.4724,19.8554,17.0024,13.8254,11.7964,9.82536,9.00236,8.41336,6.79636,6.11936,6.41336,6.11936,4.73736,3.32536,2.88436,3.53136,5.03136,6.44336,7.85536,7.94336,7.32536,8.00236,8.44336,8.53136,9.00236,7.56136,3.88436,2.32536,3.26636,4.88436,5.32536,4.47236,3.29636,2.79636,2.82536,3.56136,5.20836,6.29636,5.91336,4.53136,3.82536
CO2_TUG_BCT2,2021-10-08,2457,False,6,7.85534,7.09034,7.62034,8.50234,6.76734,5.03234,5.32634,8.94334,15.2083,24.1793,26.7673,22.1493,16.4733,12.2963,8.06134,6.32634,5.59034,4.20834,3.59034,4.20834,5.47334,5.03234,3.00234,2.23834,1.85534,0.97334,0.79634,1.67934,2.76734,2.56134,1.26734,1.00234,1.62034,1.59034,1.23834,1.20834,1.94334,2.62034,3.09034,2.85534,1.94334,1.44334,1.06134,-0.11466,-1.70366,-1.96766,-0.93866,0.97334,4.09034,5.88534
CO2_TUG_BCT2,2021-10-08,2461,False,18,29.8246,29.3836,25.6186,19.7656,19.0006,23.0596,26.5896,29.6776,31.1476,31.7366,32.2066,31.5896,30.0006,27.6476,26.7066,25.6186,22.1186,18.5896,14.5896,11.7366,8.94158,4.53058,1.53058,-0.14642,-0.02842,1.20658,2.67758,2.67758,2.32458,2.32458,2.91258,4.79458,7.05958,7.29458,5.53058,3.88358,3.32458,3.14758,2.32458,1.38358,2.26558,2.64758,2.05958,2.14758,3.03058,4.44158,4.85358,4.00058,2.91258,3.14758
CO2_TUG_BCT2,2021-10-08,2467,False,15,24.3583,25.7403,28.8583,33.0643,36.4173,39.6813,40.8283,40.5643,40.2403,41.2993,43.1523,42.3283,38.4753,30.5933,23.5053,20.7993,19.9173,18.5343,16.3873,15.4753,14.1523,12.7703,14.6523,14.4463,11.2113,11.5933,15.3583,16.2403,15.4173,14.8583,15.2113,14.6813,12.8283,11.7113,11.5933,12.2403,12.2113,11.2703,10.2403,8.5343,6.6813,6.1523,6.5343,6.8583,7.5933,9.0053,9.6813,9.5343,9.0343,8.7113
CO2_TUG_BCT2,2021-10-08,2468,False,7,1.28106,1.54606,1.01706,-0.83594,-2.15994,0.69306,12.3991,29.1051,43.5461,59.0751,63.7811,59.0751,56.2231,55.7521,56.2231,57.6641,56.9281,53.6931,51.2521,47.5171,41.6641,37.3401,33.4871,31.4581,31.7231,33.0171,32.7811,29.5751,25.2231,23.8401,22.6641,17.8401,14.1931,11.9871,11.1931,10.8401,9.51706,7.87006,7.07506,9.01706,9.10506,6.57506,5.89906,7.37006,8.60506,9.34006,9.84006,9.37006,8.95806,8.84006
CO2_TUG_BCT2,2021-10-08,2469,False,6,10.6646,11.6356,12.2536,12.0766,10.9296,10.4886,10.7536,10.4886,12.1646,18.3706,22.1356,21.1646,16.4296,15.3416,18.2536,19.7236,19.9296,20.4886,19.4596,14.8116,9.01764,7.22364,8.54764,10.8706,14.0176,15.1356,14.4886,12.3416,9.60664,9.07664,10.2236,9.92964,7.66464,5.81164,5.54764,6.66464,8.42964,10.1066,11.9006,11.6356,10.5766,12.2826,12.4596,10.7826,11.2826,12.2826,12.9596,13.9006,15.3416,15.9006
CO2_TUG_BCT2,2021-10-08,2476,False,9,3.264,2.176,2.559,3.882,4.147,3.529,3.617,4.911,9.647,16.794,19,16.911,14.353,10.206,5.823,4.706,5.676,5.853,5.235,4.176,3.088,2.323,3.059,3.97,5,6.059,5.617,3.911,3.911,5.676,6.559,6.206,5.264,4.794,4.735,4.823,5.411,5.882,4.647,3.323,2.47,3.676,7.147,9.206,9.176,8.264,7.735,7.206,6.206,5.323
CO2_TUG_BCT2,2021-10-08,2478,False,21,4.53412,4.32812,4.38712,5.06312,6.06312,8.68112,13.7391,18.8281,25.4751,30.3871,31.5921,30.7981,29.5341,28.3281,26.7101,24.6511,20.7981,16.6221,13.7691,11.7101,12.0631,11.8871,10.0921,8.82812,7.53412,6.00412,6.32812,9.06312,11.7981,12.1511,10.8281,9.79812,8.53412,6.91612,6.38712,6.53412,6.32812,6.35712,6.71012,6.26912,5.12212,4.85712,4.82812,4.85712,5.62212,6.53412,7.62212,8.73912,9.73912,9.41612
CO2_TUG_BCT2,2021-10-08,2487,False,15,18.0353,18.7113,18.2113,17.4763,15.6823,13.0643,13.1523,16.3293,22.2993,26.2113,26.5353,25.3583,25.5933,25.9763,23.3293,21.0053,18.8883,16.5353,15.5643,15.6823,16.1523,16.4173,16.6233,16.6233,16.0053,16.2703,17.5933,18.0053,17.1523,15.9763,15.4763,15.4173,15.2993,14.3583,12.6233,12.8293,14.8293,15.4763,14.9763,14.4763,14.7113,13.2413,9.65228,8.74128,10.6233,11.9173,11.3883,10.0053,10.0353,10.6233
CO2_TUG_BCT2,2021-10-08,2488,False,19,12.0094,13.0974,15.8624,18.8034,22.9794,26.5684,26.5094,23.9204,23.3034,25.2444,27.1564,26.1854,22.0384,18.5384,17.6264,17.8034,16.6854,14.3624,13.9504,14.6564,15.1854,14.7734,14.8324,15.5384,14.5384,11.3034,9.00942,8.77342,9.18542,8.56842,6.97942,4.71542,4.68542,6.65642,7.33242,6.86242,5.18542,2.68542,2.18542,3.45042,4.15642,4.24442,4.27342,4.65642,6.30342,8.89142,10.0974,10.2734,10.5974,11.7734
CO2_TUG_BCT2,2021-10-08,2489,False,7,13.4833,14.2183,15.4533,14.7483,12.0123,10.6593,10.9533,12.1593,14.8363,19.8363,23.0423,21.4243,16.0713,11.4833,7.86534,7.68934,8.83634,9.89534,10.3653,10.4243,10.3653,9.98334,9.74834,10.5713,10.2483,8.21834,6.86534,6.98334,7.95334,8.74834,8.57134,6.63034,5.27734,6.07134,9.21834,9.86534,7.65934,5.92434,5.54234,7.07134,7.24834,5.74834,5.33634,5.92434,6.74834,6.10034,4.27734,4.04234,4.30634,3.89534
CO2_TUG_BCT2,2021-10-08,2504,False,12,15.7662,15.5892,17.3542,23.3542,28.5892,30.5602,30.0312,27.5012,28.2662,32.6782,34.0892,31.0892,26.2952,21.7372,16.2662,13.2072,11.9422,11.5312,11.8542,12.0892,11.1482,10.4422,9.88418,9.06018,9.53118,11.2372,11.2072,9.20718,7.85418,7.97218,8.85418,8.94218,7.35418,4.88418,4.47218,5.03118,3.61918,2.56018,2.35418,1.94218,1.47218,1.88418,2.03118,2.79518,5.35418,4.82518,0.97218,0.23718,2.56018,3.50118
CO2_TUG_BCT2,2021-10-08,2505,False,12,0.94688,0.50588,0.24088,0.65288,2.47688,6.97688,11.7119,13.7709,14.5359,15.4179,16.3879,16.1529,15.7409,15.4469,14.9179,14.2119,13.1829,12.0649,9.65288,6.35888,4.74088,3.38788,1.12388,0.65288,1.91788,2.53588,1.91788,0.68288,1.18288,2.27088,0.47688,-0.28812,1.06488,2.85888,4.59388,4.27088,3.03588,1.77088,1.65288,2.74088,4.56488,4.79988,3.50588,2.85888,3.09388,2.85888,1.09388,0.91788,2.62388,3.24088
CO2_TUG_BCT2,2021-10-08,2507,False,11,1.27676,7.24676,13.3648,20.3058,23.5118,23.4528,23.9238,27.3058,31.5708,36.0408,36.3648,32.6878,26.4528,23.3938,23.0118,22.8358,21.4238,18.3648,14.9528,10.0708,6.48276,6.62976,8.62976,8.74676,9.18776,11.2178,12.7178,13.7768,15.0708,14.6298,12.5998,12.0118,13.0408,15.0118,16.2178,15.6298,12.8358,11.5708,12.5408,14.0708,13.8648,12.0118,10.6878,10.3358,11.1298,10.5998,8.33576,7.18776,7.27676,7.80576
CO2_TUG_BCT2,2021-10-08,2511,False,10,17.7668,19.5608,24.2078,27.2668,28.0018,27.9728,27.6788,29.5608,35.5608,39.5898,40.9428,39.9728,38.9138,38.0898,35.7368,30.0608,24.2958,21.1198,18.0608,15.2958,14.7078,15.3548,14.4728,12.1788,11.6788,11.6788,10.7958,9.67876,9.64876,10.4138,9.97276,8.38476,7.91376,7.94276,7.26676,5.85476,5.14876,5.14876,5.94276,8.06076,10.1198,10.4728,9.85476,9.82576,9.76676,9.23676,8.35476,7.38476,7.61976,8.11976
CO2_TUG_BCT2,2021-10-08,2525,False,2,5.61858,6.73658,8.61858,8.91258,9.23658,11.5306,14.7956,16.0306,15.7956,15.9426,16.1476,15.2656,14.9716,14.8836,13.5596,13.3836,14.6776,15.2656,14.4126,12.6186,12.1476,11.6476,9.29558,8.91258,9.35358,9.29558,9.53058,10.5596,10.0896,8.05958,7.32458,7.17758,6.94258,8.29558,11.0896,11.7066,10.5896,7.94258,5.14758,6.00058,10.0306,11.7066,11.2656,11.3536,12.2366,13.6776,14.3536,14.2066,13.7656,13.7656
CO2_TUG_BCT2,2021-10-08,2530,False,4,3.53548,4.94748,6.00648,6.00648,4.85948,2.74148,2.88848,10.0355,25.5945,35.8885,36.2715,31.4775,26.3595,19.4775,13.9775,11.5355,9.94748,9.30048,9.68248,10.5355,10.2125,8.15348,6.00648,5.21248,6.53548,9.94748,10.8595,9.24148,8.38848,7.56548,5.50648,4.85948,5.88848,6.71248,6.06548,4.27148,3.85948,5.15348,6.50648,6.47748,4.88848,3.18248,3.82948,6.47748,7.15348,5.68248,4.59448,4.91848,5.82948,5.65348
CO2_TUG_BCT2,2021-10-08,2531,False,5,4.29636,4.12036,4.97336,5.35536,4.70836,3.47336,4.50236,9.82636,16.8554,22.8554,27.8844,26.6204,24.0024,22.1204,19.8554,15.7674,11.9734,10.3554,9.50236,8.79636,8.53136,8.38436,7.73736,8.20836,11.9144,13.7964,14.0904,15.2964,14.5314,11.4144,10.3554,12.0314,14.1494,13.3264,10.1494,9.26736,9.97336,11.0614,12.1784,13.1784,13.0024,13.0024,13.1784,12.2084,11.3264,10.7374,10.1204,8.44336,5.91436,5.14936
CO2_TUG_BCT2,2021-10-08,2536,False,9,-0.55782,0.17718,3.58918,5.55918,5.14818,5.41218,9.70618,14.5012,19.7652,23.8832,27.0012,26.9122,25.4422,23.4422,21.7652,20.9712,20.2652,18.5302,14.9712,12.1482,11.1182,9.85318,7.64818,7.64818,9.82418,10.7362,10.1772,9.50118,9.58918,10.9712,13.0302,13.5302,12.7362,12.4712,12.6482,12.2652,10.8832,8.47118,7.17718,7.50118,9.11818,9.88318,10.2362,11.3242,11.2952,9.82418,8.00118,6.03018,5.82418,6.41218
CO2_TUG_BCT2,2021-10-08,2537,False,23,11.5945,11.9475,13.8295,16.4765,19.8295,24.7415,27.9185,30.5655,33.2415,34.8595,35.4475,34.0945,31.8295,28.8885,27.4475,27.0355,26.6245,26.9475,28.5655,30.3885,30.6825,29.7415,28.6535,27.8885,28.4765,28.1535,26.3595,25.4765,25.8295,26.6245,25.8005,22.5655,19.5065,18.3295,17.5065,16.0065,14.5945,13.1245,12.7125,13.5655,14.6245,14.1535,12.0945,10.6535,10.0655,9.62448,9.80048,10.2415,9.77148,9.41848
CO2_TUG_BCT2,2021-10-08,2541,False,29,4.45024,3.95024,2.95024,2.33224,1.92124,1.89124,2.74424,4.50924,8.09724,11.6262,12.9502,13.2442,14.4502,17.0382,18.5972,18.3032,17.1562,16.8032,16.0092,14.1262,12.9212,12.0972,11.3622,10.8622,10.3622,10.0382,9.30324,7.89124,7.27324,7.89124,9.18524,9.15624,9.00924,11.3912,13.1562,13.8912,14.5092,14.7732,13.8622,13.3032,12.5092,10.3622,8.97924,8.56824,9.97924,13.2442,14.8322,14.5092,13.0972,11.6852
CO2_TUG_BCT2,2021-10-08,2542,False,3,5.42376,5.04176,4.09976,3.62976,3.74676,5.65876,12.4828,23.1888,38.7768,68.4528,94.3358,92.1888,65.7178,44.3058,36.0708,31.3648,26.7768,20.4238,15.9828,14.9528,15.3058,15.5418,15.5708,15.4828,14.5708,11.5118,7.62976,6.83576,8.45276,8.86476,7.57076,6.27676,6.54176,7.18876,5.92376,6.04176,8.36476,10.4238,11.9828,11.8358,10.2178,7.09976,4.54176,3.92376,4.27676,4.36476,4.62976,5.71776,5.59976,3.57076
CO2_TUG_BCT2,2021-10-08,2543,False,8,8.61918,9.76618,10.5602,10.4132,9.17818,7.73618,8.58918,10.5602,13.1192,14.8832,15.5012,14.2952,13.2662,13.1482,13.7072,12.9722,10.5892,8.79518,7.94218,8.56018,8.47218,7.14818,6.35418,5.56018,4.20718,4.00118,5.08918,6.03018,6.26618,5.82518,4.88318,4.41318,4.41318,4.79518,5.03018,4.11918,3.76618,4.61918,5.88318,7.08918,8.56018,9.23618,9.08918,8.58918,8.32518,9.47218,12.3542,12.5602,10.0602,9.38318
CO2_TUG_BCT2,2021-10-08,2560,False,4,1.38612,3.79812,5.26912,6.38612,7.09212,6.21012,3.06312,3.76912,16.7101,39.4161,49.4451,48.1811,41.3861,29.7391,24.2391,22.7101,18.7391,12.8861,10.4451,10.5631,10.5041,9.59212,8.35712,7.47512,7.18112,8.03312,7.97512,6.68112,6.15112,6.06312,5.41612,5.41612,6.06312,6.03312,5.62212,5.23912,5.76912,6.21012,4.35712,3.29812,3.71012,4.85712,6.53312,6.97512,6.71012,6.91612,8.00412,7.97512,6.68112,6.41612
CO2_TUG_BCT2,2021-10-08,2561,False,1,5.53194,4.76794,5.62094,5.76794,4.70894,4.53194,5.14994,6.67894,11.9149,23.2679,31.9739,31.3849,26.2679,26.7379,28.3849,28.6209,28.2379,26.5909,24.0619,23.2379,23.3259,22.2679,20.6789,18.6209,16.8849,14.6499,12.4439,10.9739,9.70894,9.44394,9.35594,9.03194,9.59094,10.2679,8.70894,6.67894,5.82594,7.85594,8.64994,7.38494,6.20894,5.17894,4.76794,5.23794,6.64994,8.14994,9.38494,10.7679,10.7679,9.44394
CO2_TUG_BCT2,2021-10-08,2562,False,29,10.1793,10.7963,12.3853,14.8853,16.7963,18.5913,19.7083,19.6203,19.1793,19.6203,19.7963,19.4143,19.4733,20.3853,21.3853,20.4443,17.4443,15.6493,15.9443,17.2383,17.1493,15.1203,12.9733,11.9143,11.1203,10.3853,9.88534,9.44434,9.64934,10.3263,10.3553,10.2963,9.79634,8.41434,9.62034,13.6493,15.0613,13.9143,13.2083,13.0613,12.5913,11.6793,11.4443,11.7963,11.4443,9.59134,7.32634,7.00234,8.06134,8.32634
CO2_TUG_BCT2,2021-10-08,2565,False,26,17.971,17.559,18.029,18.471,18.765,19.147,18.676,17.529,18.618,21.588,21.735,18.676,13.412,10.765,9.971,9.029,8.5,7.971,7.176,7.853,9.912,10.706,11.324,12.647,12.912,12.294,12.324,12.765,13.5,14.029,12.882,10.029,8.235,7.824,8.765,9.382,9.235,8.794,8.794,9.294,10.088,11.765,13.559,13.676,12.824,13.059,13.441,13.5,13.471,13.235
CO2_TUG_BCT2,2021-10-08,2570,False,8,3.47216,3.94316,3.44316,5.44316,11.0312,15.3252,17.2372,19.9432,23.7072,25.4132,25.4722,24.4432,23.2662,24.1782,23.1782,19.7952,19.1482,20.0602,20.8542,19.5312,16.5312,16.0902,16.7372,16.8252,16.0602,15.1482,14.1192,13.3542,12.3542,11.2372,11.0902,11.0312,9.76616,10.0602,12.2072,12.6192,10.8842,9.26616,9.03116,10.1482,11.7372,12.0012,11.1482,10.5902,9.82516,8.47216,8.14816,8.29516,7.47216,7.76616
CO2_TUG_BCT2,2021-10-08,2576,False,17,3.76618,7.32418,10.2072,13.4722,20.1192,26.1482,27.6192,26.5302,26.6482,28.9132,31.1192,29.0892,23.0892,19.8542,18.0602,15.2362,13.8542,13.9132,14.2662,13.7072,13.0302,14.3542,14.7072,13.4132,12.3242,10.5892,8.17718,8.29518,10.2662,10.3242,10.2662,11.0012,10.3832,7.38318,4.23618,4.17718,6.85418,8.85418,8.53018,6.67718,5.47218,4.64818,3.91318,3.35418,2.38318,1.29518,1.50118,2.88318,3.79518,4.11918
CO2_TUG_BCT2,2021-10-09,0,False,5,0.81164,1.01764,3.01764,3.69364,3.34064,2.60564,2.66464,8.51764,21.0766,29.5766,32.4586,27.8706,21.7236,14.4586,9.37064,8.54664,9.87064,10.9586,11.2816,10.2816,9.31164,9.45864,11.2816,11.9296,11.1346,10.6346,10.3406,9.95864,10.3706,11.2816,10.9296,9.60564,7.78164,7.75264,9.28164,9.66464,8.81164,7.13464,5.89964,5.10564,4.25264,4.75264,6.81164,8.10564,7.66464,6.98764,8.34064,8.92964,8.10564,7.39964
CO2_TUG_BCT2,2021-10-09,10,False,5,2.03234,0.00234,-0.32066,0.50234,0.44434,1.47334,4.85534,12.0613,28.9443,47.5913,54.5913,49.0913,34.2973,21.6503,9.91434,4.53234,4.09134,4.50234,4.20834,2.82634,1.41434,0.88534,0.94434,1.85534,3.50234,3.94434,3.62034,3.35534,3.59134,3.79734,3.82634,3.76734,3.29734,2.35534,2.00234,2.88534,4.62034,4.38534,2.20834,1.47334,2.03234,2.00234,1.56134,0.82634,0.17934,0.38534,1.32634,2.12034,3.35534,4.85534
CO2_TUG_BCT2,2021-10-09,21,False,23,2.7987,2.4457,2.5047,3.2407,4.8877,6.0637,6.5047,7.4757,9.3877,10.5637,11.0927,10.8287,9.6817,8.7107,8.1817,7.6817,7.2987,6.0927,3.8577,3.5047,4.2987,3.3877,2.8287,3.4167,4.0927,4.1227,3.7107,3.7697,4.6817,5.7697,5.5927,4.4757,4.2407,4.3877,4.3577,3.9167,3.2107,3.1517,2.9457,2.7407,3.6227,3.7987,2.9757,2.7697,3.4167,4.1817,4.8287,5.0927,4.1227,3.2407
CO2_TUG_BCT2,2021-10-09,22,False,25,6.62054,4.35654,3.82654,4.62054,4.47354,4.79754,6.12054,6.82654,8.32654,11.8855,13.8265,13.3565,11.3265,10.8855,12.0035,11.6795,10.5915,11.7685,12.9155,14.0035,16.0325,18.1505,20.3855,19.6505,15.7975,13.3855,12.5325,12.2685,13.2385,14.1205,14.5625,13.8565,12.0035,11.1505,11.7095,12.8855,13.1505,13.2385,13.6505,13.7095,13.7385,14.4155,14.6205,14.2095,13.9445,13.6795,13.2975,13.6795,14.3565,13.5915
CO2_TUG_BCT2,2021-10-09,23,False,17,7.88612,9.32712,12.2681,14.5331,15.8861,15.2981,13.7681,11.9151,12.0041,14.4741,16.6801,16.4451,15.1211,15.7101,15.5631,13.6801,11.8271,10.0631,9.56312,9.56312,10.0631,11.7681,13.1511,13.9451,12.2981,8.12112,5.97412,5.59212,6.06312,7.71012,8.62112,8.62112,7.62112,5.26812,3.53312,3.97412,5.09212,4.12112,4.73912,7.94512,9.85712,9.35712,6.47412,4.38612,3.00412,2.18012,2.82712,4.56312,4.62112,3.32712
CO2_TUG_BCT2,2021-10-09,30,False,12,5.82654,8.03254,9.88554,11.3265,11.1205,9.56254,9.06254,9.06254,9.56254,11.1505,11.5915,10.8265,10.6505,10.1205,7.82654,6.88554,7.17954,6.73854,6.56254,6.76754,5.47354,3.15054,3.38554,4.12054,4.23854,4.17954,3.70954,2.82654,2.73854,2.91454,2.03254,1.91454,3.23854,4.53254,4.12054,2.32654,1.59154,1.70954,1.44454,1.15054,1.82654,3.94454,5.09154,5.17954,4.73854,4.03254,4.06254,4.32654,3.65054,1.62054
CO2_TUG_BCT2,2021-10-09,37,False,3,2.765,1.912,2,3.589,5.383,5.559,5.177,7.089,13.824,25.824,32.148,30.765,23.383,17.059,12.559,12.295,12.912,12.471,11.324,9.648,9,7.853,6.236,7.089,7.383,6.236,6.559,9.059,11.353,11.824,11.912,13.177,12.883,10.53,8.589,7.971,9.706,9.853,7.912,7.089,6.236,4.353,3.265,3.383,4.53,4.942,4.324,3.736,4.412,6.236
CO2_TUG_BCT2,2021-10-09,38,False,6,3.7113,1.6813,1.4173,2.9463,5.5343,9.3873,12.3583,22.2703,47.4463,71.4463,78.4173,75.8873,75.8873,78.0053,75.8293,69.9763,61.2703,57.1813,57.8293,60.3293,62.6523,64.9173,64.8583,58.5343,45.3293,37.2703,35.0933,34.1233,34.5053,37.0343,40.0053,40.6813,40.3583,41.7113,43.9763,46.5643,44.9173,37.5643,30.9763,28.5643,26.9173,23.9463,21.3583,18.8293,17.6813,17.7703,18.0933,17.2113,15.3583,15.0343
CO2_TUG_BCT2,2021-10-09,42,False,29,2.67718,3.76618,5.41318,9.20718,13.2662,15.2952,16.4422,17.2362,18.4712,20.0602,20.2072,18.4132,16.0602,15.0602,14.8832,14.5012,14.2662,15.1772,15.6182,15.4712,15.7952,16.7072,17.9712,17.2952,14.7952,13.7952,13.2072,10.8832,7.53018,5.58918,4.64818,5.58918,8.35418,9.85418,10.5602,10.5602,8.38318,6.58918,5.67718,6.76618,9.29518,9.58918,9.56018,10.3242,10.0302,8.20718,6.56018,6.11818,7.00118,8.70718
CO2_TUG_BCT2,2021-10-09,43,False,12,1.35418,2.35418,4.56018,4.85418,3.58918,3.85418,6.26618,10.0892,11.3832,12.1192,13.6192,12.0012,7.17718,4.97218,4.29518,3.85418,5.03018,5.85418,5.73618,5.32518,5.56018,6.53018,7.35418,7.41318,6.06018,5.64818,6.41318,6.58918,7.11918,9.41318,10.2952,9.53018,8.94218,7.97218,6.32518,5.88318,6.23618,6.73618,6.85418,5.94218,4.03018,2.85418,2.26618,2.00118,1.73618,1.26618,1.08918,1.53018,2.58918,4.00118
CO2_TUG_BCT2,2021-10-09,44,False,9,2.77264,4.47864,6.41964,7.86064,10.5376,14.5376,18.1256,22.0666,23.8016,24.2726,25.3016,24.6256,20.9486,16.8606,14.5956,12.8896,11.2726,9.53764,8.94864,8.15464,6.53764,6.15464,6.97864,8.33164,8.27264,6.47864,4.86064,4.53764,4.94864,5.12564,4.68464,3.83164,3.97864,4.62564,3.94864,3.41964,2.62564,0.53764,-0.37436,0.00764,0.80164,2.47864,4.18464,3.53764,0.80164,-0.49236,0.27264,2.15464,3.15464,3.74264
CO2_TUG_BCT2,2021-10-09,62,False,11,6.347,5.347,3.141,2.965,5.171,7.229,9.112,11.053,10.671,10.612,11.818,11.759,9.965,8.259,7.288,6.759,7.141,6.847,5.406,3.935,1.965,0.435,0.965,3.965,7.024,6.435,2.847,1.2,1.435,1.671,1.7,1.759,2.259,3.435,4.318,4.141,3.229,2.729,2.435,1.965,1.759,1.965,2.465,2.906,3.171,2.965,2.994,3.465,3.847,3.641
CO2_TUG_BCT2,2021-10-09,64,False,13,15.7679,17.0619,18.9739,18.9739,16.7679,13.1509,12.9449,16.2389,18.4449,19.4449,19.7089,17.9149,15.6509,13.1209,11.5329,9.50294,6.38594,4.50294,3.62094,3.56194,3.26794,2.44494,2.79794,5.09194,7.82694,9.73894,9.85594,6.35594,4.38594,4.47394,4.12094,3.67994,4.85594,5.88594,7.41494,10.1799,11.1209,10.3859,10.0029,9.23894,7.26794,7.09194,7.65094,5.62094,4.82694,5.97394,6.23894,5.62094,5.62094,5.79794
CO2_TUG_BCT2,2021-10-09,65,False,6,1.73952,2.50352,2.88652,3.76852,3.91552,2.79852,1.38652,2.85652,9.12152,16.1515,18.7395,18.3865,16.5335,13.4455,12.1805,11.4455,9.59252,7.88652,6.85652,6.00352,6.62152,8.20952,7.94552,7.20952,7.12152,7.79852,8.00352,7.38652,5.56252,2.70952,2.06252,2.65152,2.47452,0.65152,0.00352,0.85652,1.68052,1.73952,0.35652,-0.26048,0.32752,1.03352,1.29852,1.41552,1.97452,2.20952,0.65152,0.15152,0.47452,-0.55448
CO2_TUG_BCT2,2021-10-09,73,False,7,6.73854,7.35654,6.88554,5.26754,4.20954,4.82654,7.12054,12.0915,23.2675,34.6505,37.5915,33.1505,26.7675,23.7975,23.1505,23.9735,25.3565,24.5325,22.7095,20.0035,17.6795,17.0915,17.3855,16.7975,14.4735,12.0325,12.0035,12.8265,11.2675,10.7095,11.8265,11.5625,9.53254,7.91454,6.03254,3.65054,3.91454,4.88554,5.35654,4.73854,3.59154,4.00354,4.23854,4.32654,5.79754,7.15054,8.26754,9.15054,9.67954,9.17954
CO2_TUG_BCT2,2021-10-09,74,False,10,3.61818,2.08918,3.64818,9.41218,14.0012,14.5602,13.0602,12.7952,14.5602,17.8242,18.9422,17.7362,16.2362,15.0012,13.5302,12.7652,12.2072,11.2952,10.8542,9.61818,6.50118,4.53018,4.32418,5.64818,5.82418,4.58918,4.41218,5.73618,7.06018,6.88318,5.53018,5.06018,6.85418,10.5012,11.4422,9.79518,8.91218,9.26518,10.1182,9.76518,7.47118,4.97118,4.79518,7.26518,10.2652,11.0602,10.2952,10.0892,10.7362,11.2652
CO2_TUG_BCT2,2021-10-09,77,False,10,7.06076,6.88376,7.17876,7.85476,9.44276,15.2368,28.2368,39.5308,45.0608,48.9728,50.1788,48.4138,44.1488,40.2078,35.7668,29.0608,25.7368,25.0898,24.5898,24.1198,23.5018,22.1488,18.8258,15.1198,13.8838,13.2368,10.7958,8.73676,7.08976,6.00176,5.67876,6.56076,6.76676,6.14876,6.14876,6.32576,6.20776,5.06076,2.94276,2.23676,2.47276,3.67876,6.00176,6.94276,6.67876,6.82576,7.03076,5.94276,4.29576,3.26676
CO2_TUG_BCT2,2021-10-09,78,False,8,4.33458,6.30458,8.18758,8.77558,6.51058,7.71658,15.4816,23.9516,28.9816,33.0986,34.7456,33.0986,29.2456,26.6876,25.2756,24.9226,24.1286,22.0986,19.6286,15.7456,12.5406,12.2756,14.7456,17.6286,17.4816,14.6576,12.2456,11.1286,12.7166,13.5106,12.7456,12.4226,13.5406,16.0106,18.1576,20.4226,21.8636,22.2166,20.8346,17.4816,17.0406,19.4516,19.3926,16.2756,13.9516,13.5696,14.2166,14.9226,15.1876,15.1876
CO2_TUG_BCT2,2021-10-09,79,False,6,6.50118,6.38318,5.61918,3.88318,3.94218,6.17818,8.14818,9.88318,14.8832,22.5892,25.7362,25.0892,23.3542,20.2362,17.5892,16.2072,14.7072,13.2662,12.5012,11.9132,11.2362,10.5012,10.4132,9.88318,8.50118,7.73618,7.17818,6.17818,5.20718,3.97218,3.08918,3.17818,3.38318,2.50118,2.32518,3.03118,2.32518,0.03118,-1.08682,-0.79282,-0.08682,-0.05782,0.00118,0.47218,1.06018,2.50118,4.56018,5.06018,4.23618,3.73618
CO2_TUG_BCT2,2021-10-09,83,False,4,5.71482,6.71482,6.89182,6.27382,5.39182,5.74482,8.03882,11.0388,15.3328,21.8028,24.4498,23.2148,20.3028,18.3618,16.7738,15.3618,14.8028,14.5088,14.0678,14.0678,14.4498,14.4798,15.6858,19.2148,19.3918,15.7448,12.8328,11.4208,12.6268,13.7148,12.9208,10.4498,10.0088,11.5678,11.4208,9.89182,10.0678,10.1268,9.03882,8.12682,8.06782,8.36182,7.44982,5.36182,4.62682,4.53882,4.56782,5.12682,4.39182,2.21482
CO2_TUG_BCT2,2021-10-09,84,False,23,3.91376,3.03076,3.03076,4.17776,6.85476,11.8548,15.3838,16.4428,17.2368,18.6488,19.3548,19.3548,18.7078,17.7668,17.8838,17.2958,15.2368,13.7958,13.2078,12.6488,12.0018,11.5018,11.9138,11.8248,10.7078,9.79576,9.73676,10.1778,10.3838,10.1778,9.67776,9.08976,7.64876,5.58976,5.08976,6.06076,7.67776,9.85476,10.5898,10.7368,11.2368,11.8248,11.8548,10.5308,10.2368,10.5898,9.35476,8.03076,7.03076,6.94276
CO2_TUG_BCT2,2021-10-09,86,False,5,4.20658,3.88358,2.97158,2.85358,4.20658,6.35358,8.11858,13.1776,22.4126,27.3836,28.6776,27.5596,24.7946,24.0306,23.7656,22.4126,20.8836,19.4126,17.5306,17.0886,18.1476,18.9416,18.1186,16.2656,15.8836,15.0306,12.7946,12.0306,12.3536,11.8536,11.0886,9.61858,7.44158,6.00058,4.88358,3.97158,3.20658,3.23658,3.64758,4.14758,4.26558,3.35358,1.73658,2.73658,5.44158,4.70658,3.35358,2.94158,3.23658,3.91258
CO2_TUG_BCT2,2021-10-09,87,False,8,2.23658,3.32458,2.94158,1.55958,1.20658,3.94158,9.73658,13.8536,17.5006,20.5306,21.2066,19.4416,16.4126,15.2066,15.4416,15.2656,14.8246,15.1186,14.1776,11.8836,11.4416,11.9716,12.4416,12.1476,10.7656,9.11858,6.82458,3.94158,3.94158,4.64758,4.73658,4.55958,4.55958,5.23658,5.47158,5.29458,5.44158,4.94158,3.55958,2.82458,2.50058,2.00058,1.61858,1.82458,3.05958,4.20658,5.11858,4.55958,2.03058,-0.20542
CO2_TUG_BCT2,2021-10-09,90,False,13,4.24306,0.86006,-0.99294,0.74306,5.41906,8.59606,10.2721,12.2131,13.2431,14.0661,15.3011,14.5961,11.8901,10.7131,11.0071,11.2131,10.9481,10.0071,8.94806,9.39006,11.1841,11.9781,12.3311,13.4781,13.9481,13.8011,14.0071,13.9781,13.4481,12.5371,11.3311,11.1541,11.5961,11.1541,8.74306,6.91906,5.97806,6.91906,9.68406,11.0961,11.3601,12.0661,13.3601,13.1251,11.4781,11.6251,13.1541,12.8901,11.9191,9.94806
CO2_TUG_BCT2,2021-10-09,92,False,29,3.353,3.53,4.647,7.941,11.794,14.059,15.883,17.059,17.383,17.5,18.118,18.824,17.883,15.412,11.794,10.383,10.383,10.265,9.088,6.736,5.471,4.618,3.236,2.765,3.147,3.412,3.765,4.941,6.471,6.265,4.5,3.853,4.677,5.912,6.706,6.294,4,3.118,3.883,4.441,5.206,6.471,6.088,4.53,4.677,4.53,3.353,3.706,5.03,4.353
CO2_TUG_BCT2,2021-10-09,95,False,3,1.91258,3.91258,4.05958,1.85358,0.14858,0.97158,3.82458,6.14858,9.38358,13.2956,14.3246,13.1186,12.3836,12.0596,11.3836,9.50058,6.17758,4.64858,5.20658,5.67758,4.03058,4.61858,8.08958,9.08958,7.91258,7.88358,8.03058,7.85358,7.94258,6.97158,4.58958,2.97158,2.11858,2.17758,2.79558,3.53058,3.50058,3.08958,2.64858,2.82458,3.26558,2.82458,2.58958,2.53058,1.88358,1.91258,2.55958,1.38358,-0.44042,1.44258
CO2_TUG_BCT2,2021-10-09,96,False,2,3.58918,3.56018,2.88318,4.00118,6.76618,7.58918,8.82418,15.1192,25.8542,37.2662,50.3242,47.6482,27.5602,13.5892,13.0012,19.5012,23.8542,23.8542,20.8832,17.5602,16.0302,15.4132,15.0012,13.5602,10.7662,9.58918,9.97218,10.8542,11.8242,11.6192,11.5012,12.1482,12.7662,12.3242,10.8242,9.20718,7.47218,7.06018,7.82418,10.2072,13.3242,13.3832,10.7662,9.53018,9.35418,8.61918,7.94218,7.41318,7.26618,7.94218
CO2_TUG_BCT2,2021-10-09,97,False,29,9.8034,9.7154,11.0984,11.7154,11.1274,10.5394,11.2154,13.0984,14.3034,15.1274,15.7744,15.5094,14.1274,12.7454,12.4514,12.8924,13.3624,13.8624,14.0984,13.7454,10.6864,4.5984,1.7744,1.8624,2.0394,1.5984,0.5684,-0.4606,-0.7546,0.8924,1.9804,2.0684,1.7454,1.9804,3.8924,5.1564,5.0684,3.9214,3.4804,3.8334,3.8624,3.6564,4.0394,5.2454,6.2154,4.6274,3.8334,4.4804,3.9804,1.9214
CO2_TUG_BCT2,2021-10-09,99,False,18,8.09036,8.38436,8.88436,9.12036,9.14936,9.09036,8.82536,9.53136,12.3554,13.9434,14.0904,13.6204,12.6784,12.0614,10.8844,9.00236,8.70836,8.56136,7.76736,7.73736,6.97336,3.59036,2.67836,4.29636,4.53136,4.20836,4.23736,4.85536,5.56136,4.97336,5.26736,6.82536,7.23736,6.64936,5.73736,5.73736,6.62036,7.03136,6.53136,4.88436,3.03136,2.59036,3.67836,5.32536,6.06136,6.09036,5.67836,5.20836,5.67836,6.09036
CO2_TUG_BCT2,2021-10-09,100,False,2,2.9116,3.0586,2.2646,2.3236,3.6766,5.0886,6.5006,13.6176,28.1766,38.7646,46.1766,45.4706,37.4416,33.1766,32.0296,28.5006,22.0006,17.7356,15.0296,13.9416,13.0886,11.0006,10.1476,10.9416,12.0006,11.5586,9.5296,6.9706,3.7946,2.6476,2.8826,3.1476,3.0006,3.5006,4.7356,4.3526,2.7946,2.9706,3.1766,3.2646,4.5886,4.7646,3.3826,1.9706,0.4706,-0.0884,1.0586,3.8826,5.9416,6.0296
CO2_TUG_BCT2,2021-10-09,102,False,3,2.41434,1.09034,1.26734,2.56134,2.88534,2.73834,3.79634,5.73834,10.5323,17.0903,19.7963,19.6203,18.8263,17.1493,15.1493,13.2673,9.88534,6.14934,4.85534,5.20834,5.79634,5.82634,4.50234,4.29634,5.35534,5.64934,5.97334,6.91434,7.62034,8.14934,8.35534,8.17934,7.94334,8.20834,8.64934,9.06134,8.53234,6.67934,5.17934,5.70834,7.29634,7.12034,7.03234,7.82634,7.88534,7.47334,7.91434,7.97334,6.62034,4.53234
CO2_TUG_BCT2,2021-10-09,103,False,19,3.03136,3.00236,2.79636,2.56036,2.94336,4.20736,5.64936,5.26636,7.06036,11.9134,12.7664,9.09036,5.97236,4.61936,3.82536,3.82536,4.00236,4.06036,4.20736,3.97236,2.88436,2.85536,3.70736,3.53136,3.61936,4.50236,4.91336,4.50236,3.59036,3.32536,3.50236,3.26636,3.06036,2.97236,2.59036,2.35536,3.26636,3.76636,4.09036,5.17836,5.14936,3.82536,3.11936,3.03136,3.06036,3.32536,4.03136,4.59036,3.67836,1.38436
CO2_TUG_BCT2,2021-10-09,111,False,4,2.94258,3.08958,3.73658,3.11858,3.20658,4.61858,6.53058,12.0306,20.9126,26.0596,26.5596,22.4426,20.7366,22.1486,22.1186,20.1186,18.6186,17.5596,16.1186,15.3246,14.5306,13.2956,13.8536,15.4126,14.5596,14.0896,13.9426,11.8836,11.0306,11.6776,11.1776,9.11858,7.58958,6.32458,4.64858,4.17758,4.29558,4.17758,3.14858,1.97158,3.11858,3.94258,3.85358,4.00058,3.50058,2.29558,2.91258,4.94258,4.97158,4.70658
CO2_TUG_BCT2,2021-10-09,112,False,9,7.4706,8.2066,7.0596,8.1176,12.2066,14.2066,13.5296,11.7066,11.3236,12.8536,14.6176,14.4126,12.3826,10.9706,10.6176,10.4706,9.7066,9.2356,11.0296,11.5006,9.3236,6.7066,5.4416,4.9126,5.1476,6.0596,6.4706,5.9706,4.3236,2.5006,2.2066,3.1176,4.1176,5.5886,6.9416,7.0006,6.1176,5.7946,6.9126,9.2356,10.2356,10.3826,11.1176,11.7646,12.0596,11.8826,12.1476,12.9416,12.6476,12.2356
CO2_TUG_BCT2,2021-10-09,113,False,3,3.35534,3.17934,2.62034,2.38534,4.00234,5.91434,14.0613,31.5613,46.3553,59.6493,61.9143,52.5913,43.5913,40.3263,41.1793,44.8553,46.2083,45.0023,43.5913,40.6793,36.4733,34.5613,33.1493,29.9143,26.8853,23.7383,21.2673,18.2673,15.4433,14.3853,14.2673,14.2083,13.7383,12.8263,12.5913,13.0023,13.1793,12.6203,10.7383,8.29634,6.59134,5.23834,5.85534,7.88534,7.85534,7.09134,6.53234,6.14934,4.94334,2.64934
CO2_TUG_BCT2,2021-10-09,114,False,13,4.09154,3.09154,2.15054,4.17954,8.50354,14.7095,17.0915,16.2975,16.1505,16.8565,17.1205,15.4735,14.3855,14.2675,14.2385,12.5915,8.65054,7.15054,8.76754,11.0625,11.5915,10.8265,10.8565,11.9735,12.8265,12.4145,11.0325,10.2385,9.44454,8.09154,7.79754,8.17954,7.53254,5.65054,2.29754,0.00354,-0.17346,0.85654,2.41454,4.12054,3.94454,3.82654,4.44454,4.50354,4.79754,5.67954,5.79754,4.44454,2.38554,2.00354
CO2_TUG_BCT2,2021-10-09,115,False,13,0.91336,-0.40964,0.56036,2.32536,4.29636,8.61936,14.5314,19.1194,23.7964,26.9434,28.3844,26.9724,24.0024,19.6194,16.7664,15.8254,15.1784,13.9134,11.2964,8.91336,7.94336,8.09036,9.23736,9.67836,9.32536,9.41336,10.5604,12.0904,11.7964,9.29636,7.09036,7.44336,9.67836,10.7664,11.6194,13.5904,13.5604,11.4134,10.6194,10.7074,9.70736,8.67836,8.35536,9.20736,9.14936,7.97236,8.23736,8.85536,6.91336,6.88436
CO2_TUG_BCT2,2021-10-09,116,False,18,3.23854,2.82654,3.59154,5.91554,7.73854,7.88554,7.23854,7.44454,9.26854,12.6205,14.3855,14.1205,12.5915,12.4155,12.5325,10.2685,9.44454,10.5325,10.3855,9.29754,9.65054,9.23854,6.97354,5.20954,5.56254,7.35654,8.03254,7.44454,6.82654,7.17954,7.85654,7.03254,5.47354,3.62054,3.62054,5.38554,6.38554,6.94454,7.65054,7.73854,8.26854,9.53254,9.32654,7.76854,7.32654,7.67954,8.17954,8.26854,7.12054,4.88554
CO2_TUG_BCT2,2021-10-09,117,False,14,5.3236,5.5886,8.0296,12.0886,13.6766,13.2356,12.3826,13.0006,16.0006,19.1766,19.4706,17.2646,15.2646,13.7356,11.9116,11.8826,13.4116,13.8236,13.0886,10.9416,8.1766,7.4116,8.0886,7.6766,6.3236,6.1766,5.4416,3.8536,4.0006,3.8536,2.6476,2.8536,4.4116,4.8826,4.7356,4.4706,3.9416,3.2356,2.2066,1.2646,0.2646,-0.1764,0.0886,1.2646,2.8826,3.3826,2.9416,2.3826,2.5886,4.3536
CO2_TUG_BCT2,2021-10-09,118,False,6,2.44258,2.67758,4.03058,4.91258,6.58958,10.8246,15.2956,18.7656,23.2066,28.7066,33.8836,31.6186,28.0306,26.4716,27.7066,29.2066,30.2656,30.2656,27.9716,23.9426,21.7066,20.2956,18.6186,17.6486,17.0596,16.5306,15.5596,14.4716,14.7366,16.5596,18.0896,17.7066,15.7956,14.2956,13.9426,15.3836,14.9426,12.7366,12.8246,12.3836,10.2656,9.94258,10.9716,10.4716,9.67758,9.35358,9.44258,8.47158,6.23658,5.70658
CO2_TUG_BCT2,2021-10-09,119,False,29,7.41846,5.94746,4.06546,3.56546,5.59446,9.80046,11.6835,11.5655,12.0065,13.1535,13.3005,12.5945,12.3305,13.8305,13.7415,11.5655,10.5945,10.6835,10.3305,9.30046,8.33046,9.24146,9.83046,9.30046,7.68346,5.06546,4.24146,5.15346,6.35946,5.88846,5.30046,5.21246,5.21246,5.21246,5.24146,5.41846,5.41846,4.62446,3.47746,2.12446,2.33046,3.88846,4.38846,4.50646,4.91846,5.00646,5.27146,6.41846,6.85946,6.47746
CO2_TUG_BCT2,2021-10-09,120,False,6,7.35594,5.41394,5.32594,5.20794,4.35594,4.67894,5.76694,7.94394,14.2669,25.4139,30.2969,28.4439,23.9439,22.0319,21.7379,21.1789,19.9139,17.2969,15.0609,15.0609,15.9139,14.8849,13.3559,11.7969,10.7969,9.76694,8.73794,9.38494,11.4439,12.0609,11.2669,9.85594,9.41394,10.0319,10.6199,9.88494,7.56094,5.76694,5.88494,7.09094,6.64994,4.61994,3.94394,4.17894,3.97294,2.88494,2.91394,4.06094,3.44394,1.41394
CO2_TUG_BCT2,2021-10-09,125,False,3,1.88612,2.71012,3.62212,5.79812,9.06312,8.94512,7.50412,10.8571,15.5341,20.2981,20.4751,16.0631,12.9751,12.0631,12.0041,12.5341,11.5631,8.85712,7.79812,7.62212,6.23912,5.59212,5.94512,6.12212,5.68112,4.68112,3.79812,3.26912,3.71012,3.85712,3.21012,2.56312,2.76912,3.79812,5.03412,5.56312,3.73912,3.00412,4.47512,6.35712,7.12212,7.18112,6.91612,6.21012,5.56312,5.85712,7.47512,9.26912,9.32812,8.18112
CO2_TUG_BCT2,2021-10-09,126,False,0,2.61918,2.67718,4.26618,6.11918,6.64818,6.23618,7.23618,18.5012,43.7362,70.0012,94.5302,92.7952,76.6192,54.5892,37.7662,20.9722,9.11918,6.61918,8.14818,8.14818,5.94218,2.26618,1.64818,4.47218,6.85418,6.17718,3.91318,4.23618,5.67718,7.08918,6.79518,4.53018,2.61918,2.03018,3.38318,6.88318,8.50118,8.14818,6.85418,4.00118,1.35418,1.70718,4.32518,5.03018,3.79518,3.17718,3.82518,5.47218,6.56018,6.17718
CO2_TUG_BCT2,2021-10-09,127,False,10,4.088,3.794,4.823,9.206,14.206,18.382,23.382,26.559,29.206,31.706,31.853,29.147,25.441,22.529,19.617,18.882,19.882,20.088,19.588,18.147,16,14.794,14.382,15.412,17.029,15.97,14.059,12.265,11.735,11.382,10.382,9.206,7.735,7,6.765,7,8.147,8.588,8.147,7.265,4.882,1.647,0.706,1.941,3.441,4.676,5.912,4.853,2.117,2
CO2_TUG_BCT2,2021-10-09,131,False,16,3.47218,5.23618,5.08918,3.53118,3.11918,3.70718,4.88318,7.11918,11.4132,14.9132,15.8252,15.5312,15.6192,15.3542,13.3542,11.3542,9.79518,9.76618,9.94218,10.0012,10.5312,9.56018,6.91318,6.47218,8.41318,9.82518,10.1782,10.2072,10.1192,9.41318,7.94218,6.61918,4.41318,1.73618,1.67818,3.94218,5.47218,5.61918,4.20718,3.29518,2.94218,2.56018,3.03118,4.47218,5.53118,5.61918,4.35418,4.58918,6.35418,6.56018
CO2_TUG_BCT2,2021-10-09,132,False,7,2.76794,2.76794,2.59094,2.62094,3.09094,4.03294,4.97394,8.79694,16.3269,20.0619,20.2969,19.7969,19.2679,18.2969,16.9439,15.2379,14.0029,15.7969,16.5619,15.2379,13.5619,11.3559,10.0029,10.1209,11.1499,12.4739,13.7089,13.1499,12.0029,11.6799,13.2969,14.1499,13.7089,12.5329,10.6209,9.62094,9.09094,8.62094,9.09094,9.50294,9.44394,8.67994,8.20894,10.0029,10.7379,10.6799,12.1499,11.8269,9.17994,8.00294
CO2_TUG_BCT2,2021-10-09,139,False,10,3.06076,5.44376,6.79676,9.70776,14.6788,17.2968,17.9438,17.3848,16.7078,18.0908,18.5908,15.6788,10.0318,5.53176,1.56076,0.59076,2.00176,2.64976,3.85476,5.94376,5.85476,4.61976,3.14976,2.64976,2.79676,2.59076,2.56076,2.53176,1.79676,1.11976,0.61976,0.67876,1.59076,2.73776,2.97276,2.32576,1.67876,1.88476,2.85476,3.85476,5.32576,6.70776,6.94376,6.06076,4.94376,4.91376,5.79676,6.35476,7.11976,8.44376
CO2_TUG_BCT2,2021-10-09,140,False,9,2.353,3.235,3.5,3.323,3.588,4.206,6.118,9.353,12.206,15.029,15.147,13.441,13.882,14.323,13.265,11.706,11.676,12.97,13.412,12.794,11.97,10.765,8.706,6.676,4.912,5.059,4.941,3.853,3.647,4.029,4.5,4.441,3.529,2.412,2.412,3.529,4.441,4.5,4.059,3.735,3,1.735,2.265,5,6.882,5.618,1.941,0.323,0.794,1.588
CO2_TUG_BCT2,2021-10-09,154,False,6,3.764,2.823,2.147,3.206,5.47,5.941,5.441,11.176,25.911,37.117,39.323,34.706,26.47,19.088,11.117,7.353,6.882,6.882,6.794,6.088,4.647,3.706,3.147,2.941,3.147,3.558,3.323,2.411,1.882,1.353,0.411,0,0.411,1.264,1.117,0.47,1.088,1,-0.177,0.235,2.029,2.264,1.941,1.882,1.853,1.617,1.235,1.853,4.411,7.294
CO2_TUG_BCT2,2021-10-09,155,False,2,7.0047,6.2107,4.1817,5.5347,6.4757,5.7697,6.0637,10.7107,19.5637,24.7397,25.5047,22.5047,21.0047,21.3577,19.1817,13.5927,9.9757,8.3867,6.2107,4.0047,2.5047,1.1227,1.3287,2.8867,3.3287,3.0047,2.7397,2.9757,3.1817,3.1817,3.0347,3.2697,4.3577,4.4167,3.7987,4.3577,3.7987,1.5047,0.1517,0.0047,0.6817,0.9757,1.2697,2.4457,3.1227,3.2697,3.7107,4.4167,4.4167,4.1517
CO2_TUG_BCT2,2021-10-09,170,False,3,2.91964,2.21364,1.53764,1.50764,1.88964,1.77264,1.80164,4.33164,14.1546,32.1546,40.9486,40.8896,38.2136,34.5956,30.4486,30.2726,31.5956,32.5376,31.8896,30.0666,29.7136,29.0376,26.7426,24.3896,20.0376,12.4486,8.47864,6.36064,3.00764,0.94864,0.27264,0.77264,1.41964,2.12564,3.88964,7.68464,11.0956,13.0956,14.6256,14.6256,14.2726,14.0956,13.1546,11.2726,10.3606,10.4786,10.9486,11.1546,10.9786,10.7426
CO2_TUG_BCT2,2021-10-09,171,False,3,4.56136,5.20836,4.47236,3.50236,3.23736,3.41436,3.26736,3.97236,7.00236,10.9434,12.2084,11.4724,10.7674,8.82536,5.14936,3.94336,4.88436,5.11936,4.97236,4.79636,3.76736,2.59036,3.76736,4.82536,5.20836,5.53136,4.59036,2.26736,1.11936,1.20836,1.79636,2.97236,4.88436,5.79636,5.67836,5.14936,4.47236,3.73736,3.82536,4.64936,5.61936,5.29636,4.20836,2.85536,3.06136,4.61936,4.97236,3.88436,1.73736,0.38436
CO2_TUG_BCT2,2021-10-09,190,False,4,3.23658,4.79558,5.35358,4.11858,3.55958,4.64858,7.76558,15.8536,34.5896,52.6776,53.9126,42.2956,31.1776,19.6186,13.7656,14.7066,18.4126,19.5306,18.8536,17.7366,16.4126,15.1776,15.5896,15.5596,13.5306,10.7066,9.47158,9.41258,10.0596,11.0006,10.7066,9.85358,8.85358,8.47158,9.11858,10.4426,10.5896,10.4426,12.0306,12.4716,10.2656,6.85358,4.44258,2.41258,1.76558,2.58958,3.64858,3.20658,1.35358,0.26558
CO2_TUG_BCT2,2021-10-09,204,False,5,2.97218,2.67818,3.61918,4.26618,4.29518,3.85418,3.14818,3.64818,7.85418,16.1192,20.4132,19.7362,16.8542,14.7662,13.4132,13.2362,13.6782,13.2362,10.7362,8.20718,5.67818,4.50118,4.35418,4.47218,5.38318,7.03018,7.50118,7.38318,7.32518,7.20718,7.67818,9.26618,9.70718,8.88318,8.38318,8.08918,7.58918,7.14818,6.88318,7.11918,7.32518,7.38318,7.67818,8.61918,9.76618,10.0012,9.35418,8.47218,7.06018,6.32518
CO2_TUG_BCT2,2021-10-09,206,False,9,1.3287,0.9167,1.7107,1.9167,1.2697,0.7987,2.7107,8.7987,15.3877,17.9757,18.2697,18.2407,18.0047,17.6227,17.9167,17.8877,15.6227,13.1227,10.7107,10.2697,10.3577,7.9457,5.8287,3.7407,1.5047,1.4457,3.1817,3.8287,3.0047,1.9457,2.3577,3.9457,4.4167,4.2987,4.2987,4.5347,5.0047,5.3287,5.8877,5.8877,3.8577,3.2407,4.5937,6.1817,7.6817,7.6517,7.0047,6.0047,4.8287,4.3287
CO2_TUG_BCT2,2021-10-09,217,False,12,2.64758,3.64758,3.41258,3.03058,3.11858,4.35358,7.17758,9.61858,12.7656,17.5306,19.1186,18.5006,17.5006,17.0596,17.2366,17.5596,16.6186,14.2956,12.8836,10.8536,7.14758,5.88358,7.76558,10.4426,10.6476,9.61858,10.7656,11.5596,11.1186,9.91258,7.76558,6.41258,6.50058,7.17758,7.08958,6.20658,4.73658,3.88358,4.03058,5.14758,5.38358,4.76558,4.76558,4.94258,5.05958,5.64758,6.11858,4.94258,3.97158,2.91258
CO2_TUG_BCT2,2021-10-09,220,False,4,4.00412,4.97512,5.50412,5.79812,4.53412,2.44512,3.94512,11.6511,27.5631,39.6811,40.7101,34.8871,27.3871,16.4451,8.68112,6.50412,6.53412,6.91612,6.44512,5.00412,3.88712,3.32812,3.79812,4.12212,3.47512,2.21012,2.68112,4.94512,6.03412,5.47512,4.06312,3.38712,3.53412,4.00412,4.24012,4.26912,4.38712,5.32812,7.09312,7.26912,6.91612,8.74012,9.56312,8.74012,7.62212,5.21012,2.06312,1.82812,4.47512,6.59312
CO2_TUG_BCT2,2021-10-09,265,False,5,1.38258,3.76558,5.00058,5.47158,4.70658,2.38258,0.61858,1.23558,5.17758,10.2066,11.2656,9.14758,7.55958,5.52958,2.38258,0.32458,-0.55842,0.26558,1.82458,3.58858,3.08858,1.55958,3.17758,4.38258,4.11858,3.85358,3.58858,3.20658,3.61858,4.52958,4.20658,3.11858,1.64758,1.05958,1.91258,3.76558,4.55958,4.91258,6.08858,6.61858,5.52958,3.23558,2.52958,3.38258,4.26558,4.79458,4.32458,3.88258,3.58858,3.11858
CO2_TUG_BCT2,2021-10-09,282,False,3,3.97276,2.32576,2.53176,2.85476,2.53176,3.03176,6.06076,11.9428,23.3258,40.7668,46.5608,43.5018,37.9138,33.5018,28.4728,23.7368,19.9728,15.3258,12.6198,11.1788,9.11976,7.00176,4.53176,3.32576,3.11976,4.06076,6.67876,8.29576,8.91376,9.03176,9.53176,11.2078,12.2368,11.8838,10.3548,10.3838,12.3258,14.5018,16.0318,14.4728,11.9428,8.47276,5.38376,4.06076,3.67876,4.97276,7.29576,6.97276,5.53176,4.00176
CO2_TUG_BCT2,2021-10-09,285,False,12,2.294,4.735,6.412,7.735,8.588,8.294,7.853,9.118,10.676,12.147,12.265,10.471,8.176,7.529,7.412,6.059,5.647,6.353,5.941,4.588,4.588,4.941,5,5.176,6.588,9.324,10.088,9.324,9.5,9.412,8.382,6.824,5.118,5.265,5.206,4.588,5.294,5.912,5.853,4.735,2.853,2.412,1.324,-0.029,2.088,3.765,3.971,3.765,3.529,3.765
CO2_TUG_BCT2,2021-10-09,294,False,8,7.38652,7.47452,6.82752,6.85652,8.23952,12.7095,20.7685,24.7095,24.9155,25.3865,27.5625,27.5035,24.7685,22.4445,19.2095,15.2095,13.4445,13.0035,12.5625,12.5625,13.0335,13.4745,13.7395,13.4745,12.9445,11.7395,10.0335,8.82752,7.76852,7.00352,6.00352,4.85652,4.50352,4.20952,3.15052,3.41552,5.15052,5.59252,4.53352,3.56252,3.03352,2.53352,2.44452,3.59252,5.79752,5.68052,2.53352,-0.31948,0.23952,3.35652
CO2_TUG_BCT2,2021-10-09,295,False,19,25.9132,28.3542,29.7952,30.3832,30.8542,30.7952,29.8832,28.8832,29.7952,32.4722,33.0302,30.6192,27.6192,26.8242,27.6192,28.0892,28.1482,28.0892,27.6482,26.9422,26.7952,25.4722,20.5602,14.2952,12.2662,13.0892,11.7072,7.79518,6.14818,5.94218,4.56018,1.79518,0.85418,1.61918,2.17718,2.94218,4.35418,5.00118,4.61918,3.76618,4.00118,5.23618,5.17718,4.79518,6.50118,6.41318,4.00118,2.94218,2.06018,0.32418
CO2_TUG_BCT2,2021-10-09,315,False,7,4.67816,4.09016,3.14916,3.44316,4.29616,5.26616,6.17816,11.1782,21.9132,28.1192,28.3252,23.3252,16.4132,7.61916,3.59016,3.29616,3.11916,3.35416,4.03116,4.06016,4.11916,4.44316,3.79616,2.41316,2.53116,3.79616,5.50116,5.88416,5.06016,3.70716,3.67816,4.76616,5.00116,4.85416,4.94316,5.73716,6.44316,5.06016,4.26616,4.82516,5.47216,5.26616,4.47216,4.82516,5.70716,4.85416,4.56016,4.44316,2.35416,1.26616
CO2_TUG_BCT2,2021-10-09,316,False,12,5.14818,4.20618,3.76518,3.94218,4.41218,4.64818,4.91218,6.91218,11.6182,15.2952,15.7652,14.5012,14.0012,14.1482,13.8242,13.0592,12.7952,14.2362,13.6772,10.3832,7.61818,5.53018,5.20618,4.94218,4.53018,5.67718,6.29518,5.82418,4.58918,2.20618,0.44218,0.88318,3.41218,5.70618,6.05918,5.17718,4.41218,3.41218,2.29518,2.26518,3.14818,3.55918,3.17718,2.47118,2.38318,1.85318,0.44218,-0.38182,0.00118,1.70618
CO2_TUG_BCT2,2021-10-09,317,False,16,3.00118,3.14818,2.91218,2.91218,4.53018,7.82418,9.47118,9.67718,9.76518,10.4712,11.7952,11.7652,10.2062,9.11818,9.50118,10.9122,11.7652,11.6182,10.4712,10.0012,10.1482,9.88318,9.44218,8.91218,8.44218,7.94218,7.70618,7.67718,7.73618,8.03018,7.55918,5.29518,4.53018,4.82418,3.61818,2.53018,2.00118,2.11818,2.08918,0.85318,1.32418,3.55918,4.05918,4.00118,4.38318,4.50118,5.00118,6.58918,7.08918,6.73618
CO2_TUG_BCT2,2021-10-09,318,False,3,5.24148,4.71148,2.88848,2.80048,4.30048,6.71148,8.38848,12.5355,20.7115,25.9765,28.1235,27.0355,24.8595,22.2705,20.3595,18.5645,17.2415,15.7415,13.3595,12.0945,11.2415,9.97648,10.3295,11.6535,10.8295,8.97648,6.03548,3.24148,2.41748,2.80048,3.27048,3.77048,4.00648,3.97648,3.50648,2.47648,1.30048,0.00648,0.62348,2.65348,2.71148,2.65348,3.50648,3.85948,2.97648,1.27048,1.65348,3.65348,3.59448,2.62348
CO2_TUG_BCT2,2021-10-09,326,False,15,3.44746,4.03646,5.68346,7.03646,8.77146,11.9475,15.9185,21.0365,23.3885,25.1835,27.5065,26.4185,24.0655,21.5945,20.9775,22.4775,24.3305,24.8885,24.7415,24.8885,24.3885,22.9775,21.7415,18.8305,13.7415,10.1835,7.53646,6.35946,6.21246,6.09446,5.24146,4.06546,4.53646,5.00646,4.15346,2.27146,1.33046,1.33046,2.15346,3.09446,2.18346,1.56546,1.68346,1.59446,2.56546,4.74146,4.71246,2.27146,0.74146,1.30046
CO2_TUG_BCT2,2021-10-09,327,False,12,3.15346,5.33046,4.56546,1.85946,1.00646,2.47746,4.65346,7.97746,14.4185,19.9185,20.6835,18.5945,17.9475,19.2125,20.5065,20.0365,17.7415,15.7715,14.4775,13.0065,12.3595,12.7415,13.6535,13.8885,13.4775,13.0655,11.6245,8.80046,7.50646,8.27146,10.2125,11.4475,11.0945,8.88846,8.65346,10.3595,10.5655,10.0065,9.41846,8.71246,7.74146,7.35946,8.00646,9.35946,9.71246,9.80046,11.1835,11.7715,10.9475,9.77146
CO2_TUG_BCT2,2021-10-09,328,False,3,2.59194,4.14994,3.94394,3.67994,4.53294,6.50294,13.3559,26.9439,39.4739,50.1499,50.2089,47.9739,46.6209,43.0029,38.5919,32.7679,26.5329,16.7969,7.97394,5.56194,6.14994,5.20894,4.38594,4.47394,5.97394,8.09194,7.29694,5.82694,5.91494,8.38594,9.00294,7.12094,4.64994,2.17994,2.41494,3.12094,3.00294,2.56194,2.56194,2.91494,2.41494,0.79694,-0.32006,-0.14406,1.00294,1.82694,1.17994,-0.61406,-1.05606,0.00294
CO2_TUG_BCT2,2021-10-09,371,False,22,2.9416,3.3826,3.5296,2.8826,2.2946,2.9706,5.0586,8.0586,13.3536,18.2356,20.8826,20.5886,15.1766,10.1766,6.0296,4.3536,4.3536,4.1766,4.5586,6.4116,8.6766,8.9706,7.7066,7.1766,7.0886,6.3236,5.4116,4.4116,4.0296,4.6766,6.0296,6.2356,5.1476,4.0586,2.7066,1.2646,2.0006,3.0296,3.4706,2.6766,1.5296,2.6476,3.2646,2.9416,3.3826,3.5586,3.1766,3.1766,3.6176,3.7646
CO2_TUG_BCT2,2021-10-09,380,False,12,6.62094,8.06194,7.97294,7.20894,5.20894,5.00294,6.70894,7.59094,8.64994,11.1499,11.7379,9.79694,7.47294,5.03194,1.67894,0.23794,0.26794,0.03194,-0.14406,0.06194,0.47294,0.23794,-0.55606,0.00294,2.53194,4.70894,4.17894,1.91494,1.56194,2.79694,4.67894,5.06194,3.53194,1.79694,2.06194,3.14994,2.09094,2.00294,3.79694,5.17894,6.00294,5.94394,5.26794,4.06194,3.06194,2.29694,1.47294,2.17894,4.47294,5.67894
CO2_TUG_BCT2,2021-10-09,389,False,6,4.23658,6.05958,7.88358,7.35358,4.17758,2.32458,5.67758,14.4426,25.0306,38.7066,44.8246,41.5896,31.7066,22.7656,16.3246,9.67758,8.14758,7.91258,6.35358,6.73658,8.73658,8.79458,8.73658,9.61858,10.1776,9.53058,7.53058,7.41258,9.85358,12.0596,11.7656,9.97158,9.70658,9.79458,9.50058,10.0596,10.7366,9.35358,8.53058,8.82458,8.91258,9.17758,10.2366,9.94258,7.91258,6.41258,5.35358,3.97158,3.64758,3.79458
CO2_TUG_BCT2,2021-10-09,391,False,2,-0.55372,1.68228,4.09328,3.77028,1.53528,1.32928,3.74128,9.18228,20.7413,41.4763,54.4173,53.9173,46.3293,39.6823,31.6823,24.4173,21.7993,20.5643,17.7703,14.7113,11.0053,8.82928,7.91728,6.97628,6.59328,5.82928,3.77028,3.09328,3.88828,4.24128,3.35828,1.50528,0.79928,1.15228,1.47628,2.21128,3.59328,4.18228,4.74128,6.27028,6.21128,4.21128,2.79928,2.44628,2.50528,3.15228,4.09328,3.82928,3.24128,2.94628
CO2_TUG_BCT2,2021-10-09,417,False,4,4.71188,5.91788,5.03588,2.29988,1.65288,3.03588,9.21188,20.6239,30.5649,40.6239,45.0649,43.5359,38.9469,33.7999,26.2419,20.1529,18.3889,18.4769,17.2419,13.9769,11.5359,10.1829,8.59388,6.94688,4.97688,3.97688,3.53588,3.77088,5.85888,8.62388,12.0939,14.0649,15.4469,16.9769,16.6829,14.1829,11.7119,9.94688,8.06488,7.74188,8.32988,7.56488,6.41788,4.91788,3.56488,3.50588,4.41788,5.12388,5.65288,5.82988
CO2_TUG_BCT2,2021-10-09,432,False,10,1.88416,3.82516,5.20716,6.03116,6.11916,6.61916,7.76616,8.23716,9.97216,13.6492,15.0602,14.3542,13.6492,11.7962,8.73716,8.17816,7.94316,6.64916,6.06016,5.50116,3.91316,3.50116,4.56016,5.50116,5.79616,5.91316,6.47216,6.70716,5.11916,4.64916,6.61916,9.41316,10.4132,9.85416,7.91316,5.53116,6.35416,6.61916,5.14916,4.56016,3.73716,1.88416,1.00116,1.35416,2.29616,2.91316,4.14916,6.50116,7.67816,7.73716
CO2_TUG_BCT2,2021-10-09,502,False,3,1.76578,2.20678,3.11878,3.38378,3.20678,3.47178,3.91278,4.64878,6.76578,10.5598,12.4128,12.2368,10.3538,7.20678,5.05978,3.50178,3.03078,3.41278,3.58978,3.20678,2.73678,3.20678,3.61878,3.64878,3.35378,2.41278,1.29578,1.29578,2.41278,3.32478,3.38378,2.88378,2.20678,1.47178,1.64878,3.08978,4.76578,3.82478,2.82478,2.79578,3.64878,4.82478,4.38378,4.03078,4.38378,4.47178,4.73678,5.88378,6.23678,5.14878
CO2_TUG_BCT2,2021-10-09,506,False,7,4.59252,4.32752,4.65052,4.85652,3.23952,2.94552,7.73952,17.3275,25.1215,31.9155,32.3275,26.6215,22.7985,21.4155,19.7095,17.8565,17.3275,17.7685,18.4745,19.4455,19.8565,19.6215,20.0925,21.8865,18.7685,9.94552,4.97452,3.23952,2.32752,2.26852,2.70952,2.88652,2.44552,1.50352,1.03352,0.97452,1.18052,2.82752,6.12152,7.79852,8.23952,8.62152,8.09252,6.23952,4.53352,3.53352,2.76852,2.82752,3.47452,4.44552
CO2_TUG_BCT2,2021-10-09,511,False,8,5.5,5.294,4.177,3.824,3.383,4.353,9.236,13.353,16.559,18.177,18.589,18.147,16.206,12.177,9.03,7.412,5.853,4.736,4.177,4.677,5.412,6.647,8.089,7.177,4.177,3.971,5.412,3.912,3.647,5.794,7.03,7.647,8.353,7.059,4.294,4.294,5.03,5.383,5.765,5.294,4,4.03,5.589,6.765,7.118,7.383,7.883,8.353,8.794,8.471
CO2_TUG_BCT2,2021-10-09,521,False,8,1.41494,1.67994,1.76794,2.26794,3.38594,7.64994,14.7979,19.0029,22.0029,24.9739,25.5329,24.0029,21.0329,15.5329,11.0029,9.09194,7.97394,7.23894,6.47394,5.85594,6.12094,6.09194,3.97394,2.64994,2.50294,2.79794,3.73894,4.94494,5.62094,5.67994,5.12094,5.85594,8.00294,8.03294,6.06194,5.44494,6.12094,6.62094,5.32694,3.53294,1.50294,0.29794,-0.52606,-1.11406,-0.43806,1.41494,2.38594,2.73894,3.14994,3.03294
CO2_TUG_BCT2,2021-10-09,538,False,10,3.38436,8.82536,13.4724,16.3254,19.6194,23.2084,25.2664,21.4434,20.0314,23.6194,27.0314,25.5604,19.9434,16.1784,13.9434,12.9724,12.6784,12.6784,13.3254,13.2964,12.4724,12.5314,13.8844,15.0604,13.7374,10.2664,8.79636,8.32536,7.53136,7.88436,8.76636,7.85536,7.35536,8.41336,9.94336,9.73736,8.11936,8.50236,10.5024,10.5024,10.0904,10.9434,12.6194,11.9134,8.85536,8.09036,9.29636,9.35536,9.47236,10.3554
CO2_TUG_BCT2,2021-10-09,545,False,26,8.38652,9.76852,11.1805,11.7095,11.7685,11.8275,12.2975,13.2395,13.7975,14.5625,15.8865,15.8865,14.5625,13.8275,13.5035,12.9745,12.0925,9.70952,6.32752,4.15052,2.68052,2.88652,4.44452,4.94452,5.06252,5.50352,5.79752,6.12152,5.65052,3.47452,3.53352,6.26852,8.32752,9.44452,9.23952,9.09252,9.47452,9.41552,8.50352,7.32752,6.73952,5.97452,4.65052,4.65052,5.82752,5.44452,3.88652,4.12152,4.70952,5.03352
CO2_TUG_BCT2,2021-10-09,550,False,8,3.5637,4.7107,5.1517,4.6807,3.7987,2.8287,3.4167,6.7107,13.1227,17.3577,18.4167,18.3577,16.9757,12.9757,8.4457,6.1517,4.7697,3.8867,4.0637,4.9167,4.8867,3.7697,2.8287,2.4757,1.9757,1.0637,0.8287,1.2397,1.6517,3.0927,5.7987,6.2987,4.8287,4.2987,3.9457,2.9757,1.9757,0.5047,-0.7603,-0.2603,0.8577,-0.2303,-0.5543,0.7397,1.7107,2.5047,3.1807,3.2107,2.7697,2.5927
CO2_TUG_BCT2,2021-10-09,551,False,7,1.38534,3.35534,5.00234,5.56134,5.56134,5.26734,6.32634,13.3853,24.2083,29.5613,30.8263,29.1793,25.0913,23.5913,24.0323,23.1203,20.7083,16.1493,12.0023,9.44434,6.97334,6.00234,6.09134,5.88534,5.79634,5.29634,3.67934,3.00234,3.47334,4.59134,6.03234,5.88534,4.56134,3.79634,5.67934,5.29634,2.00234,2.17934,5.70834,6.85534,6.41434,5.94434,6.29634,8.14934,10.3553,10.1793,7.94434,6.88534,7.67934,9.35534
CO2_TUG_BCT2,2021-10-09,600,False,6,1.67718,-0.11682,-0.23482,2.00118,4.85418,8.17718,13.9422,18.9712,21.3542,22.9422,23.4712,22.1482,19.2362,16.9122,13.6772,9.79518,9.00118,10.5602,10.5892,9.06018,8.73618,9.97118,11.8832,12.0602,11.2652,10.3832,10.9122,13.2072,15.0012,14.7072,11.9422,8.56018,8.23618,10.1772,9.50118,6.11818,4.70718,4.61818,3.94218,2.70718,3.41218,6.06018,6.76518,5.53018,4.79518,4.41218,3.47118,2.38318,2.58918,3.79518
CO2_TUG_BCT2,2021-10-09,714,False,24,5.82596,5.38496,5.03196,5.41396,5.70796,6.20796,7.29696,9.23796,14.003,19.738,21.15,19.797,19.738,17.944,13.385,11.503,12.003,11.326,9.26696,8.59096,8.91396,9.35496,9.06096,7.67896,6.14996,4.64996,2.47296,1.14996,1.50296,2.85496,3.32596,2.94396,2.53196,1.26696,-0.14504,1.23796,2.23796,1.88496,1.20796,0.47296,0.50296,1.03196,2.47296,4.61996,5.82596,6.23796,5.03196,2.00296,0.17896,0.32596
CO2_TUG_BCT2,2021-10-09,719,False,11,5.53058,3.55958,3.76558,6.03058,7.64858,9.91258,13.3246,14.3246,14.7656,17.9426,19.0006,17.2366,15.1486,12.9126,12.1486,11.7656,10.8536,10.3536,10.0596,9.35358,7.29558,3.97158,3.14858,4.26558,5.73658,5.76558,5.64858,5.97158,5.47158,3.85358,2.79558,3.23658,3.67758,1.88358,1.29558,2.50058,3.00058,2.85358,3.03058,2.73658,1.58958,0.70658,0.88358,1.79558,2.29558,2.58958,2.97158,2.53058,1.38358,1.26558
CO2_TUG_BCT2,2021-10-09,722,False,18,26.5088,26.1258,22.2148,18.1558,14.6258,15.1258,16.7728,19.7728,24.8318,28.1558,30.1848,29.9498,27.7148,26.3618,24.6558,20.6558,16.8028,14.7438,13.2148,12.7148,12.8618,12.6848,12.8908,13.3318,12.9788,13.5088,15.4498,17.3028,19.0668,19.4498,18.5968,16.9198,15.7728,15.6848,16.0968,15.9788,14.5968,12.3028,9.94984,7.24384,6.41984,7.41984,9.21484,9.15584,6.91984,5.18484,5.74384,7.80284,8.36184,7.09684
CO2_TUG_BCT2,2021-10-09,758,False,4,2.88552,1.35652,1.38552,3.15052,4.35652,6.59152,11.7975,22.0625,40.9155,54.6505,57.5035,55.5035,54.2385,54.7975,56.8565,57.0625,52.5035,44.2975,38.8275,34.7685,30.9445,27.4445,27.8565,28.4445,27.2095,25.5335,22.8855,18.6805,17.0625,16.5625,14.0335,13.2095,16.0625,20.6505,21.8855,20.2685,18.9745,16.0335,10.2685,6.56252,4.79752,4.70952,4.35652,2.97452,2.00352,1.20952,0.53352,0.47452,0.68052,0.47452
CO2_TUG_BCT2,2021-10-09,854,False,8,-0.75028,0.77872,1.48472,4.98472,22.6027,53.6907,79.3377,104.897,122.809,138.603,146.809,130.868,83.6027,39.6907,21.3087,13.3377,8.72072,5.74972,5.69072,7.42672,8.92672,7.57372,6.80872,7.48472,7.30872,6.42672,6.60272,6.57372,6.16172,6.54372,6.24972,4.89672,4.04372,2.77872,0.63172,1.01472,3.45572,3.66172,2.92672,2.36772,2.01472,1.04372,-0.75028,-0.83828,1.63172,4.66172,5.69072,5.33772,5.01472,5.69072
CO2_TUG_BCT2,2021-10-09,1003,False,7,5.3826,4.1176,4.5006,6.0586,5.8826,5.7946,7.3526,14.0006,29.5886,43.1476,43.1766,31.2356,19.7356,15.8826,15.7646,14.7946,12.2356,10.4416,8.9706,7.2946,7.3526,6.5006,3.8236,2.9416,4.1766,5.5586,5.8826,5.7056,5.8826,5.6176,4.7946,4.8236,4.5296,2.0886,1.5006,2.0006,0.0006,-0.5584,1.1176,2.1176,2.7056,3.6766,4.2946,4.1176,3.2356,4.9116,9.2646,9.5006,5.5586,3.5006
CO2_TUG_BCT2,2021-10-09,1024,False,19,19.1488,17.6788,18.0608,19.3548,22.2078,24.9428,25.3838,24.7958,25.6488,27.4428,29.2958,25.5318,14.3838,5.91376,3.32576,2.14876,0.29576,-0.41024,0.03176,0.91376,1.88376,1.58976,0.76676,0.00176,0.03176,0.44276,0.97276,1.56076,3.00176,5.06076,5.56076,4.73676,4.32576,4.73676,5.58976,5.26676,3.20776,1.06076,0.03176,-0.43924,0.00176,1.14876,1.38376,1.23676,1.20776,1.26676,1.73676,2.61976,2.73676,2.79576
CO2_TUG_BCT2,2021-10-09,1056,False,20,9.09388,9.00588,8.35888,8.38788,9.27088,9.62388,8.74088,7.21188,9.03488,14.0939,15.8879,14.8879,12.0059,8.56488,7.77088,9.03488,10.0059,10.7999,11.4759,11.5349,11.3289,11.6239,12.2999,13.2119,13.1819,12.0649,11.1239,10.8589,11.0649,11.4179,10.5939,7.79988,5.12388,5.24088,7.59388,9.59388,10.6819,9.65288,8.12388,6.62388,6.15288,6.53488,6.79988,6.88788,5.94688,3.41788,2.50588,3.27088,3.79988,4.32888
CO2_TUG_BCT2,2021-10-09,1068,False,2,3.81106,4.13406,4.89906,4.13406,2.78106,4.66406,9.66406,19.8111,42.6341,78.3991,89.8111,83.7811,73.1931,62.2521,45.6641,30.4291,23.4291,18.6051,14.3401,12.5171,11.8111,11.1051,10.1341,9.63406,9.60506,11.2521,15.1641,16.5461,15.4581,15.2521,16.3401,17.0761,15.7231,12.4581,10.6641,9.28106,6.84006,4.95806,3.39906,2.75206,3.07606,3.54606,3.16406,3.45806,4.57606,3.48706,0.51706,0.37006,3.37006,8.16406
CO2_TUG_BCT2,2021-10-09,1069,False,2,4.2109,5.5639,7.9169,8.4169,8.2699,7.9759,8.4759,21.2109,49.3879,73.1529,88.4759,80.2109,64.1229,44.5939,31.0939,26.5939,24.8289,24.1529,24.2999,24.6819,24.2699,23.3589,23.5059,23.1819,21.8289,21.0939,20.7699,20.5349,22.2699,26.7109,29.8589,29.6229,27.4169,26.3879,24.5939,19.7409,16.0639,13.6229,12.6529,10.6229,6.3589,3.7409,2.2999,1.4759,2.1229,3.9759,4.9169,5.0349,4.9759,4.5349
CO2_TUG_BCT2,2021-10-09,1114,False,5,4.383,3.236,-0.206,-1.412,0.236,3.441,4.765,8.03,17.206,23.559,25.118,21.177,17.177,13.912,11.706,9.412,7.206,5.677,3.941,2.824,2.971,3.912,4.794,6.736,9.5,8.765,5.647,6.03,6.441,5.265,5.059,6.147,7,6.559,4.941,3.706,2.912,1.941,1.706,3.53,7.177,8.118,6.471,5.559,5.677,6.088,5.883,5.206,5.236,5.441
CO2_TUG_BCT2,2021-10-09,1136,False,5,0.03176,1.58976,2.11976,2.47276,4.20776,11.7378,28.7378,42.6788,46.0898,45.6198,47.3848,44.3848,34.7958,26.6488,18.2958,12.4728,9.47276,6.50176,5.06076,4.58976,3.64876,2.47276,1.97276,2.06076,3.11976,4.53176,3.82576,3.03176,2.91376,2.82576,2.11976,0.85476,1.29576,3.32576,4.00176,3.67876,3.14876,2.70776,2.44276,2.61976,2.38476,1.70776,1.73776,2.14876,2.70776,3.32576,3.58976,2.64876,1.94276,1.38476
CO2_TUG_BCT2,2021-10-09,1152,False,18,7.53176,8.85476,9.00176,7.44276,5.67876,5.88376,7.91376,9.44276,10.7368,12.6198,13.2078,11.9138,9.85476,9.44276,10.9728,12.7668,12.8258,11.6198,11.6488,11.7958,9.50176,8.44276,9.17876,9.61976,9.44276,8.94276,8.41376,7.44276,6.26676,5.70776,5.17876,4.23676,3.76676,3.76676,4.32576,5.97276,7.85476,8.50176,7.64876,5.76676,4.82576,4.61976,4.00176,3.29576,4.03176,4.88376,5.44276,5.61976,5.17876,4.20776
CO2_TUG_BCT2,2021-10-09,1162,False,5,0.588,1.117,2.529,3.882,4.205,5.441,9.382,12.853,16.029,18.058,18.941,17.882,14.529,9.5,8.058,8.176,7.823,7.823,8.264,8.5,8.588,9.058,9.911,9.676,8.264,7.058,5.794,4.794,4.058,3.323,3.176,2.176,-0.059,-0.559,0.47,0.705,0.735,2.117,4.941,6.353,6.47,6.058,5.588,6.058,6.47,6.529,6.5,6.264,5.735,5
CO2_TUG_BCT2,2021-10-09,1200,False,10,8.18012,6.71012,6.06312,5.12112,4.82712,6.18012,9.09212,11.2101,12.7981,13.5041,13.5921,13.4741,12.3861,9.32712,6.21012,6.26812,8.47412,8.91612,8.38612,7.82712,7.41612,7.38612,8.00412,7.79812,6.91612,7.18012,7.79812,8.29812,8.18012,6.79812,4.71012,3.91612,3.79812,3.21012,3.71012,5.71012,7.97412,10.2101,10.2681,10.1511,10.5331,10.0631,9.65112,9.62112,9.71012,9.00412,6.85712,5.44512,4.59212,4.03312
CO2_TUG_BCT2,2021-10-09,1215,False,29,6.7403,5.3873,3.9173,3.4173,3.5643,3.5343,5.0053,8.5053,10.7403,12.1223,13.9173,14.1223,14.0053,16.1223,15.6223,10.8873,6.6813,5.5053,5.7693,5.5343,4.6223,4.1813,4.1813,3.2403,0.7993,0.5933,2.7993,4.2113,4.8283,5.0933,5.2693,5.0343,3.8283,2.9173,2.4753,3.0933,4.2403,3.7693,3.1813,3.0643,2.8583,2.6223,2.8283,2.8873,3.1523,4.3283,5.0053,4.9463,3.9463,3.0053
CO2_TUG_BCT2,2021-10-09,1223,False,6,5.56018,3.91318,4.14818,4.47218,5.08918,5.56018,4.97218,8.82518,18.5602,26.4422,31.2662,28.9422,24.8842,21.0012,18.6782,16.5892,13.3252,12.0892,12.3542,11.7952,10.5892,8.41318,6.29518,5.50118,5.47218,5.94218,6.88418,7.41318,7.79518,7.56018,5.73718,5.08918,5.79518,5.58918,4.47218,4.23718,4.29518,3.61918,2.32518,2.56018,4.32518,4.94218,3.88418,2.35418,2.47218,3.56018,3.17818,3.29518,4.53118,4.56018
CO2_TUG_BCT2,2021-10-09,1228,False,5,6.36358,5.95158,5.83458,6.68758,7.30458,8.54058,10.7756,11.6876,15.3636,25.3046,30.7456,29.7756,24.8046,20.1576,15.4226,11.8636,8.54058,6.65758,6.09858,4.89258,2.65758,2.42258,4.01058,3.80458,1.80458,1.21658,2.24558,4.09858,4.54058,3.48158,2.65758,3.18758,4.09858,3.18758,2.59858,2.98158,3.33458,2.89258,1.27558,0.56958,0.68758,0.33458,-0.81242,-2.63642,-2.75442,-0.51842,2.18758,4.01058,4.83458,3.54058
CO2_TUG_BCT2,2021-10-09,1243,False,11,21.157,25.069,27.187,27.039,24.098,21.01,21.539,26.098,30.657,32.981,34.098,30.834,21.745,14.775,13.245,13.51,12.275,10.951,9.892,9.363,8.834,7.951,7.863,8.039,7.128,6.716,7.275,8.804,10.716,10.128,8.275,5.098,1.922,1.569,3.363,4.804,6.098,6.834,5.451,1.951,0.01,0.981,3.745,4.951,4.892,5.157,5.687,6.892,8.539,9.275
CO2_TUG_BCT2,2021-10-09,1263,False,29,0.59094,3.38494,6.14994,6.73794,5.91394,5.64994,7.23794,10.5029,11.9729,12.1789,12.6789,11.4729,8.29694,7.14994,8.11994,9.06094,9.35594,9.14994,7.32594,4.03194,3.14994,3.88494,5.11994,6.00294,5.82594,5.06094,5.73794,7.79694,8.44394,7.94394,7.44394,7.82594,7.53194,6.20894,5.85594,7.17894,9.23794,9.59094,7.59094,4.73794,3.26694,2.67894,2.82594,4.44394,6.85594,6.70894,4.50294,4.29694,6.70894,10.7379
CO2_TUG_BCT2,2021-10-09,1270,False,13,17.5123,17.7183,17.0713,16.3953,16.6893,19.7183,25.2473,28.8063,31.1303,32.9533,34.4833,34.4533,33.5423,30.4243,24.9243,21.6003,19.6303,16.8653,11.6003,6.95334,5.92434,7.86534,10.6003,11.1303,9.98334,10.1303,11.2183,10.5713,8.68934,6.71834,7.04234,6.63034,4.42434,3.42434,3.27734,2.68934,3.21834,5.27734,6.71834,7.30634,7.71834,7.21834,5.60034,4.51234,4.98334,7.07134,9.13034,9.45334,8.63034,8.39534
CO2_TUG_BCT2,2021-10-09,1283,False,4,13.1386,14.8146,15.8146,15.2266,13.0496,11.4326,10.7856,14.3436,25.3436,36.6386,39.0796,34.8736,30.9026,28.0796,24.4026,20.5496,15.4026,11.9326,11.3436,11.4906,10.6676,10.9616,12.8146,14.2266,15.2856,15.6086,14.5796,12.9326,13.1086,13.1966,12.4026,12.3436,12.7556,12.3436,12.3736,13.0206,13.1086,13.6386,15.0796,16.3146,17.8146,19.1086,18.6386,16.3436,14.3436,12.8146,11.1086,11.9906,15.1676,16.0206
CO2_TUG_BCT2,2021-10-09,1286,False,10,8.88318,8.41318,8.58918,9.03018,8.64818,9.06018,11.3542,14.0302,15.7652,17.3832,18.5302,17.9132,14.3242,11.8542,10.8832,10.8832,11.0602,11.0012,10.2362,8.35418,6.88318,7.70718,10.2362,11.2072,11.3832,11.6182,10.2952,7.73618,7.47118,7.67718,6.82418,5.79518,6.47118,8.64818,8.94218,7.67718,7.64818,7.67718,6.56018,4.97118,4.70718,5.58918,6.23618,6.29518,5.64818,5.58918,5.76518,4.85418,4.44218,4.70718
CO2_TUG_BCT2,2021-10-09,1313,False,7,5.7646,5.5296,5.1766,4.0006,2.4706,2.6766,4.4706,5.7646,8.7056,14.2646,16.3236,14.7946,13.1176,12.4416,12.8536,14.4706,15.1476,14.7056,13.7056,11.7946,10.2056,10.0586,10.4706,9.7946,7.7356,4.3826,2.8236,3.3236,4.7356,5.4116,5.2646,4.8236,4.8236,5.1766,4.7056,3.3236,2.7056,3.2056,3.6766,2.5886,2.4416,3.7356,4.4116,4.2646,3.8536,4.0886,4.9706,5.1176,4.0006,2.4116
CO2_TUG_BCT2,2021-10-09,1314,False,24,8.4261,7.7501,8.0731,8.5731,8.7791,8.5731,8.1031,8.0441,9.4261,12.1031,12.3381,10.1321,8.8381,9.1621,10.7501,11.1911,10.3671,9.8091,9.0441,7.6321,6.9561,7.1031,7.5141,7.3671,7.1621,8.1321,9.0141,9.4561,8.8091,7.4261,7.4261,7.7501,7.5731,7.1321,7.1321,7.6621,8.5731,9.7791,10.0441,10.0441,9.7791,8.5441,7.3971,6.3671,5.9851,6.6321,8.0141,8.4851,8.1031,7.9561
CO2_TUG_BCT2,2021-10-09,1387,False,21,5.73734,7.03234,8.56134,10.0023,10.7673,11.1793,10.6793,10.4733,12.9733,15.5903,17.4433,17.0903,15.5903,13.5023,11.5903,9.35534,7.97334,7.94334,9.09034,10.7673,11.7373,12.3263,12.5903,11.4433,8.35534,6.64934,7.14934,8.97334,7.76734,3.29634,1.62034,2.50234,2.76734,2.85534,3.29634,3.50234,3.29634,2.88534,3.09034,3.76734,3.73734,3.32634,2.97334,3.94334,6.50234,8.03234,7.64934,7.20834,8.91434,8.79634
CO2_TUG_BCT2,2021-10-09,1392,False,8,2.24088,1.71188,2.88788,3.15288,2.53488,2.59388,3.79988,9.24088,18.8589,25.0349,28.7119,28.5349,22.6229,14.3879,9.03488,4.85888,2.91688,2.21188,1.29988,1.15288,2.26988,3.88788,4.32888,3.47588,2.41688,2.85888,4.59388,4.76988,3.00588,1.38788,1.18188,2.53488,4.50588,4.29988,2.21188,2.12288,3.62288,3.38788,2.91688,3.53488,4.82888,4.59388,2.76988,1.59388,1.00588,0.76988,0.76988,1.00588,1.59388,2.76988
CO2_TUG_BCT2,2021-10-09,1406,False,8,3.74188,2.94788,3.18288,4.53588,5.32988,6.03588,6.74188,6.35888,8.32988,13.3589,15.4179,14.3299,12.8589,11.8589,10.8589,10.2419,9.00588,6.68288,5.59488,4.74188,2.71188,2.21188,3.00588,2.71188,1.85888,0.97688,1.47688,3.53588,4.91788,5.03588,4.59488,4.35888,4.32988,4.38888,4.77088,5.00588,4.00588,2.97688,2.65388,3.65388,4.77088,5.74188,5.74188,4.85888,4.41788,4.59488,5.06488,5.24188,4.80088,3.88888
CO2_TUG_BCT2,2021-10-09,1433,False,3,3.1517,4.0637,4.2987,3.8877,3.6517,3.6227,3.9757,7.8577,21.9757,41.6227,49.5047,48.2987,43.9467,34.8877,26.0937,22.2407,20.9467,21.0637,20.5047,18.5047,16.2697,14.2697,14.3577,12.0937,6.3287,3.8577,4.6517,6.4757,6.6517,4.8877,3.2697,3.0937,4.6817,7.1517,7.4167,5.5937,4.0047,2.9467,3.1517,3.3577,3.4167,3.9757,3.2407,1.0347,0.5637,1.8287,2.3577,1.1227,-0.9953,-0.9063
CO2_TUG_BCT2,2021-10-09,1438,False,4,3.66406,0.98706,0.22306,0.98706,0.81106,1.22306,4.69306,10.7231,16.4291,22.7231,24.5761,22.3701,20.4871,18.1351,13.6351,10.2231,8.34006,6.39906,5.69306,6.04606,6.34006,6.75206,6.98706,6.07606,5.66406,5.92906,5.25206,3.63506,3.13506,3.01706,2.57606,2.37006,2.57606,2.98706,2.75206,1.84006,1.34006,1.13506,1.37006,2.57606,3.48706,3.89906,3.07606,1.69306,2.37006,2.92906,2.48706,1.66406,1.16406,2.22306
CO2_TUG_BCT2,2021-10-09,1465,False,23,8.23952,7.00352,8.32752,8.85652,7.70952,7.70952,9.03352,9.76852,10.1215,10.8275,11.2985,9.68052,5.91552,3.82752,3.35652,3.56252,3.59252,3.62152,4.18052,3.44552,1.26852,0.94552,1.97452,1.53352,1.12152,1.03352,0.29852,-0.37848,-0.76048,0.18052,2.50352,3.68052,3.82752,3.82752,3.76852,3.29852,2.35652,1.91552,2.09252,2.53352,2.53352,2.09252,1.76852,1.03352,-0.17248,0.73952,3.70952,5.00352,5.76852,6.44552
CO2_TUG_BCT2,2021-10-09,1476,False,14,1.76618,0.56018,-0.05782,2.23618,7.47118,10.7662,12.5012,13.4422,15.3542,18.6482,19.3542,17.2362,13.3242,10.7072,8.82418,7.64818,7.20718,6.23618,4.53018,5.00118,7.64818,8.50118,7.03018,5.20718,4.85418,5.23618,4.79518,4.61918,5.03018,5.17718,4.50118,3.03018,2.03018,2.41318,4.61918,4.79518,2.58918,1.23618,1.08918,1.73618,1.70718,0.88318,0.88318,1.76618,2.23618,2.23618,1.76618,0.97118,1.67718,3.85418
CO2_TUG_BCT2,2021-10-09,1516,False,3,6.59506,5.09506,3.21306,2.44806,2.33106,2.50706,5.33106,13.6251,32.0951,60.9781,70.3891,62.2131,46.4191,35.5951,28.0661,24.6251,22.8891,19.3601,15.5951,12.3891,8.50706,6.94806,7.88906,9.47806,9.62506,7.83106,5.41906,3.94806,3.09506,4.24206,7.24206,8.38906,8.12506,7.62506,7.30106,6.56606,5.21306,4.88906,5.03606,4.06606,3.24206,3.15406,3.97806,5.36006,7.15406,6.97806,5.21306,4.94806,5.03606,4.62506
CO2_TUG_BCT2,2021-10-09,1530,False,10,2.50296,3.09096,7.00296,12.179,14.414,14.708,15.061,16.473,18.797,21.238,23.238,21.708,17.679,11.826,8.73796,7.67896,6.88496,5.94396,4.73796,4.50296,4.64996,4.76696,5.26696,5.03196,2.50296,1.35496,1.61996,1.09096,0.20796,-0.64504,0.00296,1.82596,2.11996,2.26696,3.17896,3.91396,4.67896,5.32596,5.11996,4.20796,3.67896,3.14996,2.17896,1.53196,1.47296,2.23796,3.11996,3.88496,3.82596,3.17896
CO2_TUG_BCT2,2021-10-09,1573,False,5,5.35712,4.79812,2.76812,2.32712,3.50412,3.85712,5.35712,10.7101,16.5621,22.0921,22.4741,20.7681,19.1511,18.1211,16.8571,15.1801,14.3271,14.7101,16.2681,16.4741,15.1511,14.2981,14.4451,15.7101,17.0331,18.0621,17.9451,18.5041,20.2101,20.2981,19.2391,19.5041,18.4151,14.9741,12.8271,12.2391,12.4451,13.7101,15.0921,16.5331,16.7101,15.3861,13.9741,13.4451,13.2391,12.0331,9.44512,7.91512,8.47412,10.3271
CO2_TUG_BCT2,2021-10-09,1657,False,11,5.62094,6.50294,10.0619,16.9149,21.0029,24.4149,31.0319,36.7379,40.8269,45.6209,47.1209,44.8269,41.2089,35.4439,26.1209,21.0319,19.0619,16.6799,15.2969,13.5029,10.0909,7.50294,5.47394,4.88494,4.76794,3.32694,2.14994,1.09094,0.00294,0.17994,1.29694,1.62094,2.17994,3.53194,4.06194,4.14994,4.73794,4.32694,3.20894,3.70894,4.53194,5.12094,5.59094,6.09094,6.26794,5.82694,5.00294,5.41494,6.76794,6.59094
CO2_TUG_BCT2,2021-10-09,1660,False,8,1.91494,1.15094,0.76794,-0.14406,-0.52606,0.12094,1.70894,4.53294,13.0919,25.6799,30.5619,29.3859,28.0029,24.3559,17.1209,12.1509,8.65094,6.70894,5.82694,4.85594,4.44494,4.85594,5.76794,5.97394,5.32694,4.62094,4.35594,4.26794,3.91494,3.91494,5.23894,5.38594,3.85594,2.70894,2.62094,3.09194,3.47394,3.26794,2.17994,2.26794,4.06194,5.67994,6.00294,5.53294,4.88594,4.38594,4.82694,5.00294,4.59194,4.32694
CO2_TUG_BCT2,2021-10-09,1694,False,14,8.3583,6.9463,5.2403,6.1223,9.2993,10.1813,9.7403,10.8583,14.6223,16.6813,16.8873,16.2993,14.4173,12.0343,10.9173,11.2703,13.0053,14.6223,16.0643,16.0643,14.7403,14.0343,14.0053,14.4753,15.2703,14.5643,12.2993,11.4463,12.4753,14.0343,14.0343,12.4753,11.2993,10.9753,10.9463,11.0053,11.4753,12.3873,12.6813,12.7403,13.4173,13.6223,13.2703,13.4173,13.6223,12.6813,12.0343,11.9463,11.8583,11.1523
CO2_TUG_BCT2,2021-10-09,1714,False,11,1.76146,2.70346,3.17346,3.37946,4.93846,10.3505,17.6735,21.4675,25.1445,30.9675,33.3505,32.5855,30.6735,27.5565,25.8205,26.5565,28.6445,29.1445,27.4085,23.9675,21.2915,18.4675,15.8795,14.4385,12.9385,10.6145,9.90846,10.7035,11.1145,10.7035,9.87946,10.2615,11.3795,10.8505,9.79146,8.79146,8.49746,8.43846,7.73246,7.23246,6.70346,5.67346,4.49746,3.11446,3.14446,4.70346,5.79146,5.49746,4.82046,5.46746
CO2_TUG_BCT2,2021-10-09,1730,False,11,2.05978,6.76578,16.8248,23.2068,25.4718,23.7068,21.9718,25.0598,34.6188,40.8538,43.7368,43.4428,37.4718,27.9428,22.4128,18.1188,13.2958,10.3538,8.03078,5.53078,2.82478,2.58978,2.97178,2.11878,0.44278,1.14878,4.17778,4.73678,3.29578,3.50178,3.76578,2.91278,1.79578,1.76578,2.73678,3.82478,4.58978,3.91278,3.53078,3.91278,4.11878,3.91278,3.55978,4.17778,5.32478,4.85378,4.26578,4.14878,3.91278,3.44278
CO2_TUG_BCT2,2021-10-09,1737,False,19,16.0065,19.1835,21.6245,21.2715,18.7715,17.0655,16.2125,15.3885,16.2415,19.7125,22.9475,22.0365,18.4185,17.7715,17.0065,14.3005,12.9185,12.9775,13.3885,13.3005,13.5655,15.4185,16.3005,15.8595,14.5945,11.9775,9.53646,8.15346,7.83046,9.41846,10.0365,9.24146,8.65346,7.65346,5.80046,5.03646,4.91846,4.18346,3.50646,3.00646,3.00646,3.44746,3.62446,3.21246,2.50646,2.59446,3.47746,4.88846,5.33046,4.71246
CO2_TUG_BCT2,2021-10-09,1794,False,7,7.58918,8.00118,6.88318,6.56018,7.85418,9.82518,14.8252,24.5602,34.8252,46.4422,50.3252,45.4422,34.2952,26.3542,24.5892,25.0892,23.8832,21.8252,23.1782,24.1192,23.2072,21.2362,17.6482,14.7952,13.7662,13.9132,15.1192,16.0302,16.6782,17.5302,18.2662,17.4722,16.2072,15.1782,15.4422,16.0602,16.4132,15.2662,12.7072,11.7362,11.7662,12.9722,15.9132,16.5892,14.7072,12.0602,8.17818,5.61918,5.20718,5.85418
CO2_TUG_BCT2,2021-10-09,1901,False,7,1.441,2.353,2.677,2.5,3.206,7.647,16,26.382,41.647,51.324,52.147,48.677,43.706,35.265,27.824,24.147,21.618,21.206,22.941,24.647,25.559,25.618,24.177,23.059,22.53,22.588,22.088,19.559,16.824,14.059,12.882,11.059,7.559,7.5,10.559,11.559,11.706,11.882,11,10.824,11.706,12.471,13.471,14.588,14.53,12.941,11.059,10.294,10.235,10.559
CO2_TUG_BCT2,2021-10-09,1965,False,13,21.9569,27.2799,27.0159,21.4569,18.4569,20.2509,25.1629,28.1329,29.8389,32.2799,33.7209,33.1329,30.0739,28.1629,28.8979,31.0159,30.5449,27.4859,26.6629,28.8099,31.3099,31.5449,29.5449,27.4269,26.6329,26.3979,25.3099,23.6629,23.8689,24.0449,22.4859,19.7799,17.6329,15.7209,15.6039,16.4269,15.4569,14.1629,11.7509,8.2209,7.2509,7.5449,8.0739,9.0159,9.4269,9.1329,9.1329,10.3979,10.1039,7.9569
CO2_TUG_BCT2,2021-10-09,2255,False,10,13.1541,15.7711,22.8011,26.7711,26.5071,22.9481,20.9481,22.3301,26.3891,28.9481,30.0651,29.7421,27.6831,25.5651,24.8301,25.2121,26.0361,25.5651,23.4771,20.5651,17.3891,17.5651,18.0651,17.7421,18.0361,17.0361,14.5361,15.1241,18.2421,18.3891,17.0951,16.2711,16.9771,17.5951,17.7121,17.9771,18.6831,19.3591,19.3301,18.4181,17.3591,17.8011,19.5361,19.8301,19.0071,19.0651,18.1541,16.3301,16.7421,17.0361
CO2_TUG_BCT2,2021-10-09,2278,False,5,3.8877,3.4457,2.1227,1.8577,2.4757,2.7697,6.1817,20.7407,43.6227,59.9167,72.5347,70.9757,51.2697,30.8287,23.7697,26.4457,32.3577,31.9167,25.1227,20.3287,15.4167,9.2987,6.5347,5.7407,4.7107,3.5347,2.1227,1.8877,2.7407,3.1227,2.5347,1.5937,1.7987,1.9457,1.4457,0.6517,0.3877,2.0347,3.1227,3.2107,2.7407,1.7987,1.1817,0.0937,-1.0833,0.0637,0.8577,0.5937,0.7697,1.2107
CO2_TUG_BCT2,2021-10-09,2293,False,17,0.00234,1.15034,3.73834,7.70834,18.9143,35.8263,46.8853,54.8853,58.6793,59.8263,60.4733,59.9443,56.4443,50.6793,47.0913,44.9143,43.7383,40.3263,32.6793,26.0613,19.4733,15.4443,12.5023,8.17934,5.94434,6.15034,7.70834,7.94434,6.88534,6.56134,6.00234,4.56134,3.50234,3.41434,4.85534,5.94434,6.29734,6.06134,5.85534,5.97334,7.17934,9.76734,11.2673,10.6503,9.73834,11.3263,12.1203,11.3553,10.8853,10.8263
CO2_TUG_BCT2,2021-10-09,2361,False,18,7.44866,7.12466,7.91866,10.4777,13.0667,15.7427,19.3607,20.7717,20.7717,20.8017,21.1547,21.1547,19.3897,15.6247,9.38966,5.71366,5.59566,6.88966,6.94866,4.68366,1.47766,0.74266,2.21366,3.38966,3.71366,3.65466,3.12466,3.12466,5.27166,6.71366,6.41866,4.88966,4.91866,6.56666,6.56666,4.80166,3.86066,3.71366,3.47766,3.03666,3.03666,3.65466,5.06666,6.03666,3.83066,3.24266,4.88966,5.00766,3.74266,1.86066
CO2_TUG_BCT2,2021-10-09,2369,False,4,13.0886,10.9126,10.7946,13.4126,14.7356,14.2066,13.8536,26.2946,80.5596,160.56,171.53,114.325,69.1766,53.1766,44.8246,40.5596,41.2946,47.1766,50.6186,51.5296,52.5006,53.2066,53.8826,55.0596,55.5596,52.7946,49.5596,45.7356,42.4416,40.6186,39.9416,39.0296,37.8536,38.2066,37.7656,35.2656,33.0886,33.6766,36.2656,36.5296,34.5886,33.8246,33.4416,32.5296,32.1766,33.0596,35.0006,36.2656,36.1476,34.2946
CO2_TUG_BCT2,2021-10-09,2370,False,16,9.67836,8.97236,8.67836,8.41336,7.94336,7.70736,7.61936,7.32536,7.79636,10.1784,11.6494,11.3544,9.76636,9.32536,10.0604,9.88436,9.00236,9.17836,9.14936,8.73736,9.09036,8.56036,6.82536,6.56036,7.61936,7.91336,8.17836,8.61936,8.26636,8.79636,10.7664,12.6784,13.5024,11.3544,9.59036,8.67836,8.00236,8.09036,9.47236,11.5314,12.0314,11.2374,11.0024,11.4134,11.6494,11.6784,11.6194,11.2074,10.7374,11.1784
CO2_TUG_BCT2,2021-10-09,2386,False,6,8.1866,7.2456,6.4216,4.9516,2.9216,4.0396,16.3926,40.8336,64.9216,90.8926,92.3926,64.5986,36.8336,27.3046,29.9806,37.4516,40.7456,40.0986,38.1276,34.5396,31.7166,30.8046,30.4806,29.9806,29.5106,28.9216,28.0696,27.3336,28.0106,28.2746,26.9516,24.6276,22.0106,18.5396,16.4516,15.5396,15.4216,14.6866,13.0696,12.7166,13.7746,15.6276,15.9516,13.9516,11.2456,10.8046,11.3636,9.8926,8.3636,7.2746
CO2_TUG_BCT2,2021-10-09,2401,False,9,1.86476,1.01176,1.42376,2.95276,5.27576,11.2468,20.6588,33.8938,54.3348,65.8348,66.0708,61.5708,55.8938,46.9238,39.2758,35.9818,35.2468,36.6878,34.4528,27.1288,20.3348,14.9528,15.5708,16.5408,15.3938,14.8058,15.6588,17.6588,19.4238,20.4818,19.5708,18.7468,17.2178,13.6878,11.8348,11.5408,11.0998,10.3938,10.3648,10.3058,9.89376,9.83476,9.80576,9.07076,8.45276,8.39376,9.01176,8.74676,7.39376,6.71776
CO2_TUG_BCT2,2021-10-09,2417,False,29,4.20736,3.11936,3.53136,5.14936,6.53136,8.50236,11.7664,12.9724,12.4724,12.5904,13.5904,14.5604,13.5604,12.2664,11.2964,11.5904,13.4134,14.9724,14.8254,13.4724,12.7074,12.1494,11.1494,10.0604,7.88436,5.06036,3.67836,2.35436,0.11936,-0.11564,1.50236,1.67836,1.32536,3.14936,3.97236,3.20736,2.82536,3.47236,4.88436,5.56036,5.41336,4.94336,4.67836,4.41336,3.85436,2.91336,1.64936,2.17836,3.50236,2.03136
CO2_TUG_BCT2,2021-10-09,2422,False,8,1.68228,0.97628,0.62328,1.27028,2.53528,2.06428,0.24128,3.15228,14.5353,27.0053,31.7113,30.6233,27.0943,23.5643,19.3883,15.9173,12.8583,12.0353,11.3003,9.00528,7.00528,5.47628,3.59428,3.15228,4.21128,5.12328,5.38828,6.59428,9.38828,8.88828,4.85828,2.77028,2.74128,3.24128,3.74128,4.47628,5.15228,5.18228,4.74128,4.53528,4.74128,5.06428,4.21128,2.59428,2.91728,4.18228,5.71128,6.56428,6.41728,5.24128
CO2_TUG_BCT2,2021-10-09,2424,False,14,6.23894,7.50294,7.94494,7.32694,6.85594,9.44494,20.9449,38.7679,50.0619,57.4449,58.3559,48.1799,30.9149,20.2389,12.9149,7.94494,6.20894,5.50294,4.67994,4.17994,5.17994,4.65094,2.17994,1.20894,1.03294,0.65094,0.85594,1.53294,1.47394,0.82694,-0.14406,-0.58506,-0.40806,0.12094,0.76794,1.26794,0.82694,0.70894,1.59194,2.76794,3.26794,3.41494,3.97394,4.20894,2.56194,1.41494,0.79794,0.00294,0.70894,2.97394
CO2_TUG_BCT2,2021-10-09,2435,False,9,1.3236,3.7356,3.9706,3.4706,3.4416,3.8536,4.3236,4.7646,11.7356,26.9706,35.3536,34.3826,29.1176,24.8236,19.3236,13.0886,9.5886,7.1766,5.9116,6.7356,8.8536,8.5296,6.5586,7.1766,7.5586,7.2356,8.2356,7.6766,5.0586,4.3236,5.3236,5.6176,5.7946,5.5296,3.8826,4.6476,8.1766,9.3236,7.9116,6.7356,6.6476,8.5006,12.0886,12.5586,10.0296,9.0886,9.8536,10.2646,9.8236,8.6476
CO2_TUG_BCT2,2021-10-10,0,False,5,2.21542,2.24442,3.09742,3.42142,3.71542,5.06842,8.86242,25.4214,54.1274,67.9504,68.8034,61.3034,42.2444,24.3034,15.6564,10.0384,7.15642,6.15642,5.18542,4.62742,3.86242,2.53842,2.48042,3.33242,3.12742,2.98042,3.48042,4.53842,6.92142,9.30342,8.83242,6.83242,7.50942,8.24442,7.62742,5.12742,1.09742,0.18542,0.89142,1.92142,3.09742,3.59742,3.59742,3.15642,2.45042,2.36242,1.98042,1.77442,3.56842,5.83242
CO2_TUG_BCT2,2021-10-10,5,False,7,3.00058,2.61858,1.94158,-0.32242,-1.17542,1.26558,7.70658,20.9126,45.4716,63.4716,67.2356,61.3826,51.0596,42.9416,35.3246,32.1476,34.5296,40.1476,42.7356,42.3826,40.2356,36.2066,33.7656,32.6186,31.4126,31.0886,30.5006,28.8826,27.6776,27.1186,26.4126,24.4126,20.1476,16.5886,15.2066,14.6186,14.2656,13.2946,11.4416,10.6476,10.2946,9.08858,8.17758,7.64758,7.67758,8.35358,9.11858,9.79458,10.2946,9.85358
CO2_TUG_BCT2,2021-10-10,7,False,13,8.60036,9.33536,9.10036,8.71836,8.80636,10.4244,16.3064,24.6594,29.2774,31.6004,32.3064,30.5414,26.4534,21.8064,14.9834,9.51236,7.45336,7.51236,9.48336,11.3064,12.7184,12.2474,10.0414,9.21836,9.07136,7.65936,6.77736,6.60036,6.21836,5.98336,7.04136,8.57136,10.0714,9.95336,8.65936,6.63036,5.07136,4.24736,4.92436,5.36536,5.45336,6.15936,6.60036,6.63036,6.45336,6.45336,7.15936,7.57136,7.39436,7.01236
CO2_TUG_BCT2,2021-10-10,17,False,2,7.04254,6.60154,6.30754,7.16054,8.27754,8.30754,7.48354,7.57154,9.16054,10.9835,11.2195,9.89554,8.45454,7.68954,7.33654,8.39554,10.2485,9.83654,9.54254,10.3665,10.8075,10.6305,10.1015,9.36654,8.16054,7.24854,7.21954,7.89554,8.57154,8.60154,8.18954,8.24854,9.16054,10.3075,10.4835,9.36654,7.80754,7.77754,9.10154,9.80754,9.89554,9.86654,9.71954,9.95454,11.0425,11.0135,9.68954,9.04254,9.42454,10.4245
CO2_TUG_BCT2,2021-10-10,30,False,8,1.17758,1.85358,4.53058,4.94258,3.00058,3.64758,8.20658,13.6186,22.8536,38.7956,47.2066,44.6186,35.8246,28.2656,20.9126,16.8836,14.0306,9.05958,5.47158,4.03058,3.11858,3.58958,5.41258,6.29558,6.00058,5.53058,5.85358,5.08958,2.82458,1.88358,2.20658,2.47158,2.67758,2.67758,1.91258,1.00058,0.05958,0.17758,2.00058,4.26558,4.61858,3.79558,4.00058,4.14758,3.67758,2.94258,1.73658,0.88358,1.23658,2.14758
CO2_TUG_BCT2,2021-10-10,36,False,20,10.1876,10.3636,8.65758,7.95158,8.30458,8.59858,9.04058,9.51058,9.15758,9.68758,11.2756,10.4816,8.01058,8.39358,8.62858,7.39358,6.92258,7.30458,7.54058,7.56958,7.56958,7.62858,8.09858,9.04058,9.48158,9.30458,8.80458,8.30458,7.56958,6.92258,7.12858,8.01058,8.21658,7.56958,6.89358,6.83458,7.04058,6.77558,6.33458,5.77558,5.15758,4.89358,5.86358,6.42258,4.39358,-0.51842,-2.84242,-2.48942,-0.63642,2.45158
CO2_TUG_BCT2,2021-10-10,46,False,7,4.441,3.5,2.677,2.559,2.677,3.618,6.235,13.618,29.971,44.412,46.03,36.235,24.588,19.03,16.706,16.441,17.5,17.618,16.441,13.824,11.5,10.912,11.206,10.735,9.353,8.706,9.118,10.294,11.265,11.794,12.206,11.706,10.088,8.883,8.324,7.824,7.588,7.559,7.647,8.324,9.5,9.765,9.853,10.294,10.353,8.971,6.088,4.441,5.206,8.324
CO2_TUG_BCT2,2021-10-10,55,False,5,1.88436,1.64936,2.94336,3.67836,4.00236,4.47236,4.88436,6.32536,9.41336,12.7374,15.5024,14.0314,10.4434,6.70836,6.59036,6.53136,4.88436,4.50236,4.61936,3.03136,2.44336,3.47236,4.41336,4.70836,4.61936,3.67836,1.79636,0.85536,0.82536,1.53136,2.85536,2.85536,1.64936,1.82536,3.14936,3.23736,3.53136,4.41336,4.09036,3.00236,1.67836,2.09036,3.88436,4.06136,3.29636,2.53136,2.67836,4.03136,6.32536,6.82536
CO2_TUG_BCT2,2021-10-10,63,False,24,8.059,8.971,9.03,8.618,9.118,9.794,10.559,11.294,11.794,12.294,12.412,11.5,9.677,9.235,10.294,11.147,10.735,9.441,9.441,10.765,11.412,11.03,10.088,9.706,10.353,11.706,12,11.618,12.088,12.412,11.765,10.206,8.324,5.971,5.5,6.765,7.471,7.5,7.03,6.118,5.883,6.383,7.294,8.5,8.618,7.53,5.618,4.559,3.5,1.794
CO2_TUG_BCT2,2021-10-10,78,False,27,4.04,3.951,5.746,6.893,7.246,7.128,7.834,9.451,10.01,10.599,11.775,10.863,7.893,6.863,7.922,9.128,8.04,7.716,8.834,8.481,7.157,7.863,8.451,6.922,3.687,2.51,3.334,4.393,4.922,3.834,3.687,4.981,5.599,4.981,3.599,3.069,2.981,2.334,2.451,4.04,5.893,6.422,5.981,5.334,4.834,5.304,5.716,5.716,5.246,4.304
CO2_TUG_BCT2,2021-10-10,90,False,8,6.5006,5.4706,4.5886,4.0886,5.3826,7.1766,11.7946,35.2066,89.4416,133.707,137.736,107.736,71.6176,52.5886,41.3826,35.4116,31.7646,28.7946,24.8236,18.1476,14.0296,12.2356,10.2646,9.0296,7.9706,6.9116,7.1476,7.3236,5.0886,4.5006,6.0006,5.6176,3.6176,3.6766,4.7646,6.5006,8.1766,7.2946,4.1766,3.2066,4.1766,4.4706,4.8236,5.9706,6.7946,6.1476,4.4116,4.4416,6.4416,7.7946
CO2_TUG_BCT2,2021-10-10,91,False,10,6.82518,6.20718,5.06018,5.64818,7.35418,10.7362,14.8252,18.9422,24.4132,27.7362,28.2952,25.7072,22.4422,19.6482,20.0312,20.2662,18.9422,17.6782,15.9422,13.9722,12.4722,10.7362,9.50118,8.70718,7.79518,7.70718,7.88318,6.97218,6.47218,6.14818,5.08918,5.35418,7.06018,7.29518,6.00118,5.32518,5.38318,5.14818,4.11918,4.61918,6.76618,7.06018,5.79518,5.91318,6.94218,6.76618,3.41318,0.94218,0.00118,1.53118
CO2_TUG_BCT2,2021-10-10,97,False,24,5.44394,6.26694,6.73794,4.97294,4.61994,6.35594,7.61994,8.91394,10.6499,12.0029,12.7969,12.0319,10.9439,9.82594,8.64994,7.17894,6.56094,7.32594,9.91394,12.7669,12.3849,9.29694,8.03194,8.06094,7.17894,7.00294,7.88494,8.59094,9.11994,9.26694,8.67894,7.97294,8.70894,9.56094,10.0609,9.85594,9.17894,8.97294,7.59094,5.03194,4.82594,5.56094,6.06094,5.88494,5.44394,5.79694,5.23794,3.17894,1.70894,0.88494
CO2_TUG_BCT2,2021-10-10,100,False,0,9.62506,10.1251,10.7721,11.2131,10.7721,9.62506,9.09506,7.30106,5.91906,10.0951,12.6251,11.8601,9.62506,6.74206,6.71306,7.15406,6.56606,5.83106,5.33106,4.89006,5.12506,6.03706,6.41906,5.83106,4.89006,5.24206,6.56606,8.44806,8.80106,7.03706,4.71306,4.00706,4.83106,6.03706,6.68406,6.50706,5.21306,3.59506,1.77206,1.97806,3.97806,4.71306,4.86006,5.24206,5.00706,4.09506,3.62506,3.53706,3.30106,2.91906
CO2_TUG_BCT2,2021-10-10,104,False,12,4.80164,5.68364,7.36064,10.6546,15.3606,20.7136,20.9196,23.2726,32.2136,39.7726,40.6836,37.6256,35.5366,33.1256,28.8896,25.8016,24.8306,24.2426,23.0666,22.1546,21.8606,20.4196,16.8606,14.7726,13.9776,12.8016,9.47764,5.12564,4.06664,5.47764,5.91964,5.56664,4.97764,4.15464,3.65464,4.74264,4.94864,4.12564,4.33064,4.47764,4.00764,3.27264,2.06664,1.27264,2.18364,4.74264,6.36064,6.50764,5.94864,4.77264
CO2_TUG_BCT2,2021-10-10,113,False,21,10.0141,9.48512,10.7201,11.3671,10.9851,10.0731,9.83812,10.2491,10.5431,11.0431,11.9261,11.7201,9.19012,5.51412,4.54312,5.98512,7.04312,6.42612,4.60212,3.83812,3.72012,2.95512,2.30812,3.42612,7.04312,7.92612,5.95512,5.51412,5.60212,3.27912,1.95512,1.98512,1.74912,1.54312,1.48512,1.27912,1.04312,1.22012,0.95512,0.01412,-0.69188,-1.22088,-1.39788,-0.86788,0.77912,2.69012,3.69012,4.30812,4.86712,4.66112
CO2_TUG_BCT2,2021-10-10,117,False,10,6.00176,5.00176,3.82576,3.35476,3.53176,4.00176,4.23776,4.53176,6.67876,11.1488,13.5908,12.9728,11.1198,10.7958,10.4138,8.94276,7.38476,6.11976,6.53176,6.50176,4.47276,1.73776,1.20776,2.61976,4.38476,5.88476,5.20776,4.61976,4.73776,4.50176,4.29576,4.26676,4.26676,4.26676,4.35476,4.94276,5.41376,4.29576,3.91376,4.82576,5.88476,6.41376,5.17876,3.94276,3.59076,4.59076,5.70776,6.64876,6.44276,5.32576
CO2_TUG_BCT2,2021-10-10,119,False,26,9.59016,7.44316,8.09016,11.1782,12.0902,10.6482,9.44316,9.11916,10.5012,13.9432,15.0902,14.0012,13.8842,14.2662,12.9132,10.6192,7.44316,5.76616,7.00116,10.1782,11.0902,9.64816,8.32516,6.85416,4.70716,3.94316,3.56016,2.67816,2.56016,3.91316,6.00116,6.73716,6.38416,6.14816,6.11916,6.20716,6.76616,7.00116,5.35416,4.32516,4.64816,5.47216,5.00116,3.20716,2.56016,3.38416,4.50116,4.50116,3.38416,2.50116
CO2_TUG_BCT2,2021-10-10,120,False,7,6.882,6.941,7.441,8.617,9.617,10.382,11.323,11.97,14.853,21.176,24.088,23.088,20.794,18.411,15.5,14.264,14.088,13.353,12.764,12.941,14,13.735,12.058,12.058,13.823,14.647,13.735,11.147,8.735,7.441,6.411,5.97,6.147,6.588,6.647,6.676,7.382,7.823,7.853,7.441,5.558,2.382,0,-1.824,-0.853,3.029,5.411,6.058,6.088,5.353
CO2_TUG_BCT2,2021-10-10,121,False,3,6.0939,4.7699,4.7699,5.1529,5.4469,6.5939,12.2409,24.7999,43.2999,66.7999,70.9169,62.9759,49.2409,36.6529,29.4759,23.1819,19.0939,17.0939,17.8879,17.6819,15.2409,13.4469,11.8879,9.5349,8.7109,9.9759,12.0349,12.5939,12.2409,12.5639,11.7999,9.6229,9.3579,10.8579,11.2699,10.5939,8.9169,7.1229,7.0639,8.2699,8.0349,6.2409,5.2109,4.3289,2.4469,0.9759,1.8289,4.5639,5.6529,4.6529
CO2_TUG_BCT2,2021-10-10,134,False,6,3.264,3.617,3.676,3.705,3.941,4.294,3.941,4.911,9.735,13.205,14.029,12.058,10.058,8.558,8.411,8.558,6.97,6.352,7.147,7.529,6.882,5.617,5.911,6.764,5.205,4.764,6.941,9.47,10.029,9.205,8.676,8.147,7.264,7.088,6.558,4.176,2.588,2.117,3.235,5.558,5.97,5.264,4.735,5.088,4.558,2.882,3.029,4.558,4.382,4.264
CO2_TUG_BCT2,2021-10-10,142,False,17,4.88436,6.44336,8.26636,8.76636,9.56036,12.4134,14.2374,15.0314,16.2964,18.9134,21.0604,20.2374,16.9434,14.4724,11.9134,9.29636,8.06036,7.70736,8.00236,8.61936,9.11936,8.61936,7.97236,7.41336,6.88436,5.91336,4.76636,4.50236,4.97236,5.59036,5.85436,4.91336,4.23736,3.91336,3.29636,1.88436,-0.38064,-0.52764,1.91336,4.23736,4.88436,4.97236,5.59036,5.32536,4.00236,3.53136,3.91336,4.09036,3.76636,3.76636
CO2_TUG_BCT2,2021-10-10,143,False,9,4.85476,3.32576,5.11976,12.7668,21.0908,23.2668,21.4138,21.4728,25.5608,31.0908,32.3548,28.6488,23.7968,23.8848,26.6788,24.7378,20.5908,15.5318,12.2668,8.91376,5.03176,4.23776,5.82576,6.14876,5.56076,6.14876,5.79676,3.76676,2.44376,2.79676,4.29676,5.79676,6.59076,5.26676,4.82576,5.38476,4.88476,5.91376,8.91376,8.88476,5.56076,3.50176,3.53176,4.44376,4.94376,5.23776,5.59076,5.00176,4.09076,5.06076
CO2_TUG_BCT2,2021-10-10,147,False,13,2.97218,2.61918,3.70718,5.85418,7.14818,6.56018,4.88318,5.50118,9.38318,13.0602,13.7662,12.9722,13.2072,13.5892,13.4422,11.7952,8.50118,6.76618,5.94218,5.23618,5.88318,6.03018,5.03018,3.58918,2.73618,4.14818,4.26618,4.00118,4.41318,4.88318,5.23618,4.29518,1.97218,0.85418,1.14818,1.85418,1.91318,2.20718,3.08918,3.41318,3.70718,4.82418,5.00118,3.91318,3.03018,3.20718,4.23618,5.56018,6.79518,6.32418
CO2_TUG_BCT2,2021-10-10,149,False,15,1.59566,4.36066,5.80166,6.33066,7.74266,9.83066,10.5667,10.2427,10.3017,11.2137,12.1547,10.8017,7.33066,6.06666,7.24266,9.47766,9.53666,7.80166,7.59566,8.09566,8.15466,7.38966,6.47766,5.50766,5.33066,6.21366,7.50766,8.94866,10.9487,12.0957,11.0367,7.24266,5.09566,5.53666,7.62466,8.44866,7.41966,5.71366,4.50766,3.53666,3.47766,3.88966,3.50766,3.80166,5.12466,5.56666,4.94866,4.27266,4.27266,4.94866
CO2_TUG_BCT2,2021-10-10,150,False,10,4.853,6.383,6,4.294,4.265,5.794,6.471,8.206,13.118,18,19.383,18.53,17.059,14.647,12.853,12.971,14.324,14.794,13,9.147,6.559,4.912,4.206,4.118,4.118,4.089,3.853,3.412,3.383,3.589,3.353,3.059,2.324,1.03,1.265,2.971,3.294,2.706,3.324,3.265,2.177,1.912,1.824,1.471,1.853,2.53,1.853,1.5,2.118,2.765
CO2_TUG_BCT2,2021-10-10,158,False,5,0.0986,2.0106,3.2746,3.1866,2.1866,2.9216,6.1276,11.5106,20.8636,27.7166,28.1866,25.0986,23.3636,22.4516,20.9516,19.1866,14.8636,8.4806,5.3046,4.2456,3.4806,2.7456,2.0106,3.2456,5.5396,4.7456,4.5106,4.8046,2.3636,1.8046,3.9216,5.0106,4.4516,3.1276,3.1276,4.4516,5.0106,3.9216,1.5696,0.4806,1.0396,2.3046,1.9216,0.3636,0.7166,2.2166,3.9806,3.3926,1.1576,1.4806
CO2_TUG_BCT2,2021-10-10,162,False,8,2.0006,4.5886,4.7946,4.0886,3.7646,4.7066,10.5596,22.5006,33.0296,43.1476,46.6476,42.4416,31.5596,21.8236,17.7946,15.9116,14.2946,12.5596,12.1766,12.9706,14.1766,14.3536,13.7356,12.7946,12.4706,12.1766,11.0886,11.1476,12.7066,13.7946,13.4116,11.9706,10.7946,9.7646,9.2356,8.6766,7.5006,6.6766,7.3236,9.2646,10.9116,12.4416,13.0886,12.7066,11.7646,11.2066,10.4416,9.0596,8.7066,10.0296
CO2_TUG_BCT2,2021-10-10,165,False,29,2.38416,2.82516,4.06016,6.44316,8.35416,9.11916,9.17816,8.56016,8.82516,10.2072,10.9722,10.1192,7.56016,6.35416,6.17816,5.59016,6.09016,7.94316,9.06016,9.17816,8.47216,8.03116,7.94316,7.64816,6.70716,5.56016,5.41316,6.76616,8.88416,9.85416,9.88416,9.17816,7.76616,6.91316,5.67816,3.56016,2.88416,3.20716,3.56016,2.76616,1.61916,2.82516,3.97216,3.64816,1.97216,0.82516,0.35416,1.06016,2.91316,3.79616
CO2_TUG_BCT2,2021-10-10,169,False,6,2.32458,2.38358,2.88358,4.05958,4.94258,4.88358,4.91258,6.70658,10.6486,16.9126,19.8836,18.1486,13.0306,9.00058,5.38358,2.97158,1.85358,1.00058,1.64858,3.47158,3.61858,2.58958,1.11858,0.44258,0.58958,1.11858,1.79558,2.53058,2.58958,2.76558,2.73658,1.44258,1.50058,3.23658,3.91258,3.32458,2.70658,3.05958,3.73658,3.03058,2.41258,2.41258,3.05958,4.00058,3.67758,2.73658,2.44258,4.05958,4.91258,4.58958
CO2_TUG_BCT2,2021-10-10,183,False,5,3.06312,1.41612,0.68012,0.62112,1.06312,3.18012,7.12112,12.2681,20.4741,26.4161,26.8271,24.1211,22.1511,20.3271,18.4741,17.8861,17.7981,16.9161,15.0631,12.4161,12.8571,16.2101,17.5631,17.0631,15.8571,14.8271,13.8271,12.5041,12.7101,14.2681,14.5631,13.1801,11.5041,12.3271,12.3861,10.4451,7.88612,4.71012,3.41612,2.76812,3.03312,6.26812,7.79812,7.12112,6.76812,7.65112,9.47412,9.82712,8.06312,5.73912
CO2_TUG_BCT2,2021-10-10,184,False,9,3.4706,4.3236,4.2656,4.3236,6.5596,8.8236,10.8826,12.0006,13.5296,16.1766,16.2066,13.7946,12.7946,12.4706,12.2656,13.2066,13.8536,13.8236,12.9706,11.7946,12.1766,11.9416,9.6766,7.0596,5.7946,5.2946,5.9126,8.4706,11.3826,11.3536,8.2066,5.2066,4.5886,5.3536,5.2946,3.9416,2.6766,3.2656,5.0886,5.1766,3.6766,1.3536,0.8826,2.1476,2.8536,3.0296,3.7356,5.1476,5.8536,5.8236
CO2_TUG_BCT2,2021-10-10,188,False,14,11.8571,7.85712,5.23912,4.94512,5.47412,6.88612,8.91512,14.5621,25.9151,33.5331,34.3861,32.0921,29.9451,27.6801,25.9741,23.1801,17.7391,13.7981,11.3861,8.32712,5.88612,4.53312,5.73912,7.00412,7.62112,7.82712,7.62112,7.00412,5.65112,3.73912,3.47412,3.56212,3.21012,3.50412,4.88612,6.23912,6.23912,4.88612,3.47412,2.94512,3.00412,3.94512,5.82712,6.68012,6.12112,4.94512,4.73912,5.12112,5.62112,5.73912
CO2_TUG_BCT2,2021-10-10,189,False,11,2.6817,3.2107,3.7397,4.5927,4.8577,7.5047,14.7697,18.7397,21.1227,25.5047,26.9757,24.6817,21.4457,18.7697,15.7397,13.9167,13.2697,13.7107,13.8867,13.2987,11.6517,8.7987,7.5637,8.6227,10.0347,8.6227,7.3867,7.2987,8.0637,9.9457,11.5047,11.4167,10.5347,10.7987,11.4167,11.9167,11.7697,10.1517,7.5637,6.4167,6.7397,7.6517,7.8867,7.3287,5.9167,3.5347,2.5047,3.3577,4.2987,2.7987
CO2_TUG_BCT2,2021-10-10,191,False,9,2.29754,2.94454,2.85654,1.94454,0.26754,-0.70246,0.62054,4.17954,8.26754,13.8855,17.4145,16.6205,13.6505,13.0625,12.5915,10.7385,9.32654,8.26754,7.82654,7.85654,7.15054,5.00354,3.62054,3.06254,3.32654,4.47354,5.35654,5.15054,4.00354,3.12054,3.29754,4.23854,4.88554,4.94454,4.26754,3.97354,3.67954,2.56254,2.35654,3.17954,3.44454,3.26754,3.50354,3.76754,4.26754,5.15054,5.15054,4.29754,4.00354,3.94454
CO2_TUG_BCT2,2021-10-10,196,False,21,11.0029,8.97294,8.91394,12.0609,15.8259,17.3559,17.5319,17.7969,19.9139,24.0909,25.6499,24.2669,22.3849,21.5319,20.7379,19.1499,17.0319,14.2379,13.7079,14.9439,14.8259,13.6199,12.3849,12.9439,14.2379,15.8259,17.1199,17.6789,16.5029,15.5319,14.4729,12.5909,11.6499,11.3559,10.1199,8.70794,10.0609,10.7969,9.79694,8.76694,7.76694,6.41394,6.32594,6.94394,6.32594,6.38494,7.47294,7.73794,7.82594,8.29694
CO2_TUG_BCT2,2021-10-10,197,False,9,1.441,0.205,-1.853,-0.677,4.353,10.911,22.264,33.088,37.205,38.588,40.235,39.294,35.47,32.147,28.853,27,26.97,28.588,31.088,31.588,30.264,28.823,25.676,20.97,18.5,15.882,11.058,7.764,5.676,5.5,7.264,8.911,9.264,7.676,4.411,3,3.294,3.882,5.323,7.382,7.97,7.853,8.735,8.911,8.088,7.764,7.47,6.323,6.058,7.853
CO2_TUG_BCT2,2021-10-10,205,False,10,2.53528,4.50528,6.03528,6.62328,5.38828,4.06428,3.15228,4.09428,8.27028,13.2413,15.3883,15.1523,13.5053,12.5943,12.4763,12.4173,11.9473,10.9473,9.97628,8.74128,7.74128,6.97628,6.06428,6.12328,7.47628,8.77028,8.30028,6.00528,4.18228,4.06428,4.91728,5.15228,4.74128,4.62328,5.56428,7.68228,9.00528,8.65228,7.15228,5.62328,4.59428,5.59428,6.88828,7.94728,8.35828,7.94728,6.94728,6.00528,5.00528,4.44728
CO2_TUG_BCT2,2021-10-10,207,False,7,4.23676,3.14876,3.67776,4.73676,5.76676,6.76676,11.0608,20.7668,35.0898,57.0308,69.9138,69.8548,60.6488,48.3548,39.1198,29.8838,24.1198,19.8248,16.4138,14.3548,12.2668,10.7368,10.1488,11.1488,10.6198,8.14876,7.35476,8.67776,11.7668,14.2958,14.6778,13.6778,11.9428,8.82476,6.20776,5.11976,4.61976,5.03076,7.35476,10.4718,10.5608,8.14876,7.03076,5.67776,2.88376,1.41376,0.76676,-0.08624,0.14876,1.50176
CO2_TUG_BCT2,2021-10-10,218,False,20,5.629,6.776,8.335,8.365,7.071,6.688,7.776,9.482,10.688,11.718,12.1,11.453,10.012,9.041,8.247,7.512,6.923,5.718,4.335,5.718,9.629,9.865,6.365,4.6,5.188,6.129,5.218,4.629,4.953,4.923,4.247,3.541,3.306,3.512,3.923,3.688,2.718,1.659,-0.282,-2.488,-2.282,0.188,1.835,2.218,2.335,3.041,4.453,5.159,5.159,4.453
CO2_TUG_BCT2,2021-10-10,221,False,10,0.951,1.716,3.481,3.481,1.922,3.157,10.569,21.128,28.951,35.363,35.981,30.775,21.481,15.216,10.186,6.304,5.745,6.539,5.598,4.775,4.569,3.775,1.657,-0.49,-1.519,-1.99,-1.461,0.392,1.951,1.863,0.981,1.245,1.863,2.392,2.716,3.451,4.775,4.745,3.186,1.981,1.422,1.069,2.039,4.598,6.128,5.628,4.245,4.216,4.333,3.981
CO2_TUG_BCT2,2021-10-10,222,False,29,4.363,5.304,8.539,9.892,9.128,8.304,8.245,9.598,10.098,9.981,10.892,11.304,10.804,9.716,8.51,8.892,8.775,7.451,6.716,6.392,5.892,5.392,4.657,3.951,3.775,4.451,5.833,6.304,5.951,5.981,6.657,7.363,7.569,7.128,6.157,5.451,4.863,4.304,4.51,6.363,7.186,6.392,5.363,6.039,8.304,9.128,7.863,5.804,5.333,6.392
CO2_TUG_BCT2,2021-10-10,227,False,7,3.53234,3.73834,3.56134,3.82634,4.67934,5.29634,9.35534,18.7673,23.6493,24.3263,24.5323,23.3553,19.5023,16.8553,16.1203,17.4143,19.2083,21.1203,21.4143,20.5913,20.7963,20.8853,20.0023,18.9143,19.1203,20.4143,20.6493,19.7963,19.1203,17.2963,13.0613,9.38534,7.06134,4.67934,4.09134,4.41434,3.29634,2.82634,2.94334,1.94334,0.82634,-0.11466,0.09134,1.20834,1.38534,0.76734,-0.20366,-0.64466,-0.46766,0.00234
CO2_TUG_BCT2,2021-10-10,228,False,5,4.6517,5.1227,4.0347,2.3577,1.3877,1.0927,7.3877,46.8877,121.799,172.505,192.211,168.152,136.711,106.358,87.7697,73.3577,60.6817,50.8287,38.5927,31.8577,34.7107,43.7987,50.1517,53.0637,51.2697,48.5637,46.6817,46.9757,48.0047,48.9757,48.9757,48.0927,47.4457,45.7697,41.2697,36.3287,34.0347,33.5927,33.5637,33.5637,33.4757,32.7107,30.8287,28.9457,26.5047,22.3577,17.8877,12.4757,9.8287,9.0347
CO2_TUG_BCT2,2021-10-10,231,False,17,-1.51822,0.68778,2.36378,3.98178,5.54078,8.21678,11.3348,13.1878,15.2168,17.5118,18.0408,17.1288,15.7468,12.6288,8.71678,7.86378,10.4818,13.9228,14.7168,13.4528,12.4228,11.1588,9.54078,9.09978,9.95278,11.1878,12.1588,12.8638,11.0408,6.86378,5.42278,5.33478,4.68778,3.98178,3.71678,3.68778,3.71678,3.95278,4.42278,4.51178,3.36378,1.06978,0.36378,1.30578,2.98178,5.62878,7.09978,6.06978,3.27578,1.92278
CO2_TUG_BCT2,2021-10-10,232,False,9,8.44748,9.59448,7.74148,6.38848,7.24148,14.0355,26.5655,34.8595,40.3885,43.2415,43.3005,40.5065,36.7715,29.0355,18.8005,13.4185,10.8595,8.74148,6.27148,5.03548,4.44748,3.74148,3.71248,3.68248,3.47648,3.59448,2.85948,1.03548,0.38848,1.21248,2.38848,2.88848,2.97648,3.15348,3.15348,2.56548,2.94748,3.82948,3.03548,3.38848,5.62348,6.71248,6.15348,4.80048,4.59448,5.68248,6.35948,4.53548,0.53548,0.00648
CO2_TUG_BCT2,2021-10-10,233,False,7,3.29636,1.94336,1.23736,1.14936,1.17836,1.38436,1.62036,2.41436,10.4434,26.8844,34.5904,31.3844,22.9144,18.5904,17.3554,16.0024,15.5614,14.7674,12.0614,11.4144,13.0904,14.1784,15.4734,17.9144,19.8254,21.6204,22.7084,22.3254,20.8254,19.2084,17.4734,17.0024,17.0904,16.8844,16.4734,16.7084,17.5024,17.0904,15.7374,15.7374,16.0904,16.1494,16.0024,14.8254,12.6784,13.1784,16.5614,18.6204,18.5614,17.4144
CO2_TUG_BCT2,2021-10-10,236,False,6,2.50058,3.64858,3.55958,3.17758,3.70658,5.55958,7.88358,14.0006,26.0596,33.7066,34.6186,32.9126,32.2066,32.5596,32.7066,31.9716,30.0896,28.3246,26.8246,24.8836,23.9126,23.5596,23.1486,23.4126,24.5596,25.5306,26.0596,26.6776,27.7656,28.9716,28.3836,26.6486,22.8246,16.9426,11.9126,10.2956,10.5896,11.0596,11.5596,11.7956,11.7656,11.2956,10.4126,10.4126,11.2656,11.5306,11.3536,11.4426,10.5896,9.20658
CO2_TUG_BCT2,2021-10-10,237,False,15,1.2697,1.8577,2.0337,3.2697,6.0927,7.7107,8.1227,8.0927,9.5337,12.7987,14.3867,14.1227,13.0927,11.9457,10.7107,10.3577,9.5337,7.4457,6.0337,5.6807,5.7397,6.5047,8.3867,9.8867,9.2697,7.0927,6.9167,9.1227,10.8867,10.3577,7.1227,3.4457,2.6227,3.7987,4.0337,3.1807,2.7697,3.1227,3.5927,3.1227,2.7107,2.7107,3.0927,3.3277,2.4167,2.0047,2.3867,2.4757,1.3277,-0.8193
CO2_TUG_BCT2,2021-10-10,243,False,12,1.38534,0.44334,0.00234,0.26734,1.44334,3.29634,5.67934,9.09034,11.0023,11.9143,12.5323,11.9733,9.64934,7.14934,6.82634,8.17934,9.26734,9.59034,8.62034,7.64934,6.38534,4.76734,4.26734,4.70834,5.32634,5.59034,4.67934,4.17934,3.85534,2.67934,2.00234,2.00234,2.59034,3.06134,2.06134,2.47334,4.00234,3.17934,3.12034,4.67934,4.17934,1.23834,-0.46766,0.38534,2.00234,1.14934,0.85534,2.09034,2.64934,2.97334
CO2_TUG_BCT2,2021-10-10,246,False,6,1.29576,1.61976,1.91376,3.03076,3.41376,3.97276,7.14876,15.0898,29.3548,42.6788,53.6198,51.8548,46.8838,40.6788,32.0608,27.0018,24.0308,21.5608,18.1198,14.8548,12.1198,8.64876,6.67876,6.70776,8.44276,8.38376,6.17876,5.00176,4.85476,5.08976,6.88376,9.94276,10.4138,9.88376,9.32576,8.32576,7.38376,6.41376,6.32576,7.91376,10.5308,11.9138,12.0608,11.3258,10.6488,10.1198,10.0018,10.9138,12.7368,13.0898
CO2_TUG_BCT2,2021-10-10,247,False,3,0.91454,2.85654,2.94454,1.70854,3.12054,4.35654,4.73854,7.32654,18.1505,34.4735,39.0325,32.9145,27.8265,25.3265,22.6505,19.7675,15.8565,13.2385,12.2975,11.5325,10.8565,10.8265,11.3265,12.0035,12.7385,12.6205,11.5915,10.3855,10.6505,9.59154,6.38554,4.70854,4.26754,3.91454,4.53254,5.67954,5.20854,4.62054,4.47354,4.09154,3.85654,4.67954,4.44454,3.12054,3.17954,4.00354,5.03254,5.70854,6.00354,5.65054
CO2_TUG_BCT2,2021-10-10,251,False,16,6.38258,6.91258,7.00058,7.61858,7.35358,6.08858,6.41258,10.3246,16.2656,19.2946,19.6186,18.2656,17.8536,18.7066,19.2946,18.8826,17.3246,17.0006,17.3536,16.2356,15.8536,16.6186,16.5306,14.9416,13.0006,11.6776,9.94158,8.14758,8.00058,8.61858,7.91258,7.29458,7.14758,6.67758,5.73558,5.17758,4.41258,3.05958,2.94158,4.73558,7.03058,7.58858,7.00058,6.91258,6.38258,5.00058,4.29458,4.20658,4.17758,3.91258
CO2_TUG_BCT2,2021-10-10,253,False,9,3.05918,4.11818,4.32418,3.67718,3.05918,3.82418,7.79518,13.8532,17.9422,21.0892,22.1482,19.5012,13.8832,11.3832,12.2062,13.7952,14.0592,13.1182,11.8832,9.94218,8.35318,8.35318,9.94218,11.7652,12.0592,11.1772,10.5012,10.2062,10.4422,10.5012,9.35318,6.91218,5.03018,3.41218,2.38318,2.53018,4.35318,5.00118,4.20618,3.64818,2.88318,1.58918,1.73618,2.82418,2.53018,3.38318,6.35318,8.11818,7.58918,5.70618
CO2_TUG_BCT2,2021-10-10,266,False,20,10.9469,10.5939,9.24188,8.77088,9.15288,9.53588,10.7119,12.8299,13.6239,14.2419,15.5359,15.5059,13.9469,12.6529,11.3299,8.94688,7.15288,7.27088,8.62388,9.24188,8.62388,6.97688,4.38888,0.53588,-1.17012,0.00588,2.82988,4.21188,4.15288,3.62388,3.03588,3.00588,4.29988,4.24188,2.44688,1.38888,1.74188,3.38888,4.29988,4.41788,4.47688,4.94688,5.77088,5.27088,3.21188,1.94688,2.79988,5.35888,6.82988,5.79988
CO2_TUG_BCT2,2021-10-10,267,False,7,6.77088,7.94688,7.41788,7.53588,13.8589,27.2999,36.3889,43.0939,48.1829,52.2709,55.0059,50.4769,43.0939,33.9469,27.9179,24.3299,23.9179,24.8889,26.1529,27.1239,27.6529,28.2119,28.9179,29.8889,30.2419,29.4769,28.5359,29.4769,30.2999,30.3589,29.7709,27.8889,25.4469,23.6239,21.1529,18.4769,16.7419,15.2419,14.6529,14.0939,12.4769,11.7999,12.0359,11.3589,9.74188,9.15288,8.29988,6.21188,4.91788,5.50588
CO2_TUG_BCT2,2021-10-10,278,False,13,4.38476,5.17876,5.88476,4.56076,4.44276,7.59076,12.5018,18.0018,25.3258,29.0018,29.2078,27.8258,25.3548,20.7958,16.5608,13.2958,9.35476,7.23776,6.53176,6.23776,5.76676,5.06076,4.94276,4.17876,2.35476,1.85476,3.85476,7.20776,7.47276,5.03176,4.91376,6.61976,6.11976,5.09076,4.26676,3.70776,4.47276,5.61976,4.44276,3.41376,3.32576,3.61976,3.14876,0.82576,-0.29224,0.17876,1.85476,4.94276,6.70776,6.23776
CO2_TUG_BCT2,2021-10-10,280,False,20,11.4132,11.6192,11.6482,11.7662,11.2952,9.56016,8.09016,7.73716,9.44316,11.0012,12.0312,11.9722,10.6192,9.14816,8.11916,6.88416,6.03116,6.44316,7.73716,7.82516,7.20716,7.82516,7.76616,6.67816,6.53116,7.38416,8.64816,8.03116,6.00116,5.94316,5.97216,4.88416,3.94316,3.64816,3.73716,4.59016,5.76616,5.17816,3.67816,1.94316,1.56016,2.38416,3.73716,3.79516,2.94316,3.09016,2.88416,2.47216,3.67816,4.76616
CO2_TUG_BCT2,2021-10-10,281,False,6,1.67876,1.00176,0.79676,1.20776,1.59076,2.79676,6.09076,15.2378,33.9728,48.1788,49.5908,43.7668,39.6198,37.5908,38.0908,40.7668,44.7378,44.0318,38.3258,32.6198,24.7378,17.2378,12.8548,8.79676,6.20776,5.53176,5.56076,6.38476,8.73776,11.1788,11.2078,10.3848,11.9728,12.7668,11.8848,10.5608,9.32576,9.64876,9.11976,7.32576,7.06076,7.14876,6.70776,6.26676,6.00176,6.20776,6.14876,5.47276,4.73776,4.23776
CO2_TUG_BCT2,2021-10-10,282,False,9,3.85358,2.00058,1.23658,1.11858,0.50058,0.76558,2.26558,4.88358,13.2066,26.2066,32.4416,32.0006,28.1186,25.1186,22.9126,21.3536,19.1186,16.3836,15.9416,17.9126,19.9416,20.0306,18.6776,17.5306,15.3246,11.7366,9.58858,8.44158,7.85358,6.85358,4.94158,3.88358,4.23658,5.91258,7.08858,7.91258,8.55958,8.35358,7.44158,6.91258,6.38358,5.35358,4.23658,3.23658,3.47158,3.85358,3.97158,4.35358,4.58858,3.61858
CO2_TUG_BCT2,2021-10-10,284,False,10,4.6476,3.9416,2.0886,1.4116,3.4116,7.7056,10.7356,15.4706,23.0296,26.8536,27.6176,26.5886,23.5586,20.7056,17.6176,12.3536,8.3536,7.1476,7.0006,6.7946,6.5586,6.7646,6.6766,5.7646,4.5296,3.5586,2.7356,3.5886,5.6476,5.5886,4.5886,3.5586,3.0006,2.2356,1.0006,1.6176,3.6476,3.6766,3.4116,4.0296,4.7356,5.0006,4.9116,4.0886,3.1476,4.0586,4.6476,4.2946,4.0006,3.5006
CO2_TUG_BCT2,2021-10-10,285,False,5,4.71012,3.21012,1.44512,-0.20188,0.88612,4.32812,5.85712,6.79812,8.94512,12.0631,15.4751,14.9161,13.0041,10.7101,8.65112,8.32812,9.23912,10.1221,10.6511,10.0921,8.94512,7.23912,5.97512,4.94512,3.62212,3.85712,5.65112,6.53412,6.18112,5.23912,4.73912,4.44512,3.94512,3.47512,2.97512,2.82812,3.47512,4.65112,4.85712,4.47512,3.94512,3.50412,3.23912,3.62212,4.97512,7.12212,7.85712,8.00412,8.35712,7.88612
CO2_TUG_BCT2,2021-10-10,286,False,7,5.44552,5.56252,6.18052,6.88652,6.20952,6.41552,11.5035,21.8565,32.2395,44.0035,48.6505,47.0035,44.8275,42.0035,38.1805,37.5335,36.7685,33.8865,30.9455,27.0035,23.5335,21.0625,18.5925,18.1215,18.4155,18.5035,18.5625,17.6215,14.9155,12.4745,9.47452,6.79852,6.91552,9.09252,9.79852,9.00352,8.53352,8.41552,7.94552,7.03352,6.79852,7.15052,6.82752,5.20952,3.38652,3.20952,5.00352,7.29852,7.82752,6.97452
CO2_TUG_BCT2,2021-10-10,288,False,16,3.65994,7.24794,8.13094,7.42494,9.01294,9.74794,8.51294,7.30694,8.42494,11.5419,12.2189,10.3069,8.71894,6.92494,3.83694,2.04194,2.33694,3.71894,4.30694,3.45394,1.57194,0.63094,0.63094,1.54194,3.18894,3.65994,3.63094,4.30694,5.63094,5.63094,4.36594,4.04194,4.18894,3.27794,2.80694,2.71894,2.07194,2.10094,2.95394,3.13094,2.24794,1.18894,1.60094,3.18894,3.65994,3.54194,3.39494,2.57194,1.63094,2.51294
CO2_TUG_BCT2,2021-10-10,291,False,8,3.8948,5.1008,5.9538,5.5128,3.8948,3.0418,5.3068,11.6898,24.0418,43.1898,50.7188,46.9838,37.2188,29.1598,26.1008,24.8948,24.3068,23.3068,21.3658,19.8658,18.1008,16.2778,15.9838,16.6898,15.7188,11.3068,5.9538,4.1898,5.1008,6.0418,6.3368,6.1898,4.8368,2.4838,2.1308,3.3068,4.7778,4.7188,3.8948,3.0718,3.7478,4.3948,1.6898,0.6898,2.3068,3.3658,4.4248,6.2188,6.3948,4.6308
CO2_TUG_BCT2,2021-10-10,292,False,6,-0.82066,-1.32066,-0.11466,2.88534,2.82634,0.67934,1.64934,3.82634,10.5913,22.7383,26.2973,21.8263,18.6493,16.4443,13.9443,11.7383,9.03234,7.26734,5.94434,4.06134,3.47334,4.76734,6.85534,7.56134,6.97334,6.14934,4.94434,3.12034,2.94434,4.70834,6.26734,6.12034,4.73834,3.79734,3.23834,3.00234,2.97334,2.97334,2.94434,2.70834,2.47334,3.85534,5.47334,3.20834,2.00234,2.91434,3.20834,3.53234,4.44434,4.88534
CO2_TUG_BCT2,2021-10-10,293,False,8,6.26734,6.64934,6.17934,5.47334,4.50234,4.12034,6.00234,17.2973,38.1493,51.1793,57.7083,53.8853,38.7383,27.4143,23.7083,20.5913,15.7973,14.5913,16.5323,16.8263,15.5613,15.5023,15.4443,15.0323,15.5613,16.4443,17.4143,17.5023,15.9143,13.4733,13.3553,14.8553,14.5323,13.2673,11.7673,11.0323,10.7083,10.2083,9.76734,9.38534,8.67934,7.06134,6.62034,7.41434,7.64934,7.23834,7.03234,7.29734,8.23834,9.35534
CO2_TUG_BCT2,2021-10-10,297,False,9,6.74482,4.44982,2.56782,1.97982,1.97982,3.00882,8.42082,18.2448,26.0678,33.2148,36.3618,35.5968,33.1558,31.1858,28.9208,26.7148,25.0678,22.3918,19.0968,15.9498,11.9208,9.06782,6.71482,5.27382,4.56782,3.12682,1.12682,1.09682,2.86182,3.80282,3.92082,3.92082,3.92082,3.92082,3.94982,4.18582,4.59682,4.39182,3.71482,3.65582,3.36182,2.44982,1.97982,1.92082,1.94982,2.30282,3.71482,5.74482,6.00882,4.71482
CO2_TUG_BCT2,2021-10-10,305,False,8,0.85828,2.12328,2.91728,3.71128,4.94628,4.24128,1.91728,4.56428,17.0933,32.4763,37.5933,34.1233,29.1823,26.8293,24.0053,18.5053,13.3293,7.71128,4.27028,2.77028,3.21128,3.56428,3.12328,2.35828,0.91728,-0.52372,-1.05372,0.29928,3.74128,4.88828,3.77028,3.53528,4.38828,4.85828,4.88828,4.65228,4.09328,3.15228,1.77028,1.50528,2.12328,2.15228,2.15228,2.12328,1.50528,1.77028,3.09328,3.53528,2.91728,2.35828
CO2_TUG_BCT2,2021-10-10,306,False,25,3.8873,3.4463,2.2993,2.0343,2.0343,2.2993,3.8283,7.3283,13.2403,17.3873,19.8583,19.8283,19.0643,18.6223,19.5343,23.0343,27.3583,29.5933,29.3283,26.0933,22.8873,19.8283,18.2693,16.9163,14.6223,14.0053,15.5053,17.1223,15.7693,11.4753,8.1223,5.0343,2.9463,2.5343,2.7113,2.5053,2.5343,3.0343,3.6223,3.6523,2.3583,2.3583,3.6523,3.5053,1.9753,-0.2887,-0.2597,2.1813,3.7403,3.3873
CO2_TUG_BCT2,2021-10-10,310,False,4,3.07136,4.24736,3.89436,4.24736,5.86536,5.42436,2.95336,2.98236,11.1004,29.0124,40.6594,37.3944,24.2474,15.4824,9.95336,6.71836,4.57136,1.68836,0.45336,1.68836,4.54136,5.92436,4.45336,0.57136,-0.60564,0.77636,1.39436,2.45336,4.60036,4.48236,2.74736,3.15936,3.51236,3.15936,3.60036,3.77636,3.45336,3.89436,5.04136,5.33536,5.77636,7.62936,9.83536,9.65936,7.42436,6.27636,6.36536,6.89436,7.45336,7.24736
CO2_TUG_BCT2,2021-10-10,345,False,16,6.78028,8.16328,10.4273,11.0743,11.2213,13.3393,14.6633,14.8393,14.8683,15.1043,15.3393,13.7513,10.4863,9.57428,10.0453,10.6923,11.8103,13.2513,13.0743,11.2213,7.63328,4.92728,4.98628,6.75128,7.48628,7.36828,7.60428,7.92728,8.89828,10.7213,11.1923,10.2213,8.60428,6.42728,5.69228,5.57428,5.36828,5.57428,5.54528,5.16328,5.33928,5.78028,5.19228,3.92728,2.69228,3.16328,3.75128,3.81028,3.54528,2.83928
CO2_TUG_BCT2,2021-10-10,359,False,3,2.88376,4.26576,4.73676,4.38376,4.47176,5.61876,7.35476,9.41376,15.8548,26.2368,29.6188,26.8548,24.5608,23.4138,23.5308,22.9718,20.9718,18.6778,16.2078,15.5608,14.3248,10.6188,7.29576,5.94276,5.38376,5.35476,5.56076,5.44276,6.17776,8.03076,8.91376,8.56076,7.67776,7.76576,9.35476,11.2078,11.5898,10.0308,7.47176,6.50176,6.79576,6.88376,7.14876,8.32476,8.91376,8.29576,6.88376,6.17776,6.06076,5.82476
CO2_TUG_BCT2,2021-10-10,360,False,7,4.41552,3.06252,2.82752,3.68052,4.09152,3.68052,3.00352,5.23852,14.1215,25.3855,28.0625,23.0035,17.8855,14.7975,11.8855,11.0035,10.8275,8.62152,6.62152,5.26852,4.79752,3.06252,-0.61448,-1.81948,0.53352,4.29752,5.91552,5.41552,3.88552,2.23852,0.38552,0.35652,1.88552,2.44452,2.88552,3.09152,1.53352,1.15052,2.41552,3.12152,3.20952,3.23852,3.38552,3.15052,2.06252,2.09152,3.26852,2.76852,0.26852,-1.20248
CO2_TUG_BCT2,2021-10-10,361,False,16,5.59152,7.09152,10.3565,12.0625,12.7385,13.6505,14.0335,14.7975,16.9445,18.3275,18.8565,18.3275,16.4745,14.7975,13.9155,12.6805,11.0335,10.2975,10.1805,9.85652,8.68052,6.97452,5.91552,6.06252,7.88552,8.53352,7.65052,6.50352,5.26852,5.00352,4.94452,4.73852,4.94452,4.91552,4.53352,4.76852,5.68052,6.09152,5.70952,5.00352,4.85652,3.85652,1.62152,1.18052,2.68052,3.88552,4.44452,4.94452,5.03352,3.88552
CO2_TUG_BCT2,2021-10-10,370,False,17,6.35418,9.35418,11.9422,12.7952,12.7362,11.6182,9.73618,9.61818,10.8832,12.8242,13.6482,12.8242,10.8242,9.00118,7.47118,7.41218,7.29518,6.41218,6.00118,6.41218,7.20718,6.61818,5.26518,5.97118,6.76518,6.88318,6.91218,7.14818,7.70718,8.58918,9.55918,9.32418,8.88318,8.35418,7.38318,6.67718,6.11818,5.70718,5.67718,6.35418,6.53018,5.88318,5.23618,5.44218,6.32418,6.47118,5.35418,3.79518,3.91218,6.41218
CO2_TUG_BCT2,2021-10-10,378,False,29,5.11976,3.47276,3.59076,4.88476,4.23776,3.91376,4.79576,5.85476,7.79576,10.1488,11.0318,10.2078,8.23776,6.50176,4.26676,2.23776,2.14876,3.47276,4.03176,2.94276,0.61976,-0.32124,0.06076,0.73776,1.47276,1.47276,1.44276,2.59076,4.91376,5.76676,4.73776,3.11976,2.61976,3.00176,3.14876,2.47276,1.09076,0.61976,1.14876,2.35476,3.09076,1.03176,0.11976,1.79576,4.11976,4.88476,4.44276,3.53176,2.32576,2.17876
CO2_TUG_BCT2,2021-10-10,392,False,3,4.1766,4.3236,4.9116,4.4116,2.5886,1.8236,3.1176,6.6476,14.1766,29.4116,41.9706,41.2356,29.7056,20.3236,15.9416,12.2946,9.9116,8.0586,6.8236,6.0296,5.1176,5.1766,6.5296,7.9116,8.0886,6.7356,4.7646,4.9706,7.1476,7.9416,7.8536,8.8536,9.9416,10.7356,10.6766,10.0296,9.2356,10.1766,12.9416,14.3236,14.2356,13.5296,12.7646,12.0296,10.8826,9.2056,7.9706,9.5586,8.7646,4.9706
CO2_TUG_BCT2,2021-10-10,453,False,8,2.83576,5.09976,5.04076,5.71776,8.42376,11.8058,27.7468,61.7178,96.5118,133.541,144.247,135.306,115.277,95.0708,80.5998,65.3648,58.9528,58.0408,54.3358,50.4528,45.2178,39.4528,36.2178,33.7178,29.8648,23.3938,19.0998,17.5708,16.5408,15.9828,15.2178,13.7468,12.5708,11.5408,11.1588,11.8938,14.0118,16.0708,16.3938,15.5408,14.8938,13.4238,10.5998,9.15876,8.74676,8.18776,7.24676,5.83576,5.36476,5.74676
CO2_TUG_BCT2,2021-10-10,473,False,6,2.51234,3.89534,4.71834,4.33634,3.60134,2.39534,1.65934,3.77734,13.1593,26.7773,30.9833,26.8953,19.7483,8.89534,2.63034,1.95434,2.80634,2.60134,2.45434,2.83634,2.83634,2.39534,2.13034,1.86534,1.42434,1.48334,2.39534,3.54234,3.74834,2.86534,1.77734,1.98334,3.33634,4.01234,3.86534,3.45434,3.65934,4.33634,4.42434,4.95434,6.36534,7.21834,7.07134,5.92434,5.45434,5.60134,5.39534,5.42434,5.77734,5.27734
CO2_TUG_BCT2,2021-10-10,505,False,18,12.8271,13.2101,11.6511,12.0041,15.1801,18.2101,19.1511,19.5041,20.7981,22.4161,24.2691,24.2391,22.2391,20.7391,19.6511,17.9741,16.7691,16.2101,15.7101,15.3861,14.6511,13.2981,12.9451,12.8571,11.5921,11.8861,14.0921,15.1211,15.5041,16.6801,17.2981,16.9161,15.9741,15.5041,15.2981,14.0631,11.2391,9.12112,8.50412,8.44512,8.53312,9.23912,10.5921,10.7391,9.18012,7.35712,7.06312,7.82712,7.50412,5.44512
CO2_TUG_BCT2,2021-10-10,506,False,8,4.70894,5.03194,4.09094,1.82594,1.03194,1.11994,0.44394,2.11994,7.91494,13.2969,14.9729,14.6199,13.6789,12.2379,11.4729,10.9149,10.0319,9.88494,9.59094,7.67894,6.29694,5.44394,4.79694,5.00294,5.97294,6.91494,7.91494,8.26794,7.38494,5.50294,4.64994,5.23794,6.64994,7.17894,5.85594,3.20894,3.09094,4.79694,4.29694,3.29694,2.70894,2.53194,2.97294,3.91494,4.44394,4.97294,5.85594,5.85594,4.91494,4.00294
CO2_TUG_BCT2,2021-10-10,509,False,17,5.7697,6.4757,6.1227,6.0047,6.9167,8.9167,10.9457,14.1227,17.5047,19.3287,19.4757,17.2697,15.2397,13.7697,13.9757,15.5337,15.9457,15.3867,14.6517,14.6817,15.0927,15.5047,14.9757,13.1227,11.5047,11.2697,12.3867,13.8867,13.4457,11.0927,9.1817,7.3867,6.2397,6.1517,6.5927,6.9457,7.9167,9.7697,10.5337,10.6517,11.3867,11.8287,10.4757,7.0047,5.6227,6.3577,7.0047,7.0637,6.3287,5.6227
CO2_TUG_BCT2,2021-10-10,558,False,26,4.86534,6.65934,8.48334,11.6013,14.1303,14.5123,13.6893,13.5713,14.9243,16.9543,17.2183,15.9243,15.0123,13.2773,9.77734,6.51234,3.24834,2.21834,3.36534,5.27734,5.45434,4.65934,3.65934,3.24834,3.65934,4.63034,5.33634,5.86534,6.07134,5.86534,5.39534,5.10134,4.60134,3.63034,2.92434,2.51234,3.15934,4.54234,4.57134,4.36534,4.07134,2.86534,1.95434,1.39534,1.24834,1.92434,3.24834,3.33634,2.71834,3.36534
CO2_TUG_BCT2,2021-10-10,576,False,23,8.2993,8.5633,7.7993,8.6813,12.3583,15.6523,16.7693,16.8583,16.7693,17.4753,19.3873,18.9753,16.5343,16.2403,16.2693,15.4753,15.3583,15.2993,13.8583,12.7403,12.2113,12.2993,12.0343,10.0633,8.3283,7.4753,8.2403,9.3283,10.3873,11.0933,11.6223,11.7403,10.8583,9.2113,8.8283,9.6523,11.0343,11.1223,9.0933,6.3873,6.0933,7.8283,8.8283,9.4163,10.3873,11.1223,11.8873,12.5053,11.9753,9.8873
CO2_TUG_BCT2,2021-10-10,577,False,8,4.058,2.235,2.029,2.588,3.117,3.588,5.5,9.264,11.176,11.647,11.823,9.882,6.617,6.97,7.147,5.5,5.088,6.382,7.617,6.794,4.5,3.941,3.529,2.176,1.529,1.911,2.853,3.294,3.029,1.853,0.264,0,1,2.617,4.794,5.441,4.882,4.029,4.264,4.206,1.5,0.676,2.323,3.264,3.382,3.353,3.117,2.647,2.411,2.206
CO2_TUG_BCT2,2021-10-10,584,False,11,1.60212,1.74912,3.27912,5.72012,7.13212,7.74912,7.95512,7.98512,9.39612,12.8381,13.9851,12.7791,11.7791,10.7491,9.60212,9.33812,9.80812,10.5731,12.0141,13.3381,13.1611,11.8081,11.0731,10.8081,10.8081,11.5731,12.4851,13.2491,12.0141,9.72012,10.8081,13.1611,15.7201,16.9261,15.8961,12.9261,12.0731,13.7491,15.3081,15.1611,13.7491,12.4851,10.7491,8.80812,7.48512,5.74912,3.92612,3.63212,4.54312,5.42612
CO2_TUG_BCT2,2021-10-10,587,False,7,4.82576,4.20776,3.56076,3.73676,4.41376,5.03176,9.79576,20.0608,28.1788,34.4428,35.2958,30.2078,20.4428,14.8838,16.2078,21.2668,23.4728,22.1488,19.2668,15.5608,9.53176,5.03176,5.20776,8.14876,8.23676,5.85476,5.64876,6.23676,5.61976,3.53176,2.61976,2.94276,3.08976,2.41376,1.03176,0.70776,2.26676,4.76676,5.26676,4.06076,3.85476,4.94276,5.82576,5.56076,3.94276,2.06076,1.29576,1.23676,1.53176,2.47276
CO2_TUG_BCT2,2021-10-10,588,False,17,4.94454,5.47354,5.79754,6.53254,7.88554,8.17954,7.79754,8.38554,9.73854,11.7385,12.9445,12.3565,9.41454,6.73854,3.47354,0.26754,-0.32046,0.91454,1.44454,1.53254,2.26754,2.94454,3.47354,3.67954,3.47354,2.94454,2.15054,0.47354,-1.37946,-1.73246,0.06254,3.09154,4.29754,4.03254,3.97354,3.94454,3.23854,2.79754,2.76754,2.94454,2.94454,2.23854,1.73854,1.20954,0.26754,-0.17346,0.00354,0.65054,2.29754,5.12054
CO2_TUG_BCT2,2021-10-10,591,False,7,-0.02842,0.53058,0.58958,0.32458,-0.38142,-0.88142,0.64758,5.08958,9.11858,10.7366,11.1476,9.82458,7.26558,6.88358,6.20658,3.91258,2.50058,1.88358,1.70658,2.08958,2.55958,2.05958,1.41258,0.94258,1.17758,2.08958,2.53058,2.41258,2.41258,3.20658,4.35358,5.70658,5.35358,2.61858,0.00058,0.44258,2.44258,1.73658,0.76558,0.58958,0.61858,2.26558,6.08958,6.82458,4.73658,4.32458,5.08958,6.05958,6.29458,5.88358
CO2_TUG_BCT2,2021-10-10,599,False,7,3.50116,3.11916,3.14916,3.82516,4.61916,5.70716,8.09016,11.4432,18.5902,30.8842,36.2962,34.2372,29.7962,25.9432,20.2962,14.5012,12.8842,13.7962,12.4722,7.61916,3.56016,3.59016,6.50116,8.50116,9.85416,11.7072,12.2662,12.1492,13.0312,13.2072,12.3542,11.7962,11.0312,9.76616,10.2372,12.5012,13.6492,13.7072,14.4132,16.3842,16.3542,14.0312,11.9432,10.1492,9.61916,9.26616,8.35416,7.82516,7.29616,6.47216
CO2_TUG_BCT2,2021-10-10,611,False,10,2.55958,4.29458,4.50058,3.94158,3.52958,4.44158,7.94158,12.3236,15.2356,17.5596,18.1186,16.8536,14.2656,11.4416,8.00058,6.35358,6.14758,6.14758,6.29458,7.47158,9.82358,10.8236,9.55958,6.85358,6.29458,7.29458,6.85358,6.50058,6.94158,7.55958,7.82358,6.88258,6.32358,6.94158,8.17658,7.47158,4.82358,4.05958,4.82358,4.55958,3.97158,3.67658,3.91258,4.11858,4.23558,4.73558,4.50058,2.14758,2.50058,6.29458
CO2_TUG_BCT2,2021-10-10,612,False,9,16.3548,15.8838,14.2368,13.4138,14.0018,15.6488,18.2368,22.3258,26.3548,32.4728,38.2368,37.1488,26.8258,14.1198,8.82576,8.17876,7.76676,5.88376,2.76676,1.03176,1.32576,3.64876,4.76676,4.38376,3.50176,2.53176,2.70776,2.61976,1.79576,1.91376,3.73676,6.06076,6.91376,7.26676,8.35476,8.32576,6.91376,5.61976,5.06076,6.11976,6.14876,5.32576,6.14876,6.03176,4.32576,3.73676,3.61976,2.11976,0.61976,-0.20424
CO2_TUG_BCT2,2021-10-10,613,False,7,6.14758,4.91258,4.17758,3.85358,4.23658,11.0896,26.8246,38.0896,42.8536,47.5896,51.0306,47.9426,38.9716,32.6186,25.4716,16.7366,14.5006,17.7946,19.9426,17.0896,9.91258,5.00058,1.97158,1.05958,1.23658,0.79458,-0.73442,-0.70542,1.05958,2.00058,2.11858,2.03058,1.38358,0.44258,0.73658,1.58958,2.55958,2.79458,2.38358,2.17758,2.41258,3.11858,3.70658,3.03058,1.14758,0.00058,-0.35242,-0.02842,0.82458,1.79458
CO2_TUG_BCT2,2021-10-10,614,False,9,6.824,5.736,4.971,6.089,8.824,9.971,10.853,14.206,20.177,30.03,36.265,35.147,29.559,25.824,22.412,18.353,16.147,15.118,15.618,17.677,19,18.412,15.147,10.677,8.765,9,9.971,10.677,11.236,11.677,11.942,11.765,12.03,13,13.942,14.942,15.353,15,14.53,14.795,13.559,10.147,7.236,5.383,6.295,7.089,7,7.177,6.912,5.942
CO2_TUG_BCT2,2021-10-10,636,False,10,3.853,3.648,4.589,5.236,5.324,5.53,7.177,10.589,13.177,15.265,16.089,15.265,13.324,11.912,10.853,10.324,9.795,8.853,8.295,7.53,6.265,6.736,9,10.03,9.03,6.912,6.265,6.824,7.824,8.53,9.059,9.265,9.03,8.324,7.648,7.559,7.53,6.765,5.853,4.853,4.471,5.118,6.559,7.5,8,7.765,6.853,6.412,6.53,6.53
CO2_TUG_BCT2,2021-10-10,740,False,5,2.0396,1.9516,1.6866,0.5696,0.3336,0.9516,1.1866,2.8926,7.1576,12.8926,18.5396,16.3926,11.8636,8.1866,7.8636,7.8336,6.5106,5.5106,4.4806,3.3336,3.0696,3.4806,3.6576,3.2166,2.3336,2.3636,3.4806,4.3336,3.9806,3.0696,3.2166,2.8926,1.5986,1.3046,1.6866,1.2746,1.3336,2.2166,2.6276,2.2166,1.3926,1.8636,3.6866,4.5986,4.5106,4.2746,4.4516,4.1866,3.2456,2.5396
CO2_TUG_BCT2,2021-10-10,744,False,8,9.15524,6.77324,7.18424,10.3022,11.1252,10.3312,11.4492,17.0672,23.5372,30.8902,33.3312,29.3022,22.2732,17.5372,14.3312,13.5372,13.0962,11.9202,12.5962,15.0962,15.9782,15.2732,12.8902,9.62524,8.39024,8.62524,8.39024,7.47824,6.92024,6.15524,4.74324,3.97824,3.42024,2.53724,2.42024,2.36124,0.89024,-0.40376,-0.99176,-0.49176,0.15524,0.59624,0.21424,-0.46276,0.36124,1.92024,3.89024,4.68424,3.62524,1.30224
CO2_TUG_BCT2,2021-10-10,749,False,17,0.38552,1.47452,4.82752,8.70952,12.9155,13.9745,14.5035,16.2685,17.1215,17.9445,19.9155,19.8275,17.1505,14.9745,13.8855,12.8565,12.3855,13.7385,17.0625,17.2095,13.6805,11.0915,10.4155,10.4445,11.1505,12.5625,13.2975,13.6805,14.6215,15.5325,13.9155,9.88552,8.94452,11.0325,12.2095,12.3855,12.6215,13.0625,13.0625,12.5915,12.1215,11.6215,11.3565,11.0625,10.3565,9.73852,10.1805,11.4745,11.3855,9.35652
CO2_TUG_BCT2,2021-10-10,796,False,11,6.6523,8.0933,9.0933,11.5343,16.5343,21.2403,26.2403,28.8283,31.0053,34.6813,35.7113,33.3583,30.1523,27.7693,25.7403,25.2693,23.7113,20.0053,18.2113,18.6813,20.2693,22.1523,23.1813,20.8583,19.3873,19.5933,19.6523,19.6813,20.3283,20.2113,18.6223,16.7693,16.2403,16.7113,17.5343,18.0343,16.7403,14.8283,11.8873,9.1523,8.7993,10.0633,10.3873,8.8283,6.3283,5.8873,7.6223,9.1813,9.0343,7.7403
CO2_TUG_BCT2,2021-10-10,797,False,8,3.91494,4.35594,5.50294,6.12094,9.03294,16.2679,28.7679,49.6209,63.4149,69.4439,73.4739,71.2089,64.2969,53.4439,43.0909,31.6499,26.5909,28.6799,33.8559,35.7379,35.6209,35.2969,33.2969,30.0029,29.5909,28.7679,25.3559,22.1209,17.9439,11.1799,7.20894,5.62094,5.29694,4.62094,2.29694,-0.14406,0.00294,2.26794,3.70894,4.56194,5.14994,4.47394,2.62094,1.79694,2.62094,4.47394,5.17994,4.82694,4.50294,3.76794
CO2_TUG_BCT2,2021-10-10,798,False,9,2.22364,2.95864,4.07664,2.37064,2.31164,5.13564,8.54664,14.8416,22.3416,26.7526,28.2826,25.2826,20.0766,13.0466,8.45864,6.16464,6.66464,7.57664,7.45864,6.31164,5.87064,6.25264,6.51764,6.78264,7.25264,7.48864,7.51764,7.48864,7.25264,6.63564,5.25264,3.10564,2.51764,3.45864,4.66464,4.16464,3.34164,2.75264,2.37064,2.57664,3.78264,4.69364,5.25264,5.51764,5.78264,6.22364,6.16464,5.25264,4.28264,5.10564
CO2_TUG_BCT2,2021-10-10,807,False,9,2.20836,1.38436,2.38436,3.47336,4.94336,7.62036,11.4144,18.3844,25.1204,28.5614,30.0024,28.7674,27.2674,26.0024,24.1494,21.5024,20.5904,20.8254,20.8554,20.2084,20.2374,20.9734,20.2084,17.4434,15.1494,13.1784,10.7674,10.0904,8.73736,5.50236,3.85536,3.64936,3.64936,3.64936,3.76736,4.59036,5.53136,4.53136,3.38436,3.50236,5.23736,5.17836,3.06136,2.56136,3.59036,3.82536,3.76736,4.44336,5.76736,5.76736
CO2_TUG_BCT2,2021-10-10,808,False,8,5.12034,4.82634,4.70834,4.23834,3.29634,3.35534,8.29634,22.8853,39.3263,45.7383,45.8263,43.6493,37.9733,31.2673,25.7673,18.8853,13.9143,10.5023,6.12034,3.85534,3.82634,4.94334,5.35534,6.14934,8.79634,8.97334,6.44334,5.64934,6.17934,5.47334,4.67934,3.17934,0.47334,0.00234,1.70834,2.79634,4.09134,6.41434,7.35534,6.94334,5.97334,4.29634,3.14934,3.03234,3.23834,3.03234,3.06134,3.50234,3.64934,2.97334
CO2_TUG_BCT2,2021-10-10,809,False,4,3.70952,3.62152,3.09152,1.73952,1.26852,1.65052,2.15052,5.94452,23.3565,51.6505,63.6805,61.8565,54.9155,41.5625,30.6505,26.1805,22.0625,16.7395,15.0035,15.9445,15.1805,11.9745,9.53352,8.38652,8.56252,11.1505,12.7095,12.7395,11.2975,8.23952,6.26852,5.03352,2.65052,0.15052,-0.17248,1.09152,1.59152,1.44452,1.65052,1.56252,0.65052,-0.40848,0.03352,2.00352,3.97452,5.26852,4.06252,2.85652,2.70952,3.32752
CO2_TUG_BCT2,2021-10-10,825,False,9,4.5296,4.4116,4.5886,4.4706,4.7356,7.5886,16.4706,33.2646,50.0296,69.3536,79.0886,78.9116,71.9116,61.4416,57.5296,59.2066,63.0296,67.8536,67.3826,60.1176,43.9416,28.7946,22.6766,20.9706,22.6766,27.7646,30.9116,30.1176,24.7646,17.4116,13.8826,13.7356,15.5296,15.9416,14.6176,13.4706,12.6766,12.6766,12.8536,12.8826,12.8536,12.6176,12.2646,13.0006,15.0886,16.3236,15.2646,12.3826,10.1766,7.8826
CO2_TUG_BCT2,2021-10-10,830,False,13,6.03372,7.38672,7.62172,6.94572,7.73972,9.32772,8.50472,8.50472,10.7107,12.5337,12.6517,11.5927,9.88672,8.41572,9.68072,9.79872,8.09272,7.79872,7.65172,6.76872,6.32772,6.50472,7.06372,8.00472,9.44572,10.0927,9.71072,8.71072,7.59272,5.18072,2.00472,1.47472,3.21072,4.29872,4.18072,2.97472,2.18072,2.56372,4.18072,4.85772,4.56372,4.73972,5.18072,4.68072,3.94572,2.71072,1.15172,1.12172,2.47472,3.53372
CO2_TUG_BCT2,2021-10-10,832,False,5,8.794,8.441,6.206,5.058,5.147,5.706,7.5,15.764,30.47,40.206,46.206,44.47,32.353,19.294,13.353,10.676,9.029,6.794,3.176,2.441,2.911,0.294,0,3.117,5.441,6.823,7.029,6.558,5.353,3.735,3.235,3.676,4.411,5.617,6.588,7.176,8.147,9.176,8.5,6.176,4.941,5.735,8.323,9.647,9.353,8.47,8.47,9.353,9.676,8.558
CO2_TUG_BCT2,2021-10-10,843,False,8,2.73658,3.94258,4.58958,4.41258,3.20658,2.29558,1.94258,3.47158,7.67758,11.1476,11.7366,10.2066,8.29558,7.29558,6.70658,6.17758,5.20658,4.11858,4.29558,5.41258,5.70658,6.03058,6.97158,7.64758,7.94258,7.64758,7.00058,6.26558,6.32458,6.97158,7.91258,8.03058,6.67758,4.58958,3.85358,4.20658,4.38358,3.94258,3.03058,2.73658,2.67758,2.00058,1.73658,1.67758,1.05958,1.32458,2.73658,3.82458,4.14758,3.29558
CO2_TUG_BCT2,2021-10-10,850,False,14,6.088,10.588,10.853,8.382,5.059,4.559,7.882,12.117,13.941,14.617,15.382,14.441,11.588,9.382,7.088,5.147,5.647,7.441,7,6.47,6.823,7.088,7.353,7.676,6.794,4.941,4.764,5.559,6.617,7.441,7.5,5.97,4.235,2.941,3.353,3.47,2.588,1.97,2.147,3.206,3.059,2.206,3.117,3.706,3.294,2.5,0.823,-0.971,-1.03,0.294
CO2_TUG_BCT2,2021-10-10,858,False,17,2.05958,2.38358,3.11858,3.94258,5.14758,7.38358,11.1476,18.3246,24.8246,27.9716,28.6776,25.9426,23.0306,20.4126,19.0306,18.6476,18.7366,17.7066,14.9126,12.8536,12.7066,13.5596,13.5896,11.5306,8.08958,7.08958,8.05958,8.29458,8.14758,8.20658,8.91258,10.3246,11.1476,12.1476,13.7946,14.1476,13.0896,11.3246,11.4426,12.7366,11.7366,8.79458,5.61858,6.53058,7.64758,7.38358,7.14758,7.11858,7.23658,8.20658
CO2_TUG_BCT2,2021-10-10,862,False,5,2.794,2.059,0.853,0,0.353,1.264,1.353,3.559,9.117,14.853,19.176,16.353,11.823,7.441,5.059,4.353,3.823,3.412,3.382,4.117,4.735,4.794,4.088,3.647,3.588,3.588,3.588,3.617,3.853,4.323,4.47,3.794,2.441,2.117,2.264,1.559,2.617,4.882,3.97,3.029,3.412,4.235,4.735,3.617,3.412,5.647,8.647,7.764,3.323,1.764
CO2_TUG_BCT2,2021-10-10,872,False,11,4.06018,3.56018,4.41318,7.58918,9.20718,9.17718,9.06018,11.8242,18.8542,24.4422,25.7952,25.5012,25.5302,22.4132,15.2362,10.1772,5.97118,2.73618,2.11818,3.17718,4.08918,4.14818,3.53018,2.08918,0.88318,2.56018,2.47118,0.08918,0.00118,1.67718,4.03018,4.41318,2.44218,0.38318,0.32418,3.29518,7.82418,8.58918,6.03018,4.58918,4.17718,3.61818,2.67718,1.35418,1.58918,3.38318,4.17718,3.26618,2.08918,3.20718
CO2_TUG_BCT2,2021-10-10,881,False,6,2.41336,2.38436,2.67836,2.35536,2.94336,6.67836,13.0314,18.0604,24.2964,30.2664,31.4434,29.2664,27.1784,23.9724,19.7964,16.6784,13.8844,12.7964,11.6784,9.44336,9.00236,10.5024,11.7074,12.2664,12.6784,12.2664,11.3554,11.5604,11.7074,11.2964,10.9434,9.97236,8.14936,7.67836,8.50236,8.91336,8.67836,9.14936,11.4134,12.0604,10.9134,10.8554,11.7074,11.4434,10.8254,10.2964,9.97236,9.23736,7.88436,7.64936
CO2_TUG_BCT2,2021-10-10,907,False,5,3.91376,4.14876,1.85476,0.79576,1.64876,3.50176,8.97276,18.1488,31.3258,51.5318,62.5318,62.2958,57.4428,52.7368,46.3258,40.2078,36.1198,31.6488,28.7958,27.8548,27.3258,27.1488,27.5898,28.4138,27.8848,25.5898,23.6788,22.8548,22.0318,19.4138,14.4428,11.5898,10.6198,8.47276,5.00176,3.79576,4.50176,4.85476,5.38476,7.08976,8.44276,9.26676,9.29576,9.35476,9.79576,9.97276,9.53176,8.53176,7.67876,7.38476
CO2_TUG_BCT2,2021-10-10,917,False,7,7.08858,7.85358,8.64758,8.00058,7.58858,10.8536,12.7946,12.6186,12.4126,12.6186,13.0596,13.0596,12.6186,12.2656,11.2946,9.41258,8.44158,8.08858,7.64758,7.61858,7.82458,7.61858,7.70658,8.61858,9.76558,10.0296,9.52958,8.64758,7.67758,7.79458,7.23558,5.41258,4.47158,4.35358,4.38258,4.55958,4.55958,3.94158,4.20658,5.55958,6.26558,6.35358,6.23558,5.35358,3.94158,3.94158,4.29458,4.35358,4.23558,3.29458
CO2_TUG_BCT2,2021-10-10,932,False,11,6.06194,5.79694,5.94394,5.53294,4.85594,5.64994,6.97394,8.44394,9.03294,9.59194,11.0919,10.8269,8.59194,7.35594,6.73894,5.94394,6.56194,8.14994,7.85594,6.88594,6.32694,6.85594,7.73894,8.70894,8.91494,8.26794,7.41494,6.12094,4.91494,6.00294,6.32694,5.12094,4.76794,4.67994,3.41494,3.67994,5.67994,6.26794,5.23894,3.38594,2.94394,4.00294,4.94394,5.26794,5.53294,5.91494,5.44394,4.09194,3.50294,2.94394
CO2_TUG_BCT2,2021-10-10,938,False,18,4.0006,4.5296,5.2946,8.1176,12.2646,13.5006,12.4416,12.7646,15.2646,17.5586,17.9116,16.8236,14.5586,11.4416,10.9416,11.2646,11.5886,12.6476,12.4116,10.8536,10.3536,10.2356,9.7356,9.0296,8.0586,7.6476,8.0586,9.0006,9.2946,7.9416,5.1766,4.1766,4.4706,3.9416,3.0586,2.1176,2.1766,3.5296,4.7646,4.0296,2.4416,3.2946,3.5886,2.3536,1.9706,3.0586,4.7356,5.7646,6.7946,7.8826
CO2_TUG_BCT2,2021-10-10,946,False,3,6.20894,7.62094,8.32694,8.41494,8.29694,7.38594,5.73894,5.97394,12.0909,26.2389,36.8559,34.9739,24.3859,18.1499,16.5329,17.5029,18.2969,16.7679,12.6499,9.62094,7.56194,7.23894,7.82694,7.12094,6.67994,8.00294,10.7389,11.4439,10.0909,8.32694,5.41494,2.67994,2.29694,3.35594,3.53294,2.91494,1.82694,0.62094,0.32694,2.64994,3.94394,3.67994,3.47394,3.67994,4.06194,3.64994,2.73894,2.91494,2.94394,3.00294
CO2_TUG_BCT2,2021-10-10,947,False,11,4.67758,7.41258,8.91258,8.38358,8.17758,11.2066,12.9426,12.7656,12.7656,13.2066,13.2956,12.0896,9.26558,7.23658,7.32458,8.58958,8.50058,6.47158,4.44258,4.26558,4.88358,4.17758,3.55958,3.41258,3.05958,3.05958,4.44258,5.08958,4.73658,4.55958,5.00058,5.88358,6.00058,6.05958,7.26558,6.50058,3.32458,1.70658,1.73658,2.17758,2.17758,1.73658,1.53058,1.76558,2.47158,3.23658,3.97158,4.94258,5.29558,4.41258
CO2_TUG_BCT2,2021-10-10,955,False,10,3.57076,1.10076,0.83576,2.68876,4.65876,7.36476,10.1888,14.8358,22.9238,27.6298,28.5708,28.4238,26.5418,21.3648,15.6888,11.6008,8.07076,7.86476,8.77676,9.48276,10.5418,11.5118,10.4828,8.92376,7.15876,5.92376,5.12976,4.12976,3.54176,3.95376,5.62976,6.68876,6.57076,5.36476,4.45376,3.86476,3.48276,3.68876,4.86476,5.36476,4.04176,1.24776,0.07076,0.51176,1.89476,4.04176,4.68876,4.12976,3.15876,2.77676
CO2_TUG_BCT2,2021-10-10,973,False,3,4.33712,3.86712,3.63112,3.54312,3.24912,3.72012,6.30812,11.1311,27.7781,54.3961,61.9261,52.2201,43.0141,34.5731,30.3961,30.1611,31.0731,31.2781,29.2201,24.6021,19.3671,12.5141,8.48412,7.39612,6.86712,6.60212,6.33712,5.86712,5.48412,4.27812,2.07312,2.10212,4.54312,6.16112,6.30812,5.86712,5.45512,4.01412,1.22012,0.07312,0.60212,1.24912,1.04312,0.19012,0.22012,1.33712,2.36712,3.07312,2.16112,-1.66288
CO2_TUG_BCT2,2021-10-10,1011,False,3,1.00354,0.09154,0.03254,0.53254,1.35654,3.26754,6.41454,14.4445,32.6795,49.6795,54.4735,52.3265,50.2385,44.6505,33.2095,22.8565,12.2975,7.41454,7.26754,8.06254,7.38554,5.32654,4.62054,4.62054,3.94454,2.59154,2.35654,3.23854,3.91454,4.20954,3.97354,3.79754,4.00354,4.41454,4.17954,3.20954,2.29754,1.53254,1.59154,2.17954,2.67954,2.20954,1.79754,1.67954,1.17954,0.00354,-0.87946,-0.58546,1.26754,3.53254
CO2_TUG_BCT2,2021-10-10,1036,False,9,9.63034,8.98334,5.74834,2.21834,2.80634,8.27734,14.2483,18.9533,24.6303,29.1013,31.7773,29.8363,25.6303,18.8063,12.8363,11.8363,13.7483,13.1893,9.33634,6.27734,5.30634,4.74834,3.74834,2.80634,1.95334,2.60134,4.42434,4.63034,4.04234,3.27734,2.63034,2.83634,3.63034,3.18934,1.60134,1.13034,1.39534,2.60134,4.83634,5.07134,3.36534,2.60134,2.48334,1.74834,1.01234,0.01234,-1.13466,-1.39866,-0.98766,-0.60466
CO2_TUG_BCT2,2021-10-10,1044,False,11,7.20658,9.70658,13.9716,18.0006,22.5006,24.8536,25.5886,26.0006,27.5296,31.0596,33.4716,31.0596,24.1186,17.3536,10.3536,7.67758,7.02958,5.91258,5.76558,6.61858,8.08858,8.94158,8.79458,7.67758,7.47158,8.23558,8.11858,7.70658,8.70658,8.23558,6.23558,6.17758,6.23558,5.41258,5.23558,6.11858,7.26558,7.55958,7.38258,7.64758,8.08858,8.61858,9.08858,9.58858,9.82458,9.88258,10.1186,10.5006,10.0296,8.61858
CO2_TUG_BCT2,2021-10-10,1047,False,10,4.56488,5.74188,9.94688,17.6529,22.8589,29.2119,38.6239,46.8889,57.9769,67.7709,70.5949,68.8299,61.8299,46.6829,34.5359,32.6829,34.1529,29.9469,25.3299,21.2999,17.0359,11.4179,8.35888,7.68288,6.71188,4.82988,3.88888,3.82988,4.27088,4.97688,5.09488,5.77088,6.91788,6.59488,7.18288,9.32988,9.50588,7.29988,5.24188,3.27088,0.62388,-0.28812,0.00588,0.50588,0.77088,1.03588,1.53588,1.97688,2.24188,1.97688
CO2_TUG_BCT2,2021-10-10,1048,False,9,3.12112,4.06312,5.03312,9.29812,18.9451,26.0921,27.0631,25.0631,25.0631,27.2681,28.1211,25.4451,18.3861,12.2101,11.4161,13.7101,12.9451,9.82712,10.0631,9.26812,5.44512,3.21012,3.68012,5.50412,6.09212,4.79812,2.73912,2.12112,2.00412,0.65112,0.23912,1.00412,1.03312,0.38612,0.41612,0.76812,0.79812,0.03312,-0.87888,-1.76088,-1.26088,0.79812,2.23912,2.76812,2.79812,2.03312,1.12112,0.23912,0.62112,1.73912
CO2_TUG_BCT2,2021-10-10,1055,False,9,3.26912,2.85712,3.47412,5.21012,8.79812,12.0921,11.5331,8.32712,9.82712,16.8861,21.4161,21.0631,17.8571,15.4451,14.3271,13.3861,13.2981,13.4741,12.4451,11.0921,9.59212,8.97412,9.59212,10.9741,11.1801,8.68012,4.18012,1.82712,1.32712,1.65112,2.56312,3.97412,4.56312,5.12212,6.68012,6.73912,4.26912,1.38612,1.53312,4.23912,5.94512,7.06312,8.09212,7.44512,5.38612,4.79812,5.82712,7.62212,7.76912,7.18012
CO2_TUG_BCT2,2021-10-10,1074,False,4,2.91376,1.58976,0.29576,0.70776,2.53076,3.44276,3.32476,3.20776,6.14876,14.5898,22.5018,21.1188,11.8248,6.00176,5.20776,5.85476,4.88376,3.29576,4.82476,5.38376,4.17776,4.17776,4.53076,4.58976,4.50176,3.79576,2.47176,2.35476,2.73676,1.61876,1.23676,2.06076,2.58976,3.11876,3.97176,3.85476,3.44276,4.53076,4.67776,3.38376,2.70776,2.85476,3.35476,3.82476,4.32476,4.53076,4.32476,3.88376,3.82476,3.79576
CO2_TUG_BCT2,2021-10-10,1080,False,6,5.1766,7.0886,8.0586,9.8236,14.0296,17.6176,20.0006,19.3826,19.1176,20.4416,21.4116,20.7946,18.0006,16.4416,15.0586,11.8826,9.3236,7.2356,6.3526,6.7056,7.6766,8.2646,7.8526,6.2646,5.8236,6.6476,7.1766,7.7056,8.6766,9.3526,9.6476,9.5006,10.0006,11.3236,11.5006,10.1766,8.7646,8.2946,8.7056,9.5006,8.7946,6.5886,6.1476,7.6476,8.8236,9.0886,8.6476,7.6476,6.7056,5.7356
CO2_TUG_BCT2,2021-10-10,1117,False,9,3.67934,5.23834,5.85534,5.09134,5.32634,5.70834,5.94334,7.59134,12.2963,17.4433,18.9733,16.3853,11.5323,9.85534,10.8853,10.6793,7.70834,3.79634,2.73834,3.70834,3.88534,3.26734,2.35534,2.20834,1.91434,0.14934,0.00234,1.97334,3.44334,4.26734,5.29634,6.12034,6.17934,4.76734,3.91434,4.03234,4.53234,5.00234,5.53234,5.85534,5.17934,3.14934,2.62034,3.17934,2.44334,1.59134,1.06134,1.20834,2.82634,5.38534
CO2_TUG_BCT2,2021-10-10,1124,False,12,17.1476,18.7946,18.5596,18.0006,17.9416,18.2066,18.9126,19.7946,21.4126,23.7946,24.2066,23.4416,22.4716,22.1476,21.8536,20.7066,20.1476,19.5886,17.8836,16.5006,15.5306,15.7656,17.1186,17.8536,18.2066,18.9126,19.5006,18.8246,17.2066,18.0596,21.0006,21.3536,19.8836,17.4416,15.6186,15.5006,16.4716,17.6186,18.8536,18.9416,17.6476,15.5006,14.7946,14.8836,14.9126,14.7946,13.8536,12.0006,11.2366,11.1186
CO2_TUG_BCT2,2021-10-10,1147,False,2,3.50234,0.56134,-0.11466,1.59134,2.62034,2.03234,0.67934,7.97334,38.6493,81.7383,99.1493,95.8263,88.2083,75.5323,54.8263,42.9733,36.2963,29.3853,24.0323,18.5613,16.1493,15.8263,15.2673,15.7383,15.9143,12.6493,9.03234,5.47334,3.85534,3.88534,4.26734,3.91434,3.47334,4.59134,4.97334,4.17934,3.85534,3.56134,2.38534,1.82634,2.67934,4.44434,4.44434,2.67934,1.76734,1.88534,2.38534,3.00234,4.67934,7.12034
CO2_TUG_BCT2,2021-10-10,1163,False,5,4.00058,4.55958,4.20658,4.23658,4.91258,5.61858,6.53058,11.7366,22.4716,30.7066,36.6476,33.0596,19.7946,12.1476,9.88358,7.70658,6.47158,7.53058,10.0886,9.53058,5.23658,1.94158,1.11858,1.97158,3.88358,5.05958,5.47158,4.44158,2.82458,3.64758,3.79458,2.76558,3.11858,2.76558,1.03058,0.47158,0.58858,-0.29342,-0.46942,0.38358,0.97158,1.97158,3.73658,3.70658,1.70658,0.26558,-0.23442,-0.02842,1.14758,1.82458
CO2_TUG_BCT2,2021-10-10,1181,False,25,2.8873,3.1823,3.2403,3.3873,3.1523,2.2113,3.4173,7.0933,9.1233,10.5353,12.7113,12.4763,9.7993,8.3583,7.9763,7.7403,8.0353,8.7113,9.6823,10.1523,10.2113,10.2113,10.1823,9.9173,9.2113,8.4463,7.7993,7.5353,8.4763,8.9173,7.3583,4.1523,3.2113,4.4463,5.3583,5.6823,5.3293,4.2113,2.5353,2.1823,3.2403,5.2113,6.6523,7.9463,8.7703,8.2703,7.5933,8.9173,9.2703,7.8873
CO2_TUG_BCT2,2021-10-10,1228,False,11,3.76618,4.03118,4.06018,4.11918,4.58918,5.58918,6.70718,9.11918,12.6192,15.5312,17.3542,15.5602,12.9422,10.3252,8.58918,6.79518,4.79518,3.23618,2.44218,3.88418,5.11918,5.26618,4.61918,4.64818,5.47218,5.56018,5.38418,6.23618,6.17818,4.88418,4.26618,3.47218,1.50118,1.56018,4.00118,5.58918,5.50118,4.47218,3.06018,1.11918,0.29518,1.11918,3.00118,3.94218,4.06018,3.94218,2.97218,0.85418,-0.43982,0.00118
CO2_TUG_BCT2,2021-10-10,1237,False,14,68.9126,75.3536,80.2656,76.4126,64.1776,57.2066,58.3536,63.9416,70.5886,79.3826,84.0886,82.5596,73.9126,61.9716,55.3826,51.7066,48.2066,42.6186,37.4126,35.2356,34.0886,32.8826,32.1476,31.5596,30.6776,28.2946,24.9416,22.9126,21.0886,19.1776,18.1776,17.6186,17.2356,16.0296,13.8826,14.2356,16.4416,16.3246,16.5296,18.2946,19.2946,19.8826,20.6476,19.7066,16.9416,15.5296,15.3536,15.2066,14.0596,11.9416
CO2_TUG_BCT2,2021-10-10,1257,False,17,7.47,8.176,9.5,9.5,8.323,8.676,10,9.411,9.617,11.853,13.5,12.206,8.617,7.558,8.264,7.323,6.529,6.647,7.147,7.617,8.088,8.058,7.382,6.676,6.47,6.911,7.764,7.529,6.176,5.558,6.176,7.617,8.47,8.323,7.206,7,7.823,8.088,7.911,8.029,7.411,6.5,7.441,8.264,8.411,8.588,8.588,8.029,8.735,10.794
CO2_TUG_BCT2,2021-10-10,1334,False,15,1.26676,5.50176,8.29576,9.73676,9.97176,9.82476,9.79576,9.94276,11.1198,13.3838,13.8838,12.8548,12.5898,12.5608,12.5898,13.1778,12.6778,11.0018,11.1198,12.4138,11.8248,11.9718,13.6488,13.7078,11.0018,7.58976,6.94276,7.94276,7.41376,6.35476,5.41376,5.50176,5.67776,3.94276,2.20776,1.11976,1.44276,2.53076,3.94276,4.17776,3.32476,2.91376,3.35476,4.53076,5.53076,6.29576,7.14876,6.76676,5.64876,6.11976
CO2_TUG_BCT2,2021-10-10,1352,False,29,12.5596,13.2366,13.0006,13.5006,13.7066,11.4716,10.8836,12.5596,13.5306,13.8836,14.3536,14.5596,14.3536,13.9716,14.4426,15.8246,16.4716,16.0896,15.1186,14.4426,14.1476,14.3536,14.3836,14.4126,15.1476,15.8246,16.2366,15.5006,13.4126,12.0306,11.8836,12.0896,11.9716,12.7066,14.5006,14.8536,13.0896,10.7366,9.67758,9.08958,8.05958,6.88358,5.44258,5.03058,5.88358,7.11858,7.97158,8.03058,6.70658,6.53058
CO2_TUG_BCT2,2021-10-10,1386,False,0,20.9739,20.1209,20.2679,21.3559,21.2379,19.2089,17.0909,16.2969,16.2969,16.9149,17.6209,16.8559,15.7089,14.2089,12.7969,12.2679,12.1499,11.5619,9.67994,7.35594,6.56194,6.67994,6.44394,6.23794,6.14994,5.73794,5.26794,5.73794,6.23794,7.00294,8.26794,7.79694,5.41494,3.29694,1.26794,0.26794,-0.26206,-0.73206,-0.14406,1.20894,3.14994,4.03294,3.67994,2.70894,2.00294,1.47394,1.23794,1.20894,1.20894,1.32694
CO2_TUG_BCT2,2021-10-10,1465,False,3,5.853,5.383,4.883,4.736,5.471,7.353,9.265,11.942,17.059,25.294,34.971,33.618,27.177,18.471,11.912,10.089,10.353,10.706,11.677,13.618,14.942,15.294,14.442,14.5,15.618,14.794,12.53,12.736,13.265,13.147,13.383,13.589,13.706,14.353,15.294,15.177,15.706,17.294,17.706,17.118,16,14.471,13,13.618,13.971,14.794,18.177,19.03,17.059,16.765
CO2_TUG_BCT2,2021-10-10,1476,False,8,17.8005,17.2715,15.8595,14.5655,15.2415,19.1835,24.4775,27.6535,29.8885,31.3595,31.4775,29.2125,26.8885,25.7715,27.3885,28.4185,28.1245,27.9185,28.1245,28.5355,28.2415,26.8595,25.6245,26.5065,28.9775,27.8305,21.6535,16.1535,15.2715,16.4775,15.7415,14.7125,14.1835,14.3885,15.0655,15.0355,14.5655,13.5945,12.3005,10.8595,9.03546,9.00646,10.5355,11.0655,11.4185,12.3305,12.8595,13.3885,14.2125,13.6835
CO2_TUG_BCT2,2021-10-10,1485,False,23,12.7652,12.5892,12.5012,10.5592,10.6182,13.0302,14.0012,14.1772,14.6482,15.0592,15.0892,14.3242,13.5012,13.2072,14.1182,14.5302,14.2652,14.9122,16.2952,16.4712,17.2362,17.6482,14.4122,12.7072,13.3542,13.8542,14.1482,14.6482,15.0892,15.3542,15.1182,14.9122,14.8832,14.9422,15.4122,16.3832,16.8242,15.2362,11.2362,9.14818,9.00118,9.97118,12.0892,13.4122,13.0012,11.1482,9.35418,7.61818,5.29518,4.88318
CO2_TUG_BCT2,2021-10-10,1500,False,15,7.55958,9.50058,11.0886,13.5596,17.0006,19.8536,24.0296,28.7946,32.9416,37.7356,39.0596,36.7656,34.2946,32.3826,29.2356,25.8826,24.1186,22.9126,21.5296,19.8246,19.2656,18.5296,15.9716,12.9416,11.9126,12.1766,12.0006,11.5596,12.0296,12.4126,12.2356,11.7356,11.2656,10.8246,11.0596,11.9716,12.2946,11.1766,8.82458,7.67658,7.76558,8.20658,8.32458,8.82458,10.4416,11.0886,10.5006,9.73558,9.00058,8.11858
CO2_TUG_BCT2,2021-10-10,1542,False,5,10.9741,9.85712,7.91612,5.65112,5.35712,6.59212,7.62112,13.1211,27.1511,46.8571,68.8271,67.0631,52.8571,34.5921,22.9741,15.0921,10.4451,8.03312,5.82712,5.71012,5.29812,3.62112,3.68012,5.91612,7.79812,8.26912,7.38612,5.56312,5.09212,5.82712,5.53312,3.71012,2.06312,1.53312,1.71012,2.18012,2.41612,2.41612,2.18012,1.71012,1.41612,1.00412,0.76912,1.76912,2.88612,3.85712,3.76912,2.18012,0.41612,0.59212
CO2_TUG_BCT2,2021-10-10,1574,False,4,17.8842,18.5902,17.1192,15.6192,14.7662,14.5602,13.0902,10.0602,10.2962,13.8542,15.6192,14.7372,11.4432,7.76616,6.94316,8.03116,7.76616,7.14816,9.20716,10.2962,10.0312,10.4722,10.6482,10.2072,9.61916,8.17816,6.23716,6.70716,9.64816,11.5312,11.9432,12.0312,12.4722,13.1782,13.0902,12.0902,9.70716,7.11916,6.09016,6.00116,6.14816,5.91316,4.73716,4.03116,3.70716,3.35416,4.06016,5.97216,7.26616,7.38416
CO2_TUG_BCT2,2021-10-10,1619,False,14,0.29754,1.91454,1.44454,0.15054,2.44454,5.82654,11.2385,17.5325,21.4735,24.4735,24.6205,20.3265,14.1505,10.9445,9.44454,8.26754,6.09154,2.32654,0.67954,0.91454,1.20854,1.73854,2.91454,3.76754,3.35554,2.06154,2.00354,2.85554,2.53254,1.50354,0.50354,0.76754,1.38554,1.91454,2.15054,2.17954,2.17954,2.09154,1.38554,0.00354,-0.46746,0.00354,0.88554,1.85554,1.73854,2.26754,3.85554,4.29754,3.94454,3.44454
CO2_TUG_BCT2,2021-10-10,1647,False,29,10.2691,11.3861,11.4161,10.4751,9.59212,9.06312,9.44512,9.29812,9.12212,10.7391,11.5921,11.1801,10.3571,9.85712,11.0631,12.1511,12.7391,12.9751,13.0041,12.9751,12.8571,13.3281,14.7691,14.0041,10.5921,8.44512,7.76912,7.32812,7.65112,9.26912,11.0041,10.6511,8.85712,8.59212,8.68012,8.29812,8.26912,8.47512,8.18012,7.47512,6.26912,5.41612,5.82812,7.12212,7.21012,6.59212,7.21012,7.12212,5.79812,5.06312
CO2_TUG_BCT2,2021-10-10,1682,False,11,11.8152,12.4922,13.5502,11.9332,8.96218,10.6682,13.2862,17.3152,23.4622,26.5802,27.3152,26.7272,24.4032,21.6392,19.1682,15.9922,14.0802,13.4332,12.6682,10.3742,6.58018,5.37418,5.28618,4.40318,3.34418,3.78618,5.66818,7.02118,7.60918,7.16818,6.84418,6.08018,3.99218,3.08018,3.40318,3.72718,4.46218,5.90318,6.81518,7.13918,6.84418,6.16818,5.25618,5.31518,6.66818,7.93318,7.43318,6.31518,7.66818,10.1092
CO2_TUG_BCT2,2021-10-10,1685,False,17,11.4132,10.5892,11.0892,11.7372,9.67818,8.70718,9.91318,11.4722,13.1782,15.4722,15.5312,12.3842,8.58918,6.76618,5.64818,4.56018,4.76618,6.03118,6.08918,5.23718,5.44218,5.61918,5.44218,5.64818,5.61918,5.08918,4.06018,1.91318,-0.05782,0.26618,2.06018,2.26618,1.70718,1.14818,0.67818,0.17818,0.00118,0.44218,1.38418,1.82518,1.64818,1.29518,1.94218,3.32518,3.29518,2.70718,2.17818,1.94218,1.91318,1.94218
CO2_TUG_BCT2,2021-10-10,1709,False,3,9.23912,8.35712,7.94512,8.29812,7.88612,7.94512,8.79812,9.18112,9.94512,12.0631,13.0921,12.2981,10.3571,8.94512,8.12212,9.32812,11.3861,9.97512,8.62212,8.88612,9.68112,8.97512,6.62212,5.03312,4.41612,4.88612,5.23912,4.82812,3.91612,3.68112,4.06312,4.06312,3.62212,3.35712,3.29812,4.47512,7.50412,8.88612,8.65112,8.53312,8.03312,6.44512,5.82812,5.23912,3.18112,4.18112,8.44512,8.56312,3.68112,-0.20188
CO2_TUG_BCT2,2021-10-10,1736,False,4,1.686,1.686,2.216,2.539,4.304,7.128,7.333,10.333,29.98,64.039,76.48,69.333,59.245,47.186,41.569,39.422,36.157,34.569,34.833,35.422,32.657,23.775,14.333,10.51,10.098,10.716,10.451,9.098,8.363,8.039,7.51,6.922,6.892,8.304,9.186,9.451,10.451,11.392,9.833,9.275,10.569,11.716,12.51,12.451,11.863,11.363,11.863,12.51,12.922,12.216
CO2_TUG_BCT2,2021-10-10,1741,False,7,3.41554,2.65054,3.23854,4.59154,4.82654,4.06254,4.65054,8.82654,15.5325,20.8565,23.5625,19.6795,15.7975,13.2975,10.8265,8.35654,8.35654,7.20954,3.67954,2.67954,3.85654,3.82654,3.29754,3.23854,3.97354,4.65054,5.09154,4.67954,3.76854,4.09154,5.03254,5.32654,3.85654,4.17954,6.85654,8.20954,7.91554,7.06254,7.23854,8.12054,7.85654,7.23854,6.70954,6.50354,6.70954,7.29754,8.38554,9.59154,9.20954,9.32654
CO2_TUG_BCT2,2021-10-10,1765,False,0,5.687,5.892,6.569,6.539,6.157,5.892,6.275,7.657,10.039,11.216,11.363,11.275,10.363,7.304,3.304,1.569,1.539,2.922,5.51,6.363,5.687,4.951,5.716,6.804,7.569,6.098,3.334,3.981,4.569,3.098,1.334,1.51,3.275,3.981,3.628,3.392,3.569,5.216,8.392,9.098,7.392,6.275,6.157,6.687,6.01,5.598,8.804,10.275,9.098,7.922
CO2_TUG_BCT2,2021-10-10,1771,False,24,5.09684,5.27284,5.80284,8.00884,8.18484,6.00884,4.86084,5.18484,7.53784,11.3028,11.3318,7.77284,5.65584,4.94984,4.68484,4.41984,3.94984,3.74384,3.94984,4.50884,5.39084,6.36084,6.06684,5.27284,4.74384,5.12584,4.83184,3.41984,2.33184,2.00884,2.89084,3.06684,2.30284,2.41984,2.83184,1.74384,1.50884,2.09684,1.44984,1.30284,2.12584,2.50884,3.27284,5.30284,5.80284,5.00884,5.15584,4.83184,3.50884,3.03784
CO2_TUG_BCT2,2021-10-10,1787,False,11,2.00412,3.79812,4.03312,2.88612,3.38612,5.88612,7.65112,9.00412,11.1511,12.5331,12.6511,12.0331,10.3861,7.53312,6.18012,6.44512,7.15112,7.09212,6.44512,5.44512,4.82712,5.00412,6.12112,6.32712,5.47412,5.03312,5.21012,5.73912,6.50412,7.94512,9.32712,9.50412,8.15112,6.09212,5.59212,6.56312,8.12112,9.82712,9.65112,9.50412,9.88612,9.47412,9.53312,10.3271,10.0331,8.21012,6.59212,6.26912,6.68012,6.94512
CO2_TUG_BCT2,2021-10-10,1803,False,5,5.56018,4.56018,4.47218,6.06018,8.67718,10.1192,11.4722,18.0012,33.0892,45.4422,48.5302,46.4722,40.4722,28.1192,17.6482,13.4132,12.1192,12.9132,12.5602,10.2952,8.97218,9.06018,10.2952,11.3832,11.9422,11.3542,10.0012,8.14818,7.73618,7.61918,5.47218,3.91318,3.26618,3.08918,3.53018,4.44218,4.67718,4.26618,4.03018,4.00118,4.00118,4.00118,4.00118,3.91318,3.38318,3.38318,5.38318,5.76618,4.06018,3.00118
CO2_TUG_BCT2,2021-10-10,1820,False,29,3.76734,3.88534,5.00234,5.14934,4.29634,2.85534,2.50234,5.23734,10.8553,13.5023,13.8553,14.5613,15.0023,14.8553,13.1203,9.12034,6.20834,6.35534,7.67934,6.97334,6.17934,6.14934,6.67934,6.67934,4.64934,3.94334,4.47334,3.85534,3.94334,5.32634,6.47334,7.26734,7.32634,7.53234,7.73734,6.85534,6.67934,7.59034,8.44334,8.73734,7.70834,6.47334,5.91434,7.12034,8.20834,8.76734,8.97334,10.1793,13.0903,13.5903
CO2_TUG_BCT2,2021-10-10,1834,False,12,12.9416,11.4116,9.7066,7.2646,5.6766,7.4416,12.0596,14.5006,16.9116,21.8536,24.2946,23.6766,21.7646,20.5886,19.9416,19.2646,18.5296,18.5886,19.2946,20.7356,21.9706,21.0886,18.1476,15.4116,13.1176,12.9116,11.8236,8.8536,7.7646,8.5006,9.8826,10.1176,9.2646,8.8536,9.2646,10.0886,9.4706,6.4706,3.2646,2.5006,2.3536,0.3536,-0.0294,1.6476,2.3826,2.2646,2.5006,2.6476,2.2066,1.1766
CO2_TUG_BCT2,2021-10-10,1842,False,6,10.5029,10.5029,7.91394,7.94394,8.88494,9.41394,9.35594,9.85594,12.4729,15.7969,19.0319,18.5909,16.0319,12.5319,10.6199,11.1199,14.0319,16.1499,16.3559,14.2969,13.4439,14.2379,14.8849,14.9439,14.3259,14.4729,14.8849,13.6499,12.3259,11.1499,9.76694,8.06194,7.56194,7.29694,5.67894,3.20894,2.94394,4.73794,6.11994,6.94394,6.97294,7.03194,7.47294,7.61994,6.94394,5.64994,5.67894,5.82594,3.35594,1.00294
CO2_TUG_BCT2,2021-10-10,1843,False,28,5.30284,3.09684,3.39084,5.18484,5.68484,7.47884,11.5668,13.1558,13.4198,15.4498,16.1258,15.3618,15.7728,17.5668,20.3318,20.7138,18.3028,15.9788,15.4498,16.3028,17.4198,17.4498,16.5668,16.1558,16.5668,17.4498,17.3028,15.2438,12.4498,11.4498,11.8318,12.4788,12.9788,12.6258,13.0378,13.9198,12.9498,11.8908,11.3618,11.6258,12.7728,13.5968,12.9498,11.1558,10.7138,11.7728,12.6258,12.1258,10.0378,7.74384
CO2_TUG_BCT2,2021-10-10,1844,False,7,14.5053,13.8283,12.2113,11.6813,11.5633,12.5343,16.3583,22.4163,31.4463,37.9753,41.3283,38.5933,31.4753,20.1223,12.8873,11.5633,12.6813,15.7403,20.9753,23.2993,21.3283,15.6813,10.7993,9.5933,10.4753,11.7693,12.7693,11.8873,11.4753,11.8283,11.3283,10.6813,10.0933,9.3873,8.4163,8.0053,8.4753,9.8873,11.2113,11.0343,9.6223,8.5053,7.9463,8.4753,9.2993,9.8283,9.3583,8.9463,8.8283,8.1223
CO2_TUG_BCT2,2021-10-10,1845,False,10,0.53372,0.38672,1.29872,1.82772,0.79872,1.12172,3.88672,9.44572,19.2397,25.7687,26.9457,25.6807,24.2987,24.0047,24.2397,23.1217,20.7987,20.2687,20.0927,19.2097,18.6517,17.8867,16.4747,15.7987,15.9457,16.4157,16.5047,15.3567,12.9457,11.2987,10.2397,9.94572,9.88672,9.38672,10.5627,13.5627,14.8277,15.5047,16.7097,16.0047,13.2687,11.7097,10.4457,8.79872,8.85672,8.00472,5.12172,2.62172,0.79872,1.06272
CO2_TUG_BCT2,2021-10-10,1846,False,15,4.38376,4.26676,4.20776,2.97176,3.61976,7.26676,10.6198,12.2078,13.4138,14.9718,16.6778,16.4718,16.0308,15.4718,13.7078,11.8548,9.82476,8.64876,8.06076,7.79576,7.53076,7.06076,6.88376,7.32476,8.20776,8.14876,6.79576,5.32476,4.38376,3.85476,4.32476,4.73676,4.67776,3.76676,2.11976,1.67776,2.11976,3.32476,4.97176,5.70776,5.76676,5.56076,5.32476,5.53076,5.38376,4.00176,2.06076,2.50176,5.23676,6.88376
CO2_TUG_BCT2,2021-10-10,1852,False,5,9.97218,10.5312,9.26618,6.91318,6.03118,6.82518,7.97218,8.47218,9.94218,13.3542,14.2662,12.5312,10.7662,8.29518,5.76618,5.20718,6.03118,6.50118,6.56018,6.64818,7.35418,8.76618,9.56018,10.1782,10.1782,8.03118,6.47218,5.85418,5.82518,6.03118,5.76618,5.26618,4.29518,3.17818,3.14818,3.91318,3.47218,1.88418,1.41318,1.56018,1.82518,2.32518,2.79518,3.23618,3.00118,2.08918,1.73618,2.47218,3.17818,1.76618
CO2_TUG_BCT2,2021-10-10,1853,False,4,1.57652,1.57652,3.66552,4.75352,4.45952,4.37052,5.51852,8.54752,15.0765,25.5765,29.7235,27.3415,22.1945,20.0765,19.2825,16.2825,14.7825,14.0765,11.8125,11.1655,12.4005,12.9595,11.8705,9.54752,8.69452,9.72352,11.3125,11.5765,10.6945,9.90052,8.66552,6.98852,6.01852,5.45952,5.34152,6.25352,8.13552,9.01852,8.66552,7.60652,6.28252,5.04752,5.63552,7.16552,8.98852,8.87052,7.57652,8.42952,10.2235,11.2825
CO2_TUG_BCT2,2021-10-10,1867,False,27,11.7946,13.3246,13.5306,14.9126,18.8536,21.7656,21.5006,19.4126,19.6186,22.0596,22.8536,21.6476,19.5006,18.7366,18.3536,17.4716,17.0886,16.3246,14.2066,13.0306,12.6476,12.1186,11.4126,10.4126,9.67758,8.91258,8.26558,8.26558,7.53058,4.76558,3.64758,4.38358,4.82458,4.64758,4.20658,4.32458,5.70658,7.67758,7.47158,5.35358,5.17758,7.38358,9.26558,9.79458,9.38358,8.47158,8.23658,8.53058,7.91258,6.76558
CO2_TUG_BCT2,2021-10-10,1870,False,23,14.422,15.098,16.716,19.069,22.392,23.598,23.098,23.304,25.128,28.451,29.922,28.716,25.775,23.216,19.51,15.51,15.628,19.186,21.069,21.304,21.216,20.48,18.833,17.745,18.01,18.451,17.186,15.628,14.01,12.48,10.039,7.363,5.598,3.833,2.745,3.128,4.451,4.892,5.686,8.363,8.804,6.892,6.098,5.48,4.01,2.716,2.157,3.304,3.922,3.598
CO2_TUG_BCT2,2021-10-10,1875,False,6,20.5649,18.5649,19.1829,21.0649,23.0649,24.0939,30.1239,43.7709,58.0939,74.6529,82.1239,82.0649,78.2709,71.3889,62.3889,49.3299,39.5939,32.4769,30.9469,30.8299,30.0359,30.8889,31.0059,29.5359,27.4469,24.7709,24.0059,25.4769,28.3589,29.8589,29.3299,27.0059,24.2119,20.9179,20.4469,22.5939,23.7119,23.2999,21.6529,19.7419,18.6829,17.6529,16.5939,17.0359,18.9769,20.6529,21.0059,18.8589,18.9179,21.5359
CO2_TUG_BCT2,2021-10-10,1881,False,5,4.09564,4.50764,4.94864,3.91964,2.94864,2.41964,2.18364,5.33064,19.6546,41.9486,51.1546,45.8306,33.6256,24.3896,16.7136,13.6546,12.7426,9.68364,7.88964,7.65464,7.65464,7.65464,7.68364,8.03664,9.44864,11.5366,12.0666,10.0666,6.62564,5.65464,6.97864,8.44864,9.00764,7.06664,5.27264,3.91964,3.09564,3.74264,5.56664,6.30164,6.18364,6.38964,6.24264,4.86064,2.94864,3.62564,6.77264,8.15464,7.65464,6.83064
CO2_TUG_BCT2,2021-10-10,1887,False,4,3.38476,3.03176,4.08976,6.06076,7.29576,6.94276,4.70776,5.23676,14.4728,30.2078,35.7368,32.0898,27.2078,21.7668,19.7368,18.8258,17.7078,18.9728,20.7078,22.0898,21.2368,17.3258,13.6488,12.9138,13.4728,12.8258,12.6788,13.4728,13.6198,13.9138,15.7958,16.7668,15.7368,13.5318,13.5018,15.4728,16.2368,16.6198,17.4428,17.1198,15.0608,12.8848,11.6198,10.5318,9.38476,6.73676,3.06076,2.14876,4.06076,6.17876
CO2_TUG_BCT2,2021-10-10,1894,False,11,10.4445,13.5915,19.3265,21.0615,19.5325,19.4445,20.9445,23.3555,24.5915,25.2085,25.8855,24.1505,19.2675,15.7385,14.7675,14.6795,14.7675,15.4735,16.9445,18.1795,19.6795,21.0325,21.0915,20.0915,18.5615,15.6795,12.8265,11.4735,10.4145,9.17954,8.20854,7.29754,7.44454,8.09154,7.41454,7.03254,7.41454,7.79754,9.00354,11.2975,11.9145,10.4145,8.62054,8.50354,9.35554,9.09154,8.47354,8.00354,8.26754,9.41454
CO2_TUG_BCT2,2021-10-10,1897,False,7,8.70954,8.47354,8.44454,8.35654,7.70954,6.76854,7.03254,7.91554,10.5625,15.0035,16.9155,16.6795,16.0915,14.6505,12.5035,11.3565,11.2385,11.7685,10.7975,8.09154,7.17954,8.17954,8.91554,7.70954,5.62054,6.23854,6.50354,5.32654,5.35654,6.91554,8.09154,8.35654,7.91554,7.00354,6.76854,7.12054,7.03254,7.29754,8.94454,8.23854,5.09154,4.17954,4.65054,5.12054,4.97354,4.76854,5.62054,5.65054,5.03254,5.85654
CO2_TUG_BCT2,2021-10-10,1904,False,8,1.47158,1.32458,1.82458,1.82458,-0.11742,-0.02842,3.17758,9.73558,24.2656,39.6776,46.0306,43.9126,34.2656,26.6186,24.1476,21.7656,17.0596,14.2356,15.1776,17.2356,15.8826,14.9416,15.7066,16.4126,16.9416,17.2066,17.5306,18.4716,19.5596,19.3536,17.8536,16.2946,16.3246,19.3826,19.8536,18.5306,16.8826,15.2356,13.3536,13.0306,13.6186,12.9416,12.5596,13.0306,13.9716,15.4126,16.2656,17.4716,19.3536,19.4716
CO2_TUG_BCT2,2021-10-10,1910,False,12,16.4722,14.5312,13.5312,12.9432,12.0902,12.4432,14.7372,17.3542,18.6782,19.7372,20.7962,20.3542,18.6192,18.3252,19.1482,18.9132,18.5012,18.2072,17.7072,17.2372,16.7962,16.8842,16.6192,14.8252,14.4132,15.6192,15.7962,14.4722,13.1782,13.5312,14.8842,14.8842,14.5312,14.5312,15.0902,16.7372,18.4132,17.6482,15.3842,15.5902,16.0902,15.6782,15.0902,15.0602,16.3252,16.0012,13.5312,11.8252,10.9722,10.0902
CO2_TUG_BCT2,2021-10-10,1913,False,29,18.0318,19.0898,18.0318,16.2668,14.2078,12.8548,12.2668,12.8548,14.3838,17.7368,21.2368,20.6488,16.4428,13.1198,10.2668,8.73676,9.38376,11.9428,14.1198,13.5318,10.7958,9.35476,8.94276,8.53176,8.76676,9.50176,8.67876,6.85476,7.26676,7.61976,7.26676,7.67876,7.61976,6.94276,7.97276,10.0318,9.26676,7.91376,7.53176,8.41376,8.58976,7.64876,6.29576,3.41376,0.06076,-0.08624,2.08976,2.64876,3.06076,4.41376
CO2_TUG_BCT2,2021-10-10,1914,False,3,5.09272,5.73972,5.35772,4.32772,3.18072,1.94572,2.44572,8.47472,22.8577,47.9457,78.0927,73.7687,55.9747,36.8277,26.0337,22.1807,18.7107,17.0927,18.5337,22.5337,24.6807,25.4157,26.2107,25.5047,23.0047,20.1217,16.2107,13.5627,12.4747,11.9457,12.3277,12.0337,10.7987,10.9747,12.2987,12.2687,11.6517,10.8867,10.2107,10.1807,10.7397,11.7107,11.9747,9.68072,8.73972,10.4157,12.7397,13.5047,13.0047,11.7687
CO2_TUG_BCT2,2021-10-10,1916,False,10,2.35888,3.03488,4.41688,4.88788,4.71188,6.38788,11.7699,18.0059,23.0349,28.0059,28.6529,25.7119,20.8289,18.0349,17.0349,17.0059,16.8589,15.7119,14.0059,12.7999,11.6819,10.5059,9.03488,8.35888,8.56488,9.50588,10.5649,10.1229,8.32888,7.59388,7.71188,7.50588,7.56488,8.24088,9.06488,10.2699,12.2409,13.5349,13.6529,12.2409,11.4759,12.2999,14.0939,14.3289,12.9759,11.7119,9.97588,8.12288,7.56488,7.71188
CO2_TUG_BCT2,2021-10-10,1923,False,19,35.3912,32.1262,31.7732,32.3912,33.9792,36.3612,37.0082,38.3912,43.2732,48.8612,50.6852,49.8912,48.4502,46.2732,44.9202,44.5382,41.4502,33.7142,28.1262,24.0672,20.2732,15.5972,12.9792,12.3612,12.8032,14.3612,14.5672,13.3032,12.8322,13.2142,13.4792,13.6552,13.4202,12.2732,11.8322,12.2732,13.0082,14.2142,15.2142,15.8612,15.8912,14.6262,14.9202,17.3032,19.4502,20.3032,18.1852,16.6852,16.4202,16.0382
CO2_TUG_BCT2,2021-10-10,1928,False,5,2.85418,4.35418,4.08918,1.88318,0.79518,-0.05782,-1.49882,3.20618,17.4122,29.7652,33.0302,31.4122,28.7952,23.7362,17.9422,14.5302,12.3832,12.1182,12.2062,11.7952,11.5592,11.5302,11.5592,11.7652,12.0012,11.6182,10.2362,7.79518,6.23618,5.85418,6.82418,7.61818,7.47118,6.26518,5.35418,4.79518,4.64818,5.32418,6.79518,7.85418,7.94218,6.53018,5.64818,5.55918,5.79518,6.26518,6.44218,6.00118,5.08918,5.00118
CO2_TUG_BCT2,2021-10-10,1932,False,26,1.41436,3.26736,3.85536,3.94336,4.70836,5.62036,6.67836,7.91436,11.2674,16.3844,18.3254,17.6494,16.9144,16.1494,15.3844,14.5024,12.3554,9.56136,8.56136,8.79636,8.26736,6.41436,4.73736,4.00236,3.94336,4.56136,4.29636,3.06136,3.29636,5.09036,6.03136,6.23736,6.82536,7.29636,5.94336,3.88436,2.59036,4.32536,4.67836,3.00236,2.73736,2.82536,2.44336,2.47336,3.14936,3.82536,3.82536,3.14936,2.50236,2.70836
CO2_TUG_BCT2,2021-10-10,1935,False,5,5.529,7.882,8.882,9,9.029,9.265,10.618,18.353,36.029,49.794,51.382,46.588,46.588,49.059,44.588,39.353,35.118,33.088,31.676,29.235,27.529,27.382,29.206,28.176,23.647,21.294,21,20.971,20.676,19.735,18.706,19.324,21.147,21.5,22.118,23.794,23.618,21.853,21.412,20.147,17.382,16.765,17.735,19.206,19.618,17.353,12.618,10.147,10.324,11.971
CO2_TUG_BCT2,2021-10-10,1936,False,6,10.8548,12.6778,12.9128,12.5898,12.5018,12.7068,15.7658,23.2068,31.5598,41.1778,44.6488,44.0898,42.9128,41.3838,39.9128,40.4428,39.9718,38.4428,39.2658,39.3248,37.6188,36.9128,37.2658,37.3548,36.3248,34.9128,35.3548,34.0308,30.1488,29.7658,32.0898,31.4428,29.0308,25.5898,23.2368,22.5898,22.5308,22.4718,22.0018,21.1488,21.4128,23.0018,24.2658,25.2958,26.5898,26.2068,24.6488,24.6488,23.3248,19.6488
CO2_TUG_BCT2,2021-10-10,1938,False,28,15.3536,16.7946,16.5886,15.0306,14.7066,15.9126,17.5886,17.4716,17.8536,19.5886,20.0006,18.7066,17.1776,15.7656,14.2946,14.3826,15.4416,16.8826,17.4416,17.7656,18.8246,18.5596,16.7656,15.9126,16.5006,17.9716,19.0006,18.8536,16.8826,15.1476,14.2946,14.9126,14.8246,13.5886,13.5006,14.1186,13.5306,13.7066,14.3246,12.9716,12.3826,13.1476,13.4416,13.5006,14.1186,14.0306,14.0886,16.2066,17.5306,17.4416
CO2_TUG_BCT2,2021-10-10,1939,False,6,3.86242,2.21542,1.71542,2.12642,3.09742,3.80342,4.45042,6.36242,14.1564,26.8034,32.0684,29.7444,24.8624,21.2734,17.9504,14.6264,10.4504,8.09742,7.77342,8.92142,11.2734,12.4504,12.6264,12.7154,12.0094,9.89142,8.80342,9.12642,10.0094,10.0094,9.33242,10.3914,12.6854,12.5684,12.7444,14.2734,14.8034,15.1564,15.9504,15.5684,14.4504,14.7444,14.0094,11.9794,11.8624,11.4504,9.86242,10.3914,12.1564,11.0974
CO2_TUG_BCT2,2021-10-10,1950,False,10,4.20658,2.55958,2.20658,2.55958,1.53058,2.05958,5.94158,10.7066,14.8536,19.7066,21.3246,18.5596,13.8836,11.8836,11.6186,11.0886,12.0596,14.7366,15.2946,12.8836,9.73658,7.67758,5.41258,3.38358,3.29458,4.50058,4.32458,3.00058,2.97158,3.05958,2.41258,1.73658,1.70658,2.20658,2.88358,3.61858,3.64758,3.55958,2.82458,0.73658,-0.17542,0.29458,1.58858,3.03058,2.35358,1.76558,1.88358,1.76558,2.50058,4.26558
CO2_TUG_BCT2,2021-10-10,1951,False,6,6.35712,5.88712,5.38712,5.09312,4.59312,3.85712,5.88712,15.9461,31.2981,38.7981,40.2981,38.2101,31.9161,26.1511,23.2401,20.9161,19.2691,17.0341,13.4461,13.2691,16.7981,19.3871,19.9461,19.0631,17.1221,15.7101,14.7401,15.0041,16.5931,17.6221,16.9161,15.7691,16.8871,17.4461,16.7401,16.8871,17.5341,16.7401,15.3871,13.6511,12.4161,11.6221,10.5341,9.24012,8.24012,9.24012,10.6221,12.3871,14.2101,14.5041
CO2_TUG_BCT2,2021-10-10,1952,False,20,17.0602,14.7372,13.0602,11.7372,10.8542,11.0312,11.9432,12.6782,14.8542,18.8842,19.2662,15.5312,12.5012,11.7662,11.6782,10.9722,10.5312,10.5312,11.0312,12.2072,13.1192,13.1482,12.4722,11.7372,11.2372,10.8252,11.3252,12.9432,13.9722,13.1482,11.0602,10.4722,11.5012,13.4132,14.1482,12.6192,9.44316,8.61916,9.35416,8.67816,9.97216,14.0902,16.2072,16.4722,16.4722,16.4132,15.9432,14.9432,14.0012,13.0602
CO2_TUG_BCT2,2021-10-10,1953,False,17,8.23618,7.38318,6.85418,7.73618,10.3542,12.1182,13.9422,16.8542,20.6482,25.7952,27.1182,25.7952,26.5302,26.0302,24.0592,24.7072,25.2072,24.3832,23.5592,22.0892,20.0012,19.1772,18.8242,17.6182,16.7072,16.2652,16.9122,18.2952,18.3542,18.3542,18.2952,16.9122,16.2652,16.2952,13.9712,9.05918,6.88318,6.47118,6.73618,8.58918,9.47118,9.08918,8.50118,8.47118,9.79518,10.0892,9.73618,10.8242,10.9712,9.64818
CO2_TUG_BCT2,2021-10-10,1954,False,4,5.06254,4.44454,3.59154,2.91454,4.97354,6.00354,5.32654,6.82654,19.7095,43.7975,52.7975,47.6205,40.1205,31.0325,26.8855,25.4445,23.5915,23.2675,22.8855,21.4735,20.3855,20.0625,21.0625,22.0915,22.4145,21.4145,20.2975,19.3265,19.2975,19.9445,19.8855,19.2385,18.2675,17.7975,17.7385,17.5325,15.9735,13.3855,13.2095,14.0035,13.6205,11.1505,8.85654,6.82654,6.23854,7.53254,9.50354,9.32654,7.32654,6.70954
CO2_TUG_BCT2,2021-10-10,1956,False,6,0.913,1.207,0.736,-1.47,-1.47,2.119,8.001,24.619,55.53,74.942,82.001,77.119,69.148,57.266,44.678,40.501,41.972,44.325,47.266,48.766,49.442,49.207,46.472,43.736,41.383,41.913,45.53,48.266,49.736,49.089,44.06,40.442,38.648,37.736,36.001,32.442,28.56,23.178,19.354,19.56,22.06,21.678,17.383,13.266,11.03,9.707,10.001,9.178,6.53,5.913
CO2_TUG_BCT2,2021-10-10,1957,False,22,5.47236,7.23736,8.91436,10.7674,10.8844,10.0614,11.0614,12.4724,14.4724,16.8254,17.8254,17.8254,16.8554,14.7374,13.2084,11.8844,9.73736,8.32536,7.97236,7.88436,7.44336,6.73736,6.76736,7.20836,7.94336,8.61936,8.64936,8.23736,8.20836,8.41436,8.11936,7.32536,5.41436,3.20836,3.38436,5.59036,6.47236,5.67836,4.56136,4.53136,5.35536,5.38436,4.73736,4.79636,5.38436,5.88436,5.47236,5.53136,6.47236,7.41436
CO2_TUG_BCT2,2021-10-10,1969,False,11,3.21012,3.74012,4.94512,6.44512,6.00412,3.76912,3.00412,4.74012,7.91612,10.2981,12.1511,11.4451,8.26912,6.62212,6.41612,6.41612,6.21012,4.56312,1.26912,-0.20188,1.00412,3.76912,4.59212,2.88712,0.53412,-0.46588,-0.52488,0.00412,1.41612,2.88712,3.85712,4.62212,4.65112,4.71012,5.18112,5.68112,6.41612,7.03412,6.59212,5.21012,4.62212,5.47512,7.32812,7.85712,6.09212,3.15112,2.68112,4.62212,6.03412,6.29812
CO2_TUG_BCT2,2021-10-10,1970,False,13,5.235,6.676,8.029,10.5,14.559,16.941,18.147,19.118,21.765,26.235,28.323,28.118,27.147,26.441,25.853,25.088,23.647,22.176,21.029,18.853,15.971,14.265,13.265,13.412,14.059,13.559,14.588,17.794,19.412,19.382,18.823,17.676,14.588,10.529,8.265,6.647,5.353,5.765,7.412,7.059,5.294,5.735,6.353,6.706,7.853,7.971,5.088,0.382,-0.677,0.882
CO2_TUG_BCT2,2021-10-10,1971,False,5,3.35134,2.73334,-0.41366,-1.97266,-1.47266,0.20434,3.38034,10.5273,18.3803,22.1743,23.6453,22.0273,17.6453,15.7923,15.8213,15.1453,12.9983,11.6153,10.9983,10.5863,9.14534,6.43934,6.08634,8.73334,11.3803,11.0273,8.38034,7.32134,7.14534,5.93934,6.58634,8.82134,8.58634,7.85134,7.64534,7.05734,6.58634,7.88034,9.46834,9.82134,7.35134,4.88034,2.93934,3.08634,4.61534,4.52734,5.11534,7.14534,7.79234,7.23334
CO2_TUG_BCT2,2021-10-10,1983,False,11,4.6823,4.0053,3.9763,3.8293,2.6823,1.3583,3.2113,8.7703,15.0053,21.9173,23.5643,21.0933,16.2703,12.3873,10.2703,8.2403,7.1523,7.2703,8.4463,9.1233,9.2113,9.2113,9.2113,9.2113,9.2993,10.0053,11.3293,11.4173,10.7993,11.4173,11.3293,9.9463,8.9173,9.0643,10.8873,11.4463,9.9463,8.0053,6.7703,5.6823,4.7993,4.2703,4.9173,6.5643,8.0353,6.5933,5.1233,4.5933,5.3293,7.4173
CO2_TUG_BCT2,2021-10-10,1988,False,9,3.59506,4.15406,2.97806,2.12506,2.15406,4.03606,12.0361,25.2131,36.4191,46.5361,48.3601,46.7131,45.1251,41.3601,34.7131,31.1831,28.4191,20.8891,11.4191,6.94806,5.56606,5.53606,7.59506,10.9481,11.1831,8.33106,6.47806,6.30106,6.77206,7.24206,7.74206,7.97806,8.03606,8.27206,8.77206,9.24206,9.68306,9.47806,8.80106,8.86006,9.33106,8.88906,6.56606,5.44806,5.71306,5.77206,5.80106,6.50706,7.03606,7.80106
CO2_TUG_BCT2,2021-10-10,1991,False,8,3.35476,3.32576,3.76676,4.47276,4.53176,4.88476,6.26676,7.97276,10.8548,15.6488,17.9728,16.6198,12.5018,9.41376,6.79576,5.03176,5.38476,7.09076,7.00176,4.53176,2.14876,1.23776,1.85476,3.91376,4.59076,3.91376,4.32576,5.67876,5.59076,4.53176,3.11976,3.03176,5.06076,7.67876,7.26676,4.11976,2.59076,3.32576,5.14876,5.67876,5.32576,5.76676,6.00176,6.06076,6.59076,5.61976,2.88476,1.73776,2.26676,2.97276
CO2_TUG_BCT2,2021-10-10,1995,False,8,3.73658,3.79458,5.70658,5.58858,4.11858,7.35358,21.5006,47.7366,65.3246,76.3246,80.0596,77.5596,69.0306,58.2946,52.6186,49.6776,48.1186,47.7366,48.6776,49.2656,48.8836,47.6776,45.0886,40.4126,35.2946,29.3836,27.3536,28.0006,28.2946,26.4716,23.9716,20.7066,16.7366,10.2066,4.64758,3.35358,4.08858,3.82458,3.20658,2.76558,3.26558,4.88358,6.05958,6.32458,5.88358,4.76558,2.88358,0.17758,0.11858,2.29458
CO2_TUG_BCT2,2021-10-10,1996,False,5,2.058,2,1.676,0.5,-0.912,1.205,12.647,30.353,40.705,46.235,47.176,43.235,38.058,34.117,29.882,27.617,27.853,29.147,29.117,27.558,26.205,24.529,22.147,21.617,21.441,20.441,19.029,17.088,15.97,14.441,11.617,10.117,9.235,7.882,7.705,9.029,10.441,10.911,10.5,9.558,9.088,9.029,8.97,8.5,7.558,7.088,6.97,6.411,4.764,2.941
CO2_TUG_BCT2,2021-10-10,1997,False,7,1.15464,3.15464,4.03764,3.62564,2.21364,1.03764,2.38964,6.65464,12.8016,20.3316,21.4486,19.7726,17.6846,15.3316,14.3316,14.2426,14.3896,14.1546,12.9486,12.0956,12.0076,12.7726,13.6846,14.5076,13.8016,12.9196,15.1846,15.9786,13.1546,9.24264,8.21364,9.50764,10.8316,11.6256,10.7726,9.00764,6.80164,6.06664,5.91964,5.44864,4.97864,4.47864,4.30164,4.80164,6.21364,7.56664,7.62564,6.91964,7.74264,9.56664
CO2_TUG_BCT2,2021-10-10,1998,False,7,1.67718,3.06018,2.41318,2.11818,3.17718,4.06018,3.88318,3.20718,4.70718,9.11818,12.2662,12.0302,9.76618,8.58918,8.44218,8.50118,8.79518,8.32418,6.14818,6.20718,8.79518,9.67718,8.44218,7.03018,6.44218,5.91318,5.06018,5.29518,6.76618,8.29518,9.32418,8.26618,6.61818,5.56018,6.58918,8.11818,9.56018,9.64818,9.03018,9.64818,9.53018,7.97118,6.82418,6.73618,7.23618,7.85418,8.11818,7.17718,6.61818,7.23618
