channel,source_day,pass_index,normalized:,pollutant_offsets,t_-5.000,t_-4.500,t_-4.000,t_-3.500,t_-3.000,t_-2.500,t_-2.000,t_-1.500,t_-1.000,t_-0.500,t_0.000,t_0.500,t_1.000,t_1.500,t_2.000,t_2.500,t_3.000,t_3.500,t_4.000,t_4.500,t_5.000,t_5.500,t_6.000,t_6.500,t_7.000,t_7.500,t_8.000,t_8.500,t_9.000,t_9.500,t_10.000,t_10.500,t_11.000,t_11.500,t_12.000,t_12.500,t_13.000,t_13.500,t_14.000,t_14.500,t_15.000,t_15.500,t_16.000,t_16.500,t_17.000,t_17.500,t_18.000,t_18.500,t_19.000,t_19.500
NO2_ICAD,2021-09-26,8,False,-2,-0.33022,0.78578,2.56878,4.67478,6.89678,9.10978,11.3098,13.4938,15.5598,17.3118,18.3308,18.1088,17.2928,16.3828,15.0448,12.8848,10.8558,9.92878,9.58078,9.32678,9.24978,9.47378,9.45378,8.71278,8.36478,9.42878,9.98378,8.12478,5.98078,5.75178,6.56178,7.52578,8.67478,10.0728,10.6938,9.47278,7.79278,6.99478,6.65878,6.30078,5.89878,5.50578,5.21578,5.14078,5.24078,5.48478,5.73878,5.85578,5.74178,5.29178
NO2_ICAD,2021-09-26,14,False,0,2.86412,2.84812,2.39612,2.17112,2.84412,3.98112,5.21212,6.73412,8.74812,10.3171,10.4691,10.0301,9.77612,9.59212,9.27812,8.89012,8.46912,7.86712,6.97312,6.47212,7.01312,7.40812,6.46712,5.06212,4.12712,3.80712,4.23412,5.01812,5.80612,6.25712,6.03512,5.46312,4.84812,4.45412,4.52812,4.82912,5.14212,5.44712,5.73412,5.88912,5.81512,5.88012,6.46012,7.19812,7.73012,8.04312,8.13012,8.11112,8.02112,7.46912
NO2_ICAD,2021-09-26,43,False,2,-0.80836,0.01464,3.01564,10.8806,24.9936,46.8316,67.2686,77.2636,81.6966,85.0786,86.8946,85.7486,83.1266,80.3946,78.2506,77.2086,76.1406,73.9516,71.3986,69.3036,67.7166,66.6776,65.8956,65.0866,63.8046,61.6286,59.4226,58.0626,57.2866,56.7976,56.0986,54.6856,52.6436,49.9976,47.0706,44.0986,41.0386,37.8716,35.1506,33.4766,32.2426,30.8786,29.3606,27.7566,26.4496,25.8476,25.6016,25.4006,25.2076,24.9646
NO2_ICAD,2021-09-26,62,False,1,3.60386,2.62186,1.59886,0.78086,0.76786,4.12686,13.6529,24.8189,33.1249,38.2609,39.8989,39.7329,39.0439,38.1969,37.2829,35.9969,33.9859,31.7519,29.7159,27.4119,24.4079,21.9229,21.2619,21.5389,21.8939,21.9419,21.3549,20.3279,19.0209,17.7859,16.9849,16.7439,17.1959,17.6199,17.3179,16.6319,15.9169,15.3559,15.1249,15.2269,15.6769,16.0939,16.0299,15.1119,12.9539,10.7489,9.65986,9.16686,8.77586,8.59886
NO2_ICAD,2021-09-26,63,False,0,2.86178,2.84578,2.96178,3.31378,4.02078,4.90078,5.84578,7.12678,9.02578,10.8048,11.6608,11.6698,10.8828,10.0488,9.85378,10.0038,10.1718,10.1518,9.79478,9.57078,9.91178,10.1078,9.44578,8.60178,8.27278,8.22878,8.22278,8.22878,8.26178,8.34078,8.45078,8.29378,7.59278,7.01178,7.23478,7.87978,8.53378,8.84478,8.51878,8.25878,8.71678,9.09378,8.55478,7.63078,6.89378,6.56378,6.81478,7.08578,6.83278,6.29978
NO2_ICAD,2021-09-26,64,False,0,0.8284,1.2564,2.5374,4.9644,8.1344,11.7754,15.6194,19.4554,23.0314,25.8634,26.6434,23.8734,19.8404,16.7244,14.8044,14.2834,14.4294,14.6434,14.7464,14.6054,14.1864,13.4744,13.0034,13.3054,13.8654,14.1824,14.3534,14.5054,14.6574,14.8094,14.9614,15.1134,15.2654,15.4184,15.5704,15.6734,15.3904,14.3324,12.8874,11.4834,10.7994,11.5114,12.5904,13.0514,13.1604,13.1594,12.6434,11.1664,9.7504,9.4204
NO2_ICAD,2021-09-26,66,False,4,11.7392,12.4602,12.8032,12.4342,12.0422,12.3472,13.2992,14.8522,16.4552,17.5532,17.9792,17.5142,16.6202,15.6712,14.7152,13.7392,12.6982,11.5342,10.2542,8.93618,8.24818,8.87618,9.75718,9.84918,9.50518,9.10518,8.70218,8.25418,7.48818,6.15218,4.95218,4.63618,4.96318,5.66918,6.03318,5.37918,4.43818,3.92718,3.66518,3.41018,2.96318,2.18718,1.64418,1.87018,2.08518,1.54218,1.07218,1.54518,2.35018,2.86818
NO2_ICAD,2021-09-26,93,False,1,2.64668,2.87168,3.58168,5.20368,6.81268,7.51368,7.97468,8.88368,9.98468,10.9387,11.4597,11.2417,10.6567,10.0827,9.95768,10.6127,10.7697,9.12368,6.82968,5.08668,4.18168,4.38868,5.13168,5.86568,5.98668,4.96868,4.03168,4.36968,5.13768,5.46668,5.53268,5.56268,5.56068,5.49768,5.40468,5.31168,5.25768,5.21868,4.71268,3.31668,2.36168,3.16768,4.33868,4.46568,4.01168,3.47768,2.88968,2.24168,1.93868,2.39768
NO2_ICAD,2021-09-26,105,False,3,1.44062,2.02762,2.83762,4.20562,6.44762,8.48062,9.20362,9.24162,9.21762,9.38262,9.84262,9.85062,8.66562,7.36562,7.00862,6.94762,6.48862,5.79962,5.14262,4.97262,5.71162,6.40662,6.11662,5.41562,4.90262,4.60562,4.51162,4.51262,4.51962,4.48062,4.32762,3.96562,3.30162,2.68462,2.46962,2.46462,2.49362,2.58062,2.78862,3.09562,3.47162,3.72262,3.65162,3.41562,3.18762,3.17762,3.54662,3.66462,2.94462,2.33962
NO2_ICAD,2021-09-26,120,False,0,2.92354,2.28354,2.83254,8.11754,22.1675,40.0365,56.8475,69.4975,74.9125,76.7465,77.9995,78.1875,76.1795,72.5565,67.7415,62.7345,58.4065,54.6725,51.4545,48.4735,45.4865,42.2205,38.3935,34.2875,30.2175,26.7195,24.3915,22.8305,21.7555,21.0715,20.8065,20.7385,20.6575,20.2745,19.3065,18.1865,17.2985,16.3305,14.9475,13.5675,12.6345,11.9915,11.4865,11.0355,10.6875,11.1005,12.9055,14.4085,13.8975,12.4295
NO2_ICAD,2021-09-26,144,False,-2,1.67912,1.03512,0.41012,0.18512,0.77812,1.91412,3.46512,5.76212,9.14312,12.0211,12.7641,12.4021,11.8861,11.2481,10.3841,9.54912,8.93212,7.90912,5.87412,3.92512,3.18712,3.09112,3.08112,3.11312,3.22012,3.28712,3.19412,3.01812,2.87812,3.10412,4.01412,4.90512,5.05512,4.70612,4.09912,3.52612,3.24512,3.16312,3.20312,3.29312,3.36112,3.20212,2.65712,2.45112,3.31312,4.43112,5.00112,5.26112,5.47412,5.62912
NO2_ICAD,2021-09-26,148,False,-2,1.89188,2.79788,3.95888,5.15888,6.36288,7.78988,11.0019,17.5709,24.2349,27.5819,27.9779,25.7489,23.1369,22.0849,21.5949,20.5789,19.2469,17.8179,15.9339,13.2169,10.6649,9.32888,8.85688,8.91788,8.95088,8.46988,7.71588,6.97888,6.64988,7.03388,6.98988,5.47588,4.34788,5.44388,6.83988,6.58488,5.75688,5.51488,5.62188,5.75788,5.77388,5.54188,5.14188,4.63888,4.16088,3.88888,4.20288,5.49488,6.84188,7.35888
NO2_ICAD,2021-09-26,151,False,1,0.48912,0.66912,0.91712,1.42512,2.47412,3.94512,5.76412,7.70612,9.51812,10.6811,10.6221,10.0131,9.45312,8.95612,8.50212,8.32912,8.63612,8.57112,7.28412,5.74112,4.91112,4.47812,4.20012,4.76212,6.84412,8.48812,7.73312,6.12012,5.17712,4.58212,3.91612,3.35712,3.14912,3.12112,3.13212,3.27612,3.66312,4.01112,4.01012,3.67212,2.98112,2.12412,1.30712,0.97812,1.61212,2.63712,3.49612,3.99512,3.99512,4.03012
NO2_ICAD,2021-09-26,153,False,7,12.3511,14.2061,15.7491,15.5901,14.5531,13.4941,13.0161,13.6831,14.9211,16.1251,16.4771,15.1871,13.5541,12.8291,12.6111,12.4531,12.2651,12.0141,11.7331,11.4481,11.1621,10.8771,10.5921,10.3071,10.0221,9.74808,9.56408,9.56008,9.64608,9.74308,9.84008,9.93808,10.0351,10.0691,9.59908,8.17408,6.67008,5.92208,5.34008,4.34108,3.47208,3.34208,3.52008,3.58908,3.61208,3.69808,3.81908,3.92608,3.88008,3.52608
NO2_ICAD,2021-09-26,206,False,2,5.4592,6.4352,7.2792,8.1662,9.5262,11.7622,13.9172,15.0542,15.8782,17.0462,17.9022,17.6972,17.0702,16.6342,16.3292,16.0452,15.7932,15.6162,15.5382,15.5852,15.6002,15.4312,15.2122,15.0792,14.9942,14.8722,14.4042,13.2922,12.2242,11.8612,11.6462,11.0982,11.1162,12.6002,13.9742,13.6172,12.3432,11.0292,10.3082,10.7252,11.3432,11.2432,10.7142,10.1272,9.9822,10.7302,11.4922,11.3872,10.8192,10.1702
NO2_ICAD,2021-09-26,211,False,7,11.8227,12.1107,12.6587,13.2387,13.8197,14.3997,14.9807,15.5607,16.1407,16.6787,16.8777,16.4247,15.8517,15.6737,15.7157,15.6977,14.9917,13.0027,11.0857,10.5947,10.7807,10.9177,11.1737,11.7997,12.4277,12.6787,12.7297,12.7247,12.4807,11.8067,11.2837,11.4597,11.5977,10.9727,10.3047,10.3577,10.7977,11.2657,11.5677,11.5437,11.4157,11.3917,11.4637,11.6097,11.7897,11.9237,11.6597,10.6717,9.87872,10.1777
NO2_ICAD,2021-09-26,292,False,-1,2.24074,2.43974,3.67874,6.80974,11.5427,17.8077,24.7827,31.7927,38.3787,43.8787,47.0707,46.4147,43.6627,40.2727,36.8187,33.6317,30.5917,27.5237,24.0847,20.0157,16.4707,14.6927,13.9917,13.7607,13.6647,13.4537,12.8557,11.5727,9.95174,8.41074,7.85974,9.10874,9.92674,8.18174,6.24274,6.50774,7.42174,7.33574,6.67174,5.95474,5.38774,5.07774,4.58474,3.47374,2.26874,1.58074,1.78374,3.23974,4.70974,4.98474
NO2_ICAD,2021-09-26,298,False,2,3.94046,4.92046,6.35446,7.80946,8.98346,9.59946,9.97146,10.4465,11.4685,13.3975,14.9215,14.6815,13.5295,12.3235,11.6055,11.7775,11.7435,10.4585,9.06446,8.73646,8.86146,8.79746,8.60246,8.34046,7.67446,6.31946,5.51646,6.51946,8.03146,8.76246,8.98146,9.01446,8.98446,8.95146,8.92046,8.86746,8.63546,8.06146,7.42546,6.95846,6.29846,5.08946,4.00546,3.75346,3.93646,4.11446,3.82046,2.69346,1.97446,2.88246
NO2_ICAD,2021-09-26,320,False,-1,3.09004,3.31204,3.17604,2.86604,2.48704,2.20004,2.72104,4.89604,8.19704,12.021,14.418,13.425,11.201,9.78004,8.75404,7.55304,6.23004,4.98404,4.46704,5.34604,6.44204,6.60004,6.20004,5.64304,5.04004,4.44804,3.99704,3.84804,4.00704,4.46104,4.63004,3.95804,3.19204,3.08804,3.34204,3.60604,3.58304,3.00904,2.34304,2.04504,2.08204,2.40804,2.76904,2.94004,3.00804,3.10104,3.51004,4.44104,4.83004,3.62004
NO2_ICAD,2021-09-26,331,False,-2,3.59284,3.48984,3.20384,3.40384,4.02284,4.98884,6.11184,7.26284,8.47384,9.73884,10.5028,10.1868,9.59984,9.49184,9.44984,8.99884,8.32484,7.63484,7.04584,6.63484,6.13384,5.30284,4.59784,4.50284,4.72284,4.97184,5.13384,5.09284,4.73084,3.96284,3.53384,4.14784,4.75584,4.30784,3.51684,3.12684,2.97184,2.84584,2.70684,2.58884,2.82484,3.74184,4.64684,4.84384,4.66284,4.41784,4.02284,3.39884,3.16384,3.93784
NO2_ICAD,2021-09-26,360,False,0,13.5319,15.4349,17.3369,19.2399,21.1429,23.0459,25.0779,28.1499,33.0979,37.4659,38.6269,37.3779,34.4629,31.7219,30.8159,30.8889,31.1109,31.3469,31.5719,31.7019,31.5149,30.2249,26.9459,22.9919,19.6139,16.8559,14.7349,13.0579,11.7279,10.5539,9.4499,8.7509,8.8269,9.0189,8.6369,7.5959,5.8669,4.4659,4.4039,4.9599,5.4069,5.4609,4.8799,3.9839,3.0949,2.5599,2.7129,3.0319,3.0319,2.9399
NO2_ICAD,2021-09-26,416,False,4,11.5786,11.7926,11.9296,12.3716,12.6806,12.3706,11.7396,11.1426,11.1456,12.2426,13.0936,12.3676,11.0856,10.3056,10.0556,10.2846,10.4696,10.1176,9.48058,8.87558,8.80358,9.71958,10.5296,10.1336,9.14758,8.22158,7.65958,7.71158,7.91058,7.80958,7.53958,7.24758,6.94758,6.67058,6.69558,7.27158,7.63558,6.99458,5.83258,4.67958,4.11458,4.68758,5.52858,5.77758,5.51758,4.87658,4.32858,4.31658,4.58358,4.83058
NO2_ICAD,2021-09-26,566,False,1,1.1822,0.0002,-0.6648,-0.1528,2.0032,6.3952,11.2772,15.0242,18.1342,20.9942,22.4862,21.3402,19.6022,19.2072,19.3022,18.9192,18.2492,17.5152,16.5442,15.1562,13.9572,13.5822,13.6512,13.7772,13.6732,13.0782,12.2352,11.3612,10.4902,9.6642,9.1742,9.3202,9.5522,9.3312,8.8622,8.3692,7.9282,7.6992,8.3632,10.6432,13.1812,14.6182,15.1292,14.8772,14.2802,13.6082,12.6782,11.2822,10.0172,9.4862
NO2_ICAD,2021-09-26,589,False,-3,5.60186,7.38086,9.14886,10.8849,12.5649,14.2819,16.1569,18.2989,20.7569,22.7129,23.2899,23.1659,22.9229,22.4309,21.4929,20.7079,20.6069,20.2079,18.4599,16.0129,13.5759,11.9179,11.7819,12.1399,12.0729,12.1229,12.9399,14.1599,15.3929,16.3319,16.6279,16.1939,14.8859,13.3839,12.3039,11.4299,10.5139,9.56186,8.64286,8.01586,7.88586,7.35186,5.56886,3.94386,3.93786,4.78486,5.73386,6.64986,7.51186,8.43886
NO2_ICAD,2021-09-26,720,False,-2,3.1494,2.8764,2.6714,2.6574,3.1404,4.5084,6.4744,8.8224,11.2534,13.4344,14.7354,14.4714,13.6874,13.3544,13.2974,13.2404,12.9124,12.0734,11.2134,10.7644,10.1344,8.7184,7.2294,6.4514,6.4474,7.1994,7.3994,5.7994,3.8954,3.1984,3.1664,3.2394,3.4964,4.0854,4.5714,4.4874,3.9614,3.1084,2.2414,1.6794,1.5934,2.1994,3.1774,4.1864,4.5464,3.6034,2.5114,2.4084,2.8434,3.3234
NO2_ICAD,2021-09-26,751,False,1,12.5717,12.5617,12.6477,12.9847,13.8917,15.7407,17.9197,19.8287,21.2967,22.1327,22.5017,22.4797,22.2197,21.7577,20.8267,19.0787,16.9247,14.7727,13.0327,12.1297,11.7407,11.6077,11.5777,11.5747,11.6887,12.0057,12.1997,11.9087,11.2197,10.1837,8.9907,7.8137,6.8967,6.5007,6.3637,6.2337,5.8987,5.1677,4.3387,3.7087,3.2647,2.9407,2.2707,0.8177,-0.6023,-1.0933,-0.5733,1.0257,2.4897,2.6437
NO2_ICAD,2021-09-26,788,False,1,7.02208,8.26008,7.67908,6.64008,6.52908,6.94408,7.49708,8.61908,10.7731,12.6251,12.8051,12.1131,11.3471,10.8621,10.9341,11.2701,11.5381,11.2541,9.95608,8.60808,8.16408,8.18808,8.23308,8.26008,8.26908,8.16108,7.85408,7.71608,8.11308,8.59308,8.70208,8.61708,8.52508,8.41008,8.22308,7.97308,7.67308,7.43708,7.37708,7.40808,7.44508,7.44908,7.38508,7.27708,7.14908,7.01108,6.83308,6.34408,5.32508,4.74208
NO2_ICAD,2021-09-26,814,False,3,3.62884,3.67484,3.61884,4.44184,5.58784,6.48384,7.35984,8.46184,9.39384,9.71584,9.72384,9.61884,8.92984,7.14284,5.33884,4.64184,4.85484,5.78584,6.77484,7.18984,6.90484,5.86784,5.33084,6.48384,7.84284,7.89784,7.24284,6.53284,6.08184,6.11284,6.08884,5.52884,5.14284,5.63984,6.19284,5.99184,5.75184,6.19484,6.63584,6.35684,5.83184,5.55484,5.42584,5.34384,5.49184,6.03184,6.24084,5.40784,4.41684,4.16384
NO2_ICAD,2021-09-26,863,False,0,8.39776,9.33976,10.1118,10.7978,11.4918,12.3318,13.5048,15.1378,17.3088,18.9128,18.7618,17.4728,15.5948,13.7208,12.3368,11.2128,10.1458,9.26376,8.73376,8.23976,7.53676,7.20976,7.84476,8.44876,7.99576,6.90476,5.68076,5.16476,6.12876,7.16376,6.86176,5.84176,4.77976,4.09476,4.17276,4.69776,5.32876,5.40176,4.30476,3.18376,3.12476,3.11276,2.10376,0.85876,0.22876,0.23876,0.92676,1.93376,2.96176,3.84376
NO2_ICAD,2021-09-26,920,False,-2,4.21804,4.32104,3.90004,4.20204,4.92304,5.71004,6.59904,7.71204,9.08404,10.676,11.586,10.865,9.50904,8.50504,8.12004,8.53004,8.85804,8.25804,7.30804,6.59304,6.02704,5.53604,5.49304,6.32204,7.40204,8.12004,8.47004,8.45204,8.26304,8.06204,7.94604,7.99904,8.13604,8.28304,8.43004,8.57704,8.72504,8.86804,8.98604,9.05104,9.08904,9.09304,8.84804,8.12904,7.33004,6.85504,6.66904,6.77504,7.25404,8.17404
NO2_ICAD,2021-09-26,944,False,0,21.4423,22.3473,24.3113,26.8153,29.5243,33.3233,39.6983,50.3203,66.8263,81.9813,88.2403,87.7833,82.3953,75.2163,68.6613,63.0103,58.3813,54.2363,50.1923,46.4743,43.4663,41.2483,40.0323,39.5513,39.6303,39.6683,39.1023,38.1143,36.8413,35.2433,33.2473,31.3773,30.1643,29.2923,28.4623,27.6333,26.7933,25.8713,24.7513,23.2813,21.2313,18.6423,15.5773,13.0553,12.1273,12.0073,11.9673,11.8383,11.5363,11.0943
NO2_ICAD,2021-09-26,994,False,0,0.79546,1.81546,2.75046,2.77346,1.14946,0.04046,1.72746,5.32746,9.88746,13.3965,13.9375,13.2925,13.1115,12.8745,11.8985,10.7835,10.1515,9.78846,9.47546,9.29946,9.32546,8.91646,7.48946,6.39046,6.91346,7.47246,6.48046,5.13646,4.69246,4.63146,4.42446,4.49346,5.29446,6.02246,5.84146,5.18146,4.49046,4.02046,3.98546,4.08246,4.02446,3.85646,3.63446,3.32746,2.90246,2.53146,2.40646,2.49946,2.77946,2.97846
NO2_ICAD,2021-09-26,1017,False,2,4.61848,3.69148,2.86448,2.68448,3.74248,5.29348,6.66748,7.98548,9.39248,10.4795,10.7675,10.5805,10.1935,9.73048,9.21148,8.32048,6.73948,5.22248,4.59348,4.90048,6.17248,7.22148,6.91948,6.16448,5.83648,5.58748,4.98548,4.19148,3.44048,3.22148,4.01348,4.90848,5.00648,4.66948,4.26348,3.81748,3.32348,2.99648,3.03148,2.96848,2.37148,1.77148,1.72448,1.97148,2.25648,2.54148,2.80048,2.85648,2.57248,2.62448
NO2_ICAD,2021-09-26,1215,False,2,4.5695,5.8765,7.3495,8.9525,10.6145,12.2775,13.8905,15.3635,16.4625,16.9045,16.9795,16.9145,16.7125,16.3415,16.0705,16.1305,16.0475,15.3185,14.2555,13.1625,12.1765,11.4025,10.7345,10.1235,9.8395,10.1355,10.1575,9.0485,7.5965,6.6215,6.1475,6.1765,6.3335,6.2965,6.1475,5.9915,5.8945,5.9265,6.1015,6.3955,6.3325,5.4695,4.7585,5.1655,6.0375,6.6725,6.7465,5.9385,4.6975,3.4475
NO2_ICAD,2021-09-26,1273,False,2,6.00782,6.73282,7.48282,8.27282,9.02082,9.65482,10.3088,11.1168,11.9258,12.5288,12.6378,11.9148,10.7808,9.64382,8.89682,8.90582,9.12882,9.05082,8.81082,8.57782,8.37082,8.19082,7.99282,7.72582,7.38082,6.93882,6.45182,5.96082,5.48882,5.05182,4.63282,4.21582,3.79882,3.38282,2.96582,2.56882,2.32782,2.40082,2.62982,2.87882,3.12682,3.34482,3.31582,2.84282,2.53782,2.96982,3.31982,2.72682,1.63782,0.56482
NO2_ICAD,2021-09-26,1291,False,-1,16.787,15.451,14.703,15.131,16.148,17.279,18.737,20.83,23.112,25.074,26.242,26.015,24.59,22.05,19.371,17.444,16,14.783,13.79,13.101,12.597,12.195,11.835,11.512,11.45,11.783,11.388,9.10404,6.30104,4.37904,3.45104,3.57304,3.74004,3.08704,2.53304,3.01204,3.57404,3.21904,2.36804,1.56704,1.66104,3.43404,5.22404,5.37404,4.70604,4.03704,3.35104,2.53204,1.70904,1.02504
NO2_ICAD,2021-09-26,1431,False,4,5.78334,5.78334,8.54334,8.54334,10.6603,11.9663,13.0523,13.9173,14.4173,14.7363,14.9663,14.6563,13.3483,12.1363,12.1283,12.7733,13.5133,14.1023,14.3573,14.3373,13.4563,11.0133,8.68934,8.07434,7.58934,5.66034,3.63234,2.95434,2.96134,2.94534,2.67334,1.99734,1.33134,1.08734,1.06534,1.04834,1.03434,1.38034,2.40234,3.13434,2.64334,2.04234,2.44834,3.17234,3.43834,3.11734,2.13334,1.24634,1.18234,1.44234
NO2_ICAD,2021-09-26,1470,False,-1,0.82894,0.83494,2.17794,4.26194,6.59094,9.09494,11.8229,14.8069,17.9809,20.2219,20.3009,19.2859,18.1049,16.8749,15.6859,14.6329,13.6099,12.5919,12.1609,12.9499,14.0959,14.6899,14.3209,12.6069,10.7519,9.93594,9.86594,10.2599,10.8179,11.1189,10.9109,10.8379,11.5049,12.1309,11.9029,11.2809,10.6859,9.83194,8.42094,7.31994,7.41694,7.96294,8.22694,8.29094,8.17694,7.72394,6.87194,5.57094,4.47994,4.27894
NO2_ICAD,2021-09-26,1498,False,0,0.44126,0.05226,-0.24874,-0.28374,0.54426,4.69526,17.7403,55.3913,131.534,190.739,181.586,181.586,148.635,118.935,93.1193,93.1193,73.3243,58.1083,46.8363,39.1233,35.3933,33.5513,31.6593,27.7893,21.7733,18.3043,16.9643,15.9463,15.0813,14.4773,13.6513,12.0583,9.80426,7.03826,4.85526,4.33226,4.33526,3.77126,2.95926,2.29026,2.29026,1.73126,1.31226,1.16326,1.24826,1.55426,1.94626,2.29026,2.42726,2.16526
NO2_ICAD,2021-09-26,1719,False,0,0.00424,0.93624,2.98424,5.09924,6.64124,7.14124,7.88724,10.1432,12.7482,14.4312,14.9732,14.1142,12.5842,11.0842,10.4902,11.6122,12.8522,12.6652,11.9642,11.6682,11.3082,10.3402,9.31824,8.82124,8.60724,8.43924,8.35524,8.38224,8.05124,6.95524,6.27924,7.18824,8.30224,8.22024,7.55724,6.96324,6.44524,6.00424,6.09424,7.14524,7.88424,7.06424,5.89424,5.57324,5.46024,4.89124,4.49324,4.97624,5.91724,6.84924
NO2_ICAD,2021-09-26,1723,False,3,3.98418,5.08018,6.15218,6.73918,6.35718,5.52718,4.81318,4.94818,6.59418,8.16318,8.08218,7.32018,6.86318,6.61318,6.37118,5.98218,5.32718,4.74118,4.58918,4.79018,5.22818,5.27218,4.35418,3.55018,3.90918,4.44418,4.12418,3.33618,2.57618,2.50418,3.70518,4.77218,4.34618,3.62218,3.85118,4.64718,5.57018,6.37318,6.85218,7.13118,7.29618,7.28318,6.98418,6.54418,6.12018,5.95818,6.21218,5.85018,3.89918,2.15518
NO2_ICAD,2021-09-26,1744,False,2,12.7878,14.1468,14.9698,14.7658,14.3758,14.5848,14.8818,14.7418,14.6718,15.1858,15.6668,15.4848,15.1128,14.9848,14.5918,13.4068,12.2488,11.9628,12.1408,12.3478,12.3168,11.8268,11.2238,10.8478,10.6808,10.7008,10.8008,10.9068,11.0878,11.3988,11.5508,11.2588,10.9278,10.9648,11.2008,11.4538,11.6388,11.6788,11.5598,11.3018,11.3858,12.2658,13.0968,13.0268,12.5418,12.1408,11.8728,11.7428,11.6798,11.6378
NO2_ICAD,2021-09-26,1759,False,2,3.19028,3.04128,3.02628,3.28128,3.95428,4.82428,5.70628,6.61828,7.56528,8.23628,8.24028,7.60128,6.31328,5.06128,4.50028,4.30328,4.15028,3.97728,3.77028,3.59528,3.51728,3.46128,3.39128,3.60628,4.37528,4.90128,4.41628,3.91828,4.38928,5.00028,4.87028,4.33628,3.80428,3.68728,4.33228,4.84328,4.33728,3.55128,3.21528,2.98628,2.49828,2.10828,2.20828,2.43528,2.42528,2.28128,2.13728,2.13428,2.36828,2.39628
NO2_ICAD,2021-09-26,1791,False,0,1.5475,2.8035,5.2805,8.5025,12.0465,14.9915,16.4125,17.0605,17.6365,18.4045,19.4105,19.4295,17.2165,14.6385,13.6265,14.1135,15.9855,17.8705,18.4605,18.0865,17.0335,15.6415,14.1215,12.5555,11.0705,10.2775,10.8215,11.6755,11.8675,11.7875,11.8445,11.7285,11.0715,10.2345,9.5825,9.1455,8.9575,8.9695,9.1715,9.4625,9.6745,9.1815,7.3885,5.7995,5.8905,6.4855,6.3905,5.9705,5.6655,5.4415
NO2_ICAD,2021-09-26,1800,False,3,2.68106,3.11806,4.77306,6.45506,6.94806,6.59706,5.87206,6.14106,8.65006,11.0481,11.0131,10.2431,10.4401,10.8091,10.4111,9.59206,8.72206,7.86906,7.07106,6.47706,6.21706,5.80406,4.78806,3.87406,3.82806,4.46506,5.55106,6.18406,5.49306,4.41006,3.84606,3.58506,3.38706,3.39606,3.81006,4.39006,4.84106,4.65906,3.44606,2.88106,4.54306,6.02106,4.94306,3.52706,4.04206,5.14606,5.39006,5.13806,4.84506,4.72506
NO2_ICAD,2021-09-26,1817,False,-2,29.0714,32.5134,36.5244,41.6704,47.3834,53.1894,59.1674,65.3944,71.0194,74.9724,76.9874,76.5684,74.9054,72.9324,70.8784,68.7414,66.0184,62.2484,58.8784,57.4214,57.0574,57.0614,57.4244,58.2954,59.3234,60.0304,59.3264,56.1104,52.6614,51.2154,50.8514,50.4574,48.7284,44.4354,39.6464,36.3964,34.2364,32.6224,30.7644,28.0544,25.7144,25.0274,25.0704,24.9504,24.6954,24.3624,23.5474,21.8354,20.1774,19.4584
NO2_ICAD,2021-09-26,1850,False,-3,7.2612,5.8072,4.4082,3.8992,5.1722,7.3632,9.6882,11.8052,13.4052,14.3972,14.5792,14.1082,13.0492,11.8672,10.9922,10.5222,10.5702,10.8672,11.1852,11.4252,11.5202,11.6162,11.7992,11.5732,10.4522,9.3872,9.3042,9.3792,8.7472,7.6842,6.5362,5.7882,5.9242,6.5042,7.0752,7.1222,6.1742,5.1162,4.7932,4.6662,4.1842,3.7052,3.5852,3.2762,2.2352,1.2422,1.0892,1.2092,1.0212,0.6492
NO2_ICAD,2021-09-26,1853,False,1,3.01672,3.29572,3.36472,3.29772,3.25472,3.54372,4.57472,6.57072,9.73172,12.3657,12.7377,11.8137,10.5157,9.38972,8.85772,8.63072,8.42372,8.07472,7.46072,6.84872,6.56372,6.85872,7.97672,9.01772,9.09072,8.65172,8.15872,7.73772,7.48672,7.50972,7.94872,8.60472,9.26972,9.58972,9.21372,8.65072,8.39072,8.30472,8.23972,8.17572,8.11172,8.04672,7.98272,7.91772,7.82072,7.46072,6.61272,5.80372,5.59072,5.92172
NO2_ICAD,2021-09-26,1874,False,0,8.53094,8.11294,6.84194,5.54494,4.89294,5.54994,7.00794,8.83894,10.6819,12.1329,12.4369,10.8209,9.04694,8.78794,8.95494,8.39094,7.45094,6.56494,5.86094,5.43594,5.14894,4.93494,5.17094,6.21994,7.01194,6.50994,5.83794,6.11794,6.64094,6.66294,6.56994,6.74794,6.70494,5.92994,5.15194,5.11994,5.48594,5.88894,6.18194,6.23694,6.03594,5.52894,4.89694,4.30994,3.90494,3.82294,3.90094,4.00494,4.16594,4.43694
NO2_ICAD,2021-09-26,1928,False,-1,10.8862,10.2782,9.69818,9.81718,10.3062,10.8582,11.5462,12.5042,13.5912,14.6172,15.0962,14.5132,13.5632,12.8662,12.0942,10.9212,10.0932,10.3782,10.8822,10.7102,10.1632,9.58318,9.11218,8.87218,8.82318,8.98018,9.46818,10.3632,10.6682,9.40718,7.99318,7.82218,8.12518,8.09518,7.92418,7.87118,7.89118,7.88218,7.57218,6.67118,5.56118,4.64418,4.18318,4.43718,4.88518,5.02518,4.89118,4.57118,4.48418,5.00518
NO2_ICAD,2021-09-27,18,False,1,6.34504,4.76904,3.66604,3.97104,5.21404,6.95604,8.45504,9.07604,9.59104,10.691,11.38,10.607,9.50004,9.18904,9.32604,9.47304,9.26304,8.37804,7.45104,7.08304,6.80904,6.20204,5.95404,6.70304,6.94404,5.15504,2.86304,1.64304,1.28904,1.56904,2.12904,2.71604,3.23604,3.63204,4.04704,4.59704,5.00004,4.95004,4.66904,4.35804,4.04904,3.74504,3.44304,3.14204,2.84004,2.53904,2.23704,1.93504,1.63404,1.35104
NO2_ICAD,2021-09-27,20,False,0,5.07716,5.23616,5.48316,6.21316,7.93816,10.3732,13.2832,16.1002,18.2892,20.0052,21.2332,21.1812,18.9422,16.2682,14.8402,14.1052,13.4462,12.7052,11.8312,11.1152,10.8802,10.9852,11.2302,10.8702,9.19116,7.44116,6.88016,7.01316,7.33016,7.61316,7.72116,7.73816,7.73116,7.63216,7.33516,6.84116,6.14816,5.53116,5.23716,4.92016,4.22216,3.37316,2.67616,2.59716,3.57616,4.48616,4.19816,3.27416,2.32016,1.75016
NO2_ICAD,2021-09-27,33,False,-3,8.3355,9.4075,10.6395,12.2175,14.3985,17.0845,20.2525,23.6425,26.9765,29.6395,30.8975,30.9605,29.9025,28.4255,27.0565,25.5065,23.3995,21.0065,18.6175,16.5425,15.0635,13.6555,11.8605,10.2875,9.5755,9.0045,7.9045,6.9775,6.9825,7.3215,7.4095,7.4545,7.7215,8.1085,8.4845,8.6515,8.3875,7.8155,6.9825,5.7815,4.1115,2.8175,2.7695,3.2935,3.7595,4.1985,4.7085,5.1695,5.4475,5.6315
NO2_ICAD,2021-09-27,41,False,1,3.39834,3.39034,3.15034,2.88634,2.66034,2.68134,4.09634,8.10634,12.5283,15.1543,16.2193,15.9493,15.1973,14.6373,14.2123,13.8273,13.6243,13.8053,14.3053,15.0103,15.1243,13.8763,12.5463,12.3243,11.9813,10.2543,8.33134,7.45634,7.15434,6.91934,6.65234,6.38834,6.62634,7.83534,8.81834,8.46634,8.26834,9.77934,12.0313,13.9873,15.2243,15.3463,14.9203,14.5083,14.7443,16.1663,17.3383,16.8933,16.3133,17.1053
NO2_ICAD,2021-09-27,52,False,5,12.8461,14.2801,14.8691,14.9521,14.8171,14.6901,14.7451,14.8961,15.0661,15.2971,15.5921,15.5001,14.5521,13.3881,12.6021,11.8311,10.6261,8.95908,6.82608,4.86708,3.75608,3.39108,3.73408,4.40408,5.08608,5.54508,5.60508,5.83308,6.73108,7.32508,6.62708,5.66308,5.43008,5.30208,4.62408,3.98908,4.01608,4.15808,3.83808,3.26508,2.71108,2.56308,3.15108,3.51908,2.74408,1.80908,1.68708,1.69208,1.14708,0.83208
NO2_ICAD,2021-09-27,64,False,0,16.7168,18.3448,20.2598,21.6148,22.2498,22.0228,21.6338,21.7708,22.4968,23.8118,24.7808,24.4568,23.4668,22.4498,21.8838,22.2298,23.1078,24.0788,24.1538,22.3938,20.5418,20.2668,20.3358,19.3888,17.5668,15.1078,13.1018,12.6288,12.9418,13.2808,13.0388,11.7538,10.8498,11.6538,12.2868,10.8868,9.27676,9.31976,9.88576,9.80576,9.64476,10.0148,10.2278,9.52576,8.34676,7.15476,6.34076,6.27876,6.57476,6.88276
NO2_ICAD,2021-09-27,69,False,0,0.16432,0.44932,0.46732,0.53532,1.26432,3.86032,11.4723,27.4853,44.7173,55.7893,60.2573,57.4083,51.1733,44.8173,39.7323,37.0213,35.4053,33.7513,32.0043,30.2863,28.8883,28.0453,26.8253,24.3493,21.9753,21.1623,21.5233,22.6343,23.3313,22.6473,22.3663,24.2363,26.2433,26.2933,25.2923,24.1493,22.9353,21.6123,20.5063,19.9523,19.5543,18.9223,18.1373,17.3123,16.5953,16.1383,15.9043,15.8793,15.9503,16.0393
NO2_ICAD,2021-09-27,75,False,0,6.40918,9.64618,15.4822,25.2492,39.8462,60.4992,81.1942,95.8882,105.507,110.447,111.101,106.939,100.495,93.5272,84.6562,72.2572,60.2042,52.3712,46.4582,40.2762,34.6482,30.6842,27.1232,22.8012,18.7112,16.0012,14.1542,12.7012,11.4022,10.1772,9.39618,9.45018,9.50318,8.77118,7.99418,7.89718,7.70318,6.58418,5.13518,3.98518,3.21718,2.89918,2.79718,2.71918,2.61618,2.50518,2.70018,3.45718,3.78518,2.67718
NO2_ICAD,2021-09-27,131,False,-1,5.75308,5.39108,4.55608,4.35308,6.02708,9.17808,13.5071,17.9871,21.6011,23.8181,24.0151,23.3161,22.6671,21.9881,21.0761,20.0411,19.0121,18.1541,17.6451,17.3571,17.1611,16.7801,15.9801,15.2771,15.1241,14.6391,12.9741,11.4981,11.5911,12.1191,11.9171,11.2981,10.6641,10.3241,10.5531,10.9231,11.0071,10.8141,10.3931,10.1681,10.5131,10.7641,10.2751,9.75108,9.88308,10.0251,9.47908,8.56508,7.69908,7.57708
NO2_ICAD,2021-09-27,139,False,1,51.2975,50.0245,49.6265,48.4225,46.1105,42.6915,40.8465,43.5275,49.5025,57.4355,62.9645,61.7105,57.0055,51.8825,46.7665,41.8115,38.1395,37.0335,37.2095,37.5205,37.6235,37.2305,35.9935,33.4845,30.5705,28.1105,26.4155,25.7775,25.3735,24.5045,23.8405,24.1295,24.8325,25.3805,25.5025,24.9365,24.0335,23.0485,21.7535,19.9435,18.6525,18.9605,19.9365,20.6075,20.4455,19.0155,17.6695,17.6285,17.3725,15.3345
NO2_ICAD,2021-09-27,220,False,0,2.3398,2.2128,2.5608,3.9098,6.1338,9.3768,14.2928,21.7748,30.2728,38.0378,42.5298,41.0158,36.9158,33.3538,30.6898,29.0188,27.8168,26.6998,25.7938,25.2268,24.2288,22.0278,19.6118,17.9318,16.4138,14.4718,12.6548,11.5868,10.9498,10.4578,10.0948,9.9098,9.8098,9.6878,9.3038,8.3618,6.8948,4.9938,3.8238,4.5578,5.8658,6.4588,6.6298,6.7498,6.8688,6.9888,7.1078,7.2268,7.3468,7.4948
NO2_ICAD,2021-09-27,230,False,-2,2.11014,2.25714,1.96814,1.89614,2.88414,5.55914,10.6161,16.0161,19.7121,21.6911,21.8751,21.2161,20.3701,18.8601,16.0861,13.1411,11.1461,10.0221,9.70114,9.64014,9.36514,8.80714,7.97414,7.49914,7.95814,8.25914,7.26614,5.59514,3.97314,3.42514,4.92614,6.71114,7.06614,6.76814,6.59714,6.14514,4.96114,4.04514,4.35814,4.60214,3.50314,2.30914,2.34014,3.03114,3.73314,3.85414,2.91014,2.14014,2.70714,3.22314
NO2_ICAD,2021-09-27,397,False,0,37.5847,28.7487,21.3427,16.3907,14.8537,14.9747,15.4067,16.6687,19.4967,22.3887,23.7167,23.2067,20.5407,17.4507,15.5247,14.2457,13.0017,11.3777,9.08466,7.13066,6.56666,6.72166,6.96666,7.21066,7.46666,7.81066,8.24966,8.12466,6.70366,4.62866,2.60066,1.59766,2.61966,4.45166,5.90466,6.54866,5.97266,4.76566,3.51866,3.11966,4.36566,5.51566,4.88466,3.84966,3.85066,4.43066,5.09866,5.89566,6.89266,7.53866
NO2_ICAD,2021-09-27,537,False,1,4.18204,4.25504,4.56804,4.89104,5.06204,5.03904,5.73504,8.11904,11.071,13.417,14.595,13.993,12.396,10.489,8.92704,8.29604,8.10704,7.91204,7.68304,7.45304,7.24304,7.05704,6.75404,6.22804,5.92304,6.30204,6.92404,7.30104,7.04504,5.80604,4.64504,4.61604,5.18604,5.80304,6.20504,6.18104,5.96404,5.76304,5.58004,5.37904,5.06404,4.50004,3.56704,2.14004,0.76104,4e-05,-0.16496,0.28804,1.03204,1.74804
NO2_ICAD,2021-09-27,646,False,2,2.97448,3.19048,3.49848,3.90348,4.99948,7.42548,10.1515,12.1795,13.7795,15.1715,15.8755,15.2775,14.0295,12.6645,11.0045,8.85148,7.17848,6.99048,7.38648,7.49948,7.42048,7.30048,7.02948,6.52248,6.38448,7.19048,7.91548,7.57448,7.20248,7.85148,8.75248,9.09148,9.11348,9.02948,8.40748,6.81248,5.49648,5.72748,6.60048,7.20648,7.50048,7.49948,7.36248,7.20348,7.01448,6.75748,6.40648,5.90948,5.21648,4.28848
NO2_ICAD,2021-09-27,681,False,-1,7.87928,8.55428,9.18228,9.99428,11.1713,12.5313,13.9103,15.2533,16.4963,17.4543,17.8703,17.7313,16.9513,15.8673,14.7653,13.8243,13.1993,12.6933,12.1243,11.5013,10.8673,10.3453,10.0703,9.92028,9.77328,9.53428,9.16928,9.20328,10.1173,10.7783,10.0833,9.22928,9.40128,9.73428,9.29028,8.42128,7.51228,6.71228,6.20228,6.38828,7.64428,8.56528,7.74528,6.23728,5.08428,4.16728,3.34128,3.01928,3.67528,4.60928
NO2_ICAD,2021-09-27,910,False,2,2.87424,3.38624,3.71224,3.73524,4.09724,5.49024,7.47724,9.63524,11.5802,12.8672,13.0812,11.7722,10.4022,10.3882,11.1032,11.8132,11.7642,10.2712,8.60524,8.01324,8.00624,8.05524,7.96724,7.58524,6.91024,5.95424,5.20924,5.15724,5.29224,5.07324,4.34724,3.06824,2.45424,3.71124,5.35224,5.90124,5.84024,5.67424,5.26324,4.33524,2.92624,1.10324,-0.23176,-0.17676,0.32824,0.45524,1.00124,2.79124,4.37124,4.26924
NO2_ICAD,2021-09-27,935,False,-2,3.77702,3.52602,3.30902,3.37402,4.01302,5.02702,6.32102,8.14502,10.74,12.863,13.226,12.683,12.007,11.176,10.022,8.60502,6.99602,5.64002,5.05402,5.32702,6.53802,7.42902,6.81902,5.97802,6.19702,6.91002,7.50902,8.01602,8.44102,8.31602,7.13802,5.81202,5.22302,5.03702,4.90202,4.76702,4.63102,4.49602,4.36002,4.22502,4.08202,3.88002,3.56002,3.18102,2.79402,2.40702,2.02102,1.63402,1.24802,0.86102
NO2_ICAD,2021-09-27,1012,False,4,8.88478,13.3638,17.4188,20.5838,22.4098,23.8178,25.6198,27.4228,28.7488,29.8208,30.7378,30.6758,28.6778,25.8808,23.4148,21.8698,21.7398,21.6338,20.2738,18.8708,18.6798,18.8388,18.4358,17.7098,16.9238,15.9818,14.7718,13.7638,13.4068,13.0388,12.0188,10.9908,10.5918,10.1858,9.08378,7.61278,6.17578,5.38878,5.82878,6.35478,5.84378,4.83178,3.87978,3.02778,2.29578,1.89078,2.07078,2.54178,3.07178,3.78778
NO2_ICAD,2021-09-27,1060,False,-1,11.3652,12.5692,13.3992,14.0302,14.7412,16.2972,19.5102,23.2952,26.5322,28.6082,28.8092,27.6182,25.3712,23.1312,21.8522,21.0862,20.3842,19.6822,19.0142,18.6232,18.7862,19.2262,19.7002,20.1742,20.6482,21.1222,21.5662,21.7602,21.4582,20.9072,20.2412,18.8982,16.3062,13.8652,12.9802,12.8272,12.5542,11.9092,10.6992,9.21218,7.75518,6.80818,6.86218,7.25718,7.36618,7.22118,6.88318,6.46118,6.04818,5.79718
NO2_ICAD,2021-09-27,1189,False,0,13.8204,14.5854,15.7184,16.9274,18.3684,20.2604,22.2754,24.1534,26.3584,29.2404,31.0714,30.0644,28.2564,27.6344,27.7004,27.8724,28.2154,28.7814,28.5954,26.6664,24.4374,23.3374,22.8584,22.4954,22.4424,22.9624,23.4474,23.2384,22.3414,20.7744,19.3284,18.7464,18.4444,17.8324,17.0354,16.2154,15.3954,14.5754,13.7554,12.9354,12.1154,11.2954,10.4754,9.65644,8.83644,8.01644,7.19644,6.37644,5.55444,4.76644
NO2_ICAD,2021-09-27,1214,False,-3,13.1311,13.3061,13.4641,13.6871,14.0991,15.0431,16.8801,18.8301,20.1311,21.0801,21.8971,22.0131,20.8071,19.5341,19.3211,18.7981,16.5601,14.1251,13.0641,12.7491,12.4651,11.6811,9.99212,8.56112,8.50612,8.62512,7.72412,6.65012,6.32412,6.40812,6.50512,6.28912,5.49212,4.72812,4.60912,4.75512,4.77212,4.64012,4.36212,4.01612,3.69412,3.62812,4.02212,4.26612,3.75312,3.00512,2.57212,2.50112,2.83412,3.35912
NO2_ICAD,2021-09-27,1262,False,1,8.90672,9.36272,9.48572,9.62972,10.2727,11.8377,13.2947,13.6507,13.8197,14.6907,15.4777,15.3097,14.6377,13.9597,13.7397,14.3797,15.0167,14.7267,13.4907,11.2897,9.10572,7.86772,7.13172,6.50372,6.24372,6.64072,6.78772,5.79572,4.59172,4.12172,4.05672,4.05272,4.13072,4.33572,4.34072,3.78372,2.89072,1.88272,1.04972,0.66672,0.51272,0.41772,0.56272,1.18972,2.05672,2.88772,3.18472,2.45872,1.55872,1.31272
NO2_ICAD,2021-09-27,1379,False,0,166.076,205.187,244.298,283.409,322.52,361.632,400.743,439.854,478.965,516.083,537.253,525.337,487.943,429.945,366.009,308.566,258.722,217.829,184.84,160.219,140.083,121.976,107.36,98.617,92.774,87.215,81.029,73.654,66.178,59.692,53.851,48.347,43.244,38.729,34.551,30.596,27.313,25.31,24.213,23.771,23.617,23.499,23.381,23.263,23.145,23.027,22.909,22.785,22.605,22.317
NO2_ICAD,2021-09-27,1443,False,-1,3.34848,3.29848,2.37248,0.98248,2.06948,5.80448,15.9355,59.5535,164.4,271.686,320.052,314.361,259.417,201.554,182.729,182.953,181.607,178.154,173.284,159.973,134.475,112.43,96.7415,84.4425,74.2525,66.0085,59.1795,53.5665,48.5015,43.5605,39.1365,35.7625,32.9125,30.0595,26.6905,22.5065,18.4445,15.3245,13.6795,12.7545,11.9075,10.9645,9.83348,8.63648,7.48448,6.36448,5.33148,4.92348,5.69348,6.52248
NO2_ICAD,2021-09-27,1466,False,0,1.3507,1.6567,2.3497,3.2147,5.0687,8.8847,13.5477,17.9817,21.7157,24.1587,24.7907,22.8737,19.9377,17.3787,15.5757,14.8447,14.6347,14.4837,14.2787,14.0057,13.9947,14.5667,15.1347,15.1207,14.9427,14.9937,14.8807,14.1497,13.0987,12.0857,11.6887,12.4807,13.5497,13.9847,13.8107,13.0797,12.2997,11.9117,11.6377,11.1787,10.6127,10.0197,9.3207,8.4097,7.3947,6.4227,5.8477,6.0417,6.4477,6.5257
NO2_ICAD,2021-09-27,1486,False,1,5.09354,5.65254,6.40554,7.57654,9.19154,11.2765,13.1365,14.1155,14.9365,16.2105,16.7975,15.4745,13.6165,12.5695,11.9915,11.4415,10.6525,9.39854,8.03354,6.91154,6.02754,5.40754,5.12154,5.26854,5.39754,5.07154,4.50354,3.92254,3.47154,3.38454,4.23354,6.55654,8.45254,8.03454,6.78354,6.18154,6.00154,5.92754,5.94454,6.10054,6.32354,6.54754,6.70054,6.71554,6.66054,6.59754,6.53454,6.47054,6.40754,6.35154
NO2_ICAD,2021-09-27,1580,False,1,1.8203,2.8643,5.2633,8.4343,11.8633,15.3783,18.8553,21.9483,24.2413,25.9033,26.9073,26.7463,24.7433,22.0143,19.6283,18.0193,17.6073,17.7813,17.9913,17.9063,17.2563,16.5243,16.1313,15.5273,14.1003,12.2633,10.4553,9.0693,8.5003,8.3383,8.2713,8.5613,9.4763,10.0493,9.2923,8.0213,7.0473,6.3653,5.9363,5.7523,5.8603,6.1073,6.4083,7.0113,8.1723,9.2873,9.7673,10.0863,10.6443,10.6733
NO2_ICAD,2021-09-27,1653,False,-1,8.31868,8.23868,9.35668,12.6297,19.0347,25.0797,27.3837,28.4257,30.6107,32.5727,32.6657,31.7757,30.7587,29.7397,28.7267,27.7587,26.7937,25.1567,22.1717,19.1217,17.3337,16.6027,16.7227,16.9387,16.5927,15.9937,15.4697,15.0017,14.5947,14.6077,15.5117,17.2147,19.6297,21.6337,22.1217,21.9597,21.9767,22.1327,22.2847,22.2637,21.9187,21.5527,21.3837,20.6907,18.7117,16.4237,14.8027,13.6847,12.8797,12.2097
NO2_ICAD,2021-09-27,1656,False,0,16.1103,17.4393,18.5733,19.5983,20.5563,21.0923,20.8603,20.8233,21.9133,23.1883,23.6393,23.3633,22.4623,21.4263,20.6783,20.0913,19.5503,19.2203,19.2883,19.4113,19.2563,18.9913,18.8003,18.6553,18.5023,18.2453,17.7913,17.3353,17.0803,16.9843,16.9643,16.6053,15.5243,14.5623,14.5603,14.9243,15.0583,15.0433,15.0193,15.0733,15.2963,15.7103,16.3283,16.7873,16.7283,16.5033,16.4583,16.5223,16.5983,16.6753
NO2_ICAD,2021-09-27,1679,False,1,2.6495,3.3355,4.1905,5.8395,7.6895,9.1435,10.3725,11.5775,12.8095,14.0185,14.6345,14.0195,12.8205,11.5995,10.2935,8.7865,7.4525,6.6955,6.2345,5.7875,5.1645,4.2115,3.2585,2.6835,2.6635,3.3875,4.2055,4.5065,4.5245,4.4985,4.4025,4.1975,4.1605,4.5165,4.5375,3.5195,2.5155,2.6135,3.3275,4.1365,4.6765,4.6225,4.2705,3.9345,4.0325,4.9065,5.4625,4.5985,3.2055,2.2225
NO2_ICAD,2021-09-27,1713,False,1,32.5754,34.5494,36.6804,39.3574,42.9054,45.8804,46.8874,47.7054,50.0424,52.3814,53.0364,52.5434,51.4074,50.0044,48.5354,46.8004,44.5074,41.7374,38.5074,35.0364,31.5474,28.5604,26.6684,25.5794,25.1024,24.8974,24.6774,24.0634,22.7014,21.2434,20.3434,19.8364,19.5274,19.0874,18.2414,17.4374,17.1534,17.2444,17.5454,17.6464,17.1434,16.3314,15.4924,14.7414,14.1664,13.6794,13.2034,12.7274,12.2514,11.7754
NO2_ICAD,2021-09-27,1762,False,-1,12.1656,12.5396,12.9136,13.2866,13.6606,14.2066,16.1236,20.6006,24.9796,26.5916,26.7346,26.6366,26.0906,24.7146,23.4506,23.1106,22.1906,19.1846,16.0766,14.9026,14.7666,14.8416,15.5626,17.4896,19.3776,19.9066,19.1736,17.2816,15.4726,14.8856,14.7106,14.1606,13.7096,13.9256,14.4906,15.0426,15.1446,14.3976,13.6186,13.5426,13.2906,11.9856,10.7406,10.6986,11.0766,11.0746,10.8416,10.5746,10.2726,9.90056
NO2_ICAD,2021-09-27,1777,False,0,2.3895,3.3835,5.9955,12.3585,24.4675,45.1865,71.2305,99.4635,123.147,134.928,136.504,128.444,115.936,103.258,93.5125,89.6145,88.6375,88.0455,87.6015,87.3035,85.9495,82.2525,77.7505,73.8655,70.1415,65.8145,59.8055,51.1305,43.0545,38.8855,36.7595,34.8885,33.0035,31.0365,28.5925,25.3275,22.4605,21.2265,20.6015,19.5765,18.2995,16.9895,15.6805,14.3705,13.0615,11.7325,10.2495,8.5265,7.1935,6.9305
NO2_ICAD,2021-09-27,1812,False,0,4.85674,5.41574,6.42974,7.56974,9.26374,11.8897,13.6707,12.8887,12.0457,13.5047,14.6877,12.8887,10.1047,8.42874,7.76074,7.92774,8.47374,9.02174,9.20274,8.64774,7.69374,6.67974,6.02574,6.11974,6.36274,6.19574,5.99574,6.11874,5.92974,4.80974,3.84174,4.15374,5.13874,6.17574,6.95374,7.21374,7.21974,7.20274,7.19174,7.18074,7.16874,7.15774,7.14674,7.13574,7.12474,7.14074,7.36574,7.97974,8.54574,8.62074
NO2_ICAD,2021-09-27,2211,False,3,9.3125,9.9215,10.8605,14.4335,23.1275,33.2685,41.2305,46.9305,50.2955,52.2725,53.3505,53.0335,50.5595,47.3465,44.6835,42.3625,40.0705,37.6715,35.1165,32.9265,31.6585,30.7545,29.6425,28.0285,25.6795,23.4275,22.0955,21.1845,20.2155,19.3215,18.7005,18.2205,17.7055,16.7745,15.0645,13.3765,12.5405,12.3735,12.6345,12.4155,10.8705,9.1085,8.2515,7.9645,7.8645,7.6075,6.9125,6.1695,5.7715,5.5615
NO2_ICAD,2021-09-28,0,False,7,15.999,17.084,17.401,17.574,17.241,15.993,15.13,15.946,17.204,17.659,17.656,17.554,17.12,16.097,15.359,15.766,16.414,16.396,16.087,15.937,16.165,16.909,17.311,16.542,15.656,15.728,16.319,16.906,16.949,15.926,14.555,13.534,12.915,12.744,12.891,13.275,13.671,13.855,13.743,13.247,12.707,12.444,12.334,12.279,12.519,13.316,14.153,14.498,14.44,14.065
NO2_ICAD,2021-09-28,18,False,0,4.2671,5.1891,7.0931,10.9241,15.4541,19.5391,23.3401,27.0011,29.8121,30.8991,30.9051,30.3471,29.5981,28.8971,28.2241,27.5631,27.1431,27.2321,27.5761,27.9451,28.2531,28.4281,28.4301,28.2001,27.8581,27.4451,26.5551,24.7271,22.5681,20.7811,20.2231,21.7241,23.3361,23.1421,21.9771,20.7261,19.7561,19.3951,19.6941,20.7081,21.5111,21.2301,20.7401,20.9301,21.4521,21.9021,22.1281,21.9961,21.6891,21.3931
NO2_ICAD,2021-09-28,92,False,0,23.3476,25.4526,28.3116,30.7286,31.4166,32.5226,36.2536,40.8726,44.5026,46.5476,46.3906,45.1646,43.8356,42.7526,42.1366,41.5726,40.6316,39.3296,37.6406,35.5736,33.1446,31.1196,30.2746,29.8976,29.2986,28.4756,27.4736,26.3926,25.3486,24.6766,24.6946,24.6376,23.7056,22.1136,20.0206,17.5786,14.9236,12.8266,12.0686,11.7526,11.0626,10.4626,10.4676,10.4396,9.70656,8.59956,7.49356,6.76856,6.80556,7.21856
NO2_ICAD,2021-09-28,150,False,-1,2.81776,2.65576,2.41576,1.96776,1.68176,5.79876,19.1098,37.0218,54.7068,66.1008,65.2248,60.4328,59.4408,59.6418,57.8808,55.6778,54.8028,54.7468,54.9548,55.2498,55.5108,55.4148,54.4908,52.3038,48.3898,44.6218,42.8278,41.9588,41.0048,40.2148,39.9318,39.4848,38.2408,37.1468,37.2078,37.8748,38.5218,38.4078,36.7608,34.2468,31.5328,29.5538,29.1838,29.1948,28.4338,27.5538,27.2548,26.9488,26.0068,24.8708
NO2_ICAD,2021-09-28,370,False,0,-0.24208,0.20692,0.80192,2.40392,6.01992,10.6429,15.4809,21.0329,27.7639,33.2189,34.6719,33.2209,29.7489,25.8369,22.8399,20.9199,20.2539,20.1129,19.8909,19.5839,19.2049,18.4599,16.9959,15.1729,13.2979,11.3669,9.42292,8.24292,8.64392,9.44892,9.54092,9.33492,9.32792,9.56192,9.97092,9.80492,8.33892,6.84892,6.61692,7.05792,7.47992,7.06492,5.11592,3.43492,3.78892,4.71092,4.78092,4.96992,6.21992,6.67892
NO2_ICAD,2021-09-28,837,False,2,22.9657,23.7317,23.6727,23.1437,22.8317,23.3737,24.3557,25.4327,26.8337,28.7227,29.6847,28.1397,24.9577,20.9887,17.8057,16.9207,17.2077,17.5797,17.4537,16.3737,15.1607,14.6077,14.3677,14.0687,13.7167,13.3557,12.9647,12.5137,12.0347,11.6007,11.5557,12.1887,12.3947,11.0697,9.35666,8.38766,7.76766,7.06066,6.42066,6.06266,5.85066,5.69366,5.82766,6.47466,6.84666,6.16766,5.28866,5.04166,4.93066,4.40066
NO2_ICAD,2021-09-28,877,False,-1,1.57368,1.72268,2.03168,2.42268,3.63668,11.3537,32.1887,60.4147,89.9957,110.588,111.721,104.456,98.9147,94.8547,90.6577,83.8887,72.1337,59.0627,48.3337,40.0807,34.4917,30.6547,28.0317,25.9177,23.8257,21.7117,19.6277,17.8097,16.5277,15.5287,14.5737,13.4357,11.8997,10.1757,8.50968,7.31868,7.05268,7.24968,7.46268,7.34968,6.64268,6.06568,6.27568,6.24968,4.96368,3.53868,3.13568,3.28668,3.49868,3.64868
NO2_ICAD,2021-09-28,907,False,5,13.5025,17.7225,21.9845,25.6875,28.2575,29.7335,30.0345,29.9805,30.2775,30.7855,31.1935,30.5835,28.0225,25.1005,23.3455,22.1115,20.6275,18.5305,15.5265,12.5745,10.6765,9.72148,9.62848,9.70848,9.35748,8.76548,8.14548,7.53148,6.95848,6.61148,6.64048,6.39248,5.24148,4.06248,3.75048,3.83348,3.79148,3.37848,2.43748,1.83048,2.45148,3.70448,4.95348,5.53148,4.83048,3.96248,4.00248,4.39848,4.53248,4.31548
NO2_ICAD,2021-09-28,1130,False,-3,7.35746,7.99746,8.65446,8.74846,7.94346,5.98046,4.60046,5.56246,7.56746,9.29446,10.2605,10.0415,9.24146,8.41646,7.98146,8.26546,8.46946,7.80146,6.79446,6.00546,5.47546,5.20646,4.98146,4.60746,4.17246,3.77346,3.42146,3.12046,2.84346,2.56946,2.29546,2.02046,1.74646,1.47246,1.19846,0.92446,0.65046,0.41846,0.52146,1.29446,2.39446,3.46846,4.12246,3.95346,3.37346,2.79546,2.64046,3.29546,4.06046,4.21046
NO2_ICAD,2021-09-28,1357,False,7,11.9211,12.7171,13.5141,14.2421,14.4281,13.6061,12.8631,13.2961,14.3491,15.3901,15.7041,14.5781,12.8251,11.2191,10.0221,9.49406,9.55906,10.2281,11.1791,12.0571,12.0711,10.4591,8.79806,8.62706,9.01306,8.99406,8.79006,8.69706,8.67606,8.65706,8.58206,8.40106,8.22606,8.18706,8.35406,8.80906,9.35306,9.76306,9.79406,9.17106,8.22306,7.22606,6.15606,4.99206,4.17406,4.15506,4.34006,4.13606,3.62606,2.90906
NO2_ICAD,2021-09-28,1373,False,1,2.20584,1.80484,1.91784,2.96784,4.48284,6.89584,16.0318,38.2338,64.1358,84.0368,94.5428,92.1068,84.7358,79.4438,75.5888,71.8918,68.0168,63.7058,58.5878,52.3168,46.4388,42.4758,39.1418,35.2488,31.7538,29.7938,28.6258,27.5258,26.1738,24.3168,22.2128,20.1008,18.1178,16.3918,14.8448,13.3808,11.6308,9.29184,7.31084,6.68884,6.76684,6.94584,7.23184,7.66484,7.65784,6.58184,5.06684,3.75484,2.98284,3.05184
NO2_ICAD,2021-09-28,1537,False,1,7.7073,10.3183,12.2543,13.5163,14.1053,14.3813,14.6633,15.3153,16.6613,18.0413,18.7023,18.2693,16.3383,14.1623,12.9263,12.2493,11.7283,11.2523,10.8133,10.6263,10.9053,11.1333,10.7603,9.8703,8.5703,7.5063,7.2833,7.2693,6.8303,6.1493,5.4503,4.8423,4.4353,4.2843,4.4233,4.2963,3.4093,2.7553,3.3433,4.3303,4.8643,5.1323,5.3773,5.7133,6.2473,7.0343,8.0953,8.8293,8.6183,7.9873
NO2_ICAD,2021-09-28,1966,False,7,8.2183,10.4863,12.3713,12.5043,11.8313,11.3073,11.2383,11.8653,12.7973,13.6143,13.7533,12.6113,10.8313,9.0403,7.8063,7.6113,7.3613,6.0113,4.4873,3.7923,3.7983,4.4093,5.4533,6.8673,8.4493,9.9373,10.5083,9.3363,7.9913,7.9783,8.3833,8.2563,7.9903,8.0323,8.1063,7.9103,7.6503,7.5483,7.5353,7.5143,7.3323,6.8313,6.1993,5.5413,4.4143,2.3743,0.4833,-0.1787,-0.1947,-0.1287
NO2_ICAD,2021-09-28,2264,False,2,8.56518,8.98518,9.39018,9.84118,10.6842,12.3092,14.3092,16.2762,17.8302,18.5642,18.6722,18.1962,16.8892,14.4522,12.2032,11.4542,11.4942,11.5712,11.1662,9.87718,8.74918,8.77218,8.80618,7.70318,6.37418,5.76718,5.46218,4.98818,4.36118,3.64418,2.98318,2.51918,2.15718,1.76918,1.07218,-0.10682,-0.52082,1.04018,2.61118,2.22418,1.02718,0.30518,0.64218,2.51218,4.30318,4.47318,4.14918,4.50018,5.24318,5.99618
NO2_ICAD,2021-09-28,2298,False,4,10.8483,11.8303,12.7183,13.3933,13.7893,13.8083,13.6793,13.6313,13.8343,14.4123,14.7683,14.3083,13.6143,13.2543,12.9773,12.4893,11.8833,11.2883,10.9003,10.9313,11.1943,11.4963,11.5583,11.1303,10.7403,10.8883,11.0673,10.8143,10.8483,11.8793,12.8143,12.5153,11.5633,10.5893,10.0853,10.4823,11.0403,11.0193,10.5243,9.66428,8.68928,7.85128,7.50428,8.05628,9.14928,10.3913,10.8743,9.67928,7.88128,6.48928
NO2_ICAD,2021-09-28,2425,False,8,11.8745,13.8285,14.4405,14.3895,14.2345,13.8945,13.2555,12.9625,13.6695,14.6235,15.0555,15.0265,14.5945,13.9145,13.1055,12.4975,12.4075,12.4655,12.3055,11.9655,11.4955,10.9685,10.4055,9.61154,8.44854,7.78954,8.47554,9.12554,8.42454,7.72654,8.38954,9.12154,8.57354,7.57754,6.98454,6.46854,5.62854,4.61054,3.62754,3.11454,3.53354,4.36654,5.11754,5.59354,5.63654,5.53654,5.50254,5.09154,3.87754,2.94454
NO2_ICAD,2021-09-28,2428,False,3,3.33944,3.95544,4.89644,5.99644,8.03744,11.8274,15.4904,17.1984,18.3414,20.2054,21.3654,20.2714,18.7614,18.6234,18.8264,18.2474,17.3454,16.6414,16.0654,15.5074,14.9664,14.5094,14.4654,15.1974,16.1934,16.9264,17.1564,16.6904,16.3824,17.0674,18.1354,18.9754,19.6684,20.3144,20.7354,20.6504,19.8754,18.1714,16.2274,14.6764,13.3804,12.2274,11.5324,11.6674,12.0114,11.9714,11.7124,11.4194,11.0724,10.6034
NO2_ICAD,2021-09-28,2457,False,6,8.64392,9.09692,8.75192,8.50792,9.23892,10.1999,10.6199,10.7349,10.8139,10.9029,10.9739,10.7269,9.86392,8.97892,8.67492,8.75692,9.01892,9.23292,9.12792,8.30092,6.34792,4.43092,3.69892,3.59692,3.55092,3.32192,2.76992,2.37992,2.60192,2.71992,2.01092,1.08392,0.60992,0.73092,1.57392,2.48892,2.85292,2.80892,2.49292,2.05892,1.63992,1.45292,1.75492,2.47592,3.51192,4.00592,3.12292,1.97692,1.67892,1.91492
NO2_ICAD,2021-09-28,2476,False,1,5.44462,5.78162,6.47062,8.63962,11.5746,14.6346,17.9196,21.6476,25.5396,29.1606,31.3466,30.7316,28.3606,25.0996,21.8466,19.3786,17.6846,16.8016,16.2996,15.8246,15.1856,14.2306,13.1946,12.3696,12.1656,12.9856,13.8316,13.7746,13.6366,14.2356,14.7766,14.4136,13.7066,13.2296,12.8986,12.5846,12.2716,11.9746,11.8096,11.8376,11.4336,10.0826,9.48262,11.2766,13.0726,12.3806,10.1506,7.41962,5.42062,5.31162
NO2_ICAD,2021-09-28,2489,False,7,7.38292,8.15092,8.17392,8.08392,7.84592,7.31292,6.64292,6.07892,6.33992,8.09692,9.61192,9.16792,8.07192,7.64792,7.62592,7.64592,7.60592,7.43392,7.11492,6.63692,6.21892,6.08292,6.09292,6.06592,5.59892,4.32192,3.19292,3.17592,3.67292,4.09292,4.43792,4.75992,4.97192,4.94792,4.67892,4.12792,3.47192,2.88092,2.51792,2.55292,2.77992,3.00192,3.07792,2.86992,2.52092,2.17092,1.95292,1.99992,2.20392,2.46592
NO2_ICAD,2021-09-28,2500,False,6,7.32548,8.67248,8.85948,8.57748,8.54048,8.96348,10.0175,11.1585,11.8715,12.3515,12.7495,12.7335,11.9265,11.0055,10.6875,11.0865,12.2385,12.8965,11.8165,10.0385,8.63248,7.94648,8.24748,8.60748,8.14048,7.26848,6.42748,5.63048,4.84848,4.14548,3.66748,3.78648,4.88448,5.93948,5.94948,5.48548,5.14648,5.05748,5.27448,5.41048,5.12048,4.89848,5.26948,5.95048,6.62248,6.89948,6.42248,5.83248,5.74748,5.86848
NO2_ICAD,2021-09-28,2513,False,1,2.60678,2.43778,2.44978,4.04978,8.69878,13.8908,17.2678,20.2248,24.1708,27.6908,29.1328,29.1118,28.2068,27.4378,27.6798,28.2338,28.3878,28.3078,28.1438,27.5468,26.1548,24.9038,24.6978,24.6628,23.9448,23.2548,23.3578,23.7358,23.8818,24.0838,24.6588,25.2038,25.2938,25.1428,24.9688,24.8548,24.7998,24.2968,22.9078,21.9678,22.7218,23.1678,21.2538,18.4648,16.3598,15.1098,14.8398,15.0348,15.2818,15.4858
NO2_ICAD,2021-09-28,2524,False,0,1.89286,1.79486,1.12886,1.31586,3.93886,8.20786,13.3499,17.7789,19.9739,21.0229,21.8449,21.9869,20.7909,19.0729,17.6479,16.8879,17.1609,17.9429,18.7499,19.2599,19.1699,18.7309,18.1839,17.8339,17.9479,18.0969,17.8119,16.9979,15.5929,14.4149,14.2799,14.6849,15.1479,15.5259,15.7239,15.7619,15.6479,15.5239,15.4649,15.0239,13.7779,12.6839,12.6699,12.7709,11.9789,10.7039,9.40386,8.38786,7.93086,7.67486
NO2_ICAD,2021-09-28,2561,False,-2,2.07474,1.86174,1.63074,1.87674,3.05274,4.50474,5.66574,7.00374,9.00774,10.8697,11.6907,11.5867,10.6437,9.59474,9.09174,8.88774,8.74574,8.80174,9.21474,9.51074,9.22074,8.75674,8.57674,8.87974,9.82574,10.6217,10.4487,9.57174,8.28874,7.39374,7.67374,8.55374,9.39974,9.37574,7.69274,5.78874,5.07274,5.00574,5.01974,5.03274,5.04674,5.06074,5.07374,5.08774,5.10174,5.11474,5.12874,5.14274,5.13874,5.00074
NO2_ICAD,2021-09-29,0,False,8,9.01436,9.01536,9.33436,9.80436,10.2574,10.4234,10.0884,10.0514,11.0854,12.1784,12.2684,11.6414,10.5774,9.35736,8.22836,7.50536,7.53036,7.92736,8.36336,8.74036,8.96536,8.85636,8.22436,7.60336,7.50336,7.55836,7.41236,7.30936,7.53736,7.93836,8.33836,8.55736,8.41636,8.09436,7.72736,7.18836,6.36136,5.84436,6.22636,6.74736,6.64936,6.27836,6.00436,5.80036,5.61636,5.52336,5.61036,5.79036,5.96936,6.00036
NO2_ICAD,2021-09-29,28,False,2,14.6007,19.2887,24.4787,30.7047,37.6897,45.0087,50.6277,52.4417,52.9257,54.3037,55.3947,54.7637,53.4447,52.4647,51.7117,50.8657,49.0537,45.3577,41.0717,37.4377,34.3447,31.5997,28.7807,25.5877,22.8017,21.2927,20.5327,20.0257,19.3467,18.1297,16.6367,15.1157,13.6477,12.3137,11.2557,10.6507,10.2697,9.86166,9.01266,7.33966,5.67566,4.84866,4.42066,4.02966,4.22766,5.60866,6.94666,7.00466,6.38166,5.67266
NO2_ICAD,2021-09-29,36,False,-1,3.44928,2.73228,2.91828,4.23928,7.07928,11.3033,16.8993,22.3443,26.0713,28.0413,28.0083,26.4613,23.7003,21.1433,20.1243,19.9113,19.7853,19.5433,19.1323,19.1013,19.9373,20.3893,19.2103,17.6853,17.1173,17.1043,17.1983,17.2913,17.3423,17.3703,17.3463,16.9213,15.6733,13.8423,11.6243,9.41528,7.63028,6.55328,6.51828,6.85528,6.94928,6.79028,6.41228,5.99728,5.73828,5.80628,6.40028,7.25128,8.02228,7.89528
NO2_ICAD,2021-09-29,39,False,1,1.60564,2.11764,2.68764,3.32864,4.07964,4.88564,5.76264,7.15664,9.48264,11.4966,11.9056,11.4076,10.6516,9.83464,9.09964,8.84764,9.44264,9.81164,8.92864,7.90864,7.90664,8.45764,9.03364,9.25364,8.80264,8.30864,8.36564,8.49664,8.22764,8.01864,8.36964,8.97164,9.47564,9.61364,9.11064,8.28964,7.44464,6.71964,6.25464,6.06564,6.20364,6.49664,6.79464,6.98164,6.91164,6.45664,5.48664,4.62664,4.47064,4.46764
NO2_ICAD,2021-09-29,53,False,1,1.61998,1.95498,2.49098,3.35998,5.29598,11.868,27.162,46.256,64.048,75.775,76.464,71.671,66.205,60.844,55.888,52.589,52.407,53.783,55.325,56.592,57.153,56.239,52.934,48.697,44.939,42.254,41.22,40.995,40.891,40.946,41.302,41.666,41.686,41.057,39.396,37.138,34.737,33.161,33.379,34.187,34.441,34.36,34.237,34.105,34.035,34.577,36.246,37.65,37.425,36.811
NO2_ICAD,2021-09-29,66,False,-1,-0.09408,0.17392,1.41292,6.31492,27.3629,79.0709,146.054,213.375,268.125,296.135,298.792,274.976,243.665,221.437,205.357,191.44,176.62,158.643,141.023,127.603,117.718,110.924,105.542,100.185,93.6119,84.8729,77.0279,73.2529,71.5879,70.1649,68.5659,66.5469,63.8139,59.9199,54.9669,49.0979,44.2459,42.3699,41.7779,40.8689,39.7049,38.4289,36.5069,33.2569,29.0689,24.3219,20.0959,17.6059,17.0929,19.0129
NO2_ICAD,2021-09-29,67,False,0,2.69626,3.90626,7.87426,16.0133,24.7703,30.7443,35.1933,39.4173,43.3653,46.5353,47.5953,44.9543,40.4803,35.8773,32.0833,29.9533,28.9943,28.8353,28.8333,28.4663,27.8933,27.3283,27.0253,27.2083,27.3413,26.9013,26.3093,25.9363,25.1963,23.4873,21.8113,21.2403,21.5933,22.7423,24.2543,25.8033,27.2883,28.6463,29.9523,31.1533,31.4203,29.9033,28.2863,28.1623,28.2173,27.1073,25.8473,25.5363,25.7433,25.8773
NO2_ICAD,2021-09-29,80,False,2,6.52222,10.1902,15.7792,25.2192,36.0282,45.7142,53.3992,58.1082,60.6642,61.5472,61.6812,61.6052,60.5992,57.8252,54.8542,53.2842,52.8392,53.2282,53.6472,53.4082,52.9272,52.5992,52.0602,50.8962,49.5992,48.6602,47.9202,47.2502,46.9502,47.3132,47.4362,46.4292,45.1302,44.3742,43.8432,43.1082,41.8072,39.6632,37.9922,38.0592,38.2872,37.0592,35.0452,33.0232,31.7282,31.8342,32.2342,31.9422,31.9042,33.1212
NO2_ICAD,2021-09-29,93,False,-2,2.43528,2.63928,3.55128,6.08428,11.3083,17.8593,24.7573,33.1093,43.9233,52.6393,54.5383,53.7003,53.9323,54.0553,52.4683,50.2483,48.4613,46.6653,44.3003,41.6343,38.8853,35.7843,32.0763,28.8023,27.0033,25.5373,23.2493,20.3993,17.3703,14.9983,14.1273,13.8813,13.4453,12.8673,12.2323,11.2833,9.80728,8.81328,9.30128,10.0283,9.76728,9.13728,8.78128,8.36228,7.48128,6.48928,5.74528,5.14028,4.57528,4.19428
NO2_ICAD,2021-09-29,95,False,0,5.28306,6.71806,7.37406,7.84406,8.89906,11.5541,16.9681,23.7281,30.3801,35.1021,36.0061,35.0011,33.7021,31.9611,29.4471,27.3671,26.9211,26.8481,25.8761,24.3931,22.8751,21.6911,21.1151,20.3041,18.4401,16.4691,15.3621,14.7231,14.1851,13.9901,14.4321,14.8451,14.5361,13.6951,12.4691,10.9391,9.19006,8.02106,8.19106,8.38106,7.31706,6.03906,5.65606,5.76306,5.90006,5.78306,5.16406,4.33006,3.58606,3.22506
NO2_ICAD,2021-09-29,119,False,6,8.00976,10.4158,12.6198,13.6338,13.8828,13.7838,13.8068,14.3758,15.3278,16.4568,17.0938,16.5808,15.7758,15.5108,15.5548,15.5738,15.0918,13.6658,12.1968,11.5378,11.0018,9.89476,8.79076,8.34376,8.41276,8.85276,9.26176,9.27576,9.08276,8.84876,8.49876,7.92776,7.31676,6.83576,6.37176,5.78576,5.00676,4.03976,3.61476,4.46876,5.56176,5.86676,5.73676,5.51576,5.00176,3.93076,2.82276,2.22176,2.13576,2.58376
NO2_ICAD,2021-09-29,311,False,-2,1.42926,2.48826,3.51526,4.11826,3.89326,3.41526,3.33626,4.32826,7.02526,9.70526,10.6243,10.3023,9.27826,8.44126,8.56426,9.02026,9.18326,9.16726,9.13126,9.11126,9.10926,9.01926,8.77926,8.86726,9.72526,10.3593,9.77126,8.79326,8.25926,7.97726,7.69026,7.28726,6.67626,5.96126,5.32026,5.36626,6.67926,7.79426,7.24226,5.94726,4.85326,4.10826,3.77026,3.46826,2.87526,2.28526,2.01526,1.91726,1.82526,1.61426
NO2_ICAD,2021-09-29,333,False,0,14.1771,15.5071,16.9311,17.2331,17.1021,17.3081,18.0961,19.7031,21.7091,23.6631,24.7981,24.2961,22.9871,21.5891,20.1091,18.4161,16.4181,14.0611,12.1071,11.3431,11.1111,10.7861,10.3121,9.69306,9.00606,8.31906,7.69406,7.15706,6.38006,5.05306,3.82506,3.37106,3.39906,3.66006,4.19506,5.12106,6.18306,7.15206,8.06306,8.90806,9.27506,8.74206,8.16806,8.35206,8.53506,7.94506,7.28606,7.28306,7.45706,7.29706
NO2_ICAD,2021-09-29,392,False,0,20.0702,23.7592,27.0392,29.2272,31.6622,35.6362,39.6352,42.0712,43.6732,45.0492,45.4652,43.8672,40.5682,35.6872,30.1902,24.9952,21.0972,19.5032,18.6272,16.9792,14.8032,12.5272,10.9922,11.0772,11.9762,12.8762,12.9722,11.5922,10.4812,11.2822,12.1012,11.0022,9.31424,8.40024,7.73324,6.73324,5.90424,5.83024,6.14824,6.50024,6.73424,6.71424,6.44424,5.92524,5.48524,5.44924,5.62324,5.82324,6.02424,6.22424
NO2_ICAD,2021-09-29,435,False,1,2.186,2.924,4.338,6.356,8.107,8.733,8.776,8.822,9.474,11.212,12.571,12.083,10.997,10.522,10.116,9.132,7.878,6.743,6.139,6.51,7.364,8.233,8.731,8.546,8.441,9.08,9.294,7.92,6.52,6.671,7.372,7.6,7.657,7.93,8.33,8.699,8.69,7.944,6.949,6.173,5.593,5.17,4.87,4.713,4.766,5.102,5.372,5.197,4.562,3.442
NO2_ICAD,2021-09-29,454,False,0,10.6794,11.1574,11.7664,12.6044,13.3364,13.6814,14.3484,16.0604,17.9934,19.2404,19.4844,18.3644,16.6624,15.0464,13.5154,12.0894,11.4124,12.1624,13.0834,12.9674,12.4654,12.2554,12.0774,11.5934,10.8754,10.0084,9.19042,8.60742,8.14542,7.68642,7.13142,6.33442,5.05042,3.05642,1.33942,0.91042,1.13742,1.41642,1.63942,1.80242,2.11442,2.77842,3.42342,3.67042,3.70642,3.72442,3.81642,4.03442,4.16442,3.93142
NO2_ICAD,2021-09-29,539,False,0,2.3114,3.0524,3.8454,4.7774,5.9374,6.8494,7.0744,7.4824,8.8964,10.1794,10.1394,9.4674,8.8494,8.3004,7.8114,7.7164,8.3564,8.9414,8.7044,8.2524,8.2294,8.5534,9.0874,9.4014,9.0424,8.1434,6.8444,5.8194,5.7394,6.1444,6.5814,6.7894,6.5064,5.7164,4.4064,3.3154,3.1224,2.9594,1.9734,0.9264,0.6304,0.7414,0.9024,1.0634,1.2244,1.3854,1.5464,1.7074,1.8684,2.0294
NO2_ICAD,2021-09-29,800,False,1,8.22424,8.75324,9.96024,11.6442,13.5382,15.4332,17.1252,18.4122,19.5022,20.4792,20.6772,19.3652,17.7662,17.0622,16.8562,16.6992,16.4332,15.9762,15.6322,15.6922,15.7952,15.5732,15.2102,14.9072,14.7282,14.7282,14.8142,14.9032,14.9222,14.7702,14.3042,13.3522,12.2302,11.2172,10.2242,9.20624,8.68724,9.26424,10.3932,11.5312,12.1902,11.8652,10.8532,9.44624,8.49624,8.79524,9.31724,9.06424,8.55524,8.36124
NO2_ICAD,2021-09-29,1003,False,-1,-0.45448,0.99852,5.94952,13.0045,20.8985,28.0945,33.1805,37.1665,40.8275,43.2755,43.3405,42.2145,40.9025,39.3005,37.1455,34.9255,33.1845,32.1705,32.1135,31.9515,30.6965,29.2865,28.6995,28.5175,28.2965,28.0285,27.7925,27.8585,28.4915,29.1265,29.1245,28.2505,26.1915,23.5285,20.7445,18.0555,15.6475,13.5895,11.9855,10.6015,9.30552,8.49252,8.59552,8.78952,8.30052,7.74952,7.76152,7.70552,6.89852,5.73852
NO2_ICAD,2021-09-29,1076,False,-1,5.7301,5.9291,6.1131,6.1741,6.0951,6.7471,9.1061,12.4191,15.8841,18.2201,18.1651,17.2781,16.9921,16.8291,16.1881,15.3871,14.7751,14.2731,13.7721,13.1711,12.3781,11.5581,10.9161,10.6871,11.0531,11.0231,9.6611,8.3091,8.2651,8.2911,7.1331,5.8681,5.6531,6.0051,6.4021,6.5951,6.4161,6.3151,6.7631,7.5771,8.5201,8.9621,8.2441,6.9201,5.5621,4.8341,5.3761,6.3411,6.9281,7.2861
NO2_ICAD,2021-09-29,1114,False,3,11.8603,12.2023,13.1583,14.6353,16.4683,18.1273,19.0893,19.5793,19.7863,19.8733,19.9213,19.7833,19.2713,18.5733,17.8513,17.1303,16.4283,15.8843,15.6573,15.5893,15.5403,15.4923,15.3943,14.9013,13.6983,12.7373,12.9993,13.8973,14.8003,15.1103,14.2893,13.3213,13.2093,13.8553,15.0983,16.0103,15.7213,15.1773,15.3173,15.7233,15.9313,16.0153,16.0613,15.9273,15.4183,14.6123,13.5423,12.3003,10.9793,9.97328
NO2_ICAD,2021-09-29,1198,False,0,2.35872,2.96172,6.78772,14.3927,26.7327,41.3467,57.5087,83.7817,128.47,168.805,181.446,179.373,175.072,171.206,168.697,166.978,165.447,163.201,159.291,154.236,148.481,142.839,138.041,133.684,129.168,122.935,113.277,101.967,90.7167,80.7007,73.1987,68.1777,65.8547,64.2867,61.6447,57.4217,51.2477,45.3897,42.0867,40.1237,38.3067,36.3117,34.0367,32.1997,31.5247,31.0837,29.9577,28.4487,26.8537,24.9567
NO2_ICAD,2021-09-29,1352,False,-1,27.7305,26.9275,26.3685,25.9495,25.6805,26.4735,29.3625,33.1005,36.4735,39.0305,40.2775,40.3225,39.1295,37.6065,36.5265,35.5875,34.4395,33.2525,32.2395,31.4335,30.8795,30.4455,30.0665,30.0075,30.5285,30.8805,30.2705,28.9925,27.3555,26.0075,25.5725,25.6035,25.6825,25.6645,25.4545,25.1495,24.8315,24.5135,24.1965,23.8785,23.5805,23.4355,23.5965,23.9105,24.2765,24.9005,25.9265,26.2865,24.9005,23.1205
NO2_ICAD,2021-09-29,1363,False,1,3.87234,1.89434,0.89234,3.18734,8.68434,17.6153,28.1643,38.7213,47.7183,53.3843,55.7993,54.4763,50.2213,43.4033,36.3473,31.1343,26.9213,22.9363,19.7743,18.2593,17.5673,17.0963,17.5693,19.8703,22.6163,24.4803,25.8443,27.0483,27.4683,26.3233,24.3953,22.3693,20.3433,18.3183,16.2923,14.2663,12.2403,10.2803,8.84434,8.44034,8.41634,8.16934,7.77834,7.41234,7.39234,7.99634,8.39134,7.74834,6.78634,6.22334
NO2_ICAD,2021-09-29,1378,False,0,0.91558,1.02358,2.08158,6.54458,17.7146,35.3846,59.8726,85.1206,104.877,116.565,116.708,108.9,95.7826,83.1286,76.0826,71.9966,68.1596,63.3546,56.6646,49.4266,42.9486,37.1996,32.1706,27.8776,24.4426,21.1466,17.4186,14.1246,12.2636,11.2916,10.7196,10.1516,9.28358,8.25558,7.26058,6.69258,6.91458,7.05358,6.28058,5.43058,5.36358,5.57858,5.55258,5.39558,5.25758,5.13958,4.97258,4.40358,3.11258,2.08458
NO2_ICAD,2021-09-29,1412,False,-1,13.0783,18.5903,22.3073,25.0223,27.5703,29.7833,31.3603,32.8813,34.8233,36.2713,36.1513,34.7813,32.3833,29.7253,27.4503,25.4553,23.6173,21.8883,20.2833,18.9263,17.9803,17.2363,16.5423,16.0503,16.0043,16.5283,17.7763,19.0823,19.7293,19.3593,17.5893,15.5363,14.2193,13.1323,11.7783,10.7653,10.7953,11.3603,11.9733,12.4343,12.5773,12.4553,12.0373,11.1003,9.41026,7.86326,7.32226,7.03626,6.29226,5.70926
NO2_ICAD,2021-09-29,1447,False,-1,1.44526,1.23626,0.93126,0.69126,0.89126,2.87426,8.24626,15.6753,23.8463,30.3813,32.8243,32.5883,30.8133,28.4803,26.2433,24.0953,21.9963,20.2073,18.9873,17.6843,15.7613,14.4503,14.9993,15.7413,15.0293,13.8533,13.2693,13.0183,12.7813,12.5283,12.2673,11.9513,11.5073,10.8703,9.93126,8.67526,7.07426,5.54826,4.53826,4.00226,3.91826,3.90126,3.60926,3.16426,2.70426,2.26926,1.94926,2.19526,3.44926,4.63226
NO2_ICAD,2021-09-29,1540,False,1,28.1482,33.6462,39.4992,45.8912,51.2392,53.7832,54.5322,54.3842,54.3612,55.2092,55.6382,54.2832,52.1742,50.3312,48.8112,47.5942,46.5182,45.4212,44.0232,42.0422,39.9172,38.0162,35.8302,32.8682,30.1752,28.8512,28.2262,27.6652,27.0912,26.4712,25.5042,23.9112,22.5242,22.2302,22.7282,23.7282,24.5932,24.7232,24.3292,23.5922,22.7482,21.9712,21.2372,20.5922,20.6162,21.8462,22.6852,21.4882,19.2322,16.9042
NO2_ICAD,2021-09-29,1568,False,3,2.96834,3.26734,4.08834,7.11434,14.3013,23.5593,33.5833,47.6653,68.8613,86.0903,87.7783,81.4423,74.0503,66.2343,57.7963,50.7373,47.2323,45.5313,44.0553,42.5803,41.1043,39.6283,38.0713,35.8673,32.4983,29.5093,28.4973,28.5143,28.6553,28.7663,28.7283,27.9343,25.7603,23.4403,22.1903,21.5113,20.8523,19.9093,18.4143,16.6143,14.7743,13.3493,12.8113,12.7183,12.7073,12.8983,13.4273,13.6103,12.7563,11.6153
NO2_ICAD,2021-09-29,1625,False,2,10.1127,10.9707,12.5287,16.1687,20.6637,24.7447,27.7877,29.2097,30.1267,31.4567,32.2677,31.4577,29.8167,28.1317,26.9147,26.6197,26.6497,26.3987,25.5857,23.9207,21.8807,20.0097,19.2567,20.5217,21.7927,21.1037,19.6667,18.7377,18.1297,17.5687,17.0677,16.6337,15.8397,14.2657,12.7077,11.9127,11.1027,9.4887,7.8087,6.8697,6.4937,6.5197,6.7217,6.9197,6.9027,6.4457,5.6877,4.7657,4.0647,3.9547
NO2_ICAD,2021-09-29,1632,False,3,28.7237,31.4607,33.7197,35.7477,37.7097,39.3627,40.3957,41.0747,41.6207,42.0817,42.4037,42.2697,41.2987,39.8887,38.3487,36.5487,34.3577,32.6187,32.2237,32.5167,32.8127,32.4447,30.8687,29.5777,29.9657,30.2007,28.3507,25.4127,22.4777,20.4387,20.0607,19.7307,17.9247,15.9327,15.1277,14.9687,14.9197,15.0927,15.6807,16.2157,16.1807,15.4917,14.0397,12.4367,11.2687,10.5267,10.1667,9.6857,8.5927,7.1817
NO2_ICAD,2021-09-29,1689,False,-4,1.8765,1.7335,2.3855,5.3875,12.8225,24.3715,39.8435,53.9865,61.5045,64.5555,64.9975,64.3455,63.4195,61.4015,57.1655,51.5705,45.3695,39.4205,34.4915,30.1865,26.2285,22.9965,21.0285,19.7315,18.6075,17.5315,16.4375,15.1455,13.5485,12.4555,12.6585,12.8885,11.9075,10.6435,10.0835,9.9485,9.9205,9.8435,9.5615,8.8405,7.4335,5.9725,5.0685,4.4675,3.8665,2.9745,1.5855,0.5885,0.8715,1.4215
NO2_ICAD,2021-09-29,1747,False,6,38.7582,41.2782,42.3442,43.2212,44.0452,44.7152,44.9622,44.5312,44.2912,45.0552,45.8362,45.6152,44.9602,44.4882,44.3912,44.8102,45.2532,45.2422,44.9882,44.6672,44.0562,42.8752,41.4942,40.2882,39.4102,38.9552,38.2222,36.5932,35.2822,35.4492,35.4652,33.7062,31.6692,30.9212,30.8792,30.9322,31.0362,31.2732,31.8092,32.8202,33.8342,34.3172,34.0082,32.5632,30.4582,28.0722,25.6992,23.6082,21.9772,21.0292
NO2_ICAD,2021-09-29,1866,False,2,8.86318,8.51518,8.19218,9.50018,11.6762,13.9392,16.0282,17.7492,19.1122,20.0412,20.4232,20.1092,19.8252,20.1932,20.2552,19.0242,17.5422,16.8652,16.6342,16.3752,15.4412,13.2302,10.9232,9.72018,9.34618,9.50518,9.60218,9.12818,8.49818,8.20918,8.62118,10.0462,11.2132,10.8382,9.65718,8.37218,7.05218,5.68318,4.44618,3.58518,3.26618,3.67018,4.08318,3.85518,3.63118,4.10418,4.96418,5.83718,6.17818,5.42018
NO2_ICAD,2021-09-29,1897,False,-1,11.2644,11.5704,11.8914,12.3674,13.2964,15.5384,20.1484,26.1894,32.6504,37.2224,37.5384,35.9704,34.6904,33.6904,32.7254,31.7594,30.7944,29.8294,28.8634,27.8984,26.9324,25.9674,25.0024,24.0364,23.0564,21.9544,20.6104,19.1454,17.6734,16.2664,14.9674,13.5754,11.9744,11.0194,11.5614,12.1884,11.5424,10.7024,10.7514,10.7814,9.85538,8.92638,8.99838,9.50738,9.87438,10.1364,10.3874,10.6514,10.9414,11.2424
NO2_ICAD,2021-09-29,2166,False,2,30.5114,35.4014,39.8484,41.5964,41.9344,42.1234,42.5264,43.3854,44.6894,46.3174,46.8934,45.0394,42.7344,41.8424,41.0654,38.9804,36.3234,33.8994,31.8864,30.4254,29.2314,28.1594,27.7984,28.7574,29.5894,28.8364,27.2534,25.6344,24.4704,24.1794,24.1604,23.8524,23.4144,23.0424,22.7144,22.3434,21.5864,20.1404,18.9624,19.0204,19.5374,19.6804,19.1204,17.6014,16.2364,16.0914,16.2864,15.9274,15.3194,14.8194
NO2_ICAD,2021-09-29,2233,False,-1,-0.9486,-1.8736,-2.0646,-0.8036,1.0704,2.7584,4.0154,4.7084,5.6484,7.5464,9.0684,8.8184,7.8224,7.0814,6.5274,6.0124,5.6284,5.5254,5.7164,6.1924,6.3754,5.7294,5.1404,5.5144,6.3384,7.0144,6.9504,5.6074,4.2204,4.0144,4.4404,4.9444,5.4484,5.9344,6.2804,6.3784,6.5574,7.0944,7.3394,6.6224,5.6654,5.1874,4.9694,4.7634,4.5464,4.3274,4.1034,3.8694,3.6454,3.4064
NO2_ICAD,2021-09-29,2256,False,-1,12.6552,13.1302,14.4662,16.0452,17.2792,18.3122,19.3022,20.1522,20.7232,21.1532,21.5132,21.4412,20.5652,19.7172,19.7392,20.2482,20.7682,20.4902,18.6892,17.0512,17.2362,17.9972,18.0572,17.7052,17.3032,16.9152,16.5562,16.2102,15.8682,15.5372,15.2422,15.0662,15.0372,14.5282,12.9102,11.1182,10.0662,9.32316,8.50516,8.23316,9.17916,10.2172,10.2202,9.66516,9.02216,8.24016,7.18716,6.05516,5.02416,4.05516
NO2_ICAD,2021-09-29,2288,False,2,1.61502,1.80902,10.444,35.687,69.227,106.324,163.588,257.652,343.6,375.137,375.462,366.397,354.403,342.044,329.685,317.326,304.967,292.608,280.248,267.889,255.53,243.169,230.79,218.375,205.942,193.313,179.132,161.978,144.331,128.943,117.271,111.047,107.479,104.386,102.426,102.752,104.348,106.263,107.572,107.467,107.071,107.409,107.605,106.669,105.14,103.592,102.496,102.287,102.425,102.473
NO2_ICAD,2021-09-29,2300,False,7,25.978,25.969,26.369,26.695,27.146,27.979,28.858,29.444,29.87,30.257,30.48,30.377,30.112,29.784,29.123,27.872,26.915,27.171,28.073,29.051,29.744,29.804,29.315,28.354,27.602,27.727,28.306,28.938,29.569,30.117,30.006,28.543,26.165,23.279,20.808,19.633,19.01,18.237,17.38,16.653,16.544,17.561,18.823,19.549,20.428,22.242,24.545,26.818,28.356,28.456
NO2_ICAD,2021-09-29,2328,False,7,13.0712,14.4642,15.9572,16.8612,17.4442,17.9822,18.4872,18.9562,19.6162,20.6362,21.2002,20.4602,19.2912,18.5422,18.0682,17.6732,17.3012,16.9092,16.3372,15.4452,14.7042,14.5782,14.5582,14.1832,14.0332,14.7602,15.9402,17.0822,17.4702,16.3942,14.9262,14.0892,13.6462,13.3162,13.0192,12.7272,12.4342,12.1422,11.8492,11.5652,11.3462,11.2402,11.0652,10.6302,10.0612,9.47516,8.88916,8.30316,7.71716,7.13116
NO2_ICAD,2021-09-29,2367,False,1,0.67934,2.15534,3.75634,5.71934,8.38434,11.2283,13.7293,15.8763,17.6333,19.0043,19.8033,19.4133,17.1693,14.9363,14.5523,15.1523,15.8273,16.1123,15.6733,15.2833,15.5813,15.1663,12.6143,9.82834,8.73534,8.56234,8.51134,8.51834,8.64034,8.84134,9.08434,9.31334,9.43234,9.20534,8.39234,7.56534,7.29134,7.31234,7.33234,7.04334,6.18834,5.42734,5.46134,6.12234,7.19534,7.78834,6.99634,5.49834,4.02034,3.40934
NO2_ICAD,2021-09-29,2406,False,-1,1.44618,2.15118,4.82718,13.3342,32.2872,56.4242,81.1352,105.264,127.451,142.822,145.796,143.662,142.843,141.893,138.551,133.796,128.572,123.191,117.734,111.817,105.107,98.9442,94.9872,94.0202,97.0222,101.047,103.402,104.795,106.026,106.97,107.345,107.436,107.343,106.065,102.518,98.6182,96.0942,93.2932,88.4582,83.1262,78.8762,75.2372,71.6202,67.5742,62.7932,58.5702,56.0572,52.8462,46.6112,40.4542
NO2_ICAD,2021-09-29,2411,False,0,8.67704,10.583,12.49,14.396,16.302,18.208,20.114,22.021,23.889,25.457,26.324,26.106,24.329,22.16,20.618,19.019,16.662,14.571,13.869,14.003,14.468,15.054,15.573,15.437,14.058,12.585,12.124,11.992,11.491,10.969,10.842,10.927,11.083,11.592,12.706,13.346,12.353,10.343,7.93404,5.99604,5.35604,5.37604,5.47704,5.55904,5.60604,5.65904,5.72104,5.49604,4.76904,4.69704
NO2_ICAD,2021-09-29,2412,False,3,9.05586,7.63286,7.65486,8.50286,9.42586,10.1279,10.4099,10.6539,11.2169,11.8239,12.1549,12.1579,11.7599,11.1719,10.5469,9.82186,8.95886,8.50386,8.99086,9.50886,9.14086,8.34486,7.59886,6.97786,6.52386,6.21286,6.04586,5.94686,5.85686,5.76586,5.67586,5.58486,5.49386,5.40386,5.31286,5.22286,5.13486,5.06686,5.02186,4.86086,4.45486,4.08386,4.03586,4.15786,4.33086,4.73786,5.52086,5.80586,4.72386,3.47486
NO2_ICAD,2021-09-29,2428,False,0,3.71228,3.23728,2.76228,2.35128,2.44128,3.61728,5.97328,9.65728,13.2933,15.4393,15.8903,14.3503,12.1503,10.4933,9.50728,9.27928,9.41328,9.63628,10.2173,11.3763,11.8013,10.1833,8.22528,7.63428,7.79528,8.05328,8.31228,8.50728,8.18428,6.95428,6.20428,7.24328,8.15228,7.01328,5.42328,5.04628,5.34728,5.69728,5.75628,5.28228,4.91128,5.24528,5.61728,5.36028,5.00628,5.12328,5.49728,5.90028,6.26728,6.55928
NO2_ICAD,2021-09-29,2436,False,3,15.7771,16.9341,18.4901,20.0971,21.4161,22.5781,23.6711,24.3671,24.3061,24.1381,24.4291,24.4421,23.3081,21.2171,18.3691,15.8581,14.7461,14.3421,13.9731,13.4331,12.5781,11.5151,10.3231,9.07608,7.82608,6.60508,5.50808,4.98408,5.48908,6.02208,5.56908,4.45008,3.05308,2.17708,2.59308,3.46008,3.97108,4.26308,4.52908,4.80408,5.06508,5.07308,4.59308,4.14808,4.24508,4.47008,4.36808,3.88908,3.00308,2.15008
NO2_ICAD,2021-09-29,2440,False,0,-1.40862,-0.45962,0.74638,1.76338,4.97638,13.2784,25.4264,40.2684,53.6524,61.1104,62.1754,55.9874,48.1244,43.6684,41.6354,40.8984,40.6924,40.5524,40.4054,40.3664,41.2884,44.0044,46.5604,47.0424,46.8974,47.5644,48.3254,48.2884,47.4814,45.9444,44.3864,43.4634,42.8804,42.3574,41.9844,41.8254,41.1614,39.2984,37.5254,37.1464,37.4234,37.5844,37.4204,36.7794,35.9704,35.2804,34.7394,34.3194,33.5974,32.1254
NO2_ICAD,2021-09-29,2462,False,6,4.23558,6.65058,8.73058,9.17858,8.98058,9.10758,9.43958,9.77558,10.0776,10.3146,10.4146,10.2796,9.98558,9.58858,9.14558,8.74258,8.69858,9.32258,9.89558,9.71058,9.25758,9.03958,8.96558,8.90858,8.85258,8.79558,8.73958,8.68258,8.62658,8.58458,8.65958,8.93458,9.05958,8.70058,8.37158,8.55858,8.67158,8.08758,7.20058,6.39958,5.66658,4.97758,4.58258,4.77258,5.24858,5.74958,6.24258,6.72258,7.09558,7.21458
NO2_ICAD,2021-09-30,4,False,0,1.96446,2.41646,2.86746,3.31946,3.77146,4.22246,4.72146,5.60046,7.17546,8.61646,9.07646,9.02246,8.90446,8.78646,8.66746,8.54946,8.43046,8.31046,8.21646,8.37046,8.91146,8.81246,7.07146,5.30346,5.08746,5.23846,4.54746,3.68846,3.42546,3.49146,3.59846,3.70546,3.81246,3.91946,4.02646,4.13346,4.24046,4.34746,4.45446,4.56146,4.66046,4.69546,4.62546,4.68746,5.08446,5.28846,4.78146,4.22246,4.25146,4.32646
NO2_ICAD,2021-09-30,8,False,1,1.8951,2.7221,3.7241,4.2711,4.4791,4.7241,6.8771,12.7601,18.6271,20.7141,20.7871,20.5811,20.1491,19.2861,18.3501,17.6731,17.0301,16.1791,15.2561,14.4071,13.6041,12.8061,12.0081,11.2101,10.4121,9.6141,8.8151,8.0171,7.2191,6.4211,5.6231,4.8801,4.5741,5.1131,5.8441,6.1381,6.1861,6.2021,6.2191,6.2361,6.2531,6.2701,6.2871,6.3041,6.3211,6.2901,5.8741,4.6701,2.9341,0.9711
NO2_ICAD,2021-09-30,9,False,4,4.08744,5.01144,5.74244,6.20744,6.24244,5.78744,4.84744,4.71344,6.62544,8.61744,8.69844,7.75444,6.69644,5.74244,5.03644,4.73544,5.01644,5.35344,5.24244,4.88544,4.51444,4.31044,4.43244,4.61244,4.58644,4.44744,4.30944,4.28744,4.48344,4.68344,4.68344,4.66644,4.80244,4.84344,4.53144,4.16344,4.07444,4.40644,5.27044,5.95444,5.74444,5.06844,4.35844,3.83144,3.67344,3.69944,3.74844,3.79844,3.84744,3.89644
NO2_ICAD,2021-09-30,19,False,0,0.41516,1.43616,3.02216,4.34616,4.61316,4.58616,5.03016,5.74616,6.48616,7.15316,7.59916,7.37716,6.07016,5.06316,5.69516,6.63116,6.52816,6.07516,6.03216,6.24116,6.43016,6.04716,4.59716,3.32716,3.50916,4.45316,5.46016,6.20216,6.34716,5.69116,4.04616,2.81116,3.31316,4.04016,3.49216,2.60416,2.38716,2.55116,2.75116,2.87016,2.82816,2.73916,2.71316,2.72216,2.72716,2.66616,2.48016,2.30116,2.25916,2.29016
NO2_ICAD,2021-09-30,32,False,8,7.24876,7.39276,7.83976,9.09376,10.0708,9.69176,9.04976,9.26176,9.94676,10.6438,10.9708,10.5728,9.94076,9.57876,9.68276,10.3778,10.7308,9.83376,8.66476,8.18476,7.89276,7.24776,6.52476,6.04276,5.69376,5.43076,5.71876,6.98976,7.86376,6.95676,5.45776,4.59776,4.43376,4.92576,5.23276,4.61476,4.09476,4.70376,5.56376,5.75676,5.57976,5.35676,5.14376,4.92576,4.51576,3.74976,3.14476,3.23276,3.59276,3.82976
NO2_ICAD,2021-09-30,34,False,1,5.6431,5.6591,5.3771,4.8471,4.1851,4.0521,5.1721,7.0601,9.2211,10.7661,10.8201,10.2101,9.7001,9.2881,8.9061,8.6651,8.7061,8.8891,9.0661,9.0521,8.6711,8.2341,8.0291,7.8641,7.5401,7.2371,7.1691,7.3471,7.8001,8.3921,9.0141,9.6451,10.2391,10.5341,10.2421,9.7421,9.3691,8.9471,8.2991,7.8391,7.9621,7.9771,7.1981,6.2621,5.8281,5.6711,5.6141,6.0831,7.4701,8.3271
NO2_ICAD,2021-09-30,53,False,-2,2.7397,2.4867,2.4827,2.9017,3.5297,4.2067,5.0687,6.2647,7.3617,7.9017,8.0647,7.9937,7.7567,7.3177,6.4397,4.8987,3.6257,3.5747,4.1587,4.7687,4.9597,4.3887,4.0087,4.6807,5.0717,3.8817,2.8017,3.5587,4.9137,5.5787,5.7757,5.7637,5.4577,4.6877,3.6887,2.6617,1.6347,0.6567,0.0687,0.2597,0.8417,1.4667,2.0507,2.5347,2.8107,2.7957,3.0037,3.8917,4.5237,3.9737
NO2_ICAD,2021-09-30,63,False,2,5.44422,5.11022,5.52622,7.73022,9.31222,7.90922,6.12422,6.63922,8.40622,10.2182,11.1412,10.3452,9.14822,8.76122,8.42222,7.35022,6.52922,6.95422,7.40222,6.64322,5.54322,5.01722,4.82022,4.66822,4.55722,4.53922,4.66322,4.97522,5.20222,5.08722,4.95322,5.08722,5.04122,4.33922,3.42122,2.77222,2.63722,3.25822,4.05422,4.48622,4.71122,4.88422,4.84922,4.39822,3.74322,3.14222,3.12622,4.15322,4.80922,3.72822
NO2_ICAD,2021-09-30,71,False,2,0.8189,0.8509,1.2399,4.3119,12.9159,25.5309,41.3859,60.5459,82.9519,100.33,103.942,100.549,95.9229,88.4349,75.5799,62.6999,55.1459,50.5099,46.4519,42.9609,40.4479,38.4049,36.4459,34.8929,34.1189,33.2819,31.6019,30.0219,29.5509,29.6649,29.7589,29.1079,27.0319,24.7439,23.4179,22.5219,21.5579,21.0669,21.6249,22.0439,21.1809,20.2129,20.3359,20.7159,20.4619,19.8519,19.1729,18.2919,16.9779,15.2049
NO2_ICAD,2021-09-30,73,False,-1,3.91252,3.17652,2.58952,2.05552,1.79152,3.13152,13.2235,40.7905,80.6555,126.688,156.35,146.659,121.099,101.744,87.4615,75.4685,66.1055,60.5805,56.9275,53.4895,49.9005,46.0835,42.7075,40.4745,38.6385,36.4395,33.7055,30.3315,27.1055,24.8025,22.9285,21.0455,19.4785,18.6545,18.2055,17.8425,17.7905,18.3615,19.2385,20.0225,19.8445,17.8755,15.9305,15.7755,16.2045,15.9625,15.3275,14.6515,13.9805,13.3265
NO2_ICAD,2021-09-30,162,False,0,3.63776,9.36576,15.6348,19.6118,22.3308,24.8868,27.4058,29.8418,32.1778,34.2018,34.6918,32.2738,28.7228,25.6488,22.8118,19.8818,17.3608,15.8388,14.7608,13.6118,12.3968,11.1918,10.1398,9.35176,8.36576,6.76976,5.41476,5.15976,5.15776,4.56476,3.75976,3.20176,3.01876,3.31376,3.58376,3.34076,2.82576,2.29276,1.88076,1.71376,1.66876,1.63876,1.60876,1.57776,1.54776,1.51776,1.48776,1.45776,1.42776,1.39776
NO2_ICAD,2021-09-30,166,False,3,6.36674,6.53174,6.88574,7.28274,7.56474,7.81574,8.12974,8.47874,8.82974,9.16074,9.41874,9.38174,8.78474,7.83174,6.76274,6.26174,7.01474,8.12374,8.67474,8.51974,7.54474,6.49574,6.06474,5.92274,5.72674,5.48174,5.20874,4.75574,3.99474,3.45674,3.69674,4.28274,4.71974,4.41574,2.87974,1.77174,2.71774,4.10174,4.29974,4.02174,4.05474,4.28474,4.52274,4.61774,4.42774,4.08474,3.73474,3.61474,3.96674,4.52874
NO2_ICAD,2021-09-30,681,False,3,15.4209,16.0169,16.2939,16.1959,15.9679,15.8719,16.2159,17.3419,18.8549,20.3059,20.8679,19.6809,17.8099,16.2799,15.2999,15.0359,15.1019,15.1799,15.2449,15.3099,15.3759,15.4199,15.2809,14.7769,14.0899,13.3799,12.6699,11.9599,11.2509,10.5409,9.8309,9.0599,7.7989,5.6569,3.8139,3.4839,3.9089,4.3729,4.8539,5.4289,6.0199,6.4829,6.3869,5.2869,4.0659,3.6139,3.7669,4.3739,5.1809,5.9339
NO2_ICAD,2021-09-30,1106,False,-1,16.6492,16.8712,18.7462,26.2082,44.4852,72.5962,110.854,153.867,196.33,229.635,243.906,243.281,230.736,218.072,215.507,215.165,208.393,195.49,177.21,160.313,151.211,145.458,138.645,130.761,122.175,113.286,104.335,95.2012,85.8572,77.5952,71.8442,67.3932,63.3342,60.6042,60.3822,60.7932,59.8952,57.1472,51.9662,45.8282,40.1492,35.8292,33.7872,32.8702,32.0922,31.2982,30.3752,28.6642,25.5182,22.4602
NO2_ICAD,2021-09-30,1144,False,6,14.4413,15.4223,16.1043,16.4653,16.8243,17.4953,18.4083,19.4663,20.3093,20.5703,20.5503,20.5203,20.4743,20.3663,20.2263,20.0713,19.8213,19.3853,18.8543,18.2623,17.2753,15.5493,13.8423,12.9053,12.3083,11.5963,10.6623,9.47032,8.49232,8.22032,8.31032,8.41132,8.23032,7.52732,6.87732,6.85632,7.16732,7.49132,7.58032,7.19732,6.58032,5.92532,5.20732,4.45932,4.40432,5.77032,7.21932,7.41732,6.96332,6.45632
NO2_ICAD,2021-09-30,1299,False,1,2.24996,1.32796,0.53996,-0.06404,0.68196,4.41896,11.835,23.806,35.917,43.686,47.237,46.429,43.371,39.684,36.332,34.104,32.721,31.982,31.531,31.105,30.585,29.874,29.036,28.103,27.015,25.752,24.904,25.04,25.18,24.334,23.03,21.796,20.536,19.086,17.536,15.962,14.3,12.54,11.324,11.242,10.832,8.67696,6.34596,5.41396,4.87996,3.78396,3.22096,4.37396,5.84696,6.23696
NO2_ICAD,2021-09-30,1313,False,-1,0.75564,1.11464,1.47064,2.00864,4.00564,8.94164,15.5136,22.6226,29.9086,36.7986,40.3396,37.1806,30.6636,23.8716,18.3786,15.6396,15.3226,17.3416,20.0346,21.9866,23.4976,24.9136,26.0026,26.4436,26.6186,26.8266,26.7196,25.8656,24.6056,23.2436,21.9076,20.6676,19.3666,17.8686,16.5066,15.6626,15.2666,15.2936,15.5146,15.7636,16.0386,16.3706,16.7596,17.2386,17.9526,19.0196,19.8516,19.8946,19.9856,20.9476
NO2_ICAD,2021-09-30,1326,False,6,10.1719,9.33686,8.60386,7.96486,7.98186,9.24186,10.5909,10.9429,11.1519,12.0699,12.8739,12.6489,11.8439,10.8959,9.94086,9.06286,8.30786,7.73486,7.25086,6.84886,7.00886,8.15286,8.72386,7.22886,5.67086,6.09386,7.43586,8.55386,9.09186,8.82186,8.63186,9.30386,9.66986,8.54786,7.22486,7.02586,7.43986,7.85286,7.64886,6.26986,4.75386,4.12786,4.02586,4.04486,3.87086,3.24586,2.51286,2.01586,1.71386,1.56786
NO2_ICAD,2021-09-30,1443,False,0,17.083,16.228,13.78,11.298,10.88,15.608,29.832,54.236,89.119,115.76,115.041,100.976,86.961,76.287,70.9,68.11,65.722,63.965,63.466,63.587,63.638,62.645,59.533,54.995,49.66,44.871,41.911,39.89,37.922,35.435,32.054,29.297,28.728,29.032,28.863,27.825,25.562,22.732,19.966,17.856,16.956,16.36,15.236,14.068,13.413,13.033,12.646,11.917,10.497,8.679
NO2_ICAD,2021-09-30,1444,False,5,18.302,19.849,21.693,24.349,27.012,28.845,30.121,31.094,31.944,32.709,32.927,32.048,30.621,29.126,27.631,26.135,24.64,23.144,21.649,20.094,18.058,15.16,12.545,11.398,11.014,10.636,9.539,7.105,4.758,3.932,3.911,3.982,3.983,3.887,4.057,4.795,5.102,3.977,2.562,2.046,2.318,3.243,4.275,4.94,5.402,5.893,6.831,8.615,10.472,11.571
NO2_ICAD,2021-09-30,1507,False,0,2.22922,2.45722,2.54922,2.49522,3.30022,6.00922,9.18522,11.4312,13.1492,14.7162,15.6022,15.1162,13.8682,12.3542,10.6052,8.59722,6.94122,6.24022,5.73222,4.71322,3.81422,3.72422,3.92222,3.88022,3.69122,3.48022,3.23522,2.90022,2.35022,1.50722,1.10922,1.88622,2.84322,2.99122,2.74322,2.53122,2.29322,1.94422,1.82622,2.27122,2.65522,2.33422,1.64222,0.94722,0.60222,0.95022,1.59322,2.13822,2.35222,1.99222
NO2_ICAD,2021-09-30,1532,False,0,19.6949,23.0129,25.4599,27.1879,28.5139,29.6809,31.1419,33.3699,36.1459,39.1319,40.8409,39.6769,37.0649,34.2229,30.9899,27.0709,23.5169,21.4409,20.2359,19.2969,18.0139,15.8839,13.7289,12.3879,11.5319,10.8339,10.1869,9.57586,9.20086,9.28486,9.49686,9.53086,9.53086,9.67586,9.96686,10.3859,10.7169,10.7499,10.7119,10.8299,11.0359,11.2779,11.7149,12.5539,13.6669,14.9299,16.0249,16.6019,16.6399,16.0329
NO2_ICAD,2021-09-30,1595,False,0,5.96714,5.74914,5.21514,4.80114,4.85914,5.75314,7.06214,8.42214,9.78214,11.0261,11.3361,9.82414,7.72514,6.21914,5.16714,4.40814,4.02214,4.16314,4.41314,4.38914,4.27214,4.26814,4.35414,4.49914,4.67014,4.74514,4.01614,1.79014,-0.38086,-0.90786,-0.33986,0.79014,1.97414,2.80814,3.38214,3.77914,4.10014,4.35914,4.20514,3.27914,2.37814,2.28314,2.49214,2.50414,2.49914,2.69914,2.91614,2.93214,2.72714,2.28814
NO2_ICAD,2021-09-30,1596,False,-4,0.00114,0.43214,1.18714,2.79514,8.53714,21.9521,37.1001,48.2841,57.2371,65.4151,69.6241,66.0971,60.2201,57.1061,55.7761,54.9341,53.8921,52.1401,50.0581,48.0041,45.9861,43.9491,41.7261,39.1621,36.6541,34.6161,32.8911,31.3871,30.3391,29.9791,29.2631,27.1531,24.6071,22.5771,20.8501,19.1931,17.7941,16.8541,15.7341,13.7941,11.5951,9.74314,8.43514,7.86214,7.48114,6.81014,6.05614,5.46614,4.96814,4.50014
NO2_ICAD,2021-09-30,1638,False,1,10.6708,12.3288,15.5288,19.4908,23.5428,27.5518,31.4148,34.7548,37.1018,38.7278,39.7238,39.8038,38.4658,36.1118,33.1038,30.6758,29.9238,29.0918,26.4308,23.2428,20.8788,18.9898,17.2048,15.7798,15.0738,14.7288,14.4158,13.9988,13.3958,12.8438,12.5928,12.5228,12.4238,11.5478,9.17976,6.88676,6.26276,6.62676,7.31976,8.12276,8.82376,8.60876,6.68476,4.83476,4.81576,5.48676,5.65876,5.36876,4.74676,4.18676
NO2_ICAD,2021-09-30,1704,False,3,16.9212,19.9692,24.8242,30.5962,36.3442,40.9912,43.4232,44.6632,45.5652,46.2122,46.3532,45.0162,41.1082,36.5222,33.0112,29.8772,26.3912,23.3232,21.5732,20.4982,19.5082,18.5172,17.5062,16.3252,14.8752,13.8072,13.7562,13.7422,12.7832,11.4212,10.2452,9.39618,8.98118,8.69818,8.27318,7.76318,7.22718,6.56518,5.69918,5.10218,5.22718,5.32218,4.66118,3.97818,4.04518,4.47718,4.85318,4.99218,4.73618,4.28518
NO2_ICAD,2021-09-30,1719,False,0,1.2024,1.1674,1.4074,1.7054,2.1924,3.2304,5.8374,11.7784,23.5194,43.1024,57.7454,54.4404,43.5314,35.1354,29.8514,27.4964,26.4964,25.6124,24.2994,22.2014,20.2774,19.4354,18.6344,16.8234,14.7514,13.2664,12.5294,12.6254,12.3464,10.5424,8.4604,7.3644,6.8144,6.3414,5.9424,5.6894,5.4984,5.2864,5.0154,4.6554,4.3214,4.1264,3.9994,3.8524,3.5204,2.8594,2.2504,2.0844,2.1514,2.2584
NO2_ICAD,2021-09-30,1737,False,0,3.5955,4.4405,6.4615,17.6325,46.5435,80.1345,105.54,123.359,134.125,139.678,140.522,138.291,133.697,126.94,117.96,109.996,106.296,104.799,103.559,102.171,100.456,98.3695,95.6505,91.3775,84.3605,75.5655,65.8955,57.2825,51.7775,48.9975,48.8065,49.5465,49.8625,49.8905,49.7845,48.8895,46.4765,43.7575,41.9375,40.8925,40.4975,40.3975,40.2965,39.8945,38.8505,37.1885,34.8805,32.4705,30.4995,29.1145
NO2_ICAD,2021-09-30,1819,False,-2,8.50244,7.58644,6.73644,6.26044,6.37944,7.36044,8.64444,9.72844,10.6874,11.5914,12.1884,12.1334,11.4854,10.2544,8.94244,8.06044,7.83644,8.46644,8.90444,8.12744,6.86644,5.84244,4.97844,4.21044,4.04744,5.05244,6.31844,6.94544,7.02544,6.67244,6.22844,5.98544,5.87544,5.87744,6.32144,7.52344,8.46444,8.11444,7.23344,6.56944,6.05544,5.61144,5.56744,6.28544,7.07844,7.24744,6.90844,6.19744,5.57844,5.50444
NO2_ICAD,2021-09-30,1870,False,8,12.3091,12.6941,12.8681,13.2151,13.1631,12.1301,11.2211,11.5711,12.5851,13.6211,14.1711,13.7711,13.0791,12.6711,12.0781,10.8101,9.65012,9.42312,9.69112,9.97812,9.82112,8.83412,7.92612,7.96712,8.11512,7.48212,6.42712,5.37512,4.77912,5.05612,5.48512,5.41512,5.44112,6.16612,6.78712,6.51212,6.19212,6.68812,7.38312,7.60412,7.46612,7.11012,6.78912,6.73112,6.80912,6.90212,6.97012,6.96812,6.76712,6.24612
NO2_ICAD,2021-09-30,1954,False,2,11.3983,12.1193,11.7663,11.3763,11.7603,13.6503,15.9853,17.7283,18.9033,19.5263,19.6363,19.1683,18.4243,17.6473,16.8693,16.0503,14.9053,13.0833,10.7583,8.2023,6.7903,7.9243,9.7803,10.6023,10.8253,10.9503,10.8903,10.4473,9.7203,8.8043,8.0493,7.8143,7.9213,8.2123,8.4823,8.5083,8.0553,6.8753,5.6323,4.9693,4.6193,4.3563,4.4823,5.3243,6.0673,5.9193,5.5923,5.7823,5.9873,5.6683
NO2_ICAD,2021-09-30,1959,False,5,8.7473,20.6803,41.4233,66.4523,91.3013,110.43,118.118,120.086,121.309,122.283,122.535,120.713,115.037,106.149,94.3823,82.1913,71.9393,64.1543,59.5393,56.7243,54.6883,52.9463,51.1853,48.9743,45.8993,42.6843,40.1213,38.5653,38.3893,38.5043,37.7203,35.1243,29.8373,24.5263,21.8043,20.4803,19.3633,18.2623,17.1533,15.9563,14.6193,13.4813,12.9033,12.5773,12.2093,11.7243,11.0633,10.2413,9.2683,8.3983
NO2_ICAD,2021-09-30,1965,False,0,10.3365,26.7605,49.6585,74.7065,93.8185,99.3885,102.317,113.134,126.926,137.792,143.412,141.369,135.588,129.076,120.444,107.786,94.6925,84.8065,77.4275,72.0765,68.9335,68.5645,68.7805,67.5335,65.1945,62.1725,58.8595,55.5055,52.1295,48.8245,46.4495,45.9685,46.3805,46.7945,47.1485,47.4585,47.4715,46.8915,46.0155,45.1015,44.1885,43.2385,41.9995,40.1365,37.6155,34.3215,30.6525,26.9945,23.8945,21.9235
NO2_ICAD,2021-09-30,2138,False,1,4.75274,7.67374,11.5227,15.9547,24.1097,39.5067,56.9757,71.2777,81.3247,85.8847,87.2347,86.9567,85.3527,82.3267,79.3117,77.6847,76.9397,76.5907,76.3957,76.0977,74.8317,71.6717,67.8877,64.6727,61.8027,58.8867,55.2637,50.3117,45.3397,41.6607,38.7157,35.9857,33.5917,31.7817,30.2617,28.7107,26.6257,23.5667,20.7457,19.4017,18.8327,18.2887,17.1317,14.8027,12.3117,10.6727,9.67674,9.13274,8.88874,8.88974
NO2_ICAD,2021-09-30,2413,False,1,5.0456,5.7896,5.9586,5.8186,5.6456,5.4686,5.3736,6.0386,8.1306,10.1026,10.3936,9.7946,9.0456,7.9726,6.3436,5.1026,5.2016,5.6986,5.6386,5.0756,4.1676,3.6876,4.3986,5.5306,6.3246,6.7676,6.8796,6.8396,6.7486,6.4066,5.6426,5.2616,6.0146,6.6046,5.7466,4.6076,4.3986,4.7056,5.0786,5.4656,5.8506,5.9766,5.5696,4.9656,4.4776,4.0646,3.6746,3.3916,3.3336,3.4936
NO2_ICAD,2021-09-30,2502,False,1,0.00048,0.56248,1.50148,2.60648,3.78148,5.35148,7.65248,9.84348,11.0725,11.7785,12.3175,12.2935,11.2615,10.3675,10.7155,11.2625,10.9345,10.2075,9.59348,9.06748,8.56848,8.20848,8.14148,8.35448,8.86748,9.55048,10.2185,10.2065,8.91248,7.98048,9.02048,10.4615,10.6975,10.2635,9.76948,9.46448,9.53748,9.79948,10.0485,10.0045,9.37448,8.45048,7.55448,7.16448,7.74648,8.49748,8.62448,8.30548,7.76348,7.38748
NO2_ICAD,2021-09-30,2530,False,-1,4.94006,9.53406,17.4101,27.6971,39.0501,50.5961,62.6141,75.1821,85.0611,88.6631,89.0101,88.7321,88.0291,86.4561,83.0061,76.5521,69.5671,64.3861,59.9511,55.0651,49.6121,43.6981,38.8251,36.5901,35.6941,34.9161,33.7581,31.8941,30.0851,29.0351,27.8741,25.6451,22.6721,19.3481,16.7071,15.7981,15.7731,15.8731,15.9791,16.1151,16.4751,17.1991,17.4711,16.5101,15.6071,16.0121,16.5061,15.7681,14.1291,11.9871
NO2_ICAD,2021-09-30,2554,False,-1,0.99142,1.34142,1.60042,2.20042,6.76642,19.6564,38.4974,61.2884,83.0834,98.7724,107.174,106.408,101.001,94.6204,88.6494,83.9734,79.9594,75.9224,71.0384,64.6314,58.7574,55.5564,53.8714,52.5814,51.0684,48.8944,46.6474,44.9144,43.3834,41.7514,40.2494,39.1614,38.2864,37.3564,35.7784,32.9774,30.1254,28.3254,26.6384,24.1014,21.4064,19.3574,18.0604,17.6484,17.6064,17.5104,17.3954,17.3484,17.3384,17.3054
NO2_ICAD,2021-10-01,8,False,0,9.2799,13.1199,15.4789,17.0399,18.5539,20.4849,23.2689,26.6079,30.1349,32.6749,32.9729,32.0549,30.8299,29.6619,28.7689,27.9059,26.8249,25.6249,24.4209,23.3079,22.3829,21.6029,20.8869,19.7949,17.8639,15.6149,13.5839,12.0269,11.2279,10.9659,11.0719,11.0899,10.6019,9.8489,9.0749,8.4009,7.9139,7.4379,6.7969,6.0669,5.3319,4.6419,4.0419,3.4859,2.9369,2.3869,1.8559,1.4759,1.3969,1.4679
NO2_ICAD,2021-10-01,12,False,2,0.60714,0.13414,1.48914,3.42314,5.04414,8.65814,16.6811,24.9561,29.2471,30.8911,31.1911,30.9501,30.5551,29.4691,27.0971,24.7961,23.8781,23.3021,22.0381,20.8001,20.3461,19.8971,18.7321,18.0031,18.9021,20.1051,20.2741,19.8721,19.3831,18.7721,17.9191,16.9451,15.9211,14.5911,12.7031,10.9651,10.1071,9.70114,9.30214,8.62514,7.45614,6.41014,6.11314,6.20914,6.33314,6.29414,5.91414,5.25114,4.39814,4.01414
NO2_ICAD,2021-10-01,17,False,2,15.6341,22.4471,28.2031,33.3361,38.4131,43.6631,49.1961,54.4061,58.5311,61.2471,61.9791,61.0311,58.3291,53.9921,47.9921,42.4841,39.5631,37.7991,35.7951,33.5871,31.3571,29.1571,27.0191,24.9121,22.8031,20.6481,18.4781,16.9021,16.5581,16.5371,15.9701,15.1501,14.4361,13.9251,13.7001,13.6151,13.5491,13.5061,13.4851,13.3251,12.8201,11.9541,10.6791,9.27712,8.05812,7.42412,7.77612,8.25912,8.05412,7.55212
NO2_ICAD,2021-10-01,39,False,0,2.18592,1.99792,1.97292,2.49092,3.63892,5.70692,9.23392,14.7729,19.7979,21.7569,22.0529,22.0149,21.9099,21.7919,21.6369,21.2999,20.0729,17.2829,14.8059,14.4739,14.6619,13.7909,12.9649,13.4059,14.2719,14.6949,14.8539,14.9519,14.8209,14.2769,13.8619,14.0889,14.3149,13.8729,13.0729,12.2429,11.5229,11.0099,10.4829,9.76892,9.29392,9.50492,9.86792,9.84892,9.61792,9.33692,8.87692,8.11192,7.61892,7.91592
NO2_ICAD,2021-10-01,52,False,-1,2.2751,1.9591,1.5821,1.1771,0.9711,2.3841,7.0081,13.0541,18.7071,22.5471,23.1001,21.8021,19.8251,17.5551,15.1671,12.9471,11.2341,10.2321,10.2271,10.7051,11.1671,11.0051,9.6771,8.3581,8.1581,8.0571,7.0461,6.0951,6.2351,6.7601,6.9181,6.6471,5.9371,5.2681,5.0991,5.1941,5.3191,5.4221,5.4601,5.3011,4.8081,4.3071,4.1191,4.0981,4.0711,3.8331,3.1911,2.4931,2.0831,1.8501
NO2_ICAD,2021-10-01,54,False,0,1.0502,0.9582,1.3132,2.0402,3.1832,4.7772,6.8802,8.7632,9.6952,10.1342,10.4632,10.4022,9.5762,8.4732,7.6042,7.3012,7.8812,8.6082,8.7812,8.6492,8.4752,8.2442,7.8992,7.5362,7.2532,7.0132,6.8032,6.7932,7.1282,7.2482,6.5982,5.8152,5.5782,5.8992,6.7162,7.0862,6.0972,4.8252,4.3722,4.5842,5.2572,5.7992,5.6612,5.1692,4.6402,4.1752,3.8582,3.7762,4.0422,4.4652
NO2_ICAD,2021-10-01,56,False,0,11.8617,14.7897,17.1287,18.9687,20.3497,21.6187,23.1537,25.4167,28.7687,31.3817,31.3837,30.3047,29.6227,29.2907,29.1347,29.0507,28.9427,28.5787,27.6497,26.0337,23.5387,20.7337,18.1197,15.6437,13.2547,11.2007,9.78672,8.68672,7.65972,6.98672,7.03072,7.43372,7.81372,7.64872,6.43172,4.97172,4.07172,3.67872,3.73372,3.99372,4.23572,4.14072,3.40372,2.60872,2.33372,2.35472,2.44072,2.54172,2.63772,2.67372
NO2_ICAD,2021-10-01,117,False,0,-0.41188,-0.27888,-0.05488,0.72712,2.61512,4.98312,7.19612,8.76812,9.23712,9.40112,9.91112,9.86712,8.31712,6.64612,6.25412,6.55212,6.89112,6.87212,6.12812,4.97212,3.71812,2.82812,2.74312,2.89212,2.74912,2.59512,2.73612,2.86812,2.67212,2.39512,2.29312,2.29012,2.29912,2.30812,2.30212,2.17412,1.81412,1.45712,1.33212,1.33112,1.34612,1.36012,1.37512,1.39012,1.40412,1.41912,1.50512,2.16212,3.83212,5.05012
NO2_ICAD,2021-10-01,433,False,0,5.74268,6.91468,7.95168,8.16968,7.95768,7.73868,7.88568,8.75968,9.97268,11.1147,11.7477,11.4167,10.6337,9.85368,9.10368,8.40068,8.04068,8.28668,8.22568,6.90868,4.96768,3.06568,1.71768,1.43568,1.75268,2.25468,2.64068,2.65968,2.51068,2.37668,2.26268,2.14168,1.94568,1.62268,1.41568,1.60368,2.17168,3.08368,3.74068,3.59768,3.50068,4.27668,5.14968,5.27968,4.84668,4.02168,3.02468,2.02868,1.20868,0.77368
NO2_ICAD,2021-10-01,471,False,1,2.25116,2.80216,3.81816,5.47316,6.83516,7.02216,7.12116,8.22016,9.63016,10.5812,10.9792,10.7412,10.2602,9.87216,9.55016,9.24616,9.02516,8.95416,8.83216,8.42716,7.68416,6.55616,5.55016,5.16816,5.09416,5.05716,5.24516,5.92016,6.83916,7.74216,8.27716,8.07416,7.49716,6.83116,5.92416,4.58216,3.28616,2.55016,2.35716,2.72016,3.29416,3.75616,3.86816,3.42016,2.96316,3.04416,3.41316,3.82116,4.25916,4.70816
NO2_ICAD,2021-10-01,495,False,1,3.91632,3.16532,2.42632,2.60332,4.75332,8.95332,15.6013,23.9043,33.0143,39.6123,40.1413,37.0843,32.5643,27.6733,23.2053,19.9233,18.6733,18.4273,18.2523,17.6493,16.2073,14.5093,13.0793,11.6283,9.87732,8.46332,8.07732,8.12532,8.04532,7.85432,7.56432,6.76932,5.06432,3.47732,3.04932,3.23132,3.50832,3.93532,4.61332,5.06732,4.80032,4.20732,3.67932,3.33632,3.26932,3.31432,3.32932,3.36032,3.46732,3.61432
NO2_ICAD,2021-10-01,959,False,3,6.42812,7.45012,7.75112,6.98912,5.70812,4.47612,4.15512,5.58412,7.35612,8.09212,8.14712,7.92312,7.72112,7.77512,7.96312,8.12712,7.95412,7.12612,6.09412,5.33712,5.15612,5.81312,6.36912,5.91912,5.15312,4.78012,4.63812,4.49612,4.12012,3.34612,2.87512,3.44512,4.50012,5.46412,5.95012,5.57712,4.77912,3.91712,2.97112,1.96512,1.76212,3.18312,4.36912,3.50712,2.22012,2.18012,2.78212,3.36012,3.88212,4.37412
NO2_ICAD,2021-10-01,965,False,1,8.0073,8.2183,8.2283,8.2963,8.7233,9.4583,10.5213,12.1393,14.5023,16.2883,16.1163,14.9393,13.7383,13.3513,14.4793,15.5303,14.8563,12.9343,10.2863,8.0743,7.3813,7.2913,6.9213,6.3613,5.7493,4.9073,3.7023,3.0313,3.7783,4.6313,4.3143,3.7693,4.0043,4.6693,5.3583,5.7973,5.7243,5.2883,4.6363,4.2203,4.4473,4.6663,4.2283,3.5433,3.0373,2.6413,2.2903,2.1753,2.5743,3.5253
NO2_ICAD,2021-10-01,1166,False,0,5.07274,5.17674,5.43874,6.35474,10.2177,19.7527,32.5867,46.4127,57.8217,63.3377,64.9937,64.4007,62.8667,61.1237,58.6507,54.7787,50.6537,47.3237,43.8987,39.4977,35.4017,32.9677,31.2337,29.3117,27.6327,26.7677,26.3197,25.9007,25.2877,24.3357,23.5697,23.4277,22.7787,20.4867,17.9617,16.6507,16.1247,15.9137,15.5947,14.8137,13.7937,12.7107,11.3667,9.53774,7.76074,6.58274,5.75074,5.03274,4.43474,4.05174
NO2_ICAD,2021-10-01,1223,False,1,10.7937,14.0247,21.3547,29.3597,34.6097,37.2997,37.6587,37.6267,38.8447,40.2477,40.6527,40.5127,40.2967,40.0217,39.5497,38.3977,36.0417,33.4297,31.4887,30.0947,29.1317,28.5077,28.2527,28.4107,29.0067,29.1257,27.8107,25.7637,23.6117,21.3507,18.9877,17.4557,17.7527,18.7057,19.1577,18.8827,17.7147,16.3357,15.3967,14.9087,14.8407,14.6747,13.9097,12.8317,11.7557,11.0097,10.8807,10.7377,9.96968,9.04368
NO2_ICAD,2021-10-01,1352,False,1,13.8687,14.8797,15.9887,16.8817,17.3477,17.6517,18.1007,19.0847,20.9317,22.4217,22.2847,21.2137,19.8587,18.5037,17.2857,15.8227,13.6887,11.2127,8.79272,7.16672,7.12872,7.88372,8.70272,9.24572,9.20872,8.68672,7.72872,6.65572,5.76872,5.17572,4.99272,5.00372,4.98372,4.62172,3.63772,2.72372,2.57872,2.83972,3.13872,3.34172,3.36572,3.40972,3.65472,3.85972,3.74972,3.36472,2.75972,2.32872,2.47072,2.91572
NO2_ICAD,2021-10-01,1515,False,5,6.70528,6.95228,7.16728,7.45828,7.55528,7.18828,6.82228,6.95428,7.53128,8.45528,9.02928,8.59928,8.06128,8.28528,8.64628,8.46928,7.99628,7.45328,6.65428,5.39528,4.32628,4.10628,4.24328,4.28728,4.49028,5.14428,5.78128,5.93428,5.92928,6.07428,6.07128,5.57128,4.81628,4.08328,3.78228,4.27728,4.68928,4.26128,4.40928,6.48428,8.15028,7.04428,5.17828,4.60028,4.71628,4.83428,4.90728,4.96828,4.97928,4.91228
NO2_ICAD,2021-10-01,1592,False,-3,9.7307,10.5267,13.6447,20.5197,32.6337,52.2107,75.4187,99.0807,122.742,145.307,159.097,154.982,139.252,117.285,96.7757,84.6577,78.0367,74.2967,71.3237,67.6607,63.7577,60.2427,57.3967,55.5247,54.1297,52.7347,50.8717,48.0777,44.8497,41.7317,39.4747,38.8187,38.5437,37.3787,34.9567,30.9537,26.9167,24.3337,22.5287,20.8197,19.1117,17.4197,15.8537,14.4877,12.8047,10.3407,8.1497,7.3177,7.0437,6.5497
NO2_ICAD,2021-10-01,1841,False,8,17.5495,19.1845,20.7735,20.9705,20.5055,20.1335,20.0155,20.2565,20.6705,21.0795,21.2765,21.0275,20.4005,19.4435,18.5155,17.9755,17.8035,18.0045,18.3815,18.7515,18.8995,18.6125,18.1835,17.9045,17.8405,18.0445,18.3205,18.4945,18.6085,18.6965,18.6475,18.3095,17.7495,16.9835,15.9785,14.6965,13.6065,13.1895,13.1195,13.0925,13.0565,12.9945,12.8465,12.5395,12.1265,11.7285,11.9555,13.3995,14.7725,14.7765
NO2_ICAD,2021-10-01,1981,False,3,3.5969,5.1449,7.7559,10.4909,12.4629,14.0199,15.5079,16.8569,17.9289,18.8749,19.7309,19.8109,18.4009,16.8779,16.5709,16.6459,16.2249,15.5869,15.0709,14.6319,14.2419,14.1509,14.5809,14.6759,13.5939,12.3189,11.9009,12.3259,13.4809,14.0329,12.7429,11.3819,11.7109,12.5809,12.7869,12.6009,12.4239,12.7089,13.8849,15.2539,16.1149,16.4749,16.3459,16.0599,15.8809,15.6889,15.3459,15.0099,14.8489,14.7789
NO2_ICAD,2021-10-01,1982,False,-3,0.00074,0.51974,2.34974,6.79674,12.5017,18.1557,22.8807,25.8907,28.3807,31.2957,33.1357,32.2607,30.7577,30.6817,31.4077,32.1427,32.1397,30.6117,27.9567,24.4567,20.7927,17.6107,15.2907,14.2257,13.4007,11.9277,10.6087,10.3427,10.6267,10.9297,10.8277,9.90974,8.51574,6.97074,5.70674,5.14274,4.97974,4.95674,4.98174,5.05774,5.49074,6.56974,7.45974,7.30174,6.59874,5.77674,4.55274,2.62674,1.09174,1.06874
NO2_ICAD,2021-10-01,2001,False,8,22.7388,23.8218,24.6278,24.3608,23.8138,23.7768,24.0328,24.3728,25.0978,26.4858,27.4018,26.6748,25.2848,24.2228,23.7328,24.0008,24.4508,24.5488,24.4208,24.2138,23.9778,23.7498,23.6158,23.6128,23.2608,22.0598,20.5948,19.4738,18.8778,18.9598,19.0608,18.5818,18.0398,17.9868,18.1988,18.4388,18.6378,18.7108,18.3908,17.3808,16.1528,15.1298,14.0998,12.8618,11.9328,11.8928,12.3558,12.9438,13.2808,13.0148
NO2_ICAD,2021-10-01,2178,False,1,16.2671,19.6201,20.7331,21.4791,23.5901,25.8321,26.8371,27.1741,27.4471,27.8721,28.4971,28.4351,26.6761,23.7721,20.1831,16.5461,13.4201,10.8131,8.82206,7.59606,7.41206,7.73306,8.05106,7.84506,6.63806,5.29306,4.66106,4.44706,4.31606,3.98906,3.30106,3.08906,4.20506,5.60406,6.23606,6.33706,6.16506,5.88306,5.61106,5.53006,5.82806,6.29306,6.73406,7.14906,7.60506,8.48106,10.1581,11.9101,13.0161,13.7431
NO2_ICAD,2021-10-01,2270,False,1,0.31084,-0.09016,0.40484,2.98984,9.16484,17.4098,26.3418,34.2998,39.5608,42.2648,42.2738,41.0148,39.4808,37.0148,32.7918,28.4908,25.8838,24.9478,25.6368,26.2188,25.0388,22.8038,20.3048,18.5848,18.6708,19.6678,20.6758,20.8688,19.5108,17.9748,17.6088,17.8388,17.9458,17.1028,14.6058,12.5348,13.0058,14.7468,16.5318,18.2548,19.9558,21.5348,22.8708,24.0858,25.2458,26.0938,26.2078,25.1308,22.2868,18.7738
NO2_ICAD,2021-10-01,2524,False,-1,15.4524,22.3774,24.6794,24.5534,24.1094,23.5524,23.0104,24.3144,29.2824,34.2834,35.6834,35.2144,34.4534,32.4084,27.8484,23.2724,21.1854,20.4264,19.7364,18.2684,15.3224,12.2284,10.3194,9.24336,8.63836,8.09636,7.30836,6.45436,5.72336,4.98536,4.10436,3.25736,2.63436,2.12936,1.66336,1.39336,1.55736,2.25136,3.53736,4.36636,3.73336,2.90136,3.06236,3.09836,1.85536,0.52836,0.37136,0.84436,1.36136,1.60736
NO2_ICAD,2021-10-01,2536,False,0,18.0819,21.8779,25.0819,28.2109,31.3299,34.4589,37.8139,41.7039,46.3219,51.5839,54.4039,51.4969,46.3029,42.1299,39.3349,38.0829,37.5619,37.1549,36.9259,37.2149,38.9569,42.9899,46.0439,44.7779,41.4889,38.4109,35.7939,33.6609,31.7569,29.8359,27.5579,24.5779,21.3179,18.2539,15.9529,14.9789,14.2659,12.7759,10.7329,8.46892,6.79292,6.50692,6.70692,6.53192,6.12492,5.73192,5.68492,6.27692,6.77992,6.49992
NO2_ICAD,2021-10-01,2543,False,-1,0.77164,0.77964,1.04164,1.42064,1.93864,3.45964,6.99564,11.6206,16.3756,19.8986,20.7826,20.2266,19.3006,18.5716,18.4466,18.4606,18.1316,17.4506,16.4026,15.1836,14.0086,13.3606,13.6776,13.8136,12.6466,11.1476,10.3096,9.82964,9.39764,9.25264,9.69064,10.2586,10.5236,10.6966,11.0126,11.4106,11.8106,12.1446,12.3466,12.4826,12.5456,12.0816,10.6236,9.10764,8.52664,8.94064,10.3126,10.9526,9.25564,7.23864
NO2_ICAD,2021-10-01,2554,False,5,19.3302,19.0752,19.0392,19.1722,19.3362,19.5812,20.0102,20.6792,21.6642,22.7102,23.5022,23.5692,22.3302,20.1542,17.3582,14.8902,13.6502,13.0122,12.3892,11.7322,11.1132,10.8342,11.1632,11.2502,10.2162,8.59922,6.91522,5.31222,3.92322,3.01822,2.90522,3.02122,2.83922,2.48422,2.14622,2.12522,2.67922,3.11422,2.76222,2.33422,2.53922,2.82322,2.60122,2.20222,1.98622,1.91522,1.91522,1.79122,1.34322,0.73122
NO2_ICAD,2021-10-01,2617,False,0,4.38192,3.81592,3.56192,6.41592,15.4929,27.7409,40.2099,50.3949,55.8639,58.7679,60.7399,60.8469,57.7569,54.0139,52.0529,51.0869,50.3369,50.3169,51.7169,53.5269,54.7489,55.3459,55.2639,54.6439,53.5199,52.1629,50.7389,49.0029,46.6089,43.6009,39.9469,35.9889,32.0629,28.6889,26.4199,24.7019,23.1099,21.9649,21.6419,21.1889,19.6899,18.0159,17.0769,16.5599,16.1719,16.0999,16.6209,17.4389,18.2709,18.9249
NO2_ICAD,2021-10-01,2634,False,6,6.5282,6.5732,6.8532,7.1892,7.3402,7.3692,7.3412,7.2902,7.2862,7.6702,8.6872,8.9292,7.0722,5.4692,6.4202,7.7252,7.0822,5.3962,3.6912,2.5722,2.5832,3.1582,3.8132,4.5472,5.4382,6.4022,7.2742,7.4272,6.2022,4.6492,3.7562,3.1072,2.2962,1.8922,2.5232,3.4002,3.7462,3.7932,3.8092,3.8762,4.0202,4.0222,3.6192,2.8152,1.6642,1.0502,1.8442,2.9392,3.2582,3.2542
NO2_ICAD,2021-10-01,2685,False,0,7.41594,11.5649,16.4509,21.4019,25.1629,26.4279,26.5659,26.8149,27.1979,27.5719,27.7479,27.5149,27.0099,26.2929,25.1879,23.5079,22.0399,21.5519,21.3109,20.5749,19.5589,18.5269,17.6459,17.0329,16.2829,15.0309,13.9109,13.5659,13.4129,12.8959,12.4909,12.6879,12.8349,12.2429,11.2609,10.1799,8.68894,6.52594,5.11594,5.89094,7.14094,7.17994,6.68794,6.46494,6.71394,7.52194,7.91194,6.93394,5.70094,5.33294
NO2_ICAD,2021-10-01,2687,False,2,10.0148,12.0028,13.1208,13.7608,14.2828,14.7898,15.3278,15.8888,16.4618,17.0408,17.5278,17.2798,15.5918,13.4228,11.7098,10.5658,10.0888,9.98482,9.99682,9.74782,8.88482,7.84682,7.05482,6.40682,5.80182,5.40082,5.37282,5.28682,4.72882,4.13282,3.98482,4.32582,5.10882,5.23382,3.63982,1.88182,1.52382,1.92482,2.40382,2.75582,2.84882,2.78582,2.65082,2.48582,2.32382,2.20082,2.17382,2.30482,2.65582,2.96082
NO2_ICAD,2021-10-01,2708,False,1,41.9967,39.8247,39.2887,39.5687,40.7027,47.8517,68.7497,109.42,174.787,225.356,221.544,197.29,186.243,187.693,198.08,206.101,201.475,192.51,187.52,184.939,182.198,175.77,162.119,146,132.008,120.407,111.113,101.489,89.1567,76.4957,66.0407,57.1347,49.2727,42.9347,38.9377,36.0877,33.3957,30.8277,28.4867,26.1267,23.5457,21.1927,19.5657,18.3427,17.2367,16.1747,15.1207,13.9647,12.5927,11.1107
NO2_ICAD,2021-10-01,2735,False,0,9.26418,8.19818,7.28518,7.09418,7.27718,7.53618,8.03118,8.99818,10.2002,11.3772,12.1022,11.8632,10.6662,8.55718,7.20118,8.15318,9.18318,8.11418,6.69118,6.71518,7.07618,6.59118,5.88118,5.64518,5.67618,5.71018,5.50818,4.81018,3.68818,2.24118,1.22118,1.37418,1.88118,2.01218,2.39718,3.71918,5.08018,5.55518,5.55718,5.45218,4.97318,3.80218,2.68918,2.36918,2.30218,1.97218,1.78918,2.20818,2.71118,2.79218
NO2_ICAD,2021-10-01,2751,False,1,2.11768,2.76168,3.96968,5.88868,8.63568,12.3627,15.8287,17.7937,18.9777,19.9937,20.4537,19.7657,18.2237,16.0937,14.2747,13.6707,13.9557,14.7497,14.7877,12.8557,10.4347,9.00868,8.36568,8.26068,8.39068,8.55568,8.76168,9.04968,9.37868,9.70668,9.98868,10.1187,9.72168,8.40968,7.03568,6.41468,6.01568,5.29268,4.52068,4.02468,3.67768,3.32868,2.81268,2.03068,1.60868,2.17368,2.90368,2.95568,2.48668,1.75168
NO2_ICAD,2021-10-02,10,False,-1,3.38082,1.98782,0.92982,1.03582,3.16482,6.29482,9.77082,15.0088,23.4938,31.5318,35.1968,35.2298,32.2548,28.7858,26.9988,26.1328,25.3248,24.1888,22.4838,20.9958,20.5378,20.6148,20.6438,19.7608,17.1608,14.5148,13.4048,12.4968,10.4618,8.52782,8.03182,8.23682,8.41082,8.52682,8.64882,8.77682,8.85182,8.48782,7.29282,6.01582,5.41582,5.30082,5.47082,5.64282,5.55782,5.18882,4.52182,3.96982,3.94082,4.18482
NO2_ICAD,2021-10-02,64,False,-1,18.3422,17.7302,17.5572,19.7472,23.0242,26.1052,28.6722,30.4982,31.9622,33.3192,34.1732,33.9662,32.8152,30.7792,28.7942,27.7072,26.8532,25.5392,23.9652,22.3732,20.8962,19.6532,18.5462,17.5232,16.7512,16.4462,16.3732,16.3232,16.2272,16.1022,16.4322,17.6412,18.4092,17.3522,15.3052,13.1432,11.7312,11.9072,12.8812,13.9852,15.3312,17.1782,19.3952,21.8052,23.5782,23.8382,23.3342,22.6272,21.0682,17.8992
NO2_ICAD,2021-10-02,86,False,0,13.9215,18.4175,20.7845,22.5895,25.3825,28.2995,30.3585,32.0175,33.6935,34.9155,35.0915,34.7415,34.3275,33.9335,33.4975,32.4045,29.9925,27.1525,24.6985,22.2985,19.6365,17.5495,16.9775,17.1745,17.4095,17.1795,16.0345,14.5625,13.3245,12.3415,11.6105,10.9955,10.4375,10.2165,10.6575,11.3425,11.8845,12.3325,12.6725,12.2365,10.3075,8.06654,6.69554,6.09654,6.09454,5.81454,4.50954,3.48154,4.03554,4.89054
NO2_ICAD,2021-10-02,92,False,0,1.70258,0.99958,2.02158,3.55258,4.74058,8.45858,17.8106,28.5256,36.2256,40.5806,41.2076,40.0706,38.6846,37.0706,34.9956,32.6696,30.3056,28.2396,26.7896,25.4546,23.8186,22.5236,22.2556,22.2176,21.6116,20.6896,19.7236,18.7346,17.7446,17.0986,17.1286,17.0716,16.1526,14.8186,13.5666,12.8296,13.0286,13.5346,13.7636,13.8236,13.8636,13.9026,13.9116,13.6746,12.9746,12.2526,11.8856,11.2456,9.73058,8.41258
NO2_ICAD,2021-10-02,98,False,1,0.5225,0.4285,0.4285,1.3335,4.0485,7.6675,12.7855,28.9925,66.1605,104.682,123.96,124.2,105.474,84.2505,75.4755,73.5065,72.3875,71.2685,70.0075,67.6025,62.9905,57.8735,53.8535,50.1895,46.1145,42.3085,39.5105,36.7805,33.2055,29.5635,26.6915,24.2335,21.8305,19.4385,17.1925,15.9185,16.3515,16.0495,12.6775,9.2005,8.6095,8.9595,8.2615,7.3315,7.1515,7.3865,7.6745,7.9625,8.2385,8.4175
NO2_ICAD,2021-10-02,99,False,3,1.12822,1.10722,1.12922,1.56922,3.20822,6.90222,11.1592,14.5162,16.9002,18.2062,18.6942,18.4622,17.9012,17.3082,16.7892,16.3912,15.8692,15.0482,14.7302,15.7252,16.9032,17.0032,15.5292,12.0332,8.71822,7.71822,7.72722,7.43522,6.91522,6.38122,5.95722,5.78522,5.98022,6.64822,7.15622,6.85822,6.11522,5.31122,4.87422,5.18722,5.58822,5.42222,4.94822,4.45422,4.11422,4.06222,3.99622,3.59322,2.86022,1.89522
NO2_ICAD,2021-10-02,110,False,1,1.68416,1.65216,2.39216,3.30016,3.79016,4.03516,4.29016,5.04616,6.72616,8.15716,8.12916,7.34016,6.49616,5.97916,6.12616,6.68416,7.36916,7.47016,6.32616,5.18816,5.26516,5.59116,5.17516,4.56016,4.34816,4.36416,4.37216,4.08716,3.23716,2.26716,1.65516,1.60416,2.32016,3.18916,3.59316,3.41316,2.55016,1.72716,1.64416,1.95116,2.29716,2.55816,2.70516,3.22516,4.51316,5.18316,3.86716,2.34416,2.39016,3.01016
NO2_ICAD,2021-10-02,120,False,2,12.4576,15.2166,17.2356,19.1976,21.4586,24.1686,26.0036,25.6356,24.9326,25.6516,26.3386,25.4316,24.0136,23.2026,22.7346,22.2796,21.8086,21.2146,19.6466,16.2566,12.8856,11.4346,11.4406,12.4716,13.7286,14.5336,14.8556,14.6576,14.2156,13.7446,13.2736,12.8176,12.4796,12.3956,12.5636,12.9516,12.9606,12.0106,10.9286,10.5356,10.4746,10.3666,10.2116,10.0506,9.88958,9.72158,9.49958,9.19658,9.05458,9.31658
NO2_ICAD,2021-10-02,129,False,4,0.4058,1.4358,3.1308,4.6818,6.3388,8.3658,9.8148,9.7628,9.7898,11.3808,12.8308,12.3118,10.7528,9.0698,7.4318,5.9798,5.3058,6.0148,6.7628,6.2798,5.6078,5.7708,5.7798,4.6328,3.5818,3.9028,4.5448,4.4208,3.8648,3.2798,2.8888,2.8858,3.0758,3.2788,3.3768,3.3058,3.4438,4.0888,4.2068,2.7828,1.2918,1.2408,1.9618,2.7768,3.5628,4.2318,4.3668,3.4828,2.0708,0.6498
NO2_ICAD,2021-10-02,166,False,0,1.29144,0.81144,1.15844,1.93744,2.79944,3.89544,5.54144,8.08044,11.8584,15.4034,17.1484,17.2224,15.6504,13.4884,11.6674,10.4934,10.2624,10.5264,10.9194,11.3504,11.8274,12.6424,14.0554,15.1944,15.1484,14.4554,13.6744,13.3344,13.8554,14.1554,13.2044,12.2104,12.4394,13.3244,14.2614,14.9644,15.2194,15.3824,15.7664,16.0124,15.7224,15.1674,14.6484,14.4694,14.9334,15.6384,16.2134,16.7034,17.0864,16.7054
NO2_ICAD,2021-10-02,188,False,1,3.51806,4.87706,6.19206,7.14006,7.34506,7.12706,6.79706,6.76106,7.37406,8.00106,8.02706,7.88006,7.98306,8.01606,7.61206,6.97806,6.33906,5.88106,5.74006,5.40106,4.42206,3.82206,4.65606,5.98706,6.85606,7.16206,6.82906,6.19206,5.54306,5.09606,5.03006,4.97506,4.59206,4.26206,4.38806,4.69306,4.85106,4.57706,3.64706,3.01706,3.62406,4.48506,4.60506,4.31406,3.93806,3.30206,2.20306,1.30006,1.29406,1.84806
NO2_ICAD,2021-10-02,206,False,8,19.7834,26.8964,31.3434,33.7994,34.9094,35.4564,35.9944,36.6564,37.5204,38.4824,39.3374,39.2334,37.2624,34.7474,32.9724,31.8554,31.2764,30.9414,30.6114,30.0904,29.1274,27.5154,25.0874,23.1764,23.1584,24.1154,25.1304,25.6294,25.1654,24.7264,25.2644,26.0224,26.2304,26.2934,26.5984,26.5164,25.3754,23.9984,23.2044,22.7374,22.2634,21.4154,19.9264,18.9234,19.4994,20.1414,19.2744,17.4244,15.1754,13.3544
NO2_ICAD,2021-10-02,215,False,7,7.0459,8.6709,8.8989,8.7619,9.2259,9.3859,8.3409,7.7029,9.0759,10.6759,10.6629,9.7739,8.8429,8.4549,9.0889,9.7529,9.4919,8.9599,8.8399,8.9209,8.9439,8.8339,8.5399,8.2169,8.0119,7.8709,7.6849,7.0779,5.7309,4.8069,5.4339,6.2239,5.8459,5.5009,6.4409,7.6439,7.9799,7.3969,5.8769,4.3529,3.7019,3.5179,3.4709,4.0589,5.7919,7.1879,6.7669,5.7539,5.3599,5.1869
NO2_ICAD,2021-10-02,228,False,-2,2.50234,1.71234,1.32334,1.74234,2.62234,3.66534,4.72234,5.70234,6.66434,7.59234,7.88234,6.93834,6.05834,6.50534,7.30734,7.45434,7.22734,6.96934,6.82834,6.90434,6.95734,6.75234,6.47834,6.24934,5.44934,3.49134,1.87434,2.07834,2.71834,2.38034,1.49234,0.62934,0.51434,1.81034,3.18334,3.31434,2.82534,2.38434,2.23434,2.54134,2.85134,2.71834,2.34934,1.95934,1.65034,1.50034,1.43034,1.38034,1.40734,1.58834
NO2_ICAD,2021-10-02,230,False,1,3.84868,2.36868,2.48068,3.46868,4.52468,5.24468,5.34168,5.48768,6.33268,7.32968,7.85668,7.72168,6.72568,5.53368,4.74968,4.14168,3.47568,2.97068,2.89468,3.03768,3.20168,3.32068,3.35868,3.45068,3.72768,4.05268,4.28968,4.48468,4.68968,4.90268,5.07168,4.87868,4.01968,3.24168,3.30068,3.80168,4.31268,4.45668,3.92468,3.47668,3.88668,4.76368,5.64468,5.86568,4.81668,3.73868,3.92868,5.25768,7.70668,11.1127
NO2_ICAD,2021-10-02,294,False,0,1.42582,1.42982,1.51082,1.85182,1.91982,1.37382,2.29082,6.81182,12.1088,15.3138,16.7138,16.6098,15.8218,14.9488,14.0768,13.2758,13.0508,13.8718,14.4228,13.4278,12.1718,11.9368,11.9468,11.4078,10.9598,11.3048,11.9168,12.2608,12.4448,12.5888,12.5728,12.2538,11.8828,11.7128,11.6948,11.7748,11.8458,11.8268,11.8338,11.9928,12.2338,12.4688,12.5368,12.2618,11.8158,11.3398,10.7978,10.1858,10.0188,10.8218
NO2_ICAD,2021-10-02,295,False,-2,13.0527,12.1347,11.1977,10.2987,9.9897,10.8507,11.9277,12.3687,13.0207,14.7187,16.0827,15.7177,15.0017,15.2897,15.7257,15.3547,14.5437,13.6837,12.8647,12.1767,11.8867,12.2617,12.5827,12.1257,11.2387,10.2957,9.6187,9.5137,9.7477,10.0897,10.1857,9.6877,8.8887,8.0847,7.5457,7.5387,7.8047,8.1087,8.3257,8.3347,8.1127,7.6647,7.5287,8.2187,8.9347,8.8667,8.3767,7.8807,7.7497,8.2547
NO2_ICAD,2021-10-02,312,False,1,-0.1568,-0.2638,0.4122,1.2022,2.1252,3.2982,4.4572,5.3432,6.1292,6.9352,7.3522,6.9242,6.2182,5.7662,5.4362,5.0542,4.6382,4.2862,4.4852,5.6902,6.6632,6.1912,5.3262,5.1342,5.2602,5.2752,5.0792,4.6062,4.1122,3.8412,3.6912,3.5462,3.3182,2.9452,2.6552,2.6922,2.9502,3.2922,3.2942,2.5552,1.7402,1.5142,1.5812,1.6352,1.6612,1.6862,1.7262,1.8402,2.3282,3.4502
NO2_ICAD,2021-10-02,328,False,3,3.52212,2.45212,2.25312,2.49312,2.67412,2.79312,2.98112,3.78112,5.69412,7.34312,7.34312,6.69312,6.35312,5.96812,5.10312,4.26212,3.97612,3.97912,4.00812,4.03112,4.06712,4.20712,4.51212,4.56212,3.92112,3.04012,2.35012,1.77812,1.24612,0.91312,0.97112,1.19412,1.42612,2.05712,3.46112,4.58612,4.34412,3.39112,2.39012,1.71712,1.67512,1.76212,1.47712,0.88512,0.10912,-0.34288,0.05112,0.88412,1.76712,2.47512
NO2_ICAD,2021-10-02,382,False,4,8.46862,9.45862,9.74062,10.0216,10.9346,11.3816,10.2786,9.30762,10.1476,11.4206,11.6976,11.4156,11.0706,10.7896,10.6286,10.4796,10.2766,10.3566,11.0256,11.4356,10.7586,9.97862,10.0806,10.4836,10.5676,10.4616,10.3636,10.5096,11.0916,11.4926,11.1066,10.5496,10.4516,10.6116,10.8056,10.9516,10.9976,10.9926,10.9466,10.6296,9.77062,8.64562,7.54662,6.84062,6.85362,6.82962,6.06462,5.35062,5.51462,6.01662
NO2_ICAD,2021-10-02,392,False,6,2.76698,3.11098,3.98198,4.50698,4.90098,5.46098,6.12398,6.81398,7.50998,8.14398,8.27298,7.40298,6.11298,4.93098,3.84498,2.82498,2.09698,1.93798,2.09098,2.34098,2.62298,2.88498,2.95698,2.67698,2.41398,2.53898,2.86998,3.20198,3.32998,3.05298,2.58498,2.18098,2.30998,3.38098,4.12198,3.29998,2.21498,2.20098,2.77498,3.33798,3.22198,1.83498,0.47098,0.45698,1.39198,2.79598,3.54798,2.58298,1.13998,0.46098
NO2_ICAD,2021-10-02,523,False,1,5.76126,5.99126,6.72626,8.45826,11.1033,15.0943,22.7163,36.2453,48.7833,53.3673,53.7763,53.4563,51.4793,46.2873,40.2283,35.5893,32.1013,29.4393,27.1503,24.8873,22.2923,19.1083,16.3923,15.2593,14.9393,14.6713,14.0173,12.6063,10.9423,9.53526,8.53326,8.10626,8.11626,8.47226,8.82426,8.83426,8.49226,7.76926,6.86626,5.95026,5.11026,4.50626,4.65426,6.07926,7.52826,7.80826,7.81626,8.43826,8.95826,8.58426
NO2_ICAD,2021-10-02,627,False,2,9.99656,10.2136,10.9736,11.7376,12.0446,12.6396,14.3446,16.6156,18.8556,20.3656,20.4226,19.7546,19.0036,18.3166,17.7576,17.2636,16.7486,16.0106,14.8906,14.0786,14.2336,14.3916,13.6036,12.6376,12.2966,12.2286,12.0496,11.7946,11.5156,11.1296,10.5316,9.82756,9.18156,9.11656,10.1616,11.3826,11.8146,11.3996,10.1236,8.99356,8.95956,9.30856,9.31956,9.12556,8.93956,9.03156,9.67456,10.5586,11.2996,11.1676
NO2_ICAD,2021-10-02,792,False,1,6.31248,6.92748,7.93448,9.21948,10.6545,11.7865,12.2465,13.1305,15.4835,17.7655,18.3775,18.0925,17.6745,17.2455,16.8745,16.9775,17.9095,18.3395,16.9915,15.5945,15.8245,16.1505,14.9785,13.3605,12.4155,11.8945,11.5005,11.1445,10.8335,10.8465,11.4645,12.0545,11.9525,11.2505,10.0245,8.65748,7.52448,6.90148,7.08648,7.59648,7.99348,8.24748,8.36248,8.41148,8.51348,9.10748,10.5195,11.1095,9.23548,6.86648
NO2_ICAD,2021-10-02,931,False,1,6.26818,5.79718,5.19018,4.39318,3.44418,4.13618,8.41618,14.1452,19.1412,22.1652,22.0262,20.8042,20.3972,20.4972,20.5962,20.1792,18.8172,17.6332,17.6832,17.7282,16.5852,15.6882,16.4642,17.1742,16.0562,14.4962,13.9642,14.1442,14.6822,15.3632,15.9922,16.0492,14.9732,13.3992,11.9452,10.9092,10.5272,10.1452,9.23718,8.95918,10.4582,11.9202,11.4882,10.1172,8.78418,7.68918,6.93718,6.35218,5.77718,5.12818
NO2_ICAD,2021-10-02,1048,False,1,0.8341,0.7981,1.1851,1.8151,2.6761,4.6791,8.9031,14.2361,19.5371,23.4751,24.6071,23.7141,21.4421,19.4341,19.1751,19.6531,19.8691,19.8951,19.8741,19.6691,19.0451,17.8371,15.8331,13.6531,11.9461,11.0441,11.2361,11.2611,9.9221,8.3241,7.6091,7.3821,7.2601,7.4941,8.3171,8.5291,6.9791,5.4481,5.6971,6.3951,6.1441,5.3581,4.5251,3.8591,3.5121,3.2001,2.6611,2.1041,1.7551,1.5181
NO2_ICAD,2021-10-02,1058,False,1,4.74636,6.89736,7.03636,6.52036,6.83836,8.22436,10.9064,14.2084,17.4724,19.8054,20.2794,19.8344,19.2974,18.7964,18.3184,17.6354,16.5604,15.7884,16.0114,16.3934,16.0954,15.4224,14.7224,14.1784,13.9354,13.7644,13.3954,12.5604,11.0194,9.66736,9.37536,9.38836,8.96936,8.49836,8.42436,8.56336,8.71536,8.75536,8.51636,7.72736,6.13636,4.78436,4.72136,5.24236,5.66136,5.98736,6.26436,6.24136,5.66136,5.14336
NO2_ICAD,2021-10-02,1133,False,5,4.90022,5.71422,6.98122,8.81322,10.8632,12.7732,14.1702,14.6642,14.7802,14.9802,15.1492,15.1132,14.9712,14.8132,14.6362,14.4222,14.1902,13.9562,13.7312,13.5252,13.3422,13.1892,13.0512,12.9222,12.8562,12.9052,12.9522,12.8802,12.7542,12.6422,12.5412,12.4222,12.1512,11.5642,10.7282,9.72222,8.95222,8.83922,9.06822,9.30522,9.11022,8.09922,7.16822,7.22522,7.80322,8.38022,8.41822,7.40122,6.00822,4.89022
NO2_ICAD,2021-10-02,1153,False,0,6.13728,8.01228,9.97928,11.6653,12.7343,13.5243,14.3593,15.3233,16.4343,17.2723,17.3843,17.1273,16.8403,16.6833,16.7383,16.5493,15.6273,14.3213,12.9613,11.7313,10.8213,10.3763,10.5973,11.1633,11.8093,12.4763,13.1473,13.8403,14.5343,14.9093,14.5983,13.8843,13.0043,12.0723,11.1353,10.0943,8.83928,7.57928,6.56928,6.05528,6.29928,6.66628,6.55228,6.17328,5.72128,4.93828,3.58128,2.58328,2.88328,3.57728
NO2_ICAD,2021-10-02,1200,False,4,11.2076,11.4956,11.9856,12.3236,12.1286,11.6586,11.2126,11.2406,12.2036,13.5516,14.6136,14.2066,11.2116,8.31058,8.11158,8.80958,8.57358,8.05958,8.05258,8.18258,8.02358,7.70058,7.33558,6.78958,5.95058,5.44658,5.87058,6.15558,5.28258,4.45658,4.91458,5.78858,6.17958,6.28658,6.35358,6.39658,6.38958,6.35658,6.34958,6.56858,7.18358,7.58258,7.15658,6.52458,6.26258,5.88858,4.92758,4.23058,4.64558,5.16158
NO2_ICAD,2021-10-02,1240,False,0,5.04274,5.42474,6.21474,7.17574,8.72874,11.3467,13.9997,15.6657,16.8027,17.8027,18.2397,17.5507,16.3077,15.0477,14.0637,13.6087,13.3847,13.1217,12.8217,12.4847,11.8927,10.7937,9.45874,8.17674,7.26974,7.00974,6.57674,5.20074,3.87774,3.63174,3.80874,3.71674,3.24874,2.35974,1.52674,1.21274,1.17174,1.19774,1.48774,2.26674,2.99274,3.09374,2.67774,1.80374,0.56774,-0.91826,-1.77526,-1.07526,0.35974,1.72374
NO2_ICAD,2021-10-02,1263,False,0,8.33132,9.78332,11.5253,13.7493,15.5033,15.8523,16.0813,17.4923,19.5193,21.4313,22.1383,20.4833,17.6993,14.9753,13.1023,12.8293,13.3523,13.9163,14.0073,13.2233,12.5403,12.8343,12.8453,11.3643,10.2253,11.2293,12.2463,11.1203,9.45232,8.92932,9.05232,9.25532,9.45832,9.67432,10.0013,10.4973,10.6783,10.0623,9.32732,9.13232,9.11132,8.85332,8.34532,7.59232,6.80132,6.18632,5.87332,6.01132,6.36932,6.70732
NO2_ICAD,2021-10-02,1416,False,1,15.7924,16.2414,16.4994,17.0334,17.7274,18.4374,19.1144,19.7384,20.4394,21.2874,21.7274,21.1904,20.4834,20.3784,20.3624,19.7874,18.2944,15.5884,13.3124,13.1324,14.0404,14.9964,15.2404,14.1334,12.8844,12.7944,14.1504,17.1344,19.4344,18.8144,17.3754,17.2494,18.0614,19.3154,20.4004,20.7744,20.7804,20.7404,20.6964,20.6454,20.6064,20.6014,20.6234,20.6044,20.0974,18.6454,17.1024,16.4184,16.9994,19.1624
NO2_ICAD,2021-10-02,1613,False,0,9.83104,8.43604,7.51504,7.53104,9.18604,12.879,19.132,25.409,29.186,31.006,31.33,30.988,30.545,29.966,29.163,28.61,28.726,28.53,27.068,25.596,25.385,25.623,25.477,25.198,25.068,24.749,23.852,22.66,21.498,20.88,21.346,22.335,23.19,22.734,19.835,16.791,15.807,15.387,14.002,12.492,11.827,11.621,11.41,10.699,9.04204,7.30304,6.40504,6.49304,7.68504,8.72304
NO2_ICAD,2021-10-02,1648,False,1,7.0196,6.7646,6.5786,6.4866,6.9376,10.8856,21.3146,31.9036,36.3546,37.5226,38.1096,37.3276,33.8346,29.1756,24.8996,22.0216,21.5516,22.2016,22.8486,23.4186,24.0006,24.7456,25.6646,25.4936,22.9116,19.6896,17.5386,16.0016,14.5556,13.2156,12.0946,11.1056,10.1846,9.3396,8.5776,7.7106,6.5776,5.5916,5.2306,5.4946,6.4496,7.7806,9.1946,10.1376,10.0386,9.4136,8.7736,8.5316,9.0516,9.6856
NO2_ICAD,2021-10-02,1735,False,0,2.12592,2.51592,2.88292,2.98292,2.91392,5.51492,13.8669,24.4509,33.8009,40.9319,44.6779,44.7699,40.5139,35.0989,31.3789,28.6409,26.2499,25.6479,28.5069,32.2169,34.2809,35.4999,36.6979,37.2399,36.3429,35.0999,34.5169,33.8819,32.3819,30.4229,28.3469,25.7889,22.3219,18.8239,16.2309,14.5749,13.9169,13.4909,12.6969,12.2749,13.0689,14.4869,15.9459,17.1049,17.6679,17.9319,18.2009,18.8129,20.0119,20.7759
NO2_ICAD,2021-10-02,1800,False,3,8.13612,9.02612,11.1041,13.1721,14.0401,14.3381,14.7351,15.4561,16.6451,17.7631,18.2261,17.9841,16.9331,15.5091,14.1331,13.3141,13.5861,14.4031,15.2881,16.1741,16.9521,16.8591,15.1211,13.3041,12.9421,13.2121,13.2271,12.8031,11.8461,10.9741,10.7981,10.9881,11.1871,11.1001,10.4351,9.45312,8.37912,7.31212,6.41512,6.33712,7.68512,8.71012,7.68012,6.01612,5.15612,4.76712,4.43512,4.08712,3.70912,3.31612
NO2_ICAD,2021-10-02,1822,False,3,8.3542,13.6112,17.7312,21.1942,24.4552,26.7552,27.3012,28.2162,31.5412,35.1582,36.6892,35.7472,31.8452,26.8352,22.3942,19.0332,17.2172,16.1542,15.1282,13.6432,11.3462,9.4122,9.0162,9.0352,8.3932,7.7452,7.8162,8.0542,7.8832,7.5172,7.1992,6.9182,6.6432,6.3722,6.1542,6.3022,7.0532,7.1722,5.4812,3.8542,4.1472,4.9362,4.7352,4.0042,3.2892,2.7472,2.4902,2.3742,2.2892,2.3282
NO2_ICAD,2021-10-02,1825,False,0,3.29974,3.42974,3.43074,3.45374,3.77774,4.79774,6.85874,10.3757,14.1577,16.9427,18.1367,17.0917,15.3787,14.3617,13.2957,11.3607,9.51374,8.77774,8.62874,8.54874,8.44174,8.26774,7.96274,7.41974,6.55074,5.25874,4.02374,3.35274,3.23374,3.66574,4.14274,4.19674,4.02174,3.85074,3.93074,4.47174,4.93174,4.77674,4.43674,4.30974,4.00874,3.14474,2.46474,2.72574,3.23474,3.28874,3.08574,2.85574,2.62674,2.39874
NO2_ICAD,2021-10-02,1826,False,1,5.0292,9.3772,14.3672,17.7312,20.1862,22.5542,25.1442,28.2182,31.8452,35.9202,38.3822,36.8992,32.6972,26.8262,21.1562,17.4242,15.3312,14.6822,14.6952,14.7902,14.8862,15.0362,15.6212,17.0652,18.8472,20.4202,21.3522,21.2022,20.6512,20.3492,20.4102,20.8812,21.2172,20.8712,20.1712,19.4652,19.0702,19.2372,19.2502,18.4542,17.8292,18.2432,17.9002,14.9552,11.4082,9.2892,8.1252,7.4282,7.1732,7.4912
NO2_ICAD,2021-10-02,1863,False,7,7.77334,9.94434,11.7093,12.7693,12.8633,12.8823,13.6483,14.5653,14.9983,15.1623,15.2523,15.0193,14.1613,13.1553,12.4513,11.8853,11.3013,10.9093,10.9093,10.6713,9.58134,8.44234,8.10834,8.42134,9.20734,9.91434,10.0303,9.83634,9.61134,9.43834,9.37234,9.35834,9.36034,9.43034,9.58134,9.33034,8.17334,6.72634,5.63834,5.18834,5.63134,6.20234,6.18134,5.93534,5.85634,5.88234,5.90034,5.75834,5.33134,5.02634
NO2_ICAD,2021-10-02,1876,False,0,4.41014,3.77114,3.64514,3.81514,4.10414,5.05114,7.41614,11.2391,16.5081,20.6941,21.2081,19.8171,18.1691,16.6871,15.5861,14.7471,14.0841,13.4961,12.9391,12.5491,12.5131,12.8031,13.3721,13.6441,13.0261,11.9521,10.8271,9.75614,8.81414,8.12014,7.91114,8.60014,10.6011,12.3791,12.3941,11.4831,10.4751,9.60514,9.02614,8.70014,8.57314,8.20014,7.18214,6.28314,6.28614,6.69314,6.98014,6.94914,6.44014,5.83614
NO2_ICAD,2021-10-02,2283,False,3,3.82444,4.79444,5.66544,6.46144,7.17844,7.50444,7.10744,6.66844,6.85644,7.38244,7.89744,7.98044,7.21944,6.20344,5.49344,5.03844,4.81944,5.13344,6.30444,7.43744,7.64044,7.35144,6.93844,6.02544,4.22744,2.84044,3.12844,3.63844,2.93544,1.94144,1.65744,1.77044,1.95244,2.29644,2.89944,3.16944,2.56644,2.20644,3.18244,4.32144,4.35544,3.40644,1.64844,0.16444,0.00044,0.52144,1.08044,1.25244,0.75844,0.72744
NO2_ICAD,2021-10-02,2412,False,-1,8.4444,9.0564,9.1314,9.3084,10.2674,11.6334,13.0424,14.4484,15.8434,17.1504,18.1564,18.0514,15.9414,13.2164,11.1614,9.3594,7.3834,5.9184,5.7634,6.2734,6.7964,6.7564,5.6614,4.5874,4.5254,4.3414,2.9334,1.7444,2.2704,3.3344,3.7404,3.7584,3.7204,3.6144,3.3574,2.9044,2.2104,1.5764,1.2944,1.1114,0.7964,0.5634,0.6654,0.9394,1.2564,1.7444,2.5374,3.2054,3.3114,3.1874
NO2_ICAD,2021-10-02,2431,False,1,2.22586,2.71086,4.26486,7.83286,14.5469,25.6179,36.2869,41.8489,44.7129,47.0709,48.0709,46.2859,42.5779,37.7479,33.7889,32.5759,32.3269,31.3089,29.8179,28.2269,26.3179,23.9019,22.2279,22.5099,22.8339,21.2949,19.1049,17.5579,16.6189,16.2049,16.0299,15.9159,16.0549,16.6699,17.3079,17.4939,17.2489,16.6139,16.1099,16.1789,16.0589,14.9859,13.7459,13.1459,12.8979,12.6569,12.1159,10.9739,9.53386,8.10886
NO2_ICAD,2021-10-02,2442,False,-1,4.26692,4.14592,3.38792,2.66592,2.71992,3.77892,6.09692,8.59392,10.2129,11.0129,11.0379,10.7709,10.5979,10.4949,10.3259,9.55592,7.73392,6.51692,7.49292,8.50992,7.47792,6.30892,6.99492,8.27692,8.77592,8.44392,7.33292,6.43392,6.70892,7.59592,8.48792,8.80292,8.00392,6.94592,6.46292,6.39892,6.59392,7.02592,7.66092,7.77892,6.64492,5.15292,4.21292,3.91192,4.33192,5.09492,5.82492,5.94392,4.87992,3.49192
NO2_ICAD,2021-10-02,2472,False,-1,5.016,5.464,5.908,6.325,6.707,7.181,8.011,9.935,13.645,16.899,17.391,16.297,14.746,13.29,12.38,12.24,13.173,14.628,16.013,16.323,14.563,12.363,11.285,10.762,10.184,9.701,9.578,9.832,10.464,10.876,10.469,9.664,8.856,8.075,7.291,6.456,5.599,5.309,6.187,7.215,7.319,6.431,4.522,2.779,2.294,2.062,1.089,0.057,-0.274,-0.227
NO2_ICAD,2021-10-02,2476,False,2,6.29836,5.21836,4.16936,3.98336,5.38536,6.57036,5.85336,5.22436,6.70636,8.64236,9.24536,8.70436,7.24936,5.68836,4.72636,4.09036,3.52236,3.17236,3.21636,3.15736,2.56436,2.30736,3.25236,4.28736,4.23336,3.27336,1.63136,0.17836,-0.25764,-0.16464,0.03736,0.57836,1.71336,2.52436,2.09436,1.32536,1.13236,1.32336,1.65536,1.91836,1.97836,2.26636,3.18436,3.92136,3.63036,2.80136,1.97636,1.71736,2.52736,3.40836
NO2_ICAD,2021-10-02,2504,False,3,5.40776,7.78776,9.44176,10.1158,10.9108,12.8698,15.1098,16.7208,17.9758,19.1188,19.7168,19.2508,18.4338,17.9018,17.2628,16.0598,14.6618,13.4118,12.0638,10.3998,9.15676,9.10676,9.41876,9.28376,8.88676,8.48576,8.31376,8.60176,9.12776,9.70876,10.3728,11.1128,11.3088,10.3468,9.35676,9.44076,9.86176,9.84776,9.57976,9.25176,8.69876,7.73676,6.86976,6.66076,7.13176,8.29476,9.28176,9.28176,9.05376,9.27676
NO2_ICAD,2021-10-02,2526,False,2,0.73776,0.68076,0.73376,1.35076,3.04276,4.87576,5.99876,7.23076,9.39976,11.5108,12.3868,11.7318,9.27076,7.03176,6.98076,7.92676,8.68676,9.28076,9.81976,10.0768,9.77476,9.23876,8.74576,8.15976,7.34476,6.76376,6.88276,7.13076,6.94176,6.55876,6.24476,5.98076,5.71476,5.38876,4.94376,4.43976,3.92276,3.36376,2.75576,2.35476,2.43576,2.66076,2.68076,2.40076,1.74776,1.16276,1.07776,1.25476,1.47176,1.74676
NO2_ICAD,2021-10-03,94,False,1,13.6584,14.1234,14.6094,15.1164,15.6024,15.8964,15.8974,16.4364,18.3064,20.0594,20.2074,19.5154,18.7354,17.9644,17.1944,16.4244,15.6544,14.8854,14.1534,13.7064,13.8054,14.0164,13.9154,13.6424,13.3584,13.1684,13.1444,13.0424,12.6104,12.0114,11.3994,10.7914,10.2614,10.3414,11.5404,12.5344,12.0384,11.2354,11.3194,11.7034,11.7324,11.5534,11.2934,10.5944,9.10736,7.89136,7.97536,8.25036,7.57336,6.37836
NO2_ICAD,2021-10-03,124,False,0,2.5146,3.1776,4.4736,5.8036,6.5516,6.9126,7.0966,7.3646,7.9476,8.6926,9.3716,9.3496,8.0566,7.1086,8.0526,9.1756,8.7006,7.3566,5.9366,4.8336,4.3646,4.1646,3.9376,3.9476,4.5256,5.3916,6.2366,6.6276,6.1096,5.1226,4.0796,3.2636,2.9316,2.8816,2.9816,3.4306,4.4176,5.0316,4.3636,3.3776,3.0326,3.0506,3.1146,3.1776,3.2206,3.0896,2.6816,2.6506,3.6056,4.3846
NO2_ICAD,2021-10-03,184,False,2,19.5129,20.7869,21.6179,23.0719,24.2299,24.0889,23.7069,24.1489,24.9389,25.5249,25.7199,25.3479,24.7009,24.0629,23.7869,24.1269,23.9839,22.2759,20.3499,19.5159,18.8809,17.5319,16.2669,15.9949,16.4099,17.2409,18.2469,19.1639,19.1909,17.5139,15.5529,14.7039,14.5649,14.6639,14.5129,13.7639,13.4469,14.5489,15.5979,15.1329,14.3479,14.4949,15.1589,15.8139,15.8739,14.7929,13.5249,13.0049,12.9409,13.0069
NO2_ICAD,2021-10-03,196,False,2,1.70664,1.49464,0.58564,-0.14136,0.27264,1.28464,3.21764,11.9266,33.3546,54.8996,63.6986,63.6456,58.3716,50.9026,43.3966,37.7796,35.8866,35.4506,34.2596,31.6156,27.0256,22.6086,20.4506,19.4846,18.6356,17.5216,15.8766,13.9526,11.9736,10.0426,8.34964,7.66464,8.74764,9.72864,8.83764,7.72364,8.10064,9.09764,9.78864,10.2746,10.7016,10.8516,10.4886,10.1646,10.3376,10.0316,8.30964,6.86864,7.36964,8.03464
NO2_ICAD,2021-10-03,224,False,-2,2.90816,3.50116,4.59416,9.32916,21.2392,36.7342,53.1262,73.1062,99.4262,122.635,132.454,132.034,123.539,110.236,94.1402,78.2502,65.3932,55.9912,50.7522,47.6202,44.9852,42.4742,39.9572,37.2722,34.2602,31.1612,28.1782,25.0672,21.6652,19.0082,18.1672,17.7472,16.4182,14.9072,14.0292,13.4802,12.9292,12.3552,11.7812,11.2362,10.7182,9.99516,8.86516,7.96816,7.96716,8.38116,8.70116,8.58016,7.67916,6.41316
NO2_ICAD,2021-10-03,240,False,-1,3.56128,3.06928,2.86728,3.88928,5.07228,5.36528,5.45728,6.11028,7.22628,8.62028,9.54328,9.22528,8.27628,7.31028,6.82628,7.24528,7.63828,7.10628,6.32328,5.94528,5.43228,4.21928,3.04228,2.67728,2.74128,2.86728,3.05928,3.38328,3.77428,4.11628,4.00628,3.05828,2.20328,2.35528,2.82828,2.92428,2.84228,2.79328,2.55428,1.86028,1.02228,0.36328,-0.01372,0.00028,0.20328,0.47528,1.10928,2.39528,3.44528,3.34828
NO2_ICAD,2021-10-03,253,False,-1,1.66228,5.40728,15.4373,28.7053,42.2813,53.2333,58.6843,61.3763,63.6593,65.4223,66.0183,65.0863,62.1143,58.4573,55.2223,51.5323,46.4033,41.0903,36.8593,33.1793,29.5513,26.3823,24.2373,22.8083,21.8723,21.1513,20.4693,19.8833,19.4923,19.1973,18.9023,18.5113,17.9393,17.3813,17.0773,17.2623,18.1733,19.1083,19.3753,19.2743,19.0783,18.6313,17.7073,16.5443,15.3633,14.2803,13.3623,12.3053,10.8463,9.64528
NO2_ICAD,2021-10-03,261,False,3,1.21086,0.83286,0.51586,0.93886,2.76686,4.74986,5.66286,6.03586,6.42386,6.85686,7.21886,6.96886,5.58586,4.32386,4.38886,4.70886,4.20486,3.51586,3.32586,3.23786,2.80986,2.19386,1.65586,1.93886,3.76386,5.64186,6.07386,5.65386,4.96986,4.20186,3.42986,2.70486,2.13886,2.12886,3.07386,3.98786,3.93486,3.71886,4.15786,4.72086,4.77786,4.18986,2.87486,1.88986,2.25686,3.01186,3.19186,3.03886,2.85586,2.76586
NO2_ICAD,2021-10-03,269,False,1,15.0635,16.2865,17.9995,20.3155,23.2965,25.8775,26.9875,27.4355,27.9705,28.4185,28.4555,27.9575,26.7475,25.1945,23.5585,21.6105,19.1055,16.8505,15.6985,15.2435,15.1925,15.7965,17.3775,18.8345,19.1685,19.6685,21.6315,23.7875,24.8135,25.2235,25.4855,25.1905,23.8305,22.3175,21.5985,21.6975,22.6065,23.3885,23.1475,22.4085,21.7155,21.3215,21.4525,21.8435,22.2285,22.3045,21.7885,21.1765,20.9565,20.9935
NO2_ICAD,2021-10-03,272,False,1,3.86508,3.60408,3.77808,4.69908,6.72308,9.22808,11.5921,13.2191,13.5341,13.5161,14.0111,14.1481,12.9771,11.4691,10.5981,10.0881,9.66708,9.60108,10.1691,10.4891,9.65708,8.25008,6.88308,6.02508,6.08508,6.18608,5.52308,4.89108,5.09408,5.33108,4.78308,4.03608,3.71408,3.63008,3.54008,3.15108,2.22808,1.51808,1.72708,1.92608,1.26108,0.95208,2.24008,3.66108,3.73508,3.29908,3.21608,3.20008,2.88308,2.40008
NO2_ICAD,2021-10-03,279,False,0,1.9917,1.9837,2.2287,3.0037,3.9007,4.5867,5.6077,7.5197,9.3847,10.2127,10.2947,9.8907,9.2997,8.7307,8.1867,7.6647,7.2917,7.2087,7.1857,6.9847,6.5357,5.8177,5.4387,5.9927,6.7117,6.8307,6.6267,6.3987,6.1777,5.9697,5.8717,5.9927,6.2227,6.4917,6.9587,7.7357,8.0257,7.0417,5.9227,5.8127,6.1817,6.4367,6.3097,5.5977,4.9287,4.9247,5.2587,5.6087,5.9437,6.2757
NO2_ICAD,2021-10-03,300,False,-2,3.95788,4.44888,4.84588,5.05388,5.16788,5.28888,5.56388,6.19788,7.39188,9.27088,10.3879,9.30388,7.73788,7.39988,7.77588,8.27388,8.66088,8.77988,8.78788,8.83288,8.90488,8.97288,8.97988,8.83288,8.37788,7.48888,6.89388,7.31588,8.01788,8.23188,7.90688,7.02688,6.13688,5.75088,5.63488,5.54088,5.36388,5.05288,4.91788,5.25688,5.56088,5.31388,4.81888,4.40188,4.21188,4.33288,4.14488,3.09088,2.32988,3.02288
NO2_ICAD,2021-10-03,306,False,1,-0.03038,0.48962,2.09762,3.54062,3.61262,3.48062,4.36662,5.85262,7.45162,8.66862,8.91462,7.76962,4.82162,2.26862,2.27862,3.40362,4.21362,4.78162,5.25662,5.22962,4.25862,3.26962,3.15662,3.29162,3.03762,2.71562,2.69862,2.84962,3.02262,3.20262,3.38062,3.41262,3.13362,2.65662,2.08962,1.63462,1.49062,1.50562,1.56162,1.79262,2.33862,2.77562,2.63862,1.99262,0.93562,0.25362,0.73262,1.72262,2.56662,2.98262
NO2_ICAD,2021-10-03,492,False,0,6.20726,6.72626,6.44326,6.52026,10.2743,21.6373,38.6983,59.8613,79.8613,93.2233,99.1753,96.1413,87.7853,76.9143,66.5643,59.3063,53.6623,48.2763,43.3333,39.2773,35.6633,32.1643,29.1353,27.0213,25.1893,23.0613,20.8833,19.0673,18.2923,19.2853,20.6843,21.1993,21.2143,21.0703,20.1473,17.7423,15.1803,13.7513,12.8383,11.8173,10.9053,10.4053,10.0793,9.69026,9.21526,8.66726,8.21826,8.04726,8.01826,8.01626
NO2_ICAD,2021-10-03,500,False,0,1.0993,3.9203,6.9433,8.6223,9.7373,11.1163,12.6723,14.2443,15.7543,17.0413,17.4563,16.2693,14.4653,12.9693,11.8543,11.1763,11.0023,11.4363,11.7813,11.3683,10.6713,10.1643,9.7623,9.3423,8.9063,8.4963,8.3153,8.5803,8.9823,9.1843,8.9313,7.9413,6.6033,5.2923,4.3293,4.0593,4.2873,4.8403,5.1863,4.8313,4.2753,4.0113,3.9163,3.8363,3.6993,3.4673,3.3063,3.3833,3.5313,3.5723
NO2_ICAD,2021-10-03,510,False,1,1.1772,1.6362,2.8382,4.4312,6.1012,7.7242,9.2542,11.0242,13.3332,15.3942,16.3222,16.2472,15.2712,14.3152,14.2142,14.4302,14.4072,14.2362,14.0252,13.6482,12.9622,12.3162,12.0792,12.1782,12.4912,12.3572,11.1192,9.5782,8.5582,8.1942,8.6272,9.4422,10.2042,10.1582,8.5682,6.7462,6.0222,6.2322,7.1582,7.8612,7.4452,6.4282,5.3132,4.2862,3.4732,2.7692,2.1002,1.6102,1.4792,1.5552
NO2_ICAD,2021-10-03,940,False,1,2.64842,3.17042,3.82242,4.45142,5.38842,6.99142,8.69942,9.95642,10.9654,11.8774,12.2654,11.5454,9.84242,7.22842,4.72442,3.37942,3.26242,4.46842,5.80642,6.16242,5.91942,5.47242,4.95442,4.42942,3.91942,3.46442,3.22342,3.37642,3.67142,3.87342,4.00942,4.12042,4.22242,4.31742,4.35842,4.28342,4.08042,3.72842,3.36842,3.13542,2.97142,2.86542,3.15642,4.13542,4.66342,3.59242,2.04342,1.15842,0.90142,1.20342
NO2_ICAD,2021-10-03,1077,False,1,2.56912,1.83112,1.96512,2.55812,3.39412,5.71912,11.0451,18.0671,25.3781,30.4041,30.5451,28.7931,27.8141,26.4961,23.5071,20.6261,19.7191,19.8581,20.0541,19.6571,18.1231,16.3891,15.3351,14.4411,13.2091,12.3651,12.7671,14.0621,15.8761,17.1021,16.6411,15.3191,13.9181,12.7441,12.0261,11.5321,11.0991,10.9721,11.3831,11.4651,10.3791,9.20412,9.03712,9.38312,9.69512,9.71412,9.25012,8.82412,8.95812,9.38812
NO2_ICAD,2021-10-03,1166,False,-2,12.2226,12.0366,12.1756,12.6206,13.8186,16.2696,18.7946,20.2406,21.1056,21.8496,22.2146,21.8476,21.3316,21.2126,21.1956,20.9636,20.7196,20.7016,20.8546,21.1316,21.4876,21.8416,21.7486,20.7056,19.1246,17.3536,15.5176,13.6996,12.0846,10.8886,9.96958,9.23758,8.71158,8.41058,7.82158,6.46458,5.15958,4.74758,4.80958,4.96358,5.38958,6.29358,6.97058,6.68258,5.89658,5.10958,4.82158,5.44158,5.86058,5.00758
NO2_ICAD,2021-10-03,1179,False,0,1.4325,1.8255,2.6255,3.5425,4.9985,7.5235,10.5185,13.3875,15.7335,17.0885,17.4055,16.5005,15.0045,13.4305,11.9445,10.6795,9.7445,9.2905,9.0705,8.9295,9.1875,10.1485,10.7635,9.9875,8.8535,8.4585,8.9205,10.2805,11.4155,11.2285,10.3975,9.5825,8.8335,8.1255,7.4345,6.7575,6.1875,5.8015,5.2995,4.4085,3.6315,3.4605,3.2995,2.5715,1.8705,1.8245,2.0705,2.2405,2.3775,2.5615
NO2_ICAD,2021-10-03,1309,False,-1,9.88016,23.7092,44.9602,72.7912,96.6952,106.164,108.196,109.463,112.046,116.912,120.306,117.92,109.798,95.6552,80.3792,68.5052,59.5792,53.2232,48.5872,45.3042,42.8822,41.0722,39.4402,37.6502,35.7632,33.8362,31.6822,29.1022,26.5152,24.3602,22.5842,21.0982,19.3172,16.6862,13.8962,11.6952,10.2422,9.73316,9.67616,9.59716,8.88316,7.01716,5.47216,5.69816,6.37416,6.17716,5.66116,5.44516,5.30516,4.95916
NO2_ICAD,2021-10-03,1324,False,2,0.14538,0.35438,0.98438,2.77238,6.51338,10.5994,13.4294,15.1524,15.9074,16.2194,16.3964,15.9404,14.2474,12.1854,10.6474,9.98038,10.5654,11.7864,13.0414,13.5394,12.5264,11.1634,10.5734,10.4184,10.3164,10.2024,10.0034,9.31438,7.79538,6.80238,7.70938,9.22338,10.0154,9.98038,9.06738,7.98638,7.35638,6.84338,6.11038,5.53138,5.53138,5.83138,6.13538,6.17138,5.68238,4.99838,4.45838,4.24138,4.44738,4.23538
NO2_ICAD,2021-10-03,1558,False,0,4.63204,4.53104,4.59704,7.44204,16.028,27.49,39.367,51.687,64.335,72.971,72.768,68.24,63.542,59.972,58.234,56.097,51.395,46.109,42.298,39.505,37.225,35.152,33.139,31.407,30.261,29.611,29.37,28.887,27.62,26.719,27.309,27.93,26.965,24.384,20.203,16.343,14.667,14.135,13.711,13.015,11.84,10.935,11.017,11.14,10.301,8.75304,6.78704,5.09904,4.39304,4.49004
NO2_ICAD,2021-10-03,1736,False,-3,9.63744,10.2134,11.6384,13.9754,16.7434,19.5394,22.1384,24.3094,26.0104,27.0744,27.3004,26.4454,25.6794,26.0714,26.4844,25.6834,24.0064,21.8464,20.1194,19.7194,19.9974,20.2714,19.8264,18.0114,15.9984,14.9644,14.6854,14.8744,14.7674,13.6474,12.1514,10.9104,9.90644,9.10944,8.58444,8.45144,8.49844,8.54544,8.58044,8.64044,8.90744,9.50844,9.68844,8.69944,7.56744,7.30844,7.39944,7.35044,7.72044,9.09144
NO2_ICAD,2021-10-03,1803,False,2,15.1169,19.0889,23.2179,27.2199,30.7959,33.6429,35.4949,37.7639,41.7059,45.1009,45.6159,44.7879,44.1059,43.5919,43.0979,42.6029,42.1119,41.6559,41.3209,41.4319,42.2499,42.5429,41.1419,39.7839,40.2089,41.1599,41.3379,41.1109,40.9229,40.7829,40.6759,40.7879,41.3039,41.7629,41.6289,40.6529,38.4309,34.9839,30.2709,25.8719,23.3359,21.7709,20.2619,18.2189,15.2149,12.5129,11.4159,11.1539,10.9439,10.3139
NO2_ICAD,2021-10-03,1927,False,-1,3.8229,7.5279,15.8759,24.6419,29.6129,32.5319,35.1339,37.2559,38.3959,38.8639,38.8869,38.7169,38.4929,38.0199,36.9809,35.1199,32.1079,28.7429,25.8299,23.7939,23.0339,22.4099,20.8579,19.0229,17.6059,16.4689,15.4499,14.4749,13.5889,13.3699,14.3889,15.2929,14.7289,13.4629,12.3519,12.0629,13.1449,13.9649,12.9329,11.4059,10.7689,10.6419,10.5849,10.5799,10.6079,10.1029,8.4949,6.7989,6.0439,5.9339
NO2_ICAD,2021-10-03,1959,False,2,9.92166,12.6407,15.1887,17.3597,19.0727,20.2057,21.1587,22.3187,23.8117,25.6037,26.3007,24.4287,21.5627,19.2137,17.4427,16.2167,15.2427,14.3347,13.6977,13.5237,12.9767,11.1897,8.86866,6.75666,5.31366,5.00066,5.24766,5.56966,5.89366,6.18966,6.25566,5.86866,5.30966,4.91466,5.19066,6.65366,8.36566,9.33766,9.22966,7.76566,6.54966,7.09066,7.93566,7.57766,6.55666,5.53366,5.15366,5.92766,6.30266,4.84466
NO2_ICAD,2021-10-03,2011,False,0,5.76152,8.91552,11.9805,13.9705,15.3935,16.7055,17.7125,18.1765,18.9065,20.6305,22.0105,21.6135,20.1505,18.4135,17.6565,19.0405,20.7685,21.0685,20.5835,20.0265,19.6775,19.7665,20.2225,20.9385,21.1215,20.0565,19.2205,20.0705,21.2725,21.4465,21.0115,20.4245,19.7965,19.2125,19.0265,19.5845,20.1255,19.8895,19.2405,18.5575,18.0185,17.7955,17.9335,18.4765,18.8675,18.5535,17.9365,17.3645,16.5205,15.0765
NO2_ICAD,2021-10-03,2046,False,8,24.6074,26.5714,27.1184,26.8324,26.3574,26.2474,26.8674,28.6124,30.8044,32.7244,33.5934,32.6064,30.9844,29.8534,29.0264,28.2664,27.7444,27.6604,27.5294,26.9214,26.5144,27.0554,28.1824,29.5024,30.3484,30.0744,29.3364,28.7464,28.2674,27.7344,26.6584,24.5944,22.7754,22.4504,22.7884,22.9674,22.9834,22.9194,22.9054,23.0304,23.0024,22.5014,21.7604,20.9924,20.2594,19.5774,18.7914,17.7004,16.2124,14.1964
NO2_ICAD,2021-10-03,2052,False,1,0.7687,2.1457,3.9367,4.6657,5.7907,9.0427,14.1077,20.6487,26.6367,29.9317,30.5287,28.2927,25.5487,24.3617,23.7577,22.6617,21.2647,19.8047,18.1457,16.1327,14.2927,13.2147,12.8357,13.0997,13.2147,12.4647,11.5927,11.3927,11.7207,12.3937,12.8477,12.5367,11.8317,11.0587,10.1387,8.9457,7.7897,7.0177,6.6987,6.9007,7.0507,6.5917,5.8127,5.0127,4.3737,4.0817,4.1497,4.6357,5.3207,5.9947
NO2_ICAD,2021-10-03,2077,False,-1,7.28416,8.55716,7.31316,5.53316,5.34716,6.96716,10.7962,16.6972,24.5542,30.7542,31.6852,30.5522,30.4392,31.0072,31.5752,31.4642,30.0172,28.0722,26.3372,24.2382,21.1342,17.9992,15.8682,14.6182,14.1192,13.5912,12.3762,11.2422,11.0152,11.2672,11.5122,11.2262,9.87816,8.02016,6.24816,5.37716,6.18616,7.19116,6.94416,6.04516,5.14516,4.46016,4.14716,4.01716,3.92116,3.92116,4.10316,4.32816,4.44416,4.39716
NO2_ICAD,2021-10-04,1,False,-1,0.52568,1.21868,2.37168,2.84068,2.91468,2.97868,3.35868,4.41068,6.08668,8.23768,9.24268,7.51668,5.47568,5.49368,6.33968,6.70368,6.75668,6.79168,7.00168,7.48768,7.55568,6.49168,5.07568,4.10768,3.70768,3.97068,4.35968,4.38168,4.19968,4.01168,3.98368,4.27468,4.72468,5.13868,5.10268,4.21768,3.29768,3.15368,3.44668,3.80968,3.97568,3.70668,3.21868,2.74368,2.58168,2.95668,2.91868,1.54068,0.05368,-0.30932
NO2_ICAD,2021-10-04,8,False,-1,6.93722,8.16322,9.56322,10.7252,11.7482,12.7672,13.8992,15.2462,16.6252,17.7762,18.1802,17.3022,16.2272,16.0102,16.2752,16.5682,16.4472,15.4802,14.1302,12.8142,11.5412,10.2862,9.13022,8.17122,7.31122,6.53522,6.32922,7.19822,8.12822,8.15122,8.00222,8.41322,8.77922,8.47422,8.20722,8.68022,9.17322,8.91522,8.25522,7.56422,7.02322,6.78022,6.67522,6.59722,6.78022,7.45222,7.93622,7.59922,7.34622,8.03622
NO2_ICAD,2021-10-04,31,False,4,4.0116,3.7496,3.4686,3.7706,4.2416,4.4556,4.6166,4.9746,5.5536,6.3346,6.8466,6.6096,6.0776,5.6816,5.3786,5.0506,4.4316,3.2976,2.4066,2.5266,3.0226,3.3066,3.7356,4.7036,5.5886,5.7476,5.5626,5.4086,5.2946,5.1996,5.2106,5.3686,5.1086,3.9086,2.9426,3.3856,4.2636,4.6176,4.8896,5.5486,6.0226,5.6766,4.9046,4.0456,2.9186,1.3786,0.5516,1.6076,3.2826,4.3056
NO2_ICAD,2021-10-04,36,False,3,2.08802,1.67102,3.11602,4.46602,3.80902,2.96602,3.83402,5.39302,6.53202,7.13602,7.13902,6.85502,6.50702,5.92302,4.90802,3.97002,3.62702,3.60202,3.58702,3.26602,2.38402,1.68202,1.90202,2.43102,2.65902,2.70502,2.68602,2.33502,1.41502,0.95702,1.96302,3.09502,3.01002,2.40502,2.04502,2.12302,2.74302,3.19602,2.76702,1.87802,1.00402,0.71202,1.51502,2.37402,2.31802,2.22002,2.88602,2.95902,1.09902,-0.57498
NO2_ICAD,2021-10-04,40,False,2,2.05372,4.19172,6.54572,8.95572,11.3777,13.8457,16.4847,19.8057,24.2257,27.8177,28.4697,26.9487,23.8457,20.1357,16.6267,13.9497,12.7397,12.1647,11.4817,10.6997,9.91372,9.19772,8.57672,7.68672,6.19872,4.94672,4.78172,5.04772,5.10572,5.08172,5.13272,4.99072,4.34472,3.44372,2.54872,1.95772,2.01372,2.69072,3.95472,4.84172,4.39672,3.40672,2.65372,2.22972,2.16572,2.16672,1.95672,1.57772,1.11772,0.92272
NO2_ICAD,2021-10-04,41,False,0,0.60966,0.47866,2.58966,6.07566,10.1407,13.6837,15.6577,16.6647,17.2137,17.5227,17.6457,17.4317,16.6877,15.8357,15.2787,14.8857,14.5067,14.0667,13.5697,13.5147,14.3987,15.3057,15.3227,14.9307,14.6227,14.4067,14.2337,14.0257,13.7077,13.3337,13.0007,13.0607,13.8537,14.6417,14.7207,14.6797,15.0697,15.1717,14.2367,13.2007,12.9957,13.0477,12.7647,12.4447,12.4357,12.5947,12.7277,12.4777,11.4987,10.4257
NO2_ICAD,2021-10-04,45,False,-1,11.7189,11.6819,12.5079,14.1359,16.4659,18.0679,17.5909,16.9489,18.0519,19.8379,21.0779,21.1309,19.3989,17.2969,16.1629,15.5699,15.0979,15.0449,15.7119,15.8459,14.1679,11.8639,10.1379,9.09988,8.79788,8.62788,8.07588,7.54088,7.40088,6.96288,5.52488,4.01288,3.37588,3.20888,3.13388,3.31988,4.00988,4.81488,5.32388,5.38288,4.82688,4.02888,3.35888,3.09888,3.52388,4.12888,4.42688,4.43888,4.19388,3.83188
NO2_ICAD,2021-10-04,48,False,-1,5.96542,5.86842,6.46642,7.54242,8.89042,10.0054,10.5304,11.7674,14.9424,17.7824,17.9464,16.9084,16.1074,15.3774,14.3864,13.2524,12.1404,11.3544,11.2604,11.7974,12.9424,14.0194,14.3734,14.2604,13.9124,13.4354,12.9414,12.9464,13.9534,14.9594,14.9584,14.4204,13.7874,12.9384,11.7644,11.2644,12.3744,13.2444,12.0264,10.1684,9.11542,8.26642,6.99442,6.18442,6.77942,7.65142,7.67042,7.21642,6.73642,6.52142
NO2_ICAD,2021-10-04,113,False,3,3.32764,4.84064,5.72164,6.03964,5.88164,5.50664,5.16264,5.28164,6.29864,7.54764,8.31364,8.21964,6.89064,5.35764,4.62164,4.53264,4.90764,5.23264,5.04164,4.57864,4.11264,3.89664,4.15364,4.43264,4.30864,4.11764,4.18964,4.16464,3.65964,3.03264,2.69764,2.93764,4.00564,4.98464,4.96064,4.40864,3.77864,3.06664,2.23164,1.67264,1.79464,2.07164,1.98864,1.72464,1.51864,1.65364,2.40464,3.27564,3.75464,3.76764
NO2_ICAD,2021-10-04,114,False,0,0.49836,1.42436,3.00436,5.06736,7.37036,9.75336,12.1624,14.5644,16.8894,18.9474,20.0424,19.3734,17.9694,16.7544,15.6994,14.6984,13.8364,13.2164,12.5604,11.5904,10.4554,9.37636,8.91536,9.60036,10.1844,9.42836,8.10136,6.98536,6.06436,5.31036,5.01936,5.50936,5.98436,5.65436,4.91436,4.15836,3.42136,2.75536,2.64136,3.56736,4.54936,4.61436,4.22036,3.82736,3.36736,2.72636,2.14436,1.89636,1.97436,2.40236
NO2_ICAD,2021-10-04,184,False,0,2.28888,1.30888,0.38488,0.31288,1.06988,3.37588,11.5589,30.3469,51.4899,66.5729,74.4369,73.7019,68.8629,63.4599,57.6609,51.1299,44.7029,39.3129,35.1069,32.3169,30.0999,27.7429,25.2509,22.7749,20.9099,20.3289,20.5019,20.9899,21.5959,22.1599,22.2779,21.5529,20.7969,20.7519,20.5789,19.4399,18.3029,18.1619,18.3509,18.2199,18.2219,18.8339,19.3329,18.9549,18.1149,17.2039,16.1809,14.9369,13.6049,12.3099
NO2_ICAD,2021-10-04,293,False,0,4.19302,3.54502,2.89802,2.51102,2.65102,3.08502,3.67602,4.75202,6.63802,8.20202,8.27402,7.55802,6.75902,6.28502,6.47002,6.83902,6.93702,6.87902,6.80102,6.72402,6.68202,6.93302,7.70702,8.30502,7.99702,7.18902,6.30402,5.76202,5.94602,6.37102,6.55302,6.44902,6.02702,5.45402,4.91702,4.82502,5.58902,6.54302,6.93202,6.18202,3.77002,1.56502,1.43402,2.39302,3.45202,4.25102,4.52602,4.51002,4.39602,4.24902
NO2_ICAD,2021-10-04,350,False,8,18.2575,18.0915,17.5715,17.4975,17.7055,17.9815,18.1915,18.2265,18.1975,18.2095,18.2495,18.2335,17.7565,16.3465,14.4245,12.3385,10.1665,8.02252,6.69452,7.00752,7.70552,7.54552,6.69152,5.32852,3.73952,2.21852,1.46652,2.22052,3.48652,4.30652,4.64752,4.51852,4.19052,3.83552,3.13352,1.74952,0.44752,0.00552,0.01652,0.09352,0.24952,0.53852,0.71552,0.52152,0.13752,-0.27048,-0.67248,-1.00248,-0.83748,0.94152
NO2_ICAD,2021-10-04,409,False,-3,3.31148,2.77948,4.29948,6.83248,9.32948,11.7385,14.1715,16.8755,19.9995,22.4205,22.9075,22.2605,21.2045,20.2765,19.9445,20.2135,21.0395,21.3335,20.0445,18.4265,17.7565,17.7845,18.2425,18.8835,19.5195,19.9365,19.9055,19.5785,19.0415,18.1935,16.9475,16.1135,16.4935,17.1245,17.0495,16.6205,16.2475,16.0665,16.1905,16.4645,16.7215,16.6915,16.0905,15.2035,14.2445,13.0025,11.2135,9.31648,7.77448,6.73148
NO2_ICAD,2021-10-04,723,False,1,2.93146,3.01046,2.96846,2.68846,2.10546,2.66346,5.89846,10.1165,13.5935,15.7015,15.7565,14.4205,12.2025,10.1155,9.07146,8.57246,8.14646,7.74246,7.35546,6.76346,5.76646,4.92346,4.77146,4.65346,3.88746,2.77246,1.68546,1.16446,1.73346,2.54746,2.80246,2.83646,3.02146,3.22946,3.28046,3.13346,2.73246,2.21046,1.67546,1.15046,0.67646,0.45846,0.74746,1.42946,2.38346,3.04046,2.84046,2.32446,2.01046,1.82546
NO2_ICAD,2021-10-04,758,False,-1,69.3581,79.7201,85.4721,90.6671,96.0181,101.676,107.463,113.207,118.843,123.975,126.333,123.429,118.891,116.2,115.088,115.144,115.719,116.209,115.508,112.527,109.186,107.324,106.012,104.304,102.813,102.287,102.26,102.239,101.772,100.347,97.9471,94.4391,90.4321,86.4491,82.7561,79.5501,76.2871,72.4211,68.2371,64.0501,60.1551,56.8171,53.5511,49.9831,47.0031,45.6731,45.6471,46.6811,47.9421,48.7131
NO2_ICAD,2021-10-04,829,False,7,28.6186,29.3106,29.1356,29.0826,30.1466,31.5436,32.4756,33.1366,33.7536,34.2836,34.5446,33.9776,32.0536,30.5056,30.9596,31.4256,29.8876,27.7846,26.6216,25.9996,25.4366,24.8096,24.1106,23.7856,24.3286,25.2976,26.2216,26.5346,25.6926,24.5846,24.0646,23.8776,23.7666,23.9346,24.6096,25.1536,24.9386,24.5236,24.4836,24.6976,25.0116,25.2516,25.2586,25.1476,25.0156,24.8286,24.5586,24.4426,24.7426,25.3116
NO2_ICAD,2021-10-04,899,False,7,6.32652,7.55052,8.71452,9.56852,9.80352,9.72552,9.65552,10.0065,11.1455,12.2445,12.4625,12.1785,11.7015,10.7185,8.86352,7.08452,6.33252,6.12452,5.95952,5.59252,4.87152,4.33952,4.50552,4.62452,3.95452,3.11152,2.73952,2.61752,2.53852,2.71852,3.39952,4.02452,4.02752,3.70252,3.33852,2.98252,2.63952,2.27852,1.88752,1.66552,1.81452,2.00052,1.89952,1.72652,1.70352,1.70052,1.58452,1.49452,1.57052,1.62552
NO2_ICAD,2021-10-04,913,False,8,33.9937,37.6517,39.6147,39.6687,37.4747,35.7227,36.9977,39.3497,40.7817,41.4127,41.4647,41.2617,40.8587,39.1187,34.8027,29.9497,26.4977,23.6077,20.4187,17.5927,15.9277,14.7917,13.6717,13.1427,13.8817,14.9147,15.2997,15.3167,15.3007,15.3707,15.6157,15.9557,16.2737,16.2057,15.4097,14.6957,14.8737,15.4217,15.7937,15.8667,15.5867,15.4727,16.0327,16.8187,17.3867,17.8247,18.1967,18.1787,17.3887,16.2967
NO2_ICAD,2021-10-04,974,False,-1,2.39138,2.07138,1.27838,0.86738,1.90738,5.10738,11.1924,16.9944,19.3964,20.0034,20.2784,19.7024,17.5384,15.4574,15.1294,15.6504,16.0384,15.7194,14.2174,12.6764,12.1784,11.8884,10.9234,9.58438,8.27938,7.61738,8.21638,9.25438,9.96138,10.4194,10.6984,10.4354,9.30838,8.77138,10.2314,11.8514,11.8164,11.3584,11.7934,12.7334,13.6694,14.0664,13.4184,12.4844,11.9274,11.1584,9.61138,8.52138,9.15938,10.2934
NO2_ICAD,2021-10-04,1021,False,1,1.19062,1.14162,0.94962,0.84962,1.62662,4.30662,9.08362,16.1806,22.6786,25.6186,26.1416,25.2436,23.7796,22.3506,21.2806,20.8486,20.6186,20.1826,19.6226,19.0816,18.8166,19.0566,19.2126,18.7176,18.1396,18.0576,18.1206,17.9556,17.6586,17.3646,17.2276,17.4156,17.8666,18.5496,19.3386,20.0856,20.3906,19.8316,19.0126,18.4926,18.0706,17.4736,16.5646,15.1646,13.3226,11.0786,9.07562,7.98562,7.57762,7.67862
NO2_ICAD,2021-10-04,1172,False,1,2.55634,2.01834,1.66534,2.40534,4.37334,7.71234,10.9093,12.5023,13.2443,13.8123,13.9263,13.1543,12.0333,11.0583,10.1843,9.36534,8.88534,9.07734,9.54934,9.88134,9.64434,8.41234,6.92034,5.86234,5.03634,4.28434,4.13934,5.18834,6.42334,6.85534,6.84734,6.78334,6.72034,6.67334,6.75434,7.04934,7.13634,6.56534,5.66434,4.84134,4.87134,6.46234,7.84934,7.30134,6.15534,5.78134,5.85834,5.99234,6.12534,6.20234
NO2_ICAD,2021-10-04,1192,False,3,3.00202,4.17602,5.19202,5.85002,5.99202,5.45402,4.99102,5.34302,6.09202,6.78702,7.15302,6.90602,6.19902,5.14302,4.11902,3.49202,3.24102,3.36902,3.67402,4.00102,4.32802,4.60902,4.52602,3.74502,2.84802,2.38202,1.99302,1.38302,1.34102,2.62802,3.58502,2.56202,1.03002,0.52302,0.84802,1.77902,2.97802,4.12602,4.59402,3.74602,2.55602,1.99202,2.02802,2.63402,3.50402,4.33202,4.56602,3.66202,2.56102,2.17702
NO2_ICAD,2021-10-04,1193,False,0,2.40048,2.52548,2.19748,2.32348,6.53548,19.9915,46.1165,88.6115,129.223,149.55,156.023,154.39,149.176,143.075,136.17,128.118,120.262,113.943,108.43,102.951,96.9355,89.8405,82.1595,74.4575,67.8405,63.5855,61.3025,60.8015,60.8235,60.1755,58.0585,53.6795,48.8335,45.2165,42.2855,39.4955,37.1395,35.6625,34.6895,33.8175,32.2935,29.4465,26.7755,25.7525,25.1645,23.7755,21.9935,20.2955,18.6915,17.1465
NO2_ICAD,2021-10-04,1213,False,0,3.90118,2.52318,2.26018,2.87918,4.12218,5.06218,4.91718,5.02918,6.72018,8.53318,8.94518,8.60318,8.14218,7.48818,6.50518,5.80018,5.96618,6.24218,5.86218,5.16418,4.52718,4.07418,3.93218,4.13618,4.76618,5.60118,6.39718,6.67318,5.93618,4.89018,4.24618,4.17418,4.80118,5.39418,5.25118,4.77818,4.38018,3.97618,3.44218,2.88218,2.43718,2.29118,2.65518,3.27018,3.86618,4.05518,3.50118,3.12618,3.76518,4.12618
NO2_ICAD,2021-10-04,1258,False,-2,1.76726,1.53026,1.34526,1.58726,2.67926,4.19726,5.82526,7.90126,10.7623,13.1643,13.8123,13.5923,13.3223,12.9493,12.2953,11.4973,10.7383,10.4263,11.0043,12.0073,12.9703,13.5173,13.2523,12.4273,11.2723,10.3733,10.3043,10.6953,11.2153,11.7713,12.2533,12.0953,10.7303,9.30226,8.96026,9.28726,9.73726,9.20326,6.69326,4.41726,4.51826,5.06226,4.12526,3.00726,3.15426,3.98626,4.85826,5.35626,5.12726,4.69826
NO2_ICAD,2021-10-04,1274,False,-1,1.36602,1.67802,2.90602,5.24502,8.11502,11.214,15.609,22.479,29.701,35.003,37.793,37.342,35.438,33.575,31.905,30.48,29.719,30.086,30.63,30.401,29.529,28.135,26.506,24.818,22.903,20.589,18.517,17.308,16.208,14.561,13.45,13.995,14.715,14.099,12.73,11.224,9.83802,8.75502,7.82502,6.94902,6.35902,6.33802,6.60302,6.86002,6.77602,6.02302,5.02602,4.20502,3.68302,3.60202
NO2_ICAD,2021-10-04,1404,False,8,8.18848,8.96948,9.36148,9.02748,8.52048,8.37048,8.42348,8.52348,8.80148,9.39648,9.84148,9.65448,9.14048,8.61248,8.30448,8.45048,8.94648,9.64148,9.74848,8.47448,6.80348,5.71948,5.22748,5.29748,5.45448,5.27948,4.98148,4.78748,4.65748,4.54548,4.52448,4.65748,4.67448,4.33448,4.14048,4.56048,4.79848,4.03648,2.95048,2.31148,2.60748,4.25248,5.60748,5.07748,3.96548,3.59348,3.65448,3.74648,3.65248,3.21948
NO2_ICAD,2021-10-04,1518,False,4,0.83144,1.33844,2.20944,3.12744,4.04544,4.93544,5.58444,5.80544,6.21244,7.35144,8.16844,7.58444,6.59344,6.14044,5.60744,4.39944,3.74044,4.86944,6.18144,6.04244,5.17044,4.62644,4.90444,5.36444,5.40944,5.36544,5.52044,5.16144,3.58944,2.19344,2.37544,3.15644,3.53044,3.54544,3.30644,2.95244,2.54944,2.10744,1.88044,2.09844,2.14544,1.44044,0.80344,1.06544,1.59244,1.78844,2.19644,3.40044,4.61644,5.03644
NO2_ICAD,2021-10-04,1663,False,1,7.88772,12.7987,17.7557,22.2167,25.6237,28.0547,29.5267,31.0107,33.3117,35.2867,35.6877,35.2707,34.7087,33.7957,32.1077,29.4837,25.6687,21.4747,17.7267,15.0057,13.9517,13.7177,13.5417,13.0057,11.7297,9.93572,7.83172,6.00272,5.10772,5.31172,6.79372,8.08372,7.75572,6.68672,5.80772,5.55972,6.31372,7.28372,7.72772,7.87572,8.00872,8.31172,8.85972,8.82472,7.40772,6.08672,6.27072,6.49972,5.39772,4.88272
NO2_ICAD,2021-10-04,1689,False,0,3.35168,2.18168,1.61868,3.11368,5.18568,6.33468,6.70068,6.51168,6.44368,7.06768,7.62868,7.34068,6.65668,6.02868,5.45768,4.88168,4.20968,3.44968,3.42568,4.94068,6.38168,6.14768,5.25368,4.70968,4.19168,3.33668,2.83968,3.41768,4.14468,4.08868,3.60468,3.05768,2.44368,1.71068,1.04268,0.71268,1.17068,2.85468,4.35268,4.28368,3.65268,3.47968,3.64468,3.96568,4.34568,4.70968,4.88268,4.67468,4.28868,3.87368
NO2_ICAD,2021-10-04,1700,False,1,1.60434,0.45034,0.03534,1.05834,2.52434,3.48034,4.04334,4.42834,5.15734,6.65534,7.75334,7.24034,6.02034,4.99934,4.39234,4.36134,4.60934,4.87534,4.99934,4.85634,4.70034,4.78034,4.96434,5.13134,5.37834,5.80234,6.10334,5.97134,5.69934,5.55634,5.33234,4.78234,4.06334,3.38634,3.22134,4.00434,4.71734,4.33634,3.37434,2.42634,2.16434,3.17034,4.01234,3.33434,2.56534,3.12834,3.81134,3.35134,2.56934,2.34234
NO2_ICAD,2021-10-04,1810,False,8,2.9827,3.6617,4.5037,4.2317,3.6707,3.7047,4.0767,4.5417,5.4157,6.9827,7.9587,6.9987,5.1767,3.5657,2.5567,2.4827,2.7907,2.9657,2.8327,2.2597,1.6827,1.5257,1.5917,1.6797,1.7167,1.6737,1.7617,2.1947,2.6867,2.9297,2.8627,2.4317,1.9867,1.8407,1.6727,1.1487,0.5087,0.0007,-0.4283,-0.7713,-0.4983,0.9407,2.4947,3.1037,3.0507,2.6327,2.1977,2.0027,1.7207,1.0817
NO2_ICAD,2021-10-04,1835,False,4,3.23256,3.70556,3.45556,3.28156,3.99856,5.00656,5.69256,6.15556,6.53256,6.87856,7.15656,6.92556,5.72456,4.41156,3.80956,3.42356,2.79656,2.57156,3.42056,4.26756,4.05256,3.56356,3.62756,4.00556,4.41456,4.76756,5.00756,5.19056,5.30856,4.96356,3.73856,2.43056,1.86256,1.97156,2.65656,3.12256,2.69456,2.53856,3.79856,5.10456,5.02756,4.20856,3.31856,2.59656,2.19056,1.81856,1.23056,0.76856,0.80256,1.06156
NO2_ICAD,2021-10-04,1858,False,-2,6.25622,6.47022,6.41522,6.32522,6.40522,6.65122,7.16722,8.58522,11.5002,13.9512,13.9272,12.6152,11.2342,10.5972,11.3442,12.0162,11.2542,10.5832,11.4932,12.2422,11.0542,9.53122,9.34722,9.89822,10.4822,10.5842,9.72422,8.38422,7.04822,6.23522,6.42522,6.81122,6.66822,6.67222,7.47522,7.91722,6.81422,5.39422,4.90322,4.92922,5.06422,5.55722,6.64722,7.14622,5.87322,4.27622,3.77922,3.70422,3.39822,3.64522
NO2_ICAD,2021-10-04,1859,False,4,0.00326,1.32226,2.73326,4.26026,6.01326,7.85826,9.62926,11.0463,11.8143,12.3553,12.9753,12.9953,11.7033,10.3653,10.2553,10.8023,11.4233,11.9703,12.3633,12.5953,12.6463,12.6283,12.6253,12.5483,12.2513,11.5493,10.2873,9.35226,9.62026,10.2043,10.2173,9.90526,9.57826,9.45126,9.72626,10.2023,10.6433,10.6073,9.67626,8.73626,8.66826,8.99926,9.21626,9.09526,8.40326,7.22226,5.62026,4.23826,3.72426,3.73926
NO2_ICAD,2021-10-04,2173,False,-1,2.33858,2.65558,2.50758,2.55658,3.73058,6.94258,10.4886,12.7126,14.2086,15.5536,16.4206,16.3336,15.7986,15.3066,15.1776,15.6316,15.7566,14.6106,12.8586,11.2326,10.4706,11.2456,12.1086,11.6286,10.4266,9.16158,8.12458,7.54058,7.18458,6.86858,6.65758,6.65258,6.74558,6.73558,5.88058,3.46358,1.13158,0.55258,0.99658,1.75958,2.62358,3.43258,3.69358,2.95358,2.42258,3.25558,4.22558,4.04858,3.23758,2.39158
NO2_ICAD,2021-10-04,2186,False,0,2.9419,2.0569,1.3359,1.9449,4.0819,8.3929,16.0799,28.4279,39.8799,44.7979,45.6949,44.8919,43.4509,41.8499,39.6039,36.1529,32.7539,30.6799,29.3879,28.3149,27.0479,25.2279,23.0739,20.7779,18.4489,16.2049,14.3959,13.4169,12.8509,12.3019,11.4699,10.1559,9.2419,9.5759,9.9399,9.1219,7.9679,7.3649,7.0789,6.8419,6.6869,6.6579,6.4289,5.6889,5.0029,4.9539,5.2409,5.5609,5.8009,5.8629
NO2_ICAD,2021-10-04,2225,False,2,11.1049,11.7129,13.6859,17.1159,20.4629,22.2559,23.2259,24.0659,24.6959,24.9069,24.9089,24.8119,24.1439,22.4649,21.2679,22.0609,23.5209,24.3099,24.4949,24.2299,23.9799,24.0939,23.8489,22.4069,20.0169,16.9539,14.4449,13.7139,13.8929,14.1389,14.0039,13.1199,11.9609,10.9199,9.61792,7.67092,5.98792,5.51592,5.63792,5.76292,5.82792,5.83992,5.82892,5.79692,5.61492,5.13692,4.50992,3.88292,3.40892,3.21492
NO2_ICAD,2021-10-04,2247,False,0,4.12358,5.49958,7.25858,9.18758,11.2316,14.0126,18.1526,22.0736,24.1516,25.1206,25.6006,25.4096,24.1576,22.3556,20.4426,18.6136,17.0116,15.5256,14.0916,12.9666,12.4596,12.2656,12.1176,11.9746,11.7786,11.1616,9.75458,8.35158,7.68358,6.92958,5.25558,3.49858,2.59758,2.62358,3.65258,4.80558,5.24558,5.07458,4.40158,3.67058,3.26958,3.04758,2.85458,2.71758,2.69758,2.78458,2.97758,3.17858,3.32258,3.60958
NO2_ICAD,2021-10-04,2264,False,2,17.3762,25.1042,30.9482,35.7712,40.4882,45.3692,50.4882,55.0322,58.0332,59.6242,59.6292,57.7262,53.3452,48.3852,44.6662,42.2602,41.2452,40.8842,40.6162,40.4352,40.4682,40.8912,41.8562,42.5032,41.9292,40.6012,38.9592,37.4132,36.3792,36.1482,37.0242,37.9262,37.8002,37.1252,36.3472,35.2872,33.7132,32.2412,31.5432,31.5782,32.3142,33.0132,32.9952,32.6852,32.5122,32.4052,32.2622,32.1282,32.0622,32.0322
NO2_ICAD,2021-10-04,2290,False,-1,3.00314,3.36614,3.56814,3.72214,3.63714,3.41714,5.66614,13.4491,25.1231,38.8091,48.1201,46.4371,39.0091,30.7281,23.9491,20.5211,18.7801,17.2721,15.9391,14.9111,13.7111,11.8791,10.0261,8.81014,8.15314,8.00614,8.09214,8.14314,7.67014,6.23614,4.94814,4.87814,5.01814,4.36514,3.57614,3.37414,3.49514,3.67014,3.96014,4.43414,4.65714,4.16814,3.35614,2.62514,2.26614,2.56614,3.16914,3.69814,3.69114,2.72614
NO2_ICAD,2021-10-04,2291,False,3,2.72304,2.90004,3.65004,5.42604,6.83004,6.53004,6.20704,7.61104,9.97304,12.346,13.333,11.577,9.17904,8.12804,7.57204,6.54404,5.23204,3.96404,3.34404,3.95604,4.72604,4.61804,4.17104,3.98804,4.15504,4.74204,5.53904,6.31904,6.63804,6.05204,5.25104,4.90104,4.80704,4.68904,4.13104,2.80104,1.88904,2.55604,3.40904,3.07704,2.52404,2.78504,3.43704,3.98004,4.11104,3.58104,3.08204,3.30104,3.90104,4.48804
NO2_ICAD,2021-10-04,2292,False,0,2.95954,2.72854,2.15154,1.67954,2.38654,5.55554,10.7385,17.6455,24.6535,30.0955,33.1735,32.9035,31.0625,29.1075,26.9625,24.3895,22.1235,20.9425,20.3205,19.7065,18.5995,16.5745,14.5905,13.6365,13.4155,13.5805,13.2985,11.7995,10.0775,9.11154,8.44854,7.62254,6.90654,6.63454,6.59454,6.58054,6.55554,6.45754,5.97154,4.82754,4.07154,4.75654,5.83754,6.27554,6.32654,6.24954,5.79454,4.66554,3.55954,3.17354
NO2_ICAD,2021-10-04,2298,False,-1,8.9842,10.8912,12.8282,14.4452,15.3242,15.3562,14.4522,14.0602,15.6222,18.0252,20.0012,20.2512,17.5082,14.2052,12.6822,12.1452,11.7132,11.1322,10.2942,9.6282,9.5512,9.5212,9.0162,8.4792,8.3772,8.4182,8.2912,8.0522,7.7732,7.4802,7.1892,6.9232,6.6882,6.3132,5.6252,4.9182,4.4352,3.7322,2.4662,2.0712,3.9872,6.1862,6.6292,6.1162,5.4942,4.9482,4.5532,4.2182,3.8292,3.1502
NO2_ICAD,2021-10-04,2347,False,0,6.01576,6.25276,5.74676,5.94076,8.31676,11.6228,14.6718,17.5208,20.2598,22.3208,22.9478,22.2798,20.2808,17.5648,14.6168,11.9488,10.1138,9.29176,9.70676,10.1788,9.57276,8.31076,6.81176,5.22976,3.72876,2.96076,3.60876,4.59176,4.86976,4.73976,4.56676,4.63676,5.14676,5.35376,4.49276,3.20376,2.14676,1.55376,1.62976,1.88476,1.86876,1.69676,1.52776,1.54076,1.88776,2.18176,2.03376,1.67076,1.31776,0.97076
NO2_ICAD,2021-10-05,20,False,0,10.2723,11.0153,12.4573,14.6213,17.5073,19.8763,20.5343,20.8083,21.9643,23.1323,23.3353,23.0463,22.7433,22.4653,22.2103,22.1133,22.3163,22.5433,22.5253,22.3923,22.2783,22.1483,21.9173,21.4093,20.4573,19.5973,19.3753,19.4863,19.6573,19.9703,20.5283,20.9083,20.7083,20.5383,21.0013,21.6303,21.8793,21.5213,20.3363,19.0903,18.5113,18.2943,18.0423,17.1603,15.1053,13.1433,12.5393,12.5623,12.5043,12.5383
NO2_ICAD,2021-10-05,37,False,3,6.69338,10.2544,13.0104,12.9764,12.1124,12.3504,13.1454,13.8594,14.6264,15.6044,16.2024,15.8114,15.2274,15.2014,15.2004,14.6304,13.7554,12.8964,12.4784,12.9284,13.7284,14.4044,14.9894,15.5034,15.5314,14.6364,13.6444,13.3804,13.6234,14.1284,14.5464,14.5604,14.2894,13.8344,13.2984,12.7574,12.2454,11.8454,11.8904,12.7174,13.5554,13.6224,13.1574,12.4084,11.6834,11.2364,10.8694,10.3814,9.82238,9.25438
NO2_ICAD,2021-10-05,41,False,2,1.63684,1.09884,1.21984,1.69984,2.28984,3.39084,5.45484,7.54684,8.72084,9.26884,9.44384,9.27184,8.69984,8.11084,7.86984,7.82784,7.83484,7.85484,7.88084,7.95284,8.07484,7.93384,7.18584,6.16584,5.21484,4.59784,4.57684,4.82784,5.01984,4.85384,4.05784,3.24484,3.01984,3.10984,3.27384,3.72884,4.67984,5.27684,4.65184,3.65084,3.08584,2.65484,2.03584,1.66084,1.99284,2.43984,2.40584,2.10784,1.79384,1.60584
NO2_ICAD,2021-10-05,65,False,0,12.6547,12.1517,11.4957,12.0717,13.2787,14.4947,15.6717,16.8307,17.8817,18.6527,18.8347,18.0367,16.7367,15.3757,14.3227,13.8717,13.3447,12.1087,10.9437,10.6527,10.5887,10.0877,9.3377,8.6017,8.2247,8.5297,8.8987,8.7197,8.2457,7.7127,7.0127,6.0457,5.4647,5.8557,5.8987,4.3437,2.9587,3.5537,4.8307,5.4617,5.7037,5.8547,5.6667,4.8557,4.1447,4.2697,4.8507,5.4647,5.6627,4.9947
NO2_ICAD,2021-10-05,80,False,1,17.379,20.087,22.412,24.64,26.472,27.817,31.198,39.157,47.677,52.514,53.534,50.381,44.884,38.472,32.659,28.833,26.338,24.631,23.256,21.874,20.103,17.562,14.686,11.919,9.61002,8.18702,7.72302,8.38602,9.31202,9.66202,9.23302,7.86602,6.60702,6.47702,6.94102,7.39002,7.12502,5.47002,3.40502,1.96002,1.64302,2.90802,4.18002,4.00302,3.66502,4.41202,4.85502,3.53802,1.88402,1.35402
NO2_ICAD,2021-10-05,359,False,-1,2.1544,2.1974,3.1514,4.2164,4.6354,4.7034,5.3794,11.2774,26.9894,42.9074,49.2104,48.6054,43.8214,38.9884,37.4634,36.6744,33.9474,30.4704,27.5494,24.8344,21.9314,19.3984,17.8874,16.8964,15.9464,14.8104,13.3794,12.3844,12.5564,12.8784,12.3044,11.0304,9.3264,8.0504,8.0494,8.6484,9.1654,9.1714,8.2584,6.8884,5.5474,4.9024,5.6304,6.9244,8.0694,9.2604,10.7034,11.6784,11.3984,10.5294
NO2_ICAD,2021-10-05,360,False,0,5.50604,5.34804,5.27704,5.54004,8.26604,16.325,30.235,50.629,69.478,78.55,80.135,76.239,71.58,70.163,70.527,70.9,69.568,64.832,58.455,52.073,46.396,42.05,38.693,36.113,33.883,31.78,30.353,30.247,30.585,30.547,30.278,29.936,29.234,27.812,26.03,24.268,23.029,22.759,22.412,20.997,19.521,18.958,18.229,16.283,14.61,14.747,15.405,15.271,14.68,14.034
NO2_ICAD,2021-10-05,467,False,3,1.76186,1.11586,0.86286,1.42286,2.58986,4.24186,6.17486,8.20786,9.82186,10.4679,10.6279,10.6469,10.0339,8.26786,6.77186,6.91386,7.26086,6.35886,5.02186,4.12086,3.48286,2.94186,2.92186,3.92686,5.31986,6.49386,7.36986,7.82886,7.58686,6.31386,4.99286,4.57686,4.60086,4.62286,4.86086,5.59886,6.39186,6.79686,6.99286,7.12186,6.93486,6.14786,5.30886,4.93486,4.64586,4.07286,3.63086,3.78986,4.26986,4.80886
NO2_ICAD,2021-10-05,468,False,0,0.40486,1.38086,2.22186,2.28086,5.67686,17.5669,37.8769,66.5339,91.8349,101.889,102.028,97.1259,91.9209,90.1459,90.2199,90.3309,88.8819,84.3649,78.6879,73.6399,69.2069,65.2419,61.3589,57.4199,54.8499,55.1999,56.4849,56.8289,56.6629,56.5069,56.1059,55.1049,53.8019,52.5369,51.8899,52.1809,50.7189,44.7789,37.9559,33.8119,31.1449,28.6259,25.9549,23.0499,20.3899,18.4789,16.9529,15.5229,14.4759,14.1599
NO2_ICAD,2021-10-05,555,False,0,0.557,-0.558,-0.245,0.94,2.495,4.081,5.545,6.746,7.67,8.226,8.297,7.7,6.833,6.03,5.214,4.275,3.368,2.68,2.286,2.288,2.482,2.763,3.549,5.27,6.9,7.323,6.539,4.545,2.64,2.066,2.26,2.65,2.887,2.718,2.552,2.806,3.285,3.711,3.492,2.063,0.652,0.492,1.031,1.758,2.777,4.242,5.393,5.413,4.68,3.556
NO2_ICAD,2021-10-05,559,False,-2,3.56216,4.14416,4.50116,3.83816,3.18216,3.60716,4.63716,5.79916,6.99216,8.11916,8.70016,8.17616,7.02016,5.72516,5.14116,6.04016,6.93216,6.34216,5.13416,4.23916,3.87316,4.21516,4.90116,5.62916,6.34416,6.99816,7.34516,7.08616,6.39716,5.46616,4.91616,5.29616,5.49216,4.39716,2.96016,2.16816,1.84316,1.77916,1.82316,1.84016,1.52616,0.58216,-0.43784,-0.93884,-0.76684,0.21816,1.18816,1.33816,0.99116,0.50416
NO2_ICAD,2021-10-05,880,False,3,21.5621,31.6221,47.7791,64.2191,75.1701,82.0291,86.0211,88.3371,89.6031,90.4211,90.9621,89.7371,85.0091,78.7371,72.7391,67.3911,62.9281,58.8941,54.9081,50.8791,46.7671,42.6371,38.6621,35.5961,34.2971,33.8801,33.5591,33.1301,32.4411,31.3101,29.6371,28.7441,29.9631,31.6951,32.3401,32.1581,31.5421,31.4401,32.6891,33.8581,33.4701,32.1961,30.6891,29.1181,27.5201,25.7741,23.7851,22.0661,21.1561,20.5641
NO2_ICAD,2021-10-05,881,False,-3,36.4379,37.6439,39.2249,41.1529,43.3549,47.4099,55.0659,63.7359,70.7239,74.9919,75.4079,74.0969,72.7329,70.4829,66.0839,59.9539,52.4569,45.4039,40.6519,38.0129,37.4799,37.9279,38.3639,37.7139,34.9109,31.1559,27.5649,24.3899,21.8689,20.1979,19.6909,19.7219,19.7859,19.9519,20.3749,20.9289,21.4419,21.5029,20.6789,19.5639,18.6309,17.1859,14.5079,11.9059,10.7159,10.2759,9.89688,9.26388,8.19488,7.43688
NO2_ICAD,2021-10-05,937,False,7,10.0122,12.0622,14.1102,15.6162,16.0012,15.5852,14.7072,14.5362,16.1372,17.7232,17.4882,16.4172,15.5102,14.7472,13.9782,13.0192,11.7412,10.7542,10.6162,10.2722,8.7152,7.2882,7.3782,8.0482,8.3562,8.4762,8.6512,8.8102,8.8452,8.8162,8.7152,8.0902,6.5882,5.9032,7.6822,9.6062,9.3622,8.3422,8.0132,8.1412,8.3772,8.4902,8.2822,7.9212,7.5552,7.1982,6.8612,6.6802,6.8222,7.2062
NO2_ICAD,2021-10-05,957,False,-4,6.07088,5.14688,4.19288,3.28488,2.77188,3.08788,4.08488,5.66988,7.27688,8.34888,8.79888,8.48788,7.72888,6.81288,6.33088,6.84888,7.61688,7.90088,7.91088,7.85088,7.50388,6.62288,5.77388,5.49988,5.31888,4.82288,4.88088,6.34388,7.59888,7.02688,5.88388,5.45188,5.43888,5.48988,5.64888,6.01288,6.42288,6.70488,6.80288,6.58488,5.76288,4.04688,2.52988,2.25188,2.16188,1.23488,0.31688,0.34188,0.86788,1.41588
NO2_ICAD,2021-10-05,1075,False,3,6.56028,7.39528,8.38328,9.67028,11.3733,12.8883,13.6063,13.9473,14.3033,14.5833,14.6363,14.5743,14.4803,14.2503,13.7653,13.2593,12.9813,12.9303,13.0763,13.0313,12.3763,11.2343,9.72628,8.37328,7.67528,7.31728,7.01428,6.80728,6.71328,6.07128,4.22828,2.35028,1.64328,1.82028,2.56728,3.14728,2.89428,2.29928,1.84928,1.49828,1.15728,0.79428,0.41428,0.21728,0.40828,0.65028,0.69328,1.25428,3.01728,4.45628
NO2_ICAD,2021-10-05,1077,False,1,1.953,2.72,4.212,5.639,6.281,7.102,9.062,11.046,11.888,12.115,12.242,12.239,11.985,11.605,11.255,11.271,11.917,12.117,10.78,8.957,7.668,6.556,5.241,4.24,4.13,4.327,4.286,4.261,4.563,5.039,5.473,5.396,4.343,3.145,2.667,2.96,4.058,5.152,5.457,5.161,4.48,3.972,4.139,4.409,4.227,3.989,4.131,4.48,4.838,5.061
NO2_ICAD,2021-10-05,1258,False,-2,16.415,16.236,15.66,15.67,16.022,16.476,17.345,19.035,21.134,23.19,24.486,24.221,22.857,20.809,19.136,18.746,18.252,16.307,14.274,13.591,13.575,13.528,13.419,13.288,13.037,12.557,12.024,11.653,11.701,12.394,12.905,12.439,11.843,11.948,12.1,11.609,10.948,10.618,10.472,10.342,10.208,10.103,10.24,10.788,10.988,10.112,9.20996,9.38996,10.373,11.876
NO2_ICAD,2021-10-05,1286,False,1,12.0699,12.9259,14.5139,16.1019,16.9759,17.6139,18.5119,19.5649,20.5989,21.3149,21.3329,20.5179,18.6819,16.7439,15.5519,14.6199,13.4849,12.6219,12.5609,12.6799,12.3779,11.9679,11.7989,11.7669,11.6909,11.1289,9.66088,8.24588,7.81188,7.64788,7.07588,6.74988,7.38888,8.30488,8.82688,9.22388,9.77788,10.1369,9.89788,9.35388,8.75788,8.06088,7.22588,6.81688,7.36488,7.77988,6.97188,5.71988,4.89888,4.93388
NO2_ICAD,2021-10-05,1302,False,-1,1.28024,1.35724,1.46424,1.78624,3.10624,9.19624,24.3062,43.0392,59.9692,71.9192,75.5452,74.2252,70.6672,66.7352,63.7352,61.2572,58.8952,56.9412,55.7832,54.8872,53.6342,51.3072,47.2452,43.3872,41.5832,40.1502,37.4662,35.0512,34.6032,35.1872,35.7222,34.8442,31.3162,27.7982,27.0002,28.0192,29.9472,31.8252,32.8102,32.9122,32.0722,30.7272,29.1952,27.5962,26.0022,24.5022,23.1662,21.7272,19.9412,18.2502
NO2_ICAD,2021-10-05,1708,False,-1,1.9164,1.8564,2.0484,2.2454,2.2364,1.9014,2.0754,3.6184,5.5854,6.9974,7.6184,7.2584,6.8214,7.1124,7.4034,6.9054,5.9854,5.0414,4.3184,4.0654,4.2434,4.8024,5.0174,4.1594,2.8204,1.6334,1.1074,1.7194,2.5614,2.7654,2.6554,2.5874,2.5614,2.5724,2.8264,3.4714,3.5894,2.2884,0.9464,0.9284,1.3294,1.2304,1.0674,1.3454,1.7664,1.9904,1.9374,1.5444,1.1624,1.1284
NO2_ICAD,2021-10-05,1740,False,3,1.08656,1.76156,2.91556,4.28556,5.65856,6.84156,7.63356,8.15656,8.49656,8.72756,8.86256,8.74856,8.21456,7.61956,7.31256,7.17956,7.08456,6.88856,6.46256,5.92056,5.38456,5.01656,4.92956,4.55556,3.37056,2.36156,2.55156,3.31056,3.98356,4.25056,3.84456,3.28856,3.07856,3.06256,3.03356,2.70656,1.83556,1.08156,1.16056,1.95756,3.27556,3.80556,2.32556,0.84956,1.34956,2.30156,2.15656,1.79056,2.15856,2.68056
NO2_ICAD,2021-10-05,1787,False,8,15.4698,19.1088,20.9428,22.1268,23.7518,25.1798,25.6298,25.6098,25.6328,25.8648,26.3518,26.3538,25.0738,23.1438,21.2488,20.2898,21.1318,22.3358,22.4678,21.6908,20.1748,18.3688,16.6668,15.4558,15.1538,15.3858,15.8508,16.4038,16.9398,17.2468,17.1598,17.3638,18.4708,19.2218,18.3938,17.5458,18.2838,19.7388,20.9598,21.5378,21.1048,20.2738,19.5928,19.0168,18.4268,17.6238,16.4268,15.2828,14.6038,13.8298
NO2_ICAD,2021-10-05,1816,False,0,3.00874,3.32274,3.67174,3.99874,4.50374,6.77274,13.0057,24.1977,41.3167,56.4707,61.6177,60.5857,56.8277,52.0287,47.2227,43.4067,41.5287,40.2857,38.4597,36.2787,33.9817,31.1107,27.1827,23.4067,21.0267,19.5117,18.2837,16.5537,13.6607,10.9197,9.68974,9.35174,9.31374,9.37674,9.45474,9.54974,9.60874,9.11074,7.51874,5.76074,4.75874,4.28174,4.09974,4.09274,4.19074,4.16574,3.79174,3.23974,2.71574,2.59274
NO2_ICAD,2021-10-05,1845,False,0,1.54236,1.97536,2.32436,2.56336,4.47136,9.93836,16.3894,21.3494,25.4484,29.1884,30.9044,28.5814,24.2714,19.8554,16.0724,13.5124,11.7634,10.5154,9.48036,8.52136,7.95536,8.14636,8.52136,8.47936,7.84036,6.45436,5.14036,4.69336,4.67636,4.68336,4.87136,5.43836,5.88236,5.68436,5.15136,4.60236,4.25136,4.30936,4.66436,5.20536,5.54836,5.31836,4.87836,4.63936,4.99036,6.23436,6.99136,5.90036,4.37636,3.84136
NO2_ICAD,2021-10-05,1877,False,0,1.34542,0.76642,0.45342,0.81642,1.32742,1.54642,2.19342,4.03042,6.05042,7.21342,7.65042,7.45442,6.78042,5.66342,4.34342,3.10742,2.74142,4.01942,5.37942,5.31942,4.86642,5.07442,5.40842,5.28742,5.15642,5.50242,6.04742,6.50642,6.90642,7.23242,7.03742,5.85342,4.60242,4.16742,3.98142,3.48942,3.19542,3.60242,3.77742,2.81142,1.83742,1.99242,2.39942,2.13442,1.49342,0.81842,0.23742,-0.06258,0.44442,2.26942
NO2_ICAD,2021-10-05,2181,False,0,0.00158,1.37158,3.51358,5.53358,6.59758,7.15958,7.75858,9.15558,12.0126,14.6026,15.1086,14.1296,12.2346,10.3726,9.35958,8.76858,8.21358,7.95358,8.32258,8.82958,8.99958,8.98158,8.92158,8.70958,8.19558,7.53158,6.86858,6.32358,6.01258,5.81858,5.61958,5.26958,4.61458,3.80758,2.95958,1.94058,0.67558,0.02658,0.86858,1.99058,2.19858,1.92458,1.63758,1.37658,1.15958,1.28058,2.06458,3.09158,3.88458,3.88258
NO2_ICAD,2021-10-05,2185,False,1,4.50576,5.38776,6.30176,7.21376,8.11776,8.94976,9.67276,10.5758,11.9388,13.2798,14.0418,13.9988,12.8938,11.5588,10.7798,10.4158,10.3108,10.3158,10.3698,10.7028,11.5458,12.2778,12.2308,11.5258,10.2478,8.79876,7.54476,6.69276,6.45376,6.42476,6.27676,6.28376,6.77776,7.52076,8.25876,8.70176,8.54576,8.02576,7.35276,6.78776,6.53476,6.17576,5.27376,4.08876,2.92276,2.19676,2.36076,3.05076,3.88476,4.12476
NO2_ICAD,2021-10-05,2247,False,5,2.65346,4.02346,6.42746,8.86746,10.3625,11.2485,11.8775,12.5955,13.6515,14.5155,14.5525,13.6505,11.6995,9.97646,9.73546,10.2715,10.8525,11.0265,10.3665,9.16146,7.68746,6.54146,6.24246,5.86046,4.59746,4.02546,5.72646,7.57446,7.38846,6.07546,4.59446,3.39846,2.84046,2.60246,2.36646,1.82246,0.78446,0.41446,1.77646,2.69346,1.06546,-0.58254,0.31746,1.99946,2.64146,2.86346,3.40446,4.14346,4.80146,4.61046
NO2_ICAD,2021-10-05,2280,False,-1,0.59888,2.12088,2.65588,3.10888,4.45688,5.98388,6.92488,7.54188,8.11388,8.65688,9.08088,9.01788,8.09488,7.15788,7.03488,7.22488,7.16288,6.58088,5.30288,4.43888,5.11188,6.38788,7.35788,8.12588,8.81088,9.03588,8.39888,7.76788,7.98188,8.43188,8.46688,8.15288,7.54088,6.55888,5.12088,3.90788,3.58088,3.48188,2.95188,2.17688,1.47988,1.65288,3.40688,4.74888,3.74988,2.37588,2.60988,3.36888,3.49088,3.36188
NO2_ICAD,2021-10-05,2288,False,1,-0.37014,0.04586,1.30686,2.48486,2.79486,3.80386,7.14086,11.0669,13.8109,15.6319,16.7039,16.5339,14.4979,12.3309,11.7159,11.9369,12.1959,11.9199,10.6169,9.11486,8.24086,7.86886,7.88886,8.20686,8.77886,9.25386,9.32986,9.51886,10.3109,11.0319,10.9669,10.4889,9.98286,9.66386,9.63586,9.11286,7.30486,5.26286,4.04786,3.44586,3.22586,3.10786,2.88986,2.69386,2.66086,2.71486,2.77186,2.75786,2.61386,2.47386
NO2_ICAD,2021-10-05,2308,False,4,0.4144,1.6844,3.1174,3.8394,4.1704,4.4434,4.6324,4.7194,5.2404,6.6494,7.5024,6.3844,5.0744,5.3554,6.2164,6.5514,6.3304,5.5874,4.8144,4.4604,4.3304,4.2594,4.4314,5.0424,5.5174,5.2704,4.7044,4.2514,4.1794,4.6704,4.7854,3.6494,2.6554,3.1914,4.0844,4.1154,3.6634,3.1164,2.2854,0.9874,0.1894,0.9044,2.2654,3.4174,4.1404,4.2254,3.7474,2.7844,2.2804,3.1304
NO2_ICAD,2021-10-05,2312,False,-1,1.8475,3.1845,3.8285,4.0645,4.2925,4.8635,6.1395,7.9105,9.9365,11.3835,11.3525,10.2995,8.6505,7.3455,7.2515,7.5765,7.5485,7.3055,7.0545,6.9655,7.1795,7.3785,7.2135,6.6225,5.5735,4.7805,4.9315,5.3035,5.1865,4.9305,4.9305,5.0775,5.2465,5.4495,5.7195,6.0245,6.2765,6.0795,5.0295,3.8985,3.4585,3.4655,3.6545,3.7665,3.6255,3.7095,4.4845,5.2215,5.1635,4.6845
NO2_ICAD,2021-10-05,2319,False,1,0.70568,1.01168,2.00568,3.41468,5.00368,6.48968,7.62168,8.57068,9.46368,10.0807,10.1057,9.52768,8.29368,7.01968,6.30968,6.08568,6.29168,6.70868,7.16668,7.56868,7.81568,7.83868,7.54368,7.09368,6.67168,6.62168,7.27468,7.95968,8.01168,7.71668,7.34468,6.80368,5.95468,5.08968,4.53168,4.38768,4.74268,4.96968,4.46368,3.74168,3.32568,3.08768,2.86468,2.57768,2.22268,2.25568,3.08968,3.61568,2.75668,1.79168
NO2_ICAD,2021-10-05,2324,False,-1,3.0018,3.1248,3.0828,3.3708,5.6838,17.7368,47.3198,77.1648,90.0908,93.9768,96.0228,92.3938,77.7568,60.1848,47.7278,40.7538,39.6088,41.2058,42.8888,42.5158,38.1738,32.9088,29.6678,27.6868,26.1258,24.8878,24.0518,23.4108,22.7778,22.0208,20.9758,19.4838,17.4428,15.9828,16.2608,17.1918,17.6908,17.6048,16.9008,16.5188,17.3388,18.2878,18.2668,17.7188,17.0708,16.1418,14.7758,14.1138,15.2858,16.6468
NO2_ICAD,2021-10-05,2358,False,0,1.3516,2.0856,4.0496,6.6446,8.7346,9.2626,9.2096,9.5206,10.0626,10.6036,10.8936,10.6906,10.2866,9.9436,9.5856,9.1246,8.7756,8.6916,8.1346,6.3446,4.2726,2.9346,2.5596,3.3646,4.3306,4.5046,4.2456,3.9586,3.8796,4.2046,4.6276,4.8386,4.8156,4.4776,3.5856,1.9286,0.6996,1.0526,1.6406,1.1536,0.5446,0.8536,1.6616,2.5006,3.0876,3.1476,2.7496,1.9636,1.4196,1.7156
NO2_ICAD,2021-10-05,2366,False,3,8.43756,9.59356,10.9136,12.0286,12.5656,12.9606,13.6336,14.3686,14.9096,15.2666,15.3506,14.5976,12.4376,10.4296,10.1436,10.7646,11.4616,11.8536,11.6136,10.8896,9.83956,9.17856,9.66656,11.0186,12.8926,13.9136,12.7366,10.9306,10.0416,9.82956,9.99456,10.3176,10.6206,10.6146,9.99856,9.13956,8.37056,7.60956,6.77456,6.15056,6.06956,6.35156,6.82256,7.08556,6.78056,6.38056,6.35756,6.54256,6.72556,6.68156
NO2_ICAD,2021-10-05,2378,False,3,12.6272,13.8872,16.0532,20.0592,25.2002,30.6762,34.4912,34.6802,33.9942,34.9832,36.0122,35.2102,33.4302,31.5062,29.4062,27.0272,25.0682,24.1762,23.0512,20.4392,17.7542,16.5612,16.8072,18.3692,19.4832,18.5082,17.1352,17.0622,17.5202,17.6632,17.6042,17.5972,18.2062,19.9212,21.2492,20.6742,19.2802,18.1542,17.4232,17.1292,17.0042,16.8392,16.7662,16.9552,17.2772,17.6122,17.9092,18.0982,18.0122,17.5022
NO2_ICAD,2021-10-05,2388,False,6,5.1033,6.6663,8.5163,10.5063,12.2003,13.1453,13.6403,13.9413,14.1673,14.3653,14.4213,14.1753,13.6583,12.9033,12.3323,12.2963,12.0013,10.6883,9.4773,9.5403,10.2753,11.0873,11.8483,12.4813,12.8743,12.8873,12.7123,12.5153,12.3223,12.1793,12.3753,13.1773,13.8203,13.4943,12.4393,10.9453,9.9773,10.3913,10.6253,9.2103,7.9823,8.8263,10.2533,10.7273,10.6543,10.4803,10.0493,9.1803,8.6673,9.3293
NO2_ICAD,2021-10-05,2393,False,0,2.1374,3.8934,6.2304,8.6344,10.9934,13.2374,15.2354,16.7814,17.7754,18.0544,18.0424,18.0654,17.8564,17.0424,15.6824,13.8304,12.1604,11.3334,10.9444,10.5914,10.0834,9.2644,8.2904,7.3744,7.0774,7.8874,8.2714,6.7614,5.1564,5.2834,6.0364,6.2424,5.9714,5.3674,4.6764,4.0964,3.5804,3.1254,3.0924,3.8834,4.9564,5.7434,5.9184,5.1564,4.1604,3.5724,3.1034,2.4864,2.2804,3.0624
NO2_ICAD,2021-10-06,27,False,3,4.46846,4.09646,3.67646,4.59446,6.20346,7.83546,9.33646,10.6235,11.8055,12.9075,13.4775,12.9775,11.8905,10.6605,9.64246,9.13646,8.79446,8.27246,7.57346,6.81946,6.87846,8.59046,10.2505,10.1385,9.08546,7.99146,7.50746,8.16846,8.83246,8.43446,8.04746,8.74646,9.46646,9.10446,8.45746,8.35346,8.50046,8.55646,8.49446,8.31346,8.07546,7.85646,7.85246,8.23046,8.46946,8.01246,7.05346,5.81446,4.90946,4.92946
NO2_ICAD,2021-10-06,30,False,-1,6.98216,11.7052,18.9772,27.5002,36.2912,45.9762,57.4892,70.2012,83.1512,92.5372,94.2642,92.4372,90.5742,87.5782,81.8522,75.6852,71.3532,68.0282,64.6762,60.1062,53.2892,46.7742,43.1712,41.2692,39.7692,37.2522,32.4912,27.5692,24.5762,22.6222,20.8492,19.4772,18.9122,18.7482,18.6052,18.2182,17.2792,15.5742,12.9592,11.1362,11.7672,12.8102,12.2712,11.3252,11.2592,11.6882,12.2052,12.9232,13.9902,14.8342
NO2_ICAD,2021-10-06,37,False,2,17.0615,17.5435,17.9075,18.7505,19.8565,20.9395,21.5675,21.3425,21.1255,21.6985,22.1355,21.4555,20.3595,19.5305,18.6995,17.5685,16.6105,16.3455,16.4395,16.5545,16.4905,16.1005,15.7985,15.9935,16.3415,16.4025,15.5965,13.3605,11.1065,10.1935,9.75152,8.92652,8.25652,8.39552,8.95352,9.51052,9.62652,8.85452,7.57652,6.21752,5.62852,6.58352,7.45052,6.66852,5.70052,6.05252,6.81252,7.00252,6.85152,6.63652
NO2_ICAD,2021-10-06,42,False,1,2.86612,4.27512,5.72512,6.51912,6.96212,7.37612,7.91512,8.70912,9.66812,10.6571,11.1331,10.5781,10.0461,10.5051,10.8011,9.71712,8.11112,6.84712,5.80112,4.82012,4.14112,4.09712,4.60112,5.58612,6.40812,6.43712,6.01612,5.40512,4.29712,2.37712,0.86312,1.04312,2.26912,3.86912,4.86012,4.29312,2.93512,1.57312,0.96212,1.74812,2.43212,1.64812,1.15212,2.70912,4.44512,4.48412,4.21912,5.03212,5.56612,4.38112
NO2_ICAD,2021-10-06,45,False,2,2.45426,2.11726,2.08926,2.41026,3.17026,4.17826,5.30526,6.55926,7.93226,8.91526,8.95726,8.52226,8.02426,7.49426,6.90226,6.29726,5.72026,5.13126,4.52726,4.23826,4.61526,5.18426,5.43226,5.04026,3.77826,3.01326,4.05026,5.25326,4.94726,3.82426,2.66926,2.07226,2.52026,2.95526,2.35326,1.47126,1.10526,1.07126,1.17226,1.44726,1.95326,2.26226,1.94526,1.47026,1.29926,1.30126,1.31826,1.28226,1.17926,1.33426
NO2_ICAD,2021-10-06,50,False,1,1.91032,5.36732,10.3633,16.8003,33.2323,69.1573,111.107,145.575,169.72,180.373,182.364,179.143,175.215,173.938,172.129,166.259,158.32,150.249,142.244,134.104,124.815,113.444,102.671,95.2363,89.4413,83.7083,78.2943,73.7833,70.2143,67.6983,65.4213,62.6723,59.8113,57.3013,55.4053,54.4253,53.8943,53.3193,51.9553,49.1363,46.5113,45.6863,45.2683,43.8243,41.8353,39.7933,37.4173,34.4093,31.8023,30.6683
NO2_ICAD,2021-10-06,89,False,-2,9.94504,11.958,14.503,16.803,18.029,18.769,19.586,20.443,21.234,21.989,22.654,22.65,21.441,20.63,21.723,22.688,21.47,19.663,18.905,18.603,18.073,17.39,16.611,15.21,12.617,9.82304,7.85304,6.78104,6.71504,7.12504,7.51504,7.26804,5.80404,4.16604,3.36904,2.98804,2.60704,2.47704,2.92004,3.48104,3.71004,3.70504,3.57104,3.38404,3.20604,3.14704,3.31304,3.48604,3.44204,3.23904
NO2_ICAD,2021-10-06,111,False,-1,16.3187,21.0147,25.7097,30.2107,34.1867,36.8847,37.4587,37.4907,38.4187,39.4777,39.7207,39.0397,37.2777,34.9647,32.5637,30.5217,29.2697,28.4157,27.5647,26.3397,24.4597,22.9577,22.8417,22.8917,21.9337,20.9337,20.8207,20.2287,17.8267,15.7287,16.0987,17.3497,17.8747,17.9527,17.9227,17.4717,16.2117,14.7967,13.8937,13.5157,13.6367,13.6167,12.8587,11.9037,11.2867,10.7777,10.1227,9.51672,9.18672,8.99972
NO2_ICAD,2021-10-06,151,False,1,4.5591,6.2121,7.8701,9.2581,10.1111,10.7291,11.4201,12.4321,13.9541,15.2431,15.4991,14.9881,13.9501,12.9541,12.5051,12.3461,12.1821,11.6971,10.6341,9.7811,9.9351,10.4841,10.7961,10.7361,10.1891,9.4061,8.5521,7.3931,5.7111,4.3801,4.3171,4.9091,5.5151,5.5921,4.6271,3.2791,2.2201,1.8031,2.3381,2.9281,2.6571,1.6031,-0.0539,-0.9329,0.2701,1.6591,1.3661,0.5221,0.3271,0.5161
NO2_ICAD,2021-10-06,401,False,3,3.8805,4.6465,4.8575,4.7745,4.7685,5.6735,8.3995,12.0305,15.6125,17.9895,17.9665,16.7095,15.2035,13.4325,11.2735,9.4815,8.8255,8.5505,7.9215,7.0785,6.3175,6.4245,8.1705,10.0045,10.3175,9.2815,7.1045,5.1065,4.4935,4.3165,3.6655,3.1055,3.3115,3.9195,4.5175,4.6245,3.8235,3.1105,3.4375,3.8945,3.5415,2.8415,2.3345,2.3195,3.0495,3.7255,3.5555,2.9375,2.2915,1.8755
NO2_ICAD,2021-10-06,448,False,1,0.00268,-1.42732,-0.85532,0.75568,3.40768,13.3317,42.5607,117.13,263.503,406.022,466.017,456.563,388.795,309.333,258.836,230.089,215.153,206.134,198.05,191.528,188.132,186.299,184.848,184.893,187.408,187.258,178.772,164.484,146.553,128.261,112.722,101.644,97.0847,95.7047,94.6567,93.0797,90.4707,87.5347,84.9487,82.6517,80.5527,78.5397,76.4717,73.8787,70.2197,65.9067,61.4167,57.9717,56.7777,56.1177
NO2_ICAD,2021-10-06,490,False,1,11.0154,12.3754,13.4124,13.7874,13.7124,13.4104,13.5284,14.6984,16.1904,17.2204,17.3684,16.2014,14.6004,13.3894,12.5884,12.1864,11.9694,11.7244,11.0624,9.63342,8.32542,8.00342,7.91942,7.34142,6.78642,6.79542,6.78042,6.17742,5.72942,6.23942,7.24842,8.24642,8.64642,7.86142,6.55542,5.37642,4.66342,4.74342,5.25442,5.83342,5.95742,5.13542,4.14242,3.73742,3.64042,3.54742,3.43642,3.32742,3.25542,3.25342
NO2_ICAD,2021-10-06,536,False,0,2.6412,5.7252,25.8572,137.235,427.712,824.514,1268.53,1730.65,2180.98,2519.01,2613.66,2445.99,1977.09,1460.65,1133.86,937.412,811.09,725.112,667.932,626.301,592.685,564.464,541.253,520.355,499.143,473.11,437.666,399.25,364.207,333.223,307.162,285.494,268.589,254.83,243.353,233.506,225.024,216.468,206.711,197.798,191.964,187.716,183.76,180.551,178.527,174.773,166.273,156.206,147.502,138.546
NO2_ICAD,2021-10-06,651,False,2,3.71726,5.15726,8.48126,12.8183,17.2803,20.6893,21.8993,22.3433,23.3403,24.4573,25.0733,24.9363,23.7643,22.2293,20.9243,19.7673,18.6503,17.7113,17.1283,16.7223,16.3363,15.9343,15.4973,15.0453,14.6033,14.2733,14.2083,14.6223,15.6933,16.3903,15.7143,14.7813,14.7583,15.5313,16.9343,18.2243,18.7013,18.7533,18.6783,18.0163,16.2733,14.6713,14.4283,14.7423,14.7873,14.4853,13.8193,13.0673,12.4563,11.7823
NO2_ICAD,2021-10-06,757,False,0,0.80302,1.83502,2.59202,1.44602,0.09702,0.32402,1.40302,2.68902,4.77202,8.25202,10.946,10.602,8.87802,7.39102,6.35002,5.77402,5.05402,3.68902,2.74302,3.32502,4.42702,5.05902,5.40602,5.67502,5.60702,4.85202,3.67202,2.37302,1.75202,2.53102,3.15502,2.10102,0.64802,0.12702,0.19902,0.48002,0.80602,1.08202,1.32802,1.59002,2.00102,2.67802,3.24002,3.25802,2.74402,1.69902,0.68102,0.21102,0.00202,-0.16298
NO2_ICAD,2021-10-06,789,False,3,6.03804,9.18104,11.521,13.412,15.236,16.973,18.567,20.313,22.427,24.008,24.12,23.838,24.113,23.944,22.221,19.993,18.316,17.154,16.431,15.909,15.357,14.37,12.592,11.014,10.599,10.404,9.54704,8.96504,9.63804,10.401,10.05,9.08004,7.99304,6.88504,5.87904,5.71104,7.14804,8.86704,9.55704,9.49304,8.94204,8.01104,6.76304,5.91704,6.22004,7.09204,8.00404,8.90104,9.71404,9.88404
NO2_ICAD,2021-10-06,907,False,0,9.12826,9.41026,8.03326,6.53626,6.48926,7.22426,8.07926,9.12026,10.4873,11.6843,12.1543,11.9413,11.0823,10.3433,10.4243,10.6463,10.3143,9.71526,9.17326,8.79426,8.66526,8.65826,8.63526,8.35126,7.58126,6.83526,6.63526,6.80726,7.17726,7.53326,7.73826,8.15726,9.12826,9.86626,9.57326,8.96626,8.76126,8.79026,8.83726,8.78526,8.52126,8.04926,7.40726,7.11926,7.66826,8.06226,7.35626,6.69426,7.24126,8.12726
NO2_ICAD,2021-10-06,955,False,2,0.586,1.029,1.229,2.034,4.396,7.318,9.922,12.858,16.733,19.708,19.799,18.414,16.92,16.044,16.312,16.478,15.318,13.729,12.642,11.948,11.443,10.604,8.957,7.291,6.41,5.966,5.612,5.276,4.975,4.926,5.351,5.782,5.772,5.711,6,6.397,6.629,6.677,6.543,6.469,6.694,7.073,7.493,8.082,8.91,9.11,7.801,6.216,5.574,5.445
NO2_ICAD,2021-10-06,958,False,0,12.6292,15.4622,18.5162,20.7312,21.9122,21.8632,21.5902,22.0142,22.7832,23.4852,23.9212,23.8452,23.0642,21.2872,19.0262,16.7112,14.4452,12.2992,10.3552,8.7202,7.1962,5.6812,4.7052,4.8662,5.4442,5.7192,5.4552,4.4462,3.2732,2.4792,1.8972,1.3632,1.0072,1.0092,1.2332,1.5742,2.0132,2.5012,2.5162,1.5792,0.8632,1.5312,2.5992,3.0652,3.1832,3.2512,3.2622,3.1492,2.8992,2.4612
NO2_ICAD,2021-10-06,963,False,0,7.69466,7.21066,6.64166,5.91866,6.37866,9.44766,13.3117,16.2327,18.5987,20.7797,22.0397,21.4267,19.6567,17.3687,15.3757,14.4257,14.0657,13.8577,13.4257,12.4787,11.6117,11.4167,11.4147,11.1197,10.6547,10.1097,9.09366,7.23566,5.71566,5.67266,5.78766,4.79266,3.87066,4.25466,4.87666,4.61266,3.86166,3.09566,2.70166,3.00366,3.31866,3.02766,2.92466,3.74566,4.13666,2.72566,0.98066,0.40366,0.50166,0.74766
NO2_ICAD,2021-10-06,1011,False,2,1.15626,0.92726,1.90526,3.41026,5.19026,10.0593,21.0433,33.1983,41.5123,46.1943,47.4143,47.1063,46.7643,46.5043,46.1633,45.0883,42.4873,38.7063,34.0943,30.2553,28.6733,27.2993,24.0843,20.0983,16.5513,13.9313,12.7123,12.1793,11.7943,11.9053,12.9153,13.6573,12.9823,11.9343,11.5863,11.7493,12.1913,12.6853,13.0453,13.2223,13.1423,12.7833,12.0793,11.2113,10.3173,9.38326,8.44826,8.10526,8.88926,9.23226
NO2_ICAD,2021-10-06,1035,False,1,51.0956,59.5336,64.9136,69.8616,74.4596,78.3036,81.3266,83.3596,84.9196,86.3326,87.0436,86.3056,84.5066,81.7296,77.2276,69.9916,61.7136,54.0936,48.2456,45.3996,44.5446,44.9556,45.9106,46.9706,48.3256,50.1366,51.1406,49.9336,47.2856,43.8856,40.6346,38.3186,36.4896,34.6106,31.8406,27.4176,23.1306,20.7806,19.3876,17.9846,16.5106,15.0146,13.4106,11.6086,9.85562,8.47662,7.86562,8.43062,9.07662,8.72262
NO2_ICAD,2021-10-06,1108,False,3,7.48426,8.76126,9.86926,11.0573,12.5853,14.0213,14.9063,15.5053,16.0543,16.4993,16.6653,16.1903,14.7123,13.3603,13.2283,13.4393,13.0923,12.4263,11.7323,11.1063,10.6293,10.3563,10.3663,10.5133,10.6353,10.4143,9.50326,8.22226,6.96626,6.68526,8.23226,9.41426,8.06426,5.96126,4.90526,4.37026,3.78526,3.57326,4.23426,4.98026,5.02326,4.68626,4.31926,4.09826,4.13126,4.01326,3.35626,2.71326,2.68526,3.20726
NO2_ICAD,2021-10-06,1134,False,1,5.59188,7.80888,10.2289,12.6129,14.5049,15.5389,17.1109,20.6069,24.5579,27.3129,28.0979,26.1109,23.4439,22.0059,21.0329,19.6259,17.7879,15.6159,13.7269,12.7429,12.2239,11.7799,11.4799,11.3819,10.7639,8.90188,6.89488,5.84288,5.30988,4.84088,4.36788,3.92288,3.76288,4.13988,4.49688,4.26988,3.73388,3.16088,2.59688,2.08288,1.80688,2.02488,2.76888,4.07188,5.14688,5.18788,4.56888,3.64888,2.83688,2.49288
NO2_ICAD,2021-10-06,1374,False,0,1.2804,1.5744,1.5304,1.4354,1.9074,5.0924,13.3134,22.9754,30.4474,34.9094,35.4874,34.1964,32.5744,30.1794,26.3774,22.8904,21.4174,20.5094,18.7914,17.3294,17.3064,17.6294,17.2064,16.5314,16.1654,15.9824,15.7904,15.3464,14.3754,12.9694,11.1894,9.4164,8.0444,7.2324,7.1664,7.3244,7.2174,6.7924,6.0574,5.5704,5.8434,6.0764,5.4384,4.3384,3.2034,2.2474,1.7194,1.9094,3.0504,3.5324
NO2_ICAD,2021-10-06,1419,False,-2,2.94658,3.12258,4.07258,4.80658,4.45258,4.59858,7.02658,11.1856,16.4646,20.7596,22.0106,21.8616,21.8156,21.5906,20.6886,19.4366,18.1246,16.6886,15.0676,13.8416,13.6766,14.3296,15.5766,16.5606,16.4596,15.8016,15.0986,14.5376,14.2536,14.1076,13.9666,13.7306,13.3106,12.8496,12.4706,12.0566,11.4676,10.7406,9.89658,8.97458,8.01858,7.26358,6.96258,6.88958,6.82458,6.58858,6.02158,5.35858,4.86858,4.81158
NO2_ICAD,2021-10-06,1426,False,-1,2.17704,1.77404,1.48204,1.31004,2.31504,5.70404,10.197,14.518,17.684,18.716,18.688,18.485,17.949,16.765,15.411,14.365,13.647,13.257,12.876,12.229,11.573,11.17,10.746,10.009,9.10704,8.18604,7.27904,6.40504,5.59104,4.90204,4.49604,4.51504,4.30704,3.25904,2.22804,2.10504,2.46004,2.86704,3.27004,3.64304,3.78204,3.45404,2.89104,2.36904,2.40004,3.45904,4.44404,4.26704,3.67604,3.40204
NO2_ICAD,2021-10-06,1484,False,4,2.27338,3.87938,5.60638,7.00038,7.61738,7.84138,8.00238,8.04338,7.87938,7.86438,8.24438,7.86538,5.61838,3.59738,3.88938,4.92238,5.06638,4.55738,3.73138,2.95338,2.53138,2.29538,2.10638,2.11038,2.49138,3.00538,3.38338,3.36438,2.72838,2.29938,2.85438,3.45038,3.10138,2.24538,1.37738,0.92838,1.31938,2.12938,2.92038,3.14238,2.29038,1.38838,1.45038,1.96138,2.39338,2.74438,3.01838,2.90738,2.09738,1.32338
NO2_ICAD,2021-10-06,1538,False,-1,8.53188,8.76988,9.48588,10.7799,12.3489,13.9349,15.3719,16.5199,17.5649,18.6229,19.2389,18.8519,17.7089,16.0039,14.3119,13.1129,11.8989,10.2189,8.98488,9.12088,9.37988,8.49188,6.98288,5.48488,4.69188,5.24988,6.05188,6.02988,5.62288,5.28388,4.78788,3.88388,3.14488,3.16888,3.52388,3.76888,3.76988,3.41188,2.87988,2.38188,2.33888,3.20088,4.48288,5.65088,5.97088,4.71588,3.06888,2.16788,1.74788,1.53188
NO2_ICAD,2021-10-06,1609,False,8,16.1498,17.3928,17.3928,17.3348,18.3108,19.1988,18.8638,18.4748,19.2238,20.2688,20.6638,20.2998,19.1018,17.8578,17.3108,17.1398,16.9448,16.1848,14.3628,12.5168,11.6178,10.7628,9.03684,7.22484,6.18884,5.69484,5.49584,5.29084,4.83284,4.30184,3.92184,3.90284,4.48184,5.35584,6.21284,6.63284,6.13784,4.87284,2.97884,1.51384,1.53184,2.31784,3.16384,3.67184,3.50984,3.08784,2.78984,2.57284,2.37184,2.20784
NO2_ICAD,2021-10-06,1746,False,1,3.6984,3.8104,2.9024,1.9494,1.9944,3.1054,5.3554,7.7034,9.1624,10.0204,10.5074,10.4184,9.4334,8.1314,7.0374,6.0744,5.1974,4.8804,5.6214,6.4514,6.4614,6.3904,6.9324,7.0104,5.5614,4.2714,4.8104,5.6964,5.3814,4.4014,3.3684,2.5714,2.2934,2.6244,3.6444,4.3324,3.7204,2.9224,3.0004,3.0294,2.0544,1.0374,1.0004,1.4884,2.0224,2.3964,2.4324,2.1614,1.6244,1.2944
NO2_ICAD,2021-10-06,1842,False,5,4.35958,4.97458,5.79358,7.42658,9.58258,12.0076,14.5426,17.0246,18.9756,19.8276,19.8746,19.3096,18.5016,17.7166,16.8876,15.9586,15.3196,15.4126,15.9276,16.5736,17.0746,17.1806,17.0856,16.9506,16.7046,16.2386,15.6906,15.1686,14.5236,13.6156,12.8676,12.6816,12.4246,11.4806,10.4936,10.1426,10.1336,10.1096,9.61858,8.29358,7.29058,7.78558,8.88858,9.71158,10.2026,10.3766,10.4516,10.6076,10.7766,10.8726
NO2_ICAD,2021-10-06,2002,False,-1,4.13538,5.17138,6.93438,10.3074,13.1014,13.1054,12.1774,12.1734,12.7244,13.3194,13.6994,13.6294,13.1574,12.2994,11.3844,10.6964,10.0594,9.29738,8.62238,8.27338,8.09138,7.88738,7.34038,6.14938,4.94938,4.40138,4.40438,4.87938,5.57038,6.21938,6.31138,5.36538,4.45938,4.62438,4.98338,4.60538,3.75838,2.80438,2.38138,3.09138,3.98138,4.11438,3.83038,3.51438,3.35338,3.44338,3.21238,2.13138,1.24838,1.56838
NO2_ICAD,2021-10-06,2017,False,-1,9.01368,9.30468,9.58668,10.4397,11.5997,12.7297,13.3157,12.9267,12.9087,14.5247,16.0537,15.6717,14.1147,12.1307,10.3287,9.29468,9.24368,10.4017,11.4607,11.1427,10.0967,9.00668,8.27968,8.23268,8.16368,7.39368,6.43868,5.83968,5.45368,5.08668,4.46768,3.40468,2.74868,3.33468,4.00568,3.58768,2.58268,1.59068,1.29468,2.32168,3.51168,3.67568,2.91768,1.45268,0.71068,2.00368,3.27268,2.48068,1.13968,0.83368
NO2_ICAD,2021-10-06,2185,False,4,11.8406,12.8676,13.1206,12.8316,12.3046,11.7746,11.4516,11.5726,12.1286,13.0816,13.5696,12.7556,11.6896,11.3266,10.6766,8.7256,6.8186,6.3626,6.6766,7.0946,7.5646,8.0696,8.0526,6.9706,5.9436,6.1026,6.8826,7.6826,8.1406,7.9606,7.6756,7.7886,7.9896,7.9396,7.7486,7.4916,6.8416,5.4936,4.4336,4.6706,5.4856,6.1306,6.2616,5.5956,4.8406,4.6606,4.6126,4.2226,3.6476,3.0746
NO2_ICAD,2021-10-06,2272,False,-2,2.96662,3.68262,4.40262,5.18162,6.36362,8.28662,10.1686,11.3166,12.7566,15.4466,17.5876,17.2356,15.3996,13.0886,11.3276,11.0506,11.5266,12.1016,12.7006,13.2556,13.0846,11.4796,9.64362,8.78162,8.67962,9.08062,9.39162,9.05562,8.25162,7.14562,6.00962,5.07162,4.24262,3.45362,2.87862,2.73462,2.83362,3.01362,3.19662,3.30962,3.22262,2.76862,2.02162,1.07762,0.47662,0.78162,1.54662,2.35162,3.01362,3.32962
NO2_ICAD,2021-10-06,2285,False,0,3.24648,5.60648,11.5315,26.9815,58.7705,95.8845,127.597,152.068,167.203,174.99,175.823,171.149,161.456,151.444,145.39,141.469,137.748,133.504,128.238,122.654,117.262,110.866,101.998,91.2955,79.3065,67.5985,57.8065,50.3905,46.0275,43.1345,40.3965,37.4175,33.9925,30.5895,27.6335,24.5835,20.9735,17.9555,16.7435,16.1605,15.0515,13.5435,11.8965,10.6805,10.4815,10.7975,11.0935,10.7205,9.08448,7.37048
NO2_ICAD,2021-10-06,2347,False,-1,4.8651,4.0431,3.0931,3.2261,4.1251,5.5321,7.5541,10.3551,12.8681,13.9741,14.0311,13.3221,12.2751,11.2001,10.2461,9.5861,9.4611,10.1561,11.0731,11.6831,12.3021,13.2401,13.9071,13.6161,12.5491,10.8981,9.5791,9.4901,10.0351,10.5861,10.5501,9.4091,8.2371,8.0681,8.1991,7.8491,6.9391,5.5061,4.7171,5.6711,6.6281,5.8621,4.5431,3.8911,3.6321,3.4101,3.0901,2.6261,2.4601,3.0221
NO2_ICAD,2021-10-06,2400,False,5,5.06726,6.08726,7.11226,8.06726,8.87726,9.57926,10.1843,10.6483,10.9013,11.0503,11.1643,11.0923,10.6823,10.3483,10.4913,10.6933,10.5403,10.3063,10.2913,10.3973,10.4753,10.2043,9.27626,8.33126,7.99026,7.87226,7.57026,7.09626,6.53026,6.29126,6.83326,7.85226,9.02626,9.73126,9.32926,8.36926,7.37026,6.62426,6.39026,6.46626,6.64726,6.56426,5.90226,5.35826,5.64526,6.33526,6.96026,7.17026,6.61726,5.68526
NO2_ICAD,2021-10-06,2402,False,-2,1.16114,1.64014,2.73514,4.63314,7.58014,11.0321,14.4571,17.1601,18.4141,18.9151,19.1871,18.8311,17.3071,15.4261,14.0451,13.6731,14.7991,16.1551,16.5251,16.3041,15.9241,15.6201,15.5671,15.6451,15.7541,15.9881,16.3811,16.1641,14.5631,12.7681,11.9601,11.6921,11.4451,10.8281,9.57714,8.80414,9.57514,10.3721,9.66414,8.41314,7.61714,7.09914,6.68714,6.84614,8.10114,9.53914,10.2441,10.3311,9.91314,9.27414
NO2_ICAD,2021-10-06,2472,False,6,16.7403,16.3623,16.3363,17.4183,18.4813,18.3973,17.9563,17.9853,18.2883,18.5953,18.6553,18.1813,17.1163,15.4453,14.3583,14.9763,15.6383,14.7773,14.0643,15.2413,16.9223,17.6743,17.8963,18.0343,18.0193,17.7303,17.5243,17.7303,17.8613,17.3333,15.9793,13.6553,11.6113,11.0933,11.3713,11.7013,11.6623,10.9193,10.0953,9.78032,9.58932,9.11032,8.50532,7.96132,7.51132,7.17732,6.90032,6.62232,6.28232,5.83632
NO2_ICAD,2021-10-07,10,False,0,6.60578,6.59078,6.52678,7.76278,11.3218,18.4328,27.2848,36.2218,44.1038,49.5048,50.9108,46.4468,40.1608,35.9308,34.3278,35.8358,38.4458,40.4318,42.0108,43.5028,44.6998,45.3438,45.9758,47.0238,47.4788,46.2818,44.6788,43.8998,43.5878,43.3608,43.3468,43.6008,42.7998,39.5168,35.2168,31.2458,27.3738,23.3798,20.4428,19.9068,20.5808,21.3358,21.5298,20.5668,18.7518,16.3708,14.3608,13.6438,13.6588,13.8478
NO2_ICAD,2021-10-07,31,False,-1,11.1195,27.6655,46.4485,60.6985,70.5015,75.9695,79.4225,82.6505,86.0985,89.8045,92.2945,91.8155,88.8825,83.9255,79.4895,78.0105,78.0725,78.2675,77.9835,76.7565,75.1645,73.6655,71.6675,68.5235,65.2915,63.0215,61.1775,59.1985,57.1195,55.0895,53.5425,52.9825,53.0535,53.4135,53.3925,52.3295,50.7135,48.9815,47.1825,45.2935,43.3625,41.4645,39.8835,38.8635,37.5865,35.2225,32.4415,29.9175,27.6965,25.7875
NO2_ICAD,2021-10-07,53,False,0,2.3343,2.1413,2.1383,2.5043,2.9603,3.3183,4.2343,6.4683,9.4693,12.5763,14.2523,12.9543,10.8103,9.8613,9.6053,9.4673,9.5733,10.0943,10.2753,9.3523,8.1253,7.3803,6.8663,6.2553,5.3533,4.0743,3.4293,4.4633,6.0493,7.0973,7.8223,8.4163,8.2773,6.7303,4.8833,3.8633,3.6923,4.3253,4.7063,3.8513,2.7033,2.2373,2.2993,2.7033,3.1483,3.3873,3.5123,3.6373,3.8743,4.2783
NO2_ICAD,2021-10-07,78,False,-1,5.20544,6.13144,6.82244,7.31644,9.79044,16.7574,26.6574,37.9544,47.4374,51.8564,53.0444,52.5244,51.3674,50.2324,49.0514,47.6604,46.1614,44.7984,44.6344,46.7504,49.1374,49.7584,48.9434,47.0694,45.2924,44.5964,43.9454,42.3294,40.8134,40.5244,40.6814,40.4784,39.9864,39.3224,38.5854,37.8914,37.6084,38.0174,37.8054,35.6774,33.2814,32.3464,32.6624,33.8604,34.0344,31.3424,27.9084,25.8414,24.6874,23.9194
NO2_ICAD,2021-10-07,82,False,7,70.7044,74.0904,74.0484,72.7624,72.2504,72.2324,72.3204,72.7584,73.8344,74.7664,74.7804,74.5294,74.4844,73.1324,68.7724,63.1804,58.1434,54.5444,53.1804,52.3814,50.6314,48.6624,47.3204,46.3274,45.3564,44.2174,42.7874,41.5724,41.0194,40.2034,38.1934,35.9494,34.3464,32.3224,28.7724,25.1104,22.7824,21.1754,19.6424,17.9954,16.1584,14.5544,13.6234,12.9764,12.2194,11.1924,9.80344,8.64444,8.29344,8.12444
NO2_ICAD,2021-10-07,87,False,-1,1.95338,1.67338,1.35038,1.01738,1.22538,2.58738,4.45838,6.27338,8.18838,10.2964,11.3944,10.2164,8.40438,7.55138,7.30438,7.23638,7.22438,7.15338,6.55738,5.03738,4.02638,4.92338,6.10638,5.94738,5.23738,4.81938,4.55838,4.24438,3.88738,3.51938,3.14838,2.78338,2.46138,2.26438,2.41638,3.13438,3.79738,3.79738,3.60438,3.64238,3.40038,2.35138,1.37438,1.38038,1.90638,2.51238,3.24538,4.14738,4.50238,3.62038
NO2_ICAD,2021-10-07,89,False,1,5.19868,8.04468,12.1027,16.8177,21.8027,26.8347,31.9697,37.2817,42.4387,46.8127,48.6947,46.0987,41.4207,36.9257,33.8757,33.3887,33.8167,33.6317,32.9477,31.9757,30.8837,29.8297,29.2027,29.5027,30.8347,33.3727,36.0407,37.7147,37.9727,36.2197,32.9727,28.5557,24.0357,20.4387,18.0317,17.1457,16.8737,16.4377,15.8757,15.3267,15.0217,15.1647,15.2617,14.7757,13.7287,12.1867,11.0427,11.2217,12.1927,13.4027
NO2_ICAD,2021-10-07,871,False,1,3.52492,12.1629,22.6009,31.4259,39.2689,47.0059,54.8689,62.8839,70.2429,75.6529,77.0929,72.0119,63.3499,53.7079,45.3279,40.2119,36.7529,33.5359,30.5959,28.2079,26.0979,24.0199,21.9229,19.8009,17.7569,15.9069,14.1949,12.5969,11.1739,10.0409,9.17192,8.59092,8.23792,8.09792,8.05492,7.98592,7.60992,6.63192,5.44292,4.45292,3.90792,4.00092,3.85292,2.63492,1.36492,1.09892,1.37092,1.71192,2.06792,2.46792
NO2_ICAD,2021-10-07,873,False,1,4.68798,5.18698,6.25698,7.35198,7.87298,8.08698,8.66898,12.508,22.314,30.996,31.324,27.272,22.753,18.87,16.255,14.248,12.341,10.964,10.696,10.984,11.244,10.728,8.72698,6.49398,5.29798,5.01198,5.47698,5.92398,5.64698,4.98698,4.29098,3.69698,3.32298,3.17798,3.25998,3.12398,2.42398,2.25898,3.64898,4.63398,3.24998,1.31098,0.67198,0.76398,0.98298,1.49498,2.54398,3.49298,3.72398,3.81198
NO2_ICAD,2021-10-07,897,False,-1,6.02888,5.74688,5.18588,4.13388,3.34988,4.45688,12.7659,34.7329,65.5869,100.046,123.211,120.111,107.523,101.318,99.1489,97.4699,95.6609,93.4899,90.3629,85.4919,79.2119,71.7349,64.2569,57.9849,53.2599,50.5279,48.6539,46.6849,44.6079,42.4939,40.1949,37.5069,34.4849,31.2099,28.3319,26.5309,25.3319,24.3049,23.2429,22.0049,20.7029,19.4489,18.2259,17.0379,16.0999,15.6199,15.0519,13.8549,12.4389,11.2619
NO2_ICAD,2021-10-07,968,False,-1,4.24704,6.50504,9.09004,11.742,14.612,17.902,21.271,24.363,27.11,29.338,30.631,30.422,29.337,27.92,26.752,26.359,26.362,26.27,25.019,21.57,17.938,16.149,15.637,15.76,15.471,13.909,12.546,12.884,13.846,14.341,14.546,14.701,14.744,14.563,14.274,13.969,13.571,12.975,12.28,11.595,11.085,10.859,10.285,8.76104,7.31604,7.02904,7.48404,8.18304,8.15904,6.48604
NO2_ICAD,2021-10-07,1048,False,0,62.2441,82.3541,96.3871,100.906,100.756,100.24,101.47,106.106,111.79,116.01,117.228,113.861,109.073,105.87,104.418,104.83,106.257,107.955,108.747,107.45,105.1,102.584,99.7961,96.5261,93.4831,91.3341,89.1251,85.7891,81.3451,75.8091,70.3141,65.9221,62.0631,58.1681,54.2191,50.2581,46.2651,42.1931,37.9691,33.5491,29.3641,25.9351,23.4011,21.9401,20.5831,18.4221,15.8431,13.2941,11.1311,9.73112
NO2_ICAD,2021-10-07,1058,False,-2,4.10708,3.94908,3.85608,3.81808,6.00308,13.3241,26.5651,46.4761,63.9081,69.6981,69.4431,68.2151,65.2401,58.8631,51.4741,45.5651,42.2301,42.4491,42.7401,39.8331,36.0051,33.6531,32.1471,30.7421,29.3351,27.9701,26.9531,26.5741,26.0841,24.6811,22.5121,19.6791,16.6141,13.7581,11.7291,11.1971,11.2811,11.1691,10.7741,10.0651,9.20208,8.31208,7.41608,6.55008,5.92008,5.74308,5.64408,5.26908,4.85508,4.64608
NO2_ICAD,2021-10-07,1065,False,-1,4.53076,3.87476,3.21376,3.53476,6.11976,11.3318,19.8018,29.4258,38.0328,43.4588,43.3688,40.7348,38.1548,35.7728,33.3678,30.5768,27.1798,24.7308,24.7888,25.2648,24.1378,22.6098,21.9858,21.7658,21.3898,20.9038,20.2528,18.4018,14.3348,10.5608,9.62176,10.1768,10.8998,11.4798,11.7108,11.2848,9.88576,8.57476,8.39076,8.72176,8.92276,8.81876,8.31576,7.96776,8.33776,9.07876,9.80876,10.0628,9.36876,8.20876
NO2_ICAD,2021-10-07,1067,False,-1,2.7044,4.0164,8.2114,13.8524,20.1504,30.2574,47.9804,69.5124,90.7614,105.944,108.447,100.499,83.4354,65.2764,53.2264,45.1154,38.9734,35.5494,36.3724,39.5104,43.2484,46.0304,46.4374,45.6404,44.6324,43.1344,40.6544,37.6844,34.6404,31.5044,28.1824,24.7724,21.3564,17.9214,14.5304,11.8414,10.5704,9.7774,8.6424,7.7614,7.8514,8.4424,9.0354,9.1474,8.3024,7.0224,5.7604,4.3934,2.8194,1.8404
NO2_ICAD,2021-10-07,1220,False,1,1.56792,3.54892,6.43192,9.72792,13.1039,16.7209,20.7739,24.7089,27.8799,30.0629,30.8149,29.9039,26.9499,23.7879,22.1459,21.3299,20.6289,20.0179,19.5629,18.9689,17.9299,16.6609,15.4059,14.4849,14.2249,14.2279,14.1189,13.8489,13.4259,13.1759,13.4409,13.9679,14.5099,14.9059,14.9509,14.3829,12.9339,11.5999,11.3519,11.5049,11.3669,11.0479,10.6879,10.1899,9.45292,8.86292,8.79892,8.81492,8.45792,7.89592
NO2_ICAD,2021-10-07,1282,False,0,2.28886,3.79186,7.11286,13.4369,24.0779,34.8979,41.8759,46.7939,51.3159,54.7369,55.6859,53.3819,46.7199,38.5699,31.5749,26.0339,22.1689,19.1899,16.5519,14.4309,13.1689,12.3289,11.5489,10.8289,10.2339,9.76286,9.42686,9.13286,8.76186,8.08186,6.83986,5.41986,4.22786,3.53786,3.62186,3.86786,3.69586,3.29086,2.87486,2.59786,2.61086,2.83886,3.20386,3.38986,3.12486,2.97686,3.49686,4.04286,3.94786,3.53686
NO2_ICAD,2021-10-07,1283,False,1,6.62244,6.82044,6.81544,7.32444,9.08944,11.1204,12.4614,13.5954,15.0064,16.1694,16.4784,16.3484,16.1534,15.8784,15.4834,15.3164,15.6944,15.8904,15.1344,13.8214,12.3464,11.0864,10.4034,10.1974,10.4154,10.8294,11.2044,11.0834,10.0654,9.34344,10.0364,10.6524,9.71144,8.54144,8.45744,8.31344,6.96444,5.80944,6.26944,6.95444,6.44944,5.57944,5.23344,5.19044,5.17944,5.11744,4.98344,5.05444,5.59944,6.17144
NO2_ICAD,2021-10-07,1370,False,0,6.5428,7.2838,7.7058,7.5518,8.6648,12.9988,18.5348,23.3558,27.7158,31.7108,33.2498,29.9868,25.1508,21.8078,19.6188,18.0768,16.7688,15.4548,14.3988,13.8748,13.2128,11.7768,10.3158,9.6158,9.3238,9.1078,9.0958,9.4268,9.4628,8.5398,7.2208,6.0908,5.4448,5.5518,5.8338,5.7468,5.4508,5.1128,4.6538,4.0298,3.9188,5.0168,6.3748,7.0608,7.3578,7.5268,7.2418,6.1328,5.0578,4.8668
NO2_ICAD,2021-10-07,1478,False,3,45.4735,52.6475,58.4225,62.9125,66.3595,70.6755,77.5475,83.8915,86.4865,87.1155,87.3215,86.1025,82.0325,76.5375,70.9285,65.8295,61.9565,60.2385,61.7205,63.6255,63.2415,61.2335,58.2655,54.8915,51.5515,48.9175,47.6995,47.1895,46.6605,45.2685,42.2545,39.2185,37.7155,36.7025,35.1515,33.7105,33.1315,32.9045,32.5275,32.1255,31.8815,31.7215,31.5965,31.6575,32.0305,32.0955,31.2025,29.9045,28.7575,27.9435
NO2_ICAD,2021-10-07,1516,False,2,-0.7781,0.7919,5.3979,10.5039,13.6489,15.7149,17.6109,19.2249,20.2679,20.9659,21.4219,21.1439,19.5159,17.2159,14.8639,12.7709,11.2119,10.0469,9.1849,8.4579,7.7209,6.7689,5.4449,4.3629,4.1299,4.0509,3.4999,3.2889,4.2899,5.6129,6.2939,6.0329,4.5699,3.0909,2.7449,3.0019,3.3529,3.8469,4.5999,5.2919,5.5509,5.2549,4.2849,3.4159,3.4079,3.8519,4.3739,5.0589,6.0149,6.6939
NO2_ICAD,2021-10-07,1559,False,-1,5.80364,5.82864,5.20364,4.39164,3.91864,4.08164,5.21564,6.82464,8.43064,9.53564,9.64664,9.32464,9.05264,8.66664,7.98164,7.53764,7.84564,8.02564,7.21664,6.32364,6.27864,6.60564,6.80264,6.90464,6.96864,6.82064,6.29564,5.92964,6.27664,6.97064,7.62464,7.96064,7.73164,7.44564,7.55164,7.52464,6.78764,5.68064,4.62264,4.32864,5.47764,6.73564,6.78564,6.21864,5.63464,5.00564,4.25864,3.78664,4.01164,4.50464
NO2_ICAD,2021-10-07,1697,False,1,3.75854,4.16554,4.71154,4.94254,4.99554,5.05854,5.37954,6.20954,7.26654,8.24054,8.76654,8.41554,7.33954,5.72754,4.87454,6.00554,7.31354,7.01654,6.12954,5.73254,5.63354,5.55554,5.32954,4.83054,4.33154,4.09154,3.88154,3.47854,3.13354,3.09654,3.04054,2.64854,2.26654,2.23554,2.20054,1.77554,1.14454,0.53754,0.32854,0.86754,1.43754,1.31254,0.74154,0.01854,-0.36946,0.00254,0.33654,-0.12446,-0.58246,-0.18446
NO2_ICAD,2021-10-07,1947,False,2,4.17976,4.73876,3.97976,3.13976,4.84176,18.0128,51.7908,87.3228,106.054,115.71,123.213,122.58,106.078,84.6688,68.8608,57.5578,49.2588,42.6278,37.0578,32.8198,30.5098,29.1388,27.8548,26.3318,24.3628,22.4028,20.9078,19.6518,18.3648,16.7238,14.4228,12.0258,10.1178,8.75276,8.00676,7.55376,7.14376,6.77276,6.48176,6.23176,5.98076,5.69076,5.35976,5.27876,5.70376,5.86576,4.97576,3.63976,2.49276,1.81876
NO2_ICAD,2021-10-07,2268,False,-1,6.40538,8.73338,10.1394,10.3294,10.2884,10.9344,11.9634,13.0684,14.4094,16.1144,17.2104,16.6934,15.7254,15.4444,15.6004,15.8924,16.2284,16.4654,15.8674,13.6974,11.4454,10.5904,10.4564,10.3614,10.3094,10.3964,10.5014,10.5004,10.4424,10.3434,9.98238,9.14538,8.41938,8.41938,8.91038,9.67238,10.4774,11.1224,11.4764,11.3884,11.0834,10.7324,10.2254,9.43438,8.69438,8.33738,8.10538,7.75638,7.46038,7.42538
NO2_ICAD,2021-10-07,2269,False,0,1.20604,0.87904,0.79004,0.95104,2.87704,8.16504,13.867,17.057,18.635,19.48,19.747,19.355,18.648,17.907,17.201,16.582,16.121,15.924,15.962,16.162,15.836,14.313,12.67,11.987,11.824,11.695,11.321,10.446,9.22604,7.82304,6.67204,6.20904,6.08704,5.98804,5.88004,5.79104,5.86004,6.20504,6.37504,5.91104,5.23904,4.79604,4.63704,4.81004,5.14104,5.49104,5.82704,6.06004,5.67704,4.18404
NO2_ICAD,2021-10-07,2470,False,2,8.07352,7.48652,7.75152,8.25452,8.40052,8.32552,8.27852,8.87452,10.7145,12.6335,13.4305,13.2745,12.2935,10.9385,9.59852,8.76152,8.88952,9.21752,9.02152,8.66152,8.54052,8.55752,8.63152,9.02352,9.94152,10.3035,9.06352,7.79752,8.11452,9.27952,10.5115,11.4425,11.6885,10.9695,9.03952,7.68552,8.56952,9.43052,8.01052,6.02552,5.29452,5.41352,5.87952,6.14652,5.72752,4.95752,4.17352,3.64152,3.59252,3.65152
NO2_ICAD,2021-10-07,2473,False,2,1.79422,2.90622,4.24222,5.29422,6.68322,9.04622,11.2702,12.2092,12.5582,12.9582,13.1182,12.6262,11.8032,10.9392,10.0742,9.26322,8.87122,9.29222,9.90722,10.0912,9.81122,9.07922,8.53822,8.76122,8.91022,8.13022,7.00222,6.14322,5.64822,5.59422,5.75222,5.92322,5.98322,5.80422,5.36322,4.67422,4.40022,5.18222,6.05522,6.00522,5.14422,3.63422,2.40522,2.36522,2.93922,3.56922,4.03022,4.14022,3.96422,3.55522
NO2_ICAD,2021-10-07,2518,False,-2,4.17088,3.82988,3.57488,4.36388,5.46388,6.12088,6.51988,6.90188,7.40388,8.10688,8.61688,8.52488,8.20288,7.95488,7.38088,6.03488,4.58088,3.73688,3.64988,4.43088,5.02788,4.40288,3.13888,1.86888,1.19588,1.72488,2.92988,4.22488,4.47688,2.63188,0.76488,0.92388,1.92188,2.53488,2.87588,3.14788,3.26388,3.09888,2.86188,2.75388,2.71788,2.65788,2.32988,1.47588,0.43188,-0.40612,-0.48712,0.70588,1.81388,1.56088
NO2_ICAD,2021-10-07,2655,False,1,3.40756,3.83056,3.18056,2.43056,2.59156,3.62556,5.93756,11.8796,23.7616,34.4416,36.7696,35.3896,34.8886,35.1046,35.3306,34.9226,33.2846,31.2916,29.7236,28.0026,25.5806,23.7456,23.7926,24.0516,22.8496,21.0236,19.5166,18.6486,18.7186,19.2476,19.7676,19.7646,18.7456,17.4746,16.7326,16.6926,17.4616,17.9636,17.1686,16.0176,15.4616,15.2476,14.9966,14.1136,12.0806,10.3236,10.2446,10.6286,10.2636,9.64356
NO2_ICAD,2021-10-08,8,False,8,11.8797,13.0837,11.2917,9.46866,10.5287,12.4627,13.1667,13.1557,13.0717,13.1087,13.3487,13.3927,12.8247,11.9947,11.2397,10.5777,10.0027,9.49366,9.04266,8.60266,8.14066,7.72566,7.43366,7.20466,6.98266,6.76166,6.57866,6.69566,7.37666,8.03566,8.04966,7.43166,6.16666,4.71366,3.55566,3.25466,4.38266,5.76866,6.28766,6.30966,6.23666,6.14466,6.01566,5.60066,4.61966,3.41466,2.32166,1.49266,1.10866,1.18966
NO2_ICAD,2021-10-08,40,False,5,22.2082,25.2852,28.2462,30.3572,30.7612,30.1642,29.2312,28.8262,29.7202,30.8602,31.2032,31.1052,30.9472,30.7472,30.3982,29.4632,27.4662,25.1702,23.3402,22.0872,21.5232,21.2882,21.0982,20.9342,20.8242,20.7402,20.5672,19.6502,17.3772,15.4122,15.3922,15.9082,15.5242,14.6242,13.6902,13.0012,12.7552,12.3872,11.3782,10.4782,10.4452,10.5852,10.1802,9.47316,8.72416,7.94516,7.10216,6.20316,5.24516,4.22216
NO2_ICAD,2021-10-08,45,False,1,8.4634,13.1774,17.4754,20.8074,22.6224,23.7144,24.7564,25.8194,26.8464,27.5604,27.5614,26.5594,24.2144,21.7954,20.4944,19.5484,18.1474,16.4234,14.5984,13.1584,12.6044,12.4954,12.4204,12.1644,11.5564,10.8594,10.3044,9.6914,8.8444,8.2764,8.4814,8.6134,7.8034,6.5514,5.3834,4.5284,4.1904,4.1084,4.0514,3.9434,3.7334,3.4734,3.2304,3.1794,3.4434,3.3464,2.2414,1.1914,1.3224,2.3454
NO2_ICAD,2021-10-08,54,False,-2,1.05362,0.72862,0.40862,0.63562,2.00162,4.01862,6.27962,8.65662,11.0276,12.8166,13.3856,13.3416,13.2316,13.1966,13.1996,12.3806,9.94762,7.99662,8.58262,9.66262,9.17762,8.08062,7.41962,7.03162,6.70062,6.56162,6.80262,7.23462,7.60862,7.33562,5.86162,4.49362,4.53162,5.15162,5.45162,5.02862,3.61562,2.74462,3.88162,5.23562,4.97562,3.83862,2.62562,1.67862,1.23762,0.85762,0.18862,0.00262,1.07262,2.10462
NO2_ICAD,2021-10-08,190,False,2,2.98306,2.63906,2.45806,2.58606,2.72606,2.68706,3.34906,5.67706,8.66706,11.2561,12.6501,12.0151,10.3781,8.63906,7.08506,5.93206,5.18106,4.88906,4.81506,4.79206,4.96706,5.45306,5.44906,4.16606,2.77506,2.45306,2.70606,3.01206,3.23606,3.31406,3.37006,3.52606,3.71506,3.72506,3.36706,2.82406,2.21806,1.29506,-0.16394,-1.13794,-0.58394,0.46406,1.01706,1.43706,2.11906,2.54106,2.12606,1.39806,0.88706,0.69506
NO2_ICAD,2021-10-08,458,False,1,3.58542,3.36742,3.85542,6.50742,11.2284,17.9984,24.6574,29.1014,31.8974,33.4804,34.0824,33.6704,32.7824,31.7914,30.4454,28.4384,26.4664,25.2834,24.9094,25.4164,26.2764,26.9864,27.0824,26.1314,25.0644,24.7944,24.9574,25.1454,25.1074,24.6964,24.6884,25.8644,27.2974,28.0904,28.7314,29.7284,30.6354,30.9354,30.7894,30.3334,29.7404,29.1374,28.5914,28.1594,27.7844,27.2944,25.8314,22.4694,18.5274,15.3454
NO2_ICAD,2021-10-08,683,False,1,1.17336,0.69536,0.64636,2.14036,4.43236,6.78136,8.71636,9.81536,10.4954,11.0694,11.2074,10.4814,9.36436,8.31336,7.56336,7.34836,7.49836,7.80836,7.51536,5.94136,4.66336,5.25136,6.36836,6.65636,6.46736,6.18936,5.68136,4.78636,4.24936,4.80436,5.50036,5.35736,4.62436,3.60236,2.86636,2.92336,3.07136,2.62236,2.01736,1.73136,1.62536,1.54336,1.47636,1.46736,1.72836,2.44436,2.97236,2.68536,2.29336,2.52036
NO2_ICAD,2021-10-08,1117,False,-1,-0.59562,0.42638,1.68438,4.16238,9.07838,15.2134,22.4884,37.6664,67.2054,93.0714,96.6414,87.5834,75.3854,65.4264,61.9184,61.7024,61.7384,60.4944,56.8314,53.0144,51.2194,49.9934,47.8524,45.6194,44.1904,42.7674,40.5414,38.3244,36.9844,36.1114,35.2724,34.2364,32.8124,31.2444,29.7614,28.3314,26.9494,25.8834,25.6574,27.3904,32.3334,37.9994,41.8824,43.6524,42.9114,40.9424,38.7574,36.5394,34.4884,33.8024
NO2_ICAD,2021-10-08,1118,False,-1,2.91244,3.17844,3.22144,3.22644,3.16044,7.63644,49.5444,165.043,306.807,425.639,492.103,474.648,414.009,344.998,280.983,231.822,197.781,180.76,171.808,163.664,153.922,141.154,128.17,117.75,108.699,99.7044,89.9654,78.8874,68.0604,59.2664,52.7494,48.9424,46.4304,44.0244,41.1694,37.4694,33.7214,30.7494,28.4024,26.5424,24.8114,22.9514,21.2564,20.1104,19.5624,19.6894,19.8804,19.5534,18.8774,18.0154
NO2_ICAD,2021-10-08,1164,False,-2,16.8151,18.3901,20.8341,24.8701,28.5971,30.1431,31.0241,32.7711,34.9301,36.8271,37.6181,36.3841,34.1671,31.9361,30.2591,29.6461,29.5621,29.5591,29.6611,29.8641,29.2851,27.0471,24.7291,23.8101,22.8391,20.3451,17.7761,16.6711,16.3521,16.1431,16.0251,16.0771,16.1211,15.9541,15.5141,14.8041,14.6521,15.8241,16.7831,15.9771,14.5041,13.4881,12.9191,12.7231,12.6961,12.7231,13.0171,13.7591,14.0931,13.1731
NO2_ICAD,2021-10-08,1168,False,-2,0.81424,2.22924,3.23424,2.46124,2.70924,8.91424,32.6092,85.3152,136.914,157.409,161.388,162.359,155.771,134.603,110.185,93.5002,81.6332,71.4912,63.1862,57.7122,54.5072,53.3732,53.3302,53.6582,53.7842,53.2282,52.3222,51.2882,49.5802,46.4642,42.1962,36.9212,31.4282,26.4332,22.0432,18.4402,15.6672,13.8972,12.5532,11.1772,9.94324,9.10324,8.46424,7.80724,6.80624,5.19224,3.83224,3.60424,3.79224,3.68524
NO2_ICAD,2021-10-08,1370,False,2,35.5499,44.2889,48.2599,49.4749,49.6439,49.5769,49.7509,50.0239,50.2179,50.3619,50.4519,50.1449,48.9929,47.0129,44.1499,41.1059,38.4799,35.8649,32.8239,29.7129,26.9859,24.9919,24.1429,23.8559,23.6689,23.7259,24.1219,23.5929,20.8599,17.7639,16.1339,15.3169,14.6059,13.8159,12.9799,13.0629,15.0069,16.8139,16.4609,14.9659,13.4209,12.6299,13.2019,13.3789,11.4809,9.4259,9.2159,10.0429,10.9529,10.8489
NO2_ICAD,2021-10-08,1435,False,1,2.47618,3.52118,4.67418,5.90818,7.27618,8.82618,10.6132,12.3802,13.8232,14.7002,14.7132,14.3032,13.7992,12.9712,11.5192,9.95518,8.79518,7.99518,7.46318,6.64518,5.05818,3.67218,3.47918,3.76018,3.84218,4.07918,4.92518,6.08518,7.21918,7.83318,7.38218,6.22218,4.70318,3.64418,3.84918,4.63518,5.29818,5.32418,4.23518,2.84118,1.96518,1.83618,2.70618,4.05718,5.36218,5.81018,4.63118,3.26818,3.13118,3.55718
NO2_ICAD,2021-10-08,1456,False,1,14.77,13.517,13.097,13.482,14.678,16.217,17.723,19.189,20.623,21.842,22.561,22.51,21.31,19.462,17.432,15.879,15.476,15.798,16.44,16.773,16.198,15.158,14.088,13.235,12.818,12.619,12.406,11.861,10.698,9.55002,9.07502,9.09502,9.45602,9.99602,10.673,11.835,13.851,15.873,17.055,17.79,18.489,19.358,20.458,20.864,19.655,18.31,18.192,17.869,15.918,14.19
NO2_ICAD,2021-10-08,1475,False,0,13.3654,14.5314,15.7504,15.8324,16.9104,21.3374,27.4824,34.1944,43.7204,58.0144,68.2454,65.1684,55.9564,47.5114,40.9524,36.8394,34.3744,33.0464,32.1324,31.1034,29.9874,28.8894,28.0304,27.5854,26.8624,25.1364,22.8944,20.5944,18.3484,16.2564,14.5974,13.7084,13.2424,12.9104,12.6234,12.3154,11.7944,10.8204,9.3984,7.5304,5.8424,4.9644,4.5804,4.3674,3.8944,2.8064,1.8254,1.6764,1.8424,1.8024
NO2_ICAD,2021-10-08,1513,False,0,9.12464,9.48664,10.9286,13.3336,16.6136,19.5806,21.0696,21.7926,22.4186,23.0456,23.5026,22.6016,19.1286,15.4536,13.8946,13.2876,12.4646,11.7986,11.8076,11.9946,11.9196,12.1586,13.3376,14.7436,15.6706,16.3276,16.8466,16.5416,14.7286,13.1956,13.6316,14.0706,12.5026,10.3226,8.96964,7.99564,6.94264,6.43364,7.21964,8.65964,10.1256,11.1396,11.2626,11.0366,10.9896,11.2956,12.0536,12.5896,12.1856,11.1116
NO2_ICAD,2021-10-08,1519,False,2,8.52622,12.4832,15.6422,17.1802,17.9062,18.5522,19.3772,20.5962,22.3042,24.4202,24.9852,21.9442,17.6672,14.4932,12.6022,12.0972,12.1962,12.2742,12.3002,12.2362,11.5022,9.53522,7.73422,7.47022,7.67522,7.30222,6.97522,7.36422,7.67822,7.09222,6.19622,5.59322,5.16622,4.81822,4.93022,5.89122,6.76422,6.64622,6.34022,6.67222,7.28922,7.82022,8.40822,9.19422,9.64722,9.18522,8.25722,7.31922,6.76222,6.97922
NO2_ICAD,2021-10-08,1585,False,1,21.7282,22.7462,24.3572,26.0642,27.9442,30.0752,31.6142,31.7522,31.9932,33.6552,34.4192,31.8472,28.2102,25.7442,23.8592,21.8682,20.1512,19.2092,18.6632,18.1342,17.3592,16.1162,14.8492,13.9662,13.0532,11.6532,9.91316,8.03716,6.62916,6.29716,6.33716,6.07816,5.63516,5.20716,5.07616,5.57616,6.67216,8.36016,9.98716,10.9322,11.5132,12.0292,12.4202,12.5672,12.5722,12.5212,12.4502,12.3702,12.2492,12.0452
NO2_ICAD,2021-10-08,1626,False,0,4.1444,5.5114,7.4494,9.5624,11.4464,12.8354,13.4544,13.8084,14.3534,15.0194,15.6134,15.5044,14.0434,12.3084,11.2994,10.3884,8.9554,7.8694,8.0754,8.8084,9.3104,9.5384,9.5004,9.3834,9.3424,9.3464,9.4214,10.0104,11.4964,12.4604,11.5814,10.9714,12.7624,15.2184,16.5924,17.6204,19.0834,20.2594,20.3094,19.7594,19.1524,18.9554,19.6164,20.7074,21.7974,22.4594,22.2234,21.2524,19.6404,17.8974
NO2_ICAD,2021-10-08,1966,False,0,20.9949,22.5189,23.9599,25.4009,27.4389,34.2549,50.2299,67.8149,79.3599,85.3079,85.9759,84.0009,81.3629,79.0649,77.8159,76.8509,75.4159,73.7119,71.9909,70.4109,69.2469,69.3129,71.4229,73.4199,73.1149,71.3219,68.8469,66.3909,64.4669,62.5079,59.9069,56.9659,54.0329,51.5019,49.6489,47.1959,42.8159,37.6649,32.9109,28.8699,25.8449,23.5089,21.6859,20.3639,19.6589,19.2479,18.8579,18.3379,17.5649,16.7439
NO2_ICAD,2021-10-08,2148,False,3,3.00038,2.86038,3.19138,4.07038,5.58938,6.91738,7.26238,7.36338,7.97138,8.86738,9.67738,9.51538,7.53638,5.58438,5.47838,6.13838,6.45638,6.51538,6.46738,6.22038,5.63538,4.94438,4.33838,3.58238,2.46838,1.65838,1.86238,2.58638,3.34938,3.89238,3.97238,3.62538,2.85038,2.00138,1.44338,1.42838,2.21938,3.18538,3.73538,4.05138,4.31638,4.40838,4.14438,3.64638,3.00638,2.30538,1.61938,1.10738,0.96738,1.21438
NO2_ICAD,2021-10-08,2236,False,0,4.13222,5.58222,7.44122,8.64722,9.02522,8.45022,7.88422,8.24822,9.10722,9.96122,10.2712,9.56922,8.92422,9.31822,9.55922,8.47222,7.43122,7.85122,8.75222,9.08022,8.78122,7.82222,6.55222,5.29722,4.47622,4.47922,4.58322,4.11422,3.60622,3.64522,3.98722,4.40722,5.02022,5.92622,6.38322,5.59622,4.17622,2.81222,2.53222,4.28022,5.98522,5.65622,4.86822,5.23022,5.88822,5.85722,5.19222,3.96522,2.54322,1.29722
NO2_ICAD,2021-10-08,2446,False,3,15.8883,17.4763,18.5653,19.7213,21.4693,22.8323,22.7953,22.4113,22.7063,23.1643,23.1953,22.9893,22.7343,22.3343,21.6753,21.1143,20.9833,20.7763,19.9673,18.9033,17.9273,17.0163,16.1133,15.2203,14.3313,13.3303,12.1393,11.2313,11.1163,11.4063,11.7123,11.7423,11.2223,10.4463,9.67426,8.93726,8.21726,7.35526,6.18326,4.86026,3.59826,2.87926,3.23226,4.12126,4.99926,5.25026,4.28126,2.94426,2.08926,1.85826
NO2_ICAD,2021-10-08,2455,False,-1,0.76002,1.75702,2.76602,3.21302,4.01802,6.19302,9.07502,12.009,14.661,16.616,17.221,15.725,13.703,12.698,12.778,13.902,14.655,13.696,12.225,11.447,11.074,10.727,10.179,9.24602,8.22702,7.46102,7.20002,7.70902,8.40102,8.66102,8.19802,6.77602,5.61702,5.90602,6.59002,6.60002,6.22502,5.82002,5.56102,5.62302,6.06702,6.88102,6.96002,5.23402,3.42702,3.20002,3.21602,2.14602,1.23202,1.78902
NO2_ICAD,2021-10-08,2468,False,2,24.7006,30.6306,36.6356,42.6516,47.6356,50.4506,52.4526,54.9016,57.5916,60.0216,60.8716,58.7756,56.0736,55.0256,54.8986,54.8276,54.2796,52.8296,51.3176,50.4916,49.3806,46.8806,43.3986,39.2826,35.0126,31.0316,27.7556,25.6516,24.1266,22.6636,21.1236,19.4266,17.6506,15.9246,14.7156,14.5166,14.6146,14.3196,13.6926,12.8136,11.8226,10.8466,10.0946,9.7606,9.4016,8.6146,7.9096,7.7986,7.7306,7.1526
NO2_ICAD,2021-10-08,2478,False,1,3.53066,5.47966,9.30266,14.6647,20.2787,24.9757,28.7347,31.4417,33.1477,33.7227,33.7447,33.6687,33.5767,33.3587,32.1527,29.0447,25.5497,23.1907,21.8477,21.3187,20.4827,18.2727,15.4587,12.8997,11.3357,11.4807,11.9957,11.5997,10.6947,9.78966,9.39366,9.95566,10.5567,10.2557,9.27166,7.93566,7.43266,8.87666,10.4267,10.2487,9.28866,8.55366,8.18066,8.23566,8.49566,8.76266,8.88266,8.74466,8.76166,9.30666
NO2_ICAD,2021-10-08,2560,False,0,0.94938,0.52638,0.09138,-0.16562,0.02738,1.18638,4.06438,8.68838,14.9864,19.5664,19.0604,17.0384,16.9344,17.4854,17.1764,16.3644,15.4734,14.4454,13.1404,11.6394,10.0394,8.69138,7.95838,7.53738,7.14838,6.69938,6.13538,5.55938,5.08838,4.79338,4.75238,4.74838,4.57738,4.31638,4.03438,3.67638,3.20638,2.95938,3.24638,3.39538,2.77538,2.21538,2.55638,3.11638,3.20138,3.14038,3.30638,3.60338,3.90738,4.13838
NO2_ICAD,2021-10-08,2561,False,5,18.0395,20.9795,24.8405,28.7785,31.6935,33.1865,32.8385,32.2215,32.8105,34.0625,35.2395,35.1625,32.6355,29.3465,26.9325,25.4175,24.6795,23.5655,21.0705,18.8565,18.6225,19.0805,18.9325,18.4135,17.8085,16.8715,15.3005,13.6175,12.3675,11.6235,11.4815,11.6525,11.8825,11.9015,11.5005,11.2815,11.8305,12.4725,12.5155,12.2325,11.9695,12.1955,13.3395,14.4935,14.7635,14.6615,14.7075,14.8245,14.8425,14.4975
NO2_ICAD,2021-10-09,40,False,4,2.53804,4.52404,6.25204,7.41804,7.74404,7.65804,7.54804,7.66004,8.19304,8.77504,8.96304,8.35904,6.59204,5.01404,4.97804,5.75004,6.55604,6.81304,6.00904,4.93404,4.37404,4.35104,4.85004,5.34904,5.35704,5.10404,4.82404,4.58504,4.43604,4.39804,4.46104,4.27004,3.48604,2.74004,2.67604,2.97204,3.27104,3.22904,2.61404,2.52604,4.05504,5.82204,6.39104,5.94404,4.71604,3.66604,3.70204,4.30304,4.91904,5.08604
NO2_ICAD,2021-10-09,77,False,1,8.52722,12.7242,20.9592,29.7222,35.5702,39.8272,43.9132,48.2102,52.7992,56.5432,58.1072,57.8692,56.0492,53.7962,52.0722,50.6602,49.3242,48.2922,47.7962,47.0312,45.1402,42.5412,39.6102,36.6322,33.8672,31.6502,30.3652,29.5412,28.7262,27.5302,25.5962,23.4892,21.7652,20.3602,19.1562,17.6972,15.5672,13.4582,12.0792,11.0882,10.2032,9.78022,10.1762,10.1952,8.67022,6.93022,6.30422,6.07322,5.50522,5.03422
NO2_ICAD,2021-10-09,79,False,1,2.13678,1.75678,2.11278,3.03978,4.74878,9.31178,18.8798,28.5308,33.3008,34.8908,34.9368,34.3708,33.7188,32.9808,32.0658,31.0118,29.7978,28.2018,25.9738,23.6778,21.8758,20.4298,19.2048,18.0728,16.9428,15.7328,14.3628,12.9248,11.5098,10.1798,8.95878,7.50978,5.52578,3.73078,2.90978,2.83878,3.34778,4.11578,4.84478,4.99878,4.04778,2.88978,2.43678,2.65778,3.49378,4.27078,4.39478,4.45478,5.02278,5.49078
NO2_ICAD,2021-10-09,84,False,6,6.51554,7.69554,9.21154,11.1075,13.4065,15.3915,16.3265,16.7215,17.0395,17.2705,17.2865,16.8555,15.7445,14.6775,14.3745,14.4755,14.6045,14.5515,14.1415,13.6325,13.2935,13.2585,13.6785,14.3205,14.9225,14.9805,14.0155,13.0435,13.0495,13.3675,13.3245,13.2005,13.3345,13.6115,13.8275,13.4185,11.8395,10.2895,9.95954,10.2045,10.3695,10.4545,10.4365,9.67754,7.66654,6.74354,9.20654,12.0465,12.2105,10.9225
NO2_ICAD,2021-10-09,94,False,3,1.46348,1.64448,2.44548,4.01748,6.77648,11.3405,18.5895,27.1505,35.5535,41.3805,42.0825,40.4195,38.8805,37.7605,37.1535,37.3015,38.4465,39.1535,37.9625,35.7865,33.5285,31.5885,30.2515,28.9595,27.1835,25.3405,23.9175,23.0525,22.9155,23.1305,23.3885,23.6425,23.8765,24.0085,23.9315,23.6625,23.1185,21.8995,19.5655,17.0965,15.4425,14.2335,13.0905,12.0395,11.1815,10.4825,9.94148,9.53348,9.28148,9.21748
NO2_ICAD,2021-10-09,113,False,-1,4.10114,6.31014,8.49214,9.89514,9.82914,9.72714,10.9821,12.7221,14.0051,14.7551,14.9221,14.8131,14.6751,14.5671,14.5061,14.3341,13.9181,13.6501,13.9181,14.2661,14.2341,13.9931,13.7061,13.2601,12.5361,11.9621,11.9281,11.7381,10.6681,9.25514,8.06314,7.22314,6.85414,6.71414,6.60914,6.55614,6.63614,6.99814,7.79314,8.54214,8.72114,8.25514,7.03114,5.54014,4.20414,2.96814,1.81414,1.20914,1.65114,2.23914
NO2_ICAD,2021-10-09,114,False,1,3.53704,9.49804,15.536,18.73,20.402,21.946,23.99,26.977,30.014,32.127,33.099,32.64,31.536,30.434,29.378,28.354,27.548,27.194,27.195,27.478,27.739,27.711,27.655,27.843,28.161,28.396,27.829,25.681,22.934,20.525,18.595,17.193,15.656,13.429,11.598,11.282,11.377,10.778,9.78104,8.72904,7.64004,6.53604,5.89404,6.18604,6.51704,6.01504,5.23604,4.77904,4.62104,4.71804
NO2_ICAD,2021-10-09,126,False,1,1.74852,2.55752,3.71052,4.47852,5.02052,5.78152,8.52852,15.0225,21.6855,24.8665,25.4585,24.1805,21.3565,17.0715,13.4555,12.5795,12.7515,12.3195,11.4945,10.6035,9.57652,8.30552,7.12752,6.36552,5.63452,4.61852,4.03452,4.63952,5.52752,5.81352,5.85052,6.03552,6.31752,6.55952,6.37852,5.38552,4.23452,3.56952,3.26852,3.19652,3.16252,3.01552,2.78452,2.52552,2.42052,2.66552,3.09152,3.55052,4.01452,4.41152
NO2_ICAD,2021-10-09,190,False,-1,0.77992,1.23892,1.97592,2.37092,2.56492,2.92292,4.79792,9.78392,16.9289,25.0889,30.2119,28.2309,23.9619,22.0149,21.4769,21.1469,20.8349,20.5439,20.4069,20.5609,20.7189,20.5429,19.7949,18.2179,16.4649,15.1709,14.2999,13.8109,13.4619,13.0629,12.6269,12.2199,12.0859,12.4209,12.4309,11.3009,9.77292,8.60892,7.94192,7.86292,7.85792,7.44692,6.81392,6.14592,5.41292,4.55792,3.68592,2.89692,2.15492,1.50092
NO2_ICAD,2021-10-09,206,False,0,3.69604,8.37204,16.251,26.775,35.922,39.728,40.764,41.424,42.031,42.517,42.627,42.06,41.157,40.191,39.071,37.509,34.752,29.939,24.444,19.627,15.888,13.717,12.945,13.536,14.121,13.442,12.246,11.301,10.524,9.76304,8.96204,8.11604,7.49604,7.42704,7.80204,8.62804,10.105,12.448,14.467,14.955,14.649,14.291,14.318,15.026,15.393,14.383,12.852,11.601,10.247,8.38804
NO2_ICAD,2021-10-09,220,False,-1,1.57948,1.92848,1.85448,1.36648,0.54048,0.41748,2.15348,5.19448,9.02448,12.4225,14.1075,13.9935,11.8965,9.46248,8.19248,7.56548,7.04248,6.70448,6.71148,6.69748,6.25948,5.33548,3.93948,3.16348,4.07648,5.28948,5.42048,4.98548,4.56148,4.34748,4.49548,4.82248,5.15348,5.34848,5.21448,4.50248,3.00948,2.00848,2.75048,3.86648,3.97248,3.46248,2.79348,2.25248,2.07548,2.08348,2.13848,2.38348,2.97448,3.48948
NO2_ICAD,2021-10-09,315,False,-1,1.85074,2.61474,3.34874,3.49474,2.52674,1.46574,1.69374,5.39374,14.7367,24.0687,27.6137,26.7047,22.6037,17.9537,14.9677,13.0047,11.3707,9.84274,8.43574,7.88474,8.93274,9.92674,9.24574,7.96274,7.18574,6.71774,6.32074,6.18174,6.49374,6.54074,5.61274,4.49974,4.01074,3.95874,4.14774,4.43674,4.73874,5.05774,5.37174,5.41474,4.89074,4.11474,3.40574,2.99774,3.12474,3.51774,3.93874,4.31174,4.57274,4.64074
NO2_ICAD,2021-10-09,318,False,-2,1.24066,1.06166,1.19466,1.52566,2.67666,5.33166,8.19066,9.97766,11.1807,12.2287,12.6287,11.7587,10.4697,9.59466,9.21966,9.38566,9.60666,9.40666,8.75266,7.67566,7.04466,7.73066,8.88166,9.62666,9.76066,9.08466,8.01866,6.92066,5.96166,5.27966,4.71966,4.18566,3.97666,4.42966,5.05366,5.37866,5.56466,5.79366,6.07066,6.38166,6.70766,6.99166,6.93366,6.17766,4.97266,3.63466,3.18966,4.56966,5.66166,4.41966
NO2_ICAD,2021-10-09,371,False,-1,1.47824,1.80924,2.13924,2.46324,2.73824,3.00324,3.93824,6.28924,9.22424,11.8072,12.9142,11.4292,9.44724,8.94624,8.98924,8.53724,7.78524,6.99924,6.24024,5.54424,4.92824,4.46224,4.38024,4.91024,5.33324,4.97524,4.59924,4.97024,5.42124,5.24524,4.73024,4.17824,3.68024,3.31224,3.18424,3.37924,3.31824,2.44624,1.55124,1.46124,1.94824,2.76424,3.43624,3.53624,3.41724,3.42324,3.51124,3.59624,3.57224,3.28224
NO2_ICAD,2021-10-09,389,False,0,2.4153,2.9063,3.2383,3.2693,3.2863,3.7533,5.7993,10.6283,16.0613,19.8343,21.3343,19.8673,17.1713,14.7633,12.8623,11.5693,10.5673,9.6133,8.7483,8.1303,8.1523,9.2233,10.3403,10.5463,10.4823,10.7883,11.0353,10.7243,10.1193,9.5343,9.3953,10.1423,11.2753,12.2423,12.3233,10.8773,9.6573,10.3263,11.1683,10.4453,9.3243,9.0163,8.8943,8.2443,7.3003,6.3383,5.5223,4.9973,4.6013,4.2253
NO2_ICAD,2021-10-09,432,False,1,4.23352,4.45352,4.66152,5.10152,6.05952,7.68852,10.1385,12.3245,13.1715,13.4085,13.6845,13.6155,12.7405,11.8805,11.8095,11.7265,10.7745,9.36052,7.94352,6.97352,6.91552,7.45752,8.35152,9.32152,10.0665,10.0065,8.60052,7.44852,8.04952,8.63552,7.37952,5.38252,3.77652,2.42652,1.21752,0.86952,2.14152,3.44452,3.25452,2.72552,3.02652,3.39752,3.01152,2.38852,2.10852,2.23452,2.80752,3.42952,3.73452,3.86652
NO2_ICAD,2021-10-09,538,False,-1,3.56212,4.46912,5.20612,5.41612,5.60212,6.27412,7.19112,8.10312,8.99612,9.84312,10.3421,10.1211,9.37112,8.27312,7.45412,7.51412,7.87212,7.94112,7.67412,7.08012,6.65012,6.86212,7.32712,7.66512,7.91812,8.12512,8.04312,7.42412,6.82012,6.78212,6.99912,7.10512,6.76912,5.72112,4.94312,5.38112,6.01612,5.80312,5.12412,4.42512,4.03012,4.21712,4.49112,4.41212,4.42912,4.99012,5.44912,5.10612,4.24512,3.25212
NO2_ICAD,2021-10-09,545,False,-1,7.64436,7.69536,8.21636,8.84736,9.24636,9.56036,9.99736,10.7704,12.0674,13.2014,13.4804,13.3554,13.2644,13.2194,13.1144,12.4914,10.8774,9.10036,7.96336,7.11536,6.17936,5.19536,4.30436,3.96036,4.59836,5.15536,4.60036,3.77836,3.56236,3.68836,3.87936,4.25236,4.99036,5.90936,6.79636,7.26036,6.90536,6.33036,6.09936,6.00136,5.76636,5.29036,4.47336,3.54936,2.72736,1.96736,1.26536,0.96536,1.44436,2.13636
NO2_ICAD,2021-10-09,600,False,-2,0.12704,1.85304,5.07704,9.78104,16.13,22.802,28.452,32.456,34.084,34.556,34.745,33.828,30.78,27.303,25.016,23.203,21.203,20.06,20.968,22.568,23.517,23.728,23.199,22.656,22.777,23.253,23.8,24.566,25.706,26.557,26.269,24.275,19.952,15.476,12.92,11.273,9.54504,8.13804,7.64004,7.68104,7.94504,8.29304,8.56304,8.13204,6.34604,4.22604,2.80004,2.14704,2.33004,2.74404
NO2_ICAD,2021-10-09,758,False,2,54.0996,93.3676,125.175,148.027,160.633,168.811,177.091,184.021,187.365,188.887,189.745,187.108,177.67,166.225,157.41,150.819,145.822,141.032,135.28,129.001,122.668,116.444,110.711,107.28,108.104,109.947,109.711,108.298,106.68,104.588,101.298,95.5006,85.7416,75.2856,67.2046,60.0856,52.4866,45.3186,39.7776,35.5356,32.4016,29.9366,27.8866,26.0126,24.1846,22.5516,21.2926,20.1196,18.7546,17.2976
NO2_ICAD,2021-10-09,854,False,1,1.64266,0.72266,0.12066,1.23166,4.51066,10.4767,16.6307,20.5657,23.0357,24.7207,25.6027,25.4177,24.7177,23.8237,21.8927,18.0557,14.5177,13.4727,13.3687,12.6607,11.6917,10.9137,10.0607,8.83366,7.63066,6.88566,6.51166,6.44166,6.50866,6.51166,5.85866,3.99166,2.23966,1.92466,2.22766,2.33966,2.41166,2.66766,2.85166,2.68766,2.36266,2.06566,1.85766,1.78566,1.77966,1.74366,1.39466,0.50766,0.00266,0.79466
NO2_ICAD,2021-10-09,1024,False,2,7.67204,9.45004,10.577,11.339,12.014,12.681,13.376,14.118,14.892,15.409,15.352,15.005,14.537,13.387,10.995,8.88404,8.57704,8.91804,8.67304,7.50304,5.21804,3.47304,3.88804,4.91204,4.99704,4.54004,4.00604,3.39304,2.66904,2.24504,2.53804,2.98504,3.07304,3.28304,4.10504,4.85004,4.76404,4.00904,2.76004,1.67304,1.37004,1.47504,1.63904,1.86004,2.16604,2.27804,1.90904,1.43404,1.23304,1.29604
NO2_ICAD,2021-10-09,1215,False,4,7.46098,9.00898,10.843,12.718,14.649,16.729,19.18,22.165,24.622,25.431,25.398,25.15,24.036,21.274,18.314,16.584,15.507,14.509,13.727,13.41,13.326,13.279,13.286,13.417,13.712,14.231,14.858,15.463,15.781,15.48,14.541,12.929,11.483,11.04,11.227,11.732,12.597,13.971,15.592,17.239,18.846,20.302,21.159,20.893,20.067,19.196,18.518,18.313,18.97,20.89
NO2_ICAD,2021-10-09,1243,False,2,15.2917,17.1367,18.7087,20.1427,21.5817,22.8987,23.9557,25.0617,26.4697,27.5307,27.5367,27.0027,26.3997,25.7847,25.1627,24.6697,24.3897,23.6987,21.9247,19.6437,17.4597,15.9067,15.5617,16.0727,17.1537,18.1507,18.4737,18.4437,18.2737,17.3427,14.9577,12.3407,10.7027,9.71068,9.07568,9.01368,9.78968,10.2817,9.40668,8.25268,7.92768,8.04568,8.18168,8.28468,8.35768,8.41568,8.45768,8.38368,8.06268,7.50868
NO2_ICAD,2021-10-09,1263,False,0,4.563,5.581,6.094,6.103,6.265,7.23,8.613,10.048,11.487,12.868,13.713,13.476,12.684,11.769,10.655,9.294,8.72,9.876,10.481,8.3,5.719,5.195,5.794,6.476,6.695,6.004,4.998,4.262,3.928,4.133,4.681,5.406,5.949,6.016,6.247,7.275,8.414,8.957,9.175,9.29,8.904,7.571,6.153,5.556,5.804,6.886,7.776,7.521,7.005,7.116
NO2_ICAD,2021-10-09,1303,False,3,31.8917,32.6317,33.3747,34.2367,35.9847,39.4167,43.1007,45.5847,47.0327,47.5857,47.7317,47.7317,46.9817,44.7307,41.7287,38.6357,35.5657,32.6167,30.2747,29.0657,28.1437,26.7267,25.2067,23.9857,22.5647,20.4487,18.4997,17.6227,17.3057,17.0847,17.0647,17.3857,17.4077,16.4117,14.5957,12.1827,10.2717,9.86868,9.54468,7.89568,5.95468,4.82368,4.14368,3.58368,3.53568,4.41068,5.02168,4.21668,3.22768,3.27868
NO2_ICAD,2021-10-09,1392,False,0,3.81198,4.05698,3.25698,1.85598,0.36198,0.00098,2.07598,5.37598,8.69998,10.998,11.203,10.052,8.20498,6.78998,6.82198,7.32398,7.29598,6.68598,5.48498,4.17498,3.22098,2.68298,2.63998,2.83098,3.07898,3.53298,4.34098,4.86198,4.39898,3.26098,1.76398,0.59998,0.45798,0.98798,1.87398,2.73398,3.24498,3.57098,3.82098,3.64898,2.65798,1.44698,0.65698,0.62098,1.63098,2.53998,2.31798,2.26698,3.69298,5.23898
NO2_ICAD,2021-10-09,1433,False,0,0.34524,1.33324,1.79324,1.94624,2.47124,6.28324,16.4432,28.0932,36.3172,40.8052,41.2522,40.2502,39.9622,40.0072,39.7752,39.1932,38.2022,37.0172,35.6932,33.4592,29.4612,25.0252,21.4482,18.5672,16.1982,14.1142,12.1802,10.3082,8.46724,6.80124,5.49424,4.48324,3.73924,3.11824,2.55824,2.36724,2.84624,3.14024,2.44124,1.73224,1.98324,2.30124,1.75124,0.87324,0.27424,0.14024,0.63524,1.27524,1.61324,1.78124
NO2_ICAD,2021-10-09,1516,False,2,1.60288,1.23488,0.56588,0.00288,0.18388,2.35988,8.07488,16.0509,24.9739,31.6449,32.8629,31.7919,31.3779,31.4669,31.5479,31.0609,29.4399,27.2509,24.9749,22.5719,19.9889,17.8699,16.9229,16.5979,16.3719,15.9169,14.9809,14.0739,13.6829,13.3359,12.5449,11.6159,10.8689,10.2289,9.63388,9.29288,9.40288,9.30688,8.39988,7.66888,8.10688,8.78388,8.70088,7.84488,6.22788,4.54688,3.47088,2.94488,2.93588,3.16788
NO2_ICAD,2021-10-09,1657,False,1,2.9876,5.7956,9.5356,13.6966,17.4766,20.0766,21.7906,22.8786,24.0866,25.9916,27.4256,27.1656,26.3556,26.1246,26.2386,26.2906,25.5116,23.0886,20.0106,17.2056,14.7566,12.7086,11.0176,9.7026,8.5106,7.2716,6.3066,6.0216,6.3116,7.1346,8.2036,9.2146,9.5116,8.4706,7.4096,7.6256,8.3676,8.8376,8.9246,8.5636,8.0136,7.5046,7.1496,7.0526,7.0826,7.1556,7.4466,8.0866,8.2486,7.1506
NO2_ICAD,2021-10-09,1714,False,-1,60.4164,70.7464,78.9464,84.4654,86.2514,87.2414,90.1714,94.1904,98.2484,101.525,103.006,101.825,96.8054,90.1074,83.6984,78.4354,74.9744,71.5654,66.7034,62.6214,61.7154,62.0614,61.7784,61.0774,60.2554,58.8834,56.4494,53.7594,51.5674,49.4974,47.1034,44.4134,41.4314,38.1524,34.5124,30.6974,26.9654,24.0974,22.9614,22.6924,22.4184,21.2414,18.4494,16.2864,17.0084,18.7194,19.5564,20.0154,20.7394,21.6514
NO2_ICAD,2021-10-09,1794,False,1,14.1192,13.5232,14.1482,15.0302,15.3452,16.5772,20.4222,25.7082,31.1862,35.1352,35.8072,34.8342,33.6592,32.5132,31.4922,31.0312,31.5812,32.2072,31.9042,30.4592,27.6442,24.6312,22.5722,21.5052,21.5092,22.0172,22.5722,23.0042,23.2202,23.5612,24.3142,24.7682,24.2292,23.7132,24.2012,24.6812,24.1182,23.3382,23.2112,23.4472,23.6382,23.1042,21.2322,19.5222,19.3892,19.3062,17.7212,15.7452,14.5572,13.8412
NO2_ICAD,2021-10-09,2255,False,1,22.2759,27.3709,29.2449,29.5079,29.7729,31.6539,36.8099,43.9159,51.6009,57.2979,58.3459,56.6689,54.0169,51.9319,51.6429,51.5879,50.1819,48.0399,45.7909,43.4209,40.8669,38.6449,37.3369,36.6629,36.3979,36.2319,35.9469,35.7689,35.9599,36.3409,36.7169,36.8709,36.5779,36.0629,35.5669,35.4469,36.0639,36.9289,37.5179,37.4629,36.4379,35.4909,35.6199,35.9649,35.6279,34.9129,34.1769,33.6509,33.5459,33.6509
NO2_ICAD,2021-10-09,2361,False,-2,6.31892,5.59992,6.39592,8.42692,11.4319,14.4989,16.7679,18.2329,18.8429,19.0519,19.1719,18.9809,18.1989,17.3749,16.9959,16.4639,15.1289,13.4239,11.7859,10.3239,9.17692,8.63992,9.04192,9.52492,9.25992,8.59092,7.88292,7.27292,6.88892,6.83092,7.20492,7.50592,7.28492,7.19992,7.89092,8.52392,8.25092,7.72692,7.61492,7.60692,7.34592,6.94292,6.55192,6.39792,6.69692,7.07492,7.09492,6.38192,4.61092,3.16692
NO2_ICAD,2021-10-09,2401,False,1,3.21218,2.85818,2.54818,2.85218,4.74218,10.1002,21.0392,33.1862,42.1572,47.5542,48.8522,47.8902,46.0852,44.4722,43.8412,43.5032,42.7632,41.7892,40.5942,37.8632,32.2872,26.9862,25.0442,24.3242,22.8332,22.2292,24.3812,27.0242,27.8632,27.5742,26.8852,26.1312,25.5182,24.9842,24.3832,23.1612,20.6972,17.6152,14.6042,12.7422,13.1112,14.1342,14.2862,13.7202,12.6422,11.3392,10.0992,9.59418,10.4662,11.3212
NO2_ICAD,2021-10-09,2417,False,8,11.212,13.195,14.36,13.949,12.978,12.44,12.507,13.328,14.511,15.65,16.08,15.132,13.812,13.081,12.713,12.395,11.747,10.447,9.22198,8.76098,8.31698,7.19298,6.38798,6.93098,7.68198,7.47798,6.74998,6.03398,5.92298,6.94398,7.91798,7.67298,6.87398,6.17398,5.46998,4.67098,4.53698,5.78498,6.69598,5.59998,4.25198,4.47298,5.54698,6.64798,7.12198,6.41098,5.65798,5.96398,6.59198,6.77198
NO2_ICAD,2021-10-10,0,False,1,3.51378,3.27178,2.88878,2.25878,1.76278,2.52878,9.42678,27.4498,46.3288,55.6778,57.9968,55.6368,51.2488,46.5538,41.4278,35.5088,29.7238,25.0828,21.5678,19.2688,17.7058,16.5598,15.5648,14.5818,13.8858,13.8128,14.0508,14.3228,14.5458,14.6318,14.3628,13.4818,12.3538,11.2868,10.1038,8.64378,7.56478,7.57678,8.14678,8.75678,9.13278,9.04278,8.71978,8.38078,8.14078,8.06178,7.75778,6.83678,5.75878,5.05978
NO2_ICAD,2021-10-10,5,False,-1,1.57604,-1.26596,-1.55596,-0.49196,0.89104,3.47804,8.45604,14.491,20.159,23.9,24.1,22.792,21.794,21.015,20.256,20.145,21.348,22.605,22.659,22.068,21.425,21.021,21.032,20.793,19.672,18.568,18.395,18.593,18.53,17.893,16.412,14.922,14.248,14.078,14.107,14.21,14.252,13.73,12.114,10.192,8.71904,7.54504,6.52604,5.86704,5.76504,5.30204,3.61804,2.02204,1.85904,2.34804
NO2_ICAD,2021-10-10,30,False,0,3.08958,3.05958,3.20558,4.05758,6.24858,10.9156,19.4406,33.2636,46.1966,51.8916,52.4216,49.6256,45.8116,42.6946,40.0196,37.3986,34.7786,32.1466,29.4046,26.4686,23.6356,21.2856,19.7176,19.2276,18.6026,16.7046,14.6166,13.4636,12.7756,12.0546,11.2846,10.5406,10.0496,10.0016,9.68158,8.41358,7.17458,6.95458,7.09458,6.90058,6.39958,5.69758,5.27958,5.61358,6.11658,6.21558,6.08758,5.96258,6.08758,6.64458
NO2_ICAD,2021-10-10,55,False,-4,2.8988,3.5198,2.5088,1.4468,1.9318,3.0188,3.7918,4.8388,6.8168,8.7428,9.5628,9.5238,8.8268,7.8378,6.8358,6.0368,5.6208,5.2418,4.6218,4.3308,4.9058,5.1798,4.0068,2.6638,2.4508,2.7168,2.7708,2.6808,2.5678,2.4118,2.2208,2.3718,3.2018,3.7258,3.0098,2.3448,2.9988,3.8168,3.6018,3.0398,2.8688,2.9278,2.9918,2.8688,2.4098,2.0688,2.3288,2.9768,3.7808,4.3258
NO2_ICAD,2021-10-10,113,False,6,8.56992,8.38192,8.15692,8.65992,9.20692,9.10892,9.01392,9.61692,10.5469,11.3669,11.6789,11.0739,10.0569,9.07492,8.13892,7.24392,6.62492,6.55992,6.77092,6.97892,6.88592,6.20392,5.34092,4.70392,4.38492,4.40892,4.11192,2.86492,1.59692,1.26192,1.46992,1.82892,2.23192,2.59092,2.54592,1.78192,1.31192,2.12992,3.16392,3.34092,3.19192,3.25292,3.11992,2.36992,1.77592,2.12192,2.73792,2.94292,2.91192,2.86392
NO2_ICAD,2021-10-10,120,False,1,4.04992,5.02692,5.37892,5.61392,6.25492,7.11992,8.00092,8.77392,9.32292,9.67292,9.77292,9.35092,8.12592,7.02192,6.94892,7.27692,7.37092,7.31492,7.23592,7.13492,6.98392,6.76392,6.44892,6.05492,5.59592,5.17292,4.88692,4.71092,4.63692,4.67592,4.86292,5.12092,5.35392,5.32092,4.79192,4.27692,4.27092,4.39392,4.20892,3.54992,2.29892,1.31692,1.44692,1.91892,1.96592,1.76192,1.58392,1.85992,2.90592,3.31492
NO2_ICAD,2021-10-10,121,False,2,2.00392,3.96392,7.17692,10.5299,13.7389,16.6619,19.4419,22.1319,24.2519,25.1889,25.2289,24.5339,23.3989,22.0339,20.8789,20.3569,20.1439,19.9189,19.5259,18.8249,17.9729,17.2039,17.2639,18.8769,20.4889,20.5039,19.3609,17.5149,15.8069,15.0469,15.1819,16.1829,17.2239,17.5449,17.4789,17.2909,16.5239,14.6239,12.3709,10.5329,9.18892,8.45492,8.37092,9.02892,9.61392,9.35592,8.81092,8.54592,8.44992,8.38392
NO2_ICAD,2021-10-10,142,False,2,5.61832,6.74132,7.79032,8.85432,10.1053,11.6943,13.1873,14.1593,15.0143,16.0843,16.6933,16.0093,14.2223,11.5353,9.44632,9.40932,10.1233,10.3243,10.2013,10.0223,9.72632,9.19432,8.54532,7.92432,7.65032,7.99232,8.05532,6.96132,5.66132,5.12332,4.98732,4.86532,4.72432,4.57932,4.42832,4.24932,3.96232,3.52132,3.37932,3.95832,4.42232,3.95932,3.41032,3.62232,3.99432,3.87832,3.46932,2.98032,2.46932,1.98232
NO2_ICAD,2021-10-10,188,False,1,11.878,13.783,17.866,22.973,28.176,33.119,37.441,40.67,42.196,42.846,43.163,42.279,39.067,34.666,30.106,25.897,22.53,20.202,19.235,18.924,18.593,17.438,14.774,12.387,12.009,12.009,10.776,9.44396,9.24196,9.42496,9.18396,8.52596,7.52696,6.71696,6.61796,6.88496,7.16296,7.15596,6.60396,5.95396,5.62096,5.30096,4.71996,4.50196,5.23796,5.71996,4.74196,3.42096,2.89796,2.80496
NO2_ICAD,2021-10-10,189,False,-1,0.64504,0.21704,0.51004,2.45104,6.74504,14.23,22.06,27.517,31.652,35.369,37.59,36.935,35.198,34.031,33.242,32.528,32.037,31.973,31.987,31.684,30.83,29.225,27.824,27.56,27.66,27.363,26.97,26.847,26.873,26.919,26.962,26.979,26.81,26.285,25.691,25.344,25.417,26.059,26.555,26.161,25.075,23.48,21.902,20.812,19.983,19.206,18.592,18.274,17.859,16.984
NO2_ICAD,2021-10-10,191,False,0,1.35134,1.56334,2.85434,6.61634,11.9173,17.8403,22.8153,25.3053,26.5343,27.5413,28.0393,27.5383,26.6823,26.0573,25.4603,24.6043,23.4383,21.8843,20.1083,18.2593,16.6163,15.4763,14.7263,14.2973,14.0133,13.7983,13.9813,14.8543,15.2773,14.0843,12.3023,10.9813,10.3153,10.4383,10.6613,10.3943,10.2323,10.8343,11.8373,12.8423,13.4523,13.2813,12.7613,12.3533,12.5703,13.9143,15.5013,16.3883,16.1523,14.3463
NO2_ICAD,2021-10-10,205,False,2,4.51718,6.30318,10.3942,17.0622,23.6402,27.4732,29.1242,29.1082,28.8212,29.3612,29.7092,28.7262,27.0472,25.3672,24.3762,24.6532,24.7272,23.1532,21.0912,19.7102,18.6172,17.3722,16.2692,15.6232,14.8832,13.5392,12.4032,12.3422,12.8402,13.4102,13.9962,14.5532,14.6552,13.8462,12.8042,12.1912,11.8952,11.7412,11.3232,10.2702,9.17718,8.64118,8.40618,8.14018,7.33318,5.52918,3.88318,3.58618,4.11218,4.91118
NO2_ICAD,2021-10-10,218,False,2,7.44164,8.54864,9.12464,9.89564,10.8056,11.7756,13.0786,15.1556,18.4036,23.0556,26.0466,24.2206,20.5216,17.7956,15.9846,14.8446,14.1156,13.6656,13.3376,13.0216,12.6916,12.3426,12.0576,11.9716,12.3056,13.2506,13.8876,13.2516,11.8476,10.1416,8.43364,6.96264,5.73764,4.78264,3.95464,3.19764,2.87264,3.39264,4.18764,4.65464,4.42264,3.14664,1.81464,1.42164,1.76764,2.64764,3.54364,3.99964,4.21964,4.36664
NO2_ICAD,2021-10-10,221,False,-1,2.95786,2.77486,2.16586,1.78886,2.36886,3.74186,6.10286,11.1629,20.6609,29.6359,32.9069,31.7289,27.2309,22.2549,19.2189,17.2499,15.4229,13.6769,12.1029,10.6999,9.45586,8.04986,6.22086,4.69986,4.28286,4.53386,5.01686,5.15886,4.47486,3.78686,3.93586,4.53086,5.10886,5.10086,4.00686,2.98886,3.19586,3.84186,4.12486,4.18686,4.20486,4.04186,3.50686,2.76186,1.95786,1.26986,0.86786,0.60986,0.42886,0.72986
NO2_ICAD,2021-10-10,228,False,0,2.6817,2.5067,2.6327,4.8377,11.5367,23.3097,41.3727,62.4517,83.0517,96.7977,96.9707,91.3427,86.9627,83.6357,80.3527,76.3737,71.0697,65.6027,61.1137,57.1647,53.3667,50.1297,47.9927,46.3467,44.6937,43.3457,42.6897,42.1327,41.0827,39.7637,38.4007,36.9467,35.3807,34.2787,34.2237,34.3037,33.6307,32.6877,32.0547,32.0707,32.9817,33.4327,32.0637,30.0327,28.4737,27.2117,25.9447,24.3387,22.1377,20.2507
NO2_ICAD,2021-10-10,232,False,-2,-0.06436,-0.51136,0.00764,1.25464,3.04664,5.08064,7.16364,9.39664,11.8646,13.9676,14.9976,15.0256,14.0426,12.7746,11.8626,11.3026,10.9646,9.92864,7.35264,5.02664,4.78964,5.65064,6.58364,7.00464,6.43164,5.60964,5.21864,4.81364,3.91464,2.95964,2.42264,2.18364,2.10964,1.97064,1.58064,1.24164,1.27164,1.49564,1.74864,2.04164,2.41064,2.76764,2.99764,2.96864,2.57664,2.44864,3.21164,4.23364,4.87164,5.16464
NO2_ICAD,2021-10-10,243,False,-1,3.60554,3.78554,3.86354,3.60754,3.96454,5.91854,8.28954,9.91754,11.1225,12.2155,12.8405,12.5585,12.0405,11.8925,11.6935,11.0165,10.5065,10.8235,11.2855,11.1835,10.6885,9.98054,9.23054,8.56154,7.93954,7.38454,7.31754,8.12954,8.63454,7.67954,6.47754,6.27954,6.70254,7.27054,7.36554,6.44654,5.54254,5.69054,6.40054,7.07754,6.92954,5.30254,4.21554,5.63654,7.48554,7.65554,7.08154,6.75954,6.50554,6.05354
NO2_ICAD,2021-10-10,246,False,1,2.68974,3.20274,4.71874,6.47874,7.75074,8.74574,9.74974,11.0997,13.0467,14.5827,14.5967,13.4447,11.4237,9.32974,7.85774,6.75074,5.78774,5.18974,5.26474,5.67374,6.15074,6.82574,7.80874,8.27274,7.37074,6.12574,5.55074,5.41774,5.46574,5.57974,5.68774,5.67874,5.46574,5.37074,5.70274,6.05674,6.01874,5.76874,5.52174,5.50274,5.92574,6.45174,6.75274,6.89674,6.97174,7.11674,7.43374,7.64174,7.43974,7.02474
NO2_ICAD,2021-10-10,267,False,-1,9.06402,10.359,12.641,16.131,20.199,24.524,30.316,39.069,49.506,60.068,66.921,65.902,60.578,54.194,48.951,46.717,46.133,45.998,45.992,45.974,45.727,45.097,44.847,45.794,47.415,49.155,50.297,50.161,49.677,49.608,48.805,46.031,42.896,41.001,39.793,38.627,37.112,34.94,32.75,31.052,28.68,24.499,20.567,18.945,17.991,16.147,14.717,15.145,16.06,16.074
NO2_ICAD,2021-10-10,278,False,-1,0.60968,1.37068,2.56368,4.49868,7.66968,11.7267,16.4487,21.4677,26.3917,30.2597,31.9407,31.9517,30.5577,28.1917,25.0797,21.9647,19.5137,17.4177,15.4207,13.8607,13.1217,12.3747,10.9317,10.1547,11.4477,13.0687,13.2947,12.9997,13.1127,13.3457,13.3257,13.1647,12.9387,12.3427,11.0867,10.0977,10.2847,10.7027,10.3907,9.71168,9.06468,8.45768,7.87468,7.44268,7.29668,7.16068,6.78968,6.50568,6.66368,7.05268
NO2_ICAD,2021-10-10,283,False,0,-0.35984,0.00616,0.58416,1.55916,2.56016,3.32016,4.73516,7.73616,11.0182,13.1732,13.8842,12.8282,11.4782,11.1972,11.5062,11.8312,11.7022,10.7042,9.58116,9.01916,8.43716,7.25816,6.25016,6.19716,6.32416,5.87616,5.42316,5.60016,6.11316,6.61416,6.68216,5.87516,4.54716,3.04316,1.90516,1.74116,2.64716,4.67416,5.96916,4.79916,3.49516,4.31016,5.24516,4.21216,2.59216,1.84016,1.59116,1.45316,1.69216,2.65216
NO2_ICAD,2021-10-10,286,False,0,5.85104,18.13,44.456,70.521,82.099,85.969,88.812,91.151,92.48,93.305,93.972,93.874,92.226,89.633,86.619,83.699,81.256,78.69,75.411,72.104,69.385,66.232,61.586,56.695,52.821,49.506,46.32,43.603,41.777,40.063,37.683,34.882,31.974,29.49,27.943,26.65,24.994,23.445,22.559,22.123,21.953,21.894,21.793,21.242,19.828,18.245,17.166,16.381,15.663,15.008
NO2_ICAD,2021-10-10,291,False,3,0.2153,1.0983,4.0363,7.1593,8.6273,9.2023,9.6573,10.0603,10.3493,10.5173,10.5303,10.3763,9.9773,9.1813,7.8423,6.7533,6.7033,7.0563,7.1853,7.1683,7.1243,7.0133,6.7223,6.0003,4.6153,3.4453,3.3473,3.5053,3.1183,2.6403,2.6133,3.0763,4.0353,4.8663,4.9553,4.6573,4.3353,4.2033,4.4133,4.4973,3.9873,3.2803,2.7593,2.2793,1.6743,1.1093,0.7823,0.6853,0.8273,1.0803
NO2_ICAD,2021-10-10,306,False,7,4.00052,5.77852,7.55452,8.78652,9.00752,9.28552,10.6565,12.2765,13.2635,13.8645,14.2935,14.1825,13.1165,12.0395,11.8535,11.8735,11.3805,10.5995,9.79852,9.11752,8.71252,8.68852,9.13452,9.31752,8.53352,7.60952,7.37252,7.40652,7.25852,6.95252,6.54152,6.08452,5.65652,5.50752,5.81952,5.63952,4.07752,2.75452,3.28552,4.29252,4.35452,3.86252,3.25552,2.54052,1.69052,1.10452,1.21352,1.67552,2.14052,2.28052
NO2_ICAD,2021-10-10,310,False,0,0.09708,1.14508,2.59208,3.62108,3.46008,3.14308,3.77008,5.35508,7.86308,10.1401,11.0321,10.9821,10.3751,9.53408,8.65508,7.71108,6.64208,5.55008,4.60308,4.25908,4.97808,5.73108,5.49008,4.62508,3.54608,2.76908,2.77908,3.18908,3.62308,3.84708,3.66408,3.36408,3.24608,3.39808,3.86708,4.14808,3.71408,2.85008,1.88208,1.41708,2.05308,3.03008,3.61808,3.97608,4.28708,4.45808,4.35308,4.15808,4.04308,3.96008
NO2_ICAD,2021-10-10,345,False,-1,5.61526,9.08926,10.5883,11.7633,14.2933,17.3313,19.9143,21.8983,23.1593,24.0753,24.8233,24.5763,22.4163,19.8963,18.5223,17.7893,17.1173,16.2113,14.8933,13.8893,13.9163,14.1413,13.7253,12.9523,12.1673,11.6283,11.5523,11.4663,10.9133,10.2383,9.74726,8.95026,7.36126,5.89626,5.50826,5.72126,6.05326,6.20726,5.93426,5.44526,4.92726,4.39826,3.85126,3.34126,2.93726,2.66726,2.57926,2.64626,2.83526,2.83926
NO2_ICAD,2021-10-10,360,False,-2,2.09922,2.58622,3.16322,3.10722,3.21822,4.35722,5.89122,7.19222,8.34322,9.40522,9.91522,9.32922,8.26122,7.33222,7.03922,7.81722,8.61222,8.36322,7.45722,6.31522,5.45422,5.35822,5.65222,5.93222,5.72322,4.59422,3.45722,3.22622,3.47822,3.77122,3.91122,3.74222,3.40922,3.03222,2.62422,2.18822,1.84922,1.75922,1.90222,2.28722,2.78722,3.28122,3.61922,3.63322,3.42122,3.05722,2.66122,2.35122,2.23522,2.38722
NO2_ICAD,2021-10-10,392,False,-1,2.62532,2.34132,2.44732,2.83432,3.51732,5.25632,8.96932,13.6633,18.3313,21.8183,22.8773,22.2433,20.4203,17.9413,15.1873,12.9443,11.9413,11.1513,9.60432,7.97032,6.99332,6.37132,5.83332,5.61532,6.03432,6.74532,7.45832,8.26632,9.28632,10.2053,10.6533,10.5413,9.77732,9.05532,9.04832,9.42132,9.83832,10.2363,10.6123,11.0973,11.7713,12.0533,11.3403,10.3713,9.80832,9.00232,7.29032,5.69532,5.28732,5.50532
NO2_ICAD,2021-10-10,473,False,0,0.83202,0.99802,1.25002,1.91002,2.25602,1.72702,2.38202,6.34002,11.108,14.07,14.868,13.165,10.784,9.34502,8.45402,7.66202,7.11602,6.97402,6.38302,4.59202,3.39302,4.55802,6.00202,5.62202,4.49502,3.80002,3.63302,4.03102,4.69602,5.30602,5.21902,3.81702,2.37202,2.18102,2.91102,4.17402,5.01002,4.50302,3.40502,2.46802,1.96702,2.14702,2.66102,3.18402,3.44502,3.18102,2.64202,2.08502,1.86002,2.26602
NO2_ICAD,2021-10-10,559,False,-1,2.3463,4.2633,6.3733,9.1193,13.0653,17.0313,19.8483,22.0753,24.2023,25.7213,25.9643,25.4913,24.7883,24.0533,23.4043,22.8023,22.1803,21.3463,20.1603,19.3323,19.6023,20.3273,20.9063,21.4563,22.1223,22.5163,22.2103,21.5963,21.0383,20.5303,20.0743,19.9933,20.6053,21.1553,20.8823,20.1923,19.5403,19.3413,20.0133,21.1343,22.2073,22.2573,20.2733,17.5753,15.3903,13.5283,11.8043,10.8733,11.4073,11.7813
NO2_ICAD,2021-10-10,576,False,0,5.8324,8.2124,10.5394,12.6884,14.5624,15.9554,16.6564,17.4754,19.1524,20.7444,21.2494,21.1794,21.0254,20.7614,20.2284,19.1874,17.4634,16.3394,17.0144,17.4984,15.8374,13.8634,13.4794,13.8304,14.0074,14.0414,14.0854,14.3394,14.9104,14.8514,13.2634,11.8454,12.3164,13.5474,14.3674,14.6764,14.4394,13.9604,13.4834,13.0224,12.5644,12.1104,11.6924,11.5074,11.7644,12.1034,12.1564,11.8804,11.2464,10.6444
NO2_ICAD,2021-10-10,587,False,0,0.62518,0.75718,0.84918,1.28118,2.54618,4.23318,5.98818,7.86718,9.91318,11.4532,11.7442,11.3832,10.9052,10.4412,10.0662,9.91918,10.0552,9.52518,7.40918,5.32018,4.89718,5.36118,5.89918,6.13618,5.76918,5.08418,4.36718,3.97218,4.18218,4.13218,2.98418,1.73818,1.42118,1.60518,1.84718,2.08818,2.30418,2.32918,2.02618,1.96718,2.69818,3.41018,3.30118,2.98118,3.08418,3.41618,3.73718,3.90518,3.79118,3.54018
NO2_ICAD,2021-10-10,613,False,2,2.6993,4.8743,7.6003,9.0543,9.7943,10.4493,11.1473,11.9483,12.9543,14.1843,14.7133,13.5663,11.8133,10.4813,9.4993,8.7303,8.0513,7.3613,6.4823,5.2683,4.2053,3.7973,3.7273,3.7153,3.8263,4.1213,4.0493,3.1233,2.5693,3.5593,4.4703,3.6973,2.6833,2.8483,2.9063,1.5243,0.0053,-0.2787,0.1043,0.5593,0.9203,1.0973,1.2243,1.4033,1.4393,1.0923,0.4563,-0.3467,-0.7747,-0.2597
NO2_ICAD,2021-10-10,614,False,-1,6.54088,7.54988,7.81288,8.07188,9.18188,10.9979,13.4649,16.6949,20.7729,23.9639,24.4919,23.9439,23.8339,24.0299,24.2079,23.9379,22.8279,21.7119,21.3379,20.7489,18.9039,16.4119,13.9339,12.1009,11.5369,11.6059,11.7489,11.8899,12.0349,12.2049,12.4619,13.0089,14.0569,15.1469,15.8359,16.3669,16.9449,17.1819,16.5749,15.2489,13.3159,11.6559,11.1329,11.1979,11.2969,11.0829,10.3009,9.65788,9.85488,10.3009
NO2_ICAD,2021-10-10,797,False,1,0.4091,1.1201,4.5031,8.8901,12.6251,15.3111,16.5921,17.1941,17.6951,18.0641,18.1191,17.6241,16.2991,14.7571,13.6391,13.3341,14.2141,15.1771,15.2111,15.1261,15.7621,16.5641,16.8731,16.4711,15.1031,13.2671,11.4161,9.9161,9.1261,8.7811,8.5941,7.9081,6.1241,4.3811,3.8511,4.0851,4.6101,4.8991,4.4731,3.6811,2.8411,1.9861,1.1381,0.5631,0.5671,0.9001,1.3491,1.8371,2.3151,2.6671
NO2_ICAD,2021-10-10,807,False,4,9.652,18.191,26.773,32.528,35.852,37.059,37.525,38.356,39.43,40.472,41.017,40.538,39.345,37.672,35.919,34.376,32.677,30.423,27.965,25.645,23.412,21.193,18.996,16.855,14.82,13.007,11.682,11.172,11.035,10.838,10.253,9.019,7.978,7.977,8.389,8.593,8.66,8.635,8.014,6.295,4.75,4.627,4.909,4.544,3.731,2.717,1.701,0.832,0.042,-0.692
NO2_ICAD,2021-10-10,832,False,0,8.3675,8.5405,7.1755,5.9065,6.5415,10.2495,18.8365,32.4365,51.1795,66.7865,70.8625,68.9985,66.1955,61.8195,54.4265,46.4655,40.3185,35.1765,30.2495,26.0435,23.2895,21.3255,19.6265,18.3045,17.6095,17.2245,16.8505,16.2555,15.2435,14.2175,13.6505,13.8585,15.1745,16.6305,17.3025,17.5535,17.7795,18.1325,18.6945,19.0855,18.9095,18.4545,17.9935,17.5465,17.1175,16.8235,16.7225,16.1795,14.6155,13.4015
NO2_ICAD,2021-10-10,907,False,5,6.02012,6.06312,6.13112,7.13612,8.22212,8.47912,8.29012,8.09112,8.26312,9.08112,9.49412,8.46512,7.13612,6.66612,6.70312,6.83112,6.73812,6.16412,5.51512,5.19012,5.04212,4.93412,4.97012,5.19512,4.79212,2.95512,1.07812,0.59212,1.03512,1.93412,2.77012,3.11812,3.24912,3.42912,3.60212,3.67812,3.70412,3.73912,3.90712,4.29912,4.48912,4.03512,3.27612,2.49912,1.49112,0.08112,-0.66788,0.33612,1.83212,2.58512
NO2_ICAD,2021-10-10,947,False,-3,-0.00024,0.10476,0.88576,2.27576,4.05176,6.17876,9.10276,13.2648,16.9968,18.5498,18.6548,17.9478,16.9038,15.8468,15.0198,14.5828,13.8008,11.9908,10.3248,9.93376,9.50276,7.73776,5.96976,5.63676,6.21576,7.15376,7.87276,7.85776,7.46576,7.01776,6.49176,5.81976,5.14376,4.57876,3.86676,2.80676,2.17976,2.77976,3.61176,3.67376,3.23476,2.64576,2.44776,3.12876,3.86376,3.82376,3.36776,2.87376,2.48376,2.30376
NO2_ICAD,2021-10-10,955,False,-1,4.56288,4.11488,3.95588,3.93688,3.98388,5.06988,8.22088,11.6769,13.6709,14.5829,14.7889,14.6929,14.5159,14.0029,12.8229,11.3679,10.0399,9.17388,9.18888,10.1609,12.1559,13.5969,12.9289,11.5139,10.6869,10.2229,9.80888,9.43188,9.09588,8.52788,7.49488,6.74788,7.06488,7.82188,8.36888,8.40088,7.65488,6.78488,6.41888,6.32888,6.26188,6.09888,5.72588,5.11788,4.21088,3.10788,1.97188,1.56588,2.62688,3.69688
NO2_ICAD,2021-10-10,1011,False,0,1.3328,0.8978,-0.0162,-0.5262,0.3908,2.6908,6.3858,10.1198,12.5538,13.7578,13.7598,13.3898,13.2948,12.9398,11.6858,9.9698,8.2688,7.1508,7.1278,7.1398,6.1858,5.1558,5.0098,5.4088,5.9668,6.2118,5.7308,5.1508,5.0768,5.1118,4.8278,4.3658,3.8748,3.3238,2.6818,2.2058,2.1758,2.3598,2.5068,2.3088,1.5128,0.9528,1.4628,2.3298,2.8388,3.1338,3.3768,3.4178,3.0978,2.9418
NO2_ICAD,2021-10-10,1024,False,4,6.36126,6.33726,6.65626,7.05726,7.76626,9.05026,10.3133,10.9893,11.5873,12.5533,13.0153,12.0563,10.8113,10.3773,10.1653,9.51926,8.62726,7.74126,7.15226,7.17826,7.65926,8.41326,8.67226,7.72326,6.76126,7.02226,8.12526,9.61226,10.4963,9.85526,8.89226,8.79226,9.17426,9.59926,9.87826,9.90226,10.0833,10.8133,11.5343,11.6113,10.9033,9.27026,7.65626,6.96826,6.77326,6.64326,6.54526,6.49826,6.38226,6.12926
NO2_ICAD,2021-10-10,1036,False,-1,8.28774,7.69074,7.12374,6.59674,6.08574,5.66074,5.52474,6.39074,8.99274,11.6457,12.6357,12.3797,11.3127,10.3587,10.2777,10.1277,8.94674,7.49274,6.55274,5.90474,5.31874,4.93174,4.92074,4.91474,4.55474,4.07574,3.71374,3.32974,2.77874,2.29474,2.10974,1.92774,1.47274,1.12574,1.30174,1.74974,2.16674,2.07174,1.08174,0.61474,2.04174,3.57874,3.43074,2.66674,2.40474,2.40974,2.37474,2.35574,2.46474,2.75274
NO2_ICAD,2021-10-10,1047,False,0,7.38894,9.41194,13.6449,18.8039,23.8199,29.1939,35.4299,40.7929,43.4159,44.6359,45.5579,45.5049,43.5569,41.0689,39.3349,38.0779,36.8629,34.9219,31.5429,28.1029,25.8929,23.7109,20.3949,17.4509,16.5219,16.6419,16.8669,16.8869,16.5009,15.9479,15.5259,15.7789,17.1969,18.3479,17.7479,16.0239,13.7699,11.4969,9.63394,8.25694,7.47594,6.98094,6.52794,6.12794,5.82394,5.46594,4.95594,4.76894,5.37594,5.98994
NO2_ICAD,2021-10-10,1228,False,2,3.35194,3.03994,3.03794,3.88794,6.41294,11.0079,18.1019,24.6479,27.6199,28.7209,29.4159,28.7219,25.3419,21.3099,18.5779,16.5819,14.6959,12.9579,11.5499,10.5779,10.1799,9.90694,9.38094,8.97794,9.12494,9.55894,9.97294,9.94894,9.12294,8.45394,8.87094,9.49894,9.43094,8.96094,8.36694,7.43094,5.89494,4.46594,3.90694,4.16694,5.19294,6.12794,6.15994,5.71594,5.19794,4.56794,3.74094,3.02894,2.75994,2.75994
NO2_ICAD,2021-10-10,1237,False,-1,28.5093,31.3173,33.7083,36.5023,39.0393,40.5393,41.5043,42.4023,43.3073,44.1823,44.7223,44.5983,44.2823,44.1893,43.9753,43.2903,42.7803,43.0113,42.7403,40.7113,38.4343,37.4403,37.1473,36.9423,36.7373,36.5393,36.4053,36.3903,36.3953,36.2773,35.7663,34.5403,32.8713,31.0513,29.7773,29.7643,30.3263,30.8303,31.1923,31.3913,31.5133,31.6243,31.7363,31.7683,31.1603,29.2803,26.8033,24.3993,22.5763,21.8083
NO2_ICAD,2021-10-10,1274,False,2,6.95934,8.42234,10.7423,14.7393,19.3123,23.4733,27.6813,32.3683,36.2353,37.8273,38.1053,37.9083,37.5453,37.1793,36.9513,36.8913,36.0983,33.5853,30.2423,26.8603,23.4023,19.8623,17.4053,17.2243,17.3373,15.8523,13.9863,13.0603,12.6713,12.3753,12.0913,11.7593,11.0273,9.54534,8.06934,7.37234,7.20534,7.33534,7.58734,7.80634,7.62934,6.70034,5.67234,5.17934,4.88934,4.44934,3.91634,3.40834,3.19834,3.60634
NO2_ICAD,2021-10-10,1334,False,7,27.7683,28.7493,28.5633,28.1093,28.1643,28.5083,28.8983,29.3753,30.0223,30.7563,31.4233,31.4743,30.2843,28.3873,26.2223,23.8703,21.3653,19.2033,17.9013,16.9793,15.9913,14.9423,13.9133,13.1023,12.7143,12.4213,11.9123,11.3043,10.7663,10.5583,10.9263,11.2633,10.9783,10.4493,10.0623,9.7763,9.5223,9.2773,9.0273,8.7253,8.3343,8.0163,7.9203,7.7633,7.2683,6.7423,6.5093,6.4863,6.5803,6.6393
NO2_ICAD,2021-10-10,1500,False,0,9.95956,13.1976,18.1116,22.8636,25.6496,27.3996,29.0786,31.2376,34.2526,36.9266,37.9746,37.8226,36.8876,36.2066,36.6646,37.1026,36.3176,34.9036,33.4906,32.3706,31.7916,31.4816,31.2086,30.9586,30.7286,30.2896,29.4016,28.3696,27.3976,25.8326,23.0206,20.3356,19.1806,18.8316,18.5766,18.2666,17.8346,17.2536,16.4816,15.6156,14.7406,13.8806,13.0516,12.2386,11.5036,11.3816,12.4326,13.6816,14.1906,14.3956
NO2_ICAD,2021-10-10,1845,False,2,4.29952,7.05252,9.97952,12.2465,13.7885,14.5185,14.8615,15.1755,15.6275,16.3195,16.8345,16.7345,16.3185,15.8445,15.2265,14.3415,13.4865,12.9785,12.7695,12.8525,13.2425,13.9745,14.5465,14.4345,13.8045,12.7835,11.5885,10.4155,9.59752,9.51752,10.0285,11.0015,11.7665,11.6085,10.5395,8.58852,6.98452,6.94452,7.70352,8.45652,8.54252,7.31752,5.43752,3.58852,2.64952,3.43052,4.33352,3.83252,3.00152,2.96852
NO2_ICAD,2021-10-10,1867,False,4,10.5378,11.5838,12.6638,12.6918,12.5768,13.2638,14.1958,14.7648,15.0588,15.1868,15.2448,15.2568,14.9738,14.1128,13.0658,12.1968,11.4278,10.6518,9.85376,9.04476,8.33376,7.85776,7.62676,7.67476,7.85576,8.03776,8.08876,7.87176,7.46676,6.90976,6.13076,5.03276,3.89276,3.10976,3.49576,5.86676,8.29776,8.87776,8.38676,7.61776,6.88576,6.38476,6.00476,5.62976,5.17176,4.54576,3.82476,3.13476,2.95876,3.77476
NO2_ICAD,2021-10-10,1875,False,1,22.8714,23.1584,24.6494,26.6934,28.8924,32.7644,40.0614,48.6794,56.4474,62.0034,63.8294,63.0734,60.5094,57.1524,53.6854,50.1154,46.4354,43.3864,41.7724,40.7674,39.5964,38.2164,36.6974,35.4644,34.9374,34.5994,33.9434,33.1064,32.2234,31.1524,29.7504,28.5194,28.0294,28.2934,29.2894,29.8664,28.8944,27.3824,26.3404,25.7104,25.3984,25.2924,25.3124,25.1614,24.5344,23.6654,22.7624,21.8284,20.8344,19.8264
NO2_ICAD,2021-10-10,1914,False,-1,1.3464,2.1034,2.6834,3.0664,3.2674,3.8684,5.4894,7.6274,9.7744,11.4664,12.1914,11.9804,10.8264,9.7954,9.8604,10.0784,9.5084,8.8104,8.6714,8.6154,8.1394,7.5954,7.3624,7.3014,7.2664,7.2674,7.2994,7.0254,6.1004,5.0604,4.4704,4.3904,4.8784,5.4684,5.7294,5.7854,5.7414,5.4424,4.7174,4.0734,4.0284,4.2954,4.5744,4.6344,4.2954,4.0674,4.4784,5.2694,6.1194,6.3584
NO2_ICAD,2021-10-10,1935,False,2,7.34812,9.67012,12.4381,15.7611,23.0671,37.9681,53.8661,64.2251,71.0931,76.3451,79.2041,78.2751,75.8931,74.1481,72.8401,71.5871,70.3351,69.0961,67.9621,67.0401,66.2231,65.3841,64.2651,62.6191,60.9691,59.8381,59.0021,58.2721,57.8171,57.8531,57.9521,57.6711,57.0031,55.9231,54.6501,53.3921,52.4411,51.9891,50.9201,48.1011,44.8611,42.4291,39.8201,36.0311,32.5301,30.8851,30.2101,29.6561,29.1031,28.5521
NO2_ICAD,2021-10-10,1953,False,3,15.8793,17.2293,19.7403,24.0743,28.4753,31.2133,32.9513,34.3343,35.4903,36.3663,36.8053,36.5783,36.0253,35.4263,34.7773,34.0443,33.3783,32.9393,32.5883,32.2153,31.9953,32.1433,32.5453,32.9393,32.0103,28.4163,24.3513,21.9603,20.4933,19.1823,18.1933,17.8213,17.5333,16.7983,15.7493,14.4803,12.8223,10.6633,9.28032,9.99632,11.4813,12.4083,12.6143,11.9803,10.9463,9.95832,9.73132,10.9363,12.1603,12.0193
NO2_ICAD,2021-10-10,1970,False,0,4.11042,6.04942,7.15942,7.80842,8.36542,8.63642,8.44642,8.85542,10.8904,12.9474,13.3694,12.7854,11.8264,10.8944,10.3334,10.3434,11.0954,11.6304,11.0224,10.1264,9.80842,9.81742,9.91442,10.3924,11.5624,12.5674,12.5394,12.0564,11.6294,10.8444,9.20642,7.37642,6.04742,5.31142,5.28242,5.58942,5.90242,5.92342,5.40542,4.94942,5.12542,5.32642,4.94542,4.50642,4.53942,4.59142,4.19842,3.75742,3.69142,3.83042
