channel,source_day,pass_index,normalized:,pollutant_offsets,t_-5.000,t_-4.500,t_-4.000,t_-3.500,t_-3.000,t_-2.500,t_-2.000,t_-1.500,t_-1.000,t_-0.500,t_0.000,t_0.500,t_1.000,t_1.500,t_2.000,t_2.500,t_3.000,t_3.500,t_4.000,t_4.500,t_5.000,t_5.500,t_6.000,t_6.500,t_7.000,t_7.500,t_8.000,t_8.500,t_9.000,t_9.500,t_10.000,t_10.500,t_11.000,t_11.500,t_12.000,t_12.500,t_13.000,t_13.500,t_14.000,t_14.500,t_15.000,t_15.500,t_16.000,t_16.500,t_17.000,t_17.500,t_18.000,t_18.500,t_19.000,t_19.500
NOX_ICAD,2021-09-26,3,False,2,7.89704,8.03404,8.95004,12.305,16.91,21.58,25.518,27.962,29.412,30.191,30.272,29.394,27.613,24.976,22.943,22.973,23.899,24.609,25.143,25.578,25.393,23.887,21.113,17.191,14.426,15.109,16.964,17.756,17.737,17.28,16.643,16.143,16.91,19.997,22.637,22.095,20.533,20.058,19.588,17.829,15.381,12.978,11.616,12.262,13.355,13.362,12.549,11.209,9.64304,8.11504
NOX_ICAD,2021-09-26,8,False,0,3.34688,5.65788,8.52788,12.0619,15.9119,19.9959,25.6339,34.1159,42.0349,45.7869,46.4289,44.7429,41.4189,36.8069,32.5789,30.3329,29.1169,28.0079,26.7219,25.0839,23.2869,21.5899,20.6009,20.9069,21.2139,20.2279,18.5519,16.8929,16.0539,16.7719,17.6199,17.1489,15.6629,13.5669,12.1619,12.6749,13.6189,13.5209,12.8389,12.1029,11.5229,11.2219,10.8419,10.0239,9.04688,8.22688,7.74188,7.77188,7.94088,7.90088
NOX_ICAD,2021-09-26,14,False,2,2.28742,4.66542,8.90942,13.6944,20.9424,32.8294,44.8894,52.5564,56.9494,59.0094,59.4594,58.5384,56.9934,55.0974,51.0104,42.7304,33.7384,27.5644,23.9564,22.6304,21.7404,19.7684,17.8594,17.3004,17.4574,17.6854,17.7634,17.6404,18.1704,20.1494,21.8394,21.4464,19.9604,18.5394,18.7184,22.0104,26.1834,28.9784,29.9384,28.6584,26.8934,26.2314,26.0644,25.7074,25.2164,24.6984,24.0944,23.2764,22.0264,20.2914
NOX_ICAD,2021-09-26,43,False,2,9.06934,13.4013,20.7573,51.4393,128.177,223.486,310.563,379.781,421.278,442.302,446.947,444.222,440.139,432.559,418.317,403.227,392.639,381.83,365.984,350.241,340.116,333.197,327.115,321.265,315.388,309.065,302.291,298.612,301.746,306.714,308.419,306.087,298.88,289.342,279.095,265.503,245.244,221.811,198.841,180.315,170.525,166.368,165.446,165.698,165.748,165.611,165.317,163.955,160.323,154.559
NOX_ICAD,2021-09-26,62,False,3,1.38612,2.64412,10.2511,29.5171,60.1101,101.823,138.191,152.759,156.055,157.817,158.577,156.973,151.493,140.102,125.534,110.386,98.0221,91.7981,88.6641,85.8541,82.5611,78.3031,73.5991,68.9631,64.7911,61.5651,59.4951,58.8871,58.6101,57.6311,56.2541,54.8891,54.0211,54.0671,53.9771,52.6311,50.2131,46.9241,43.8651,42.0901,40.9851,39.8651,37.9591,34.6021,31.4271,30.0921,29.7261,29.4171,28.6001,26.8421
NOX_ICAD,2021-09-26,63,False,0,4.00522,6.17322,8.58222,10.1582,11.2732,12.6632,16.7082,25.8542,35.9882,42.7992,45.3822,42.8192,39.1952,38.2492,38.8042,39.4482,39.3162,37.6962,35.8302,34.8982,34.2652,33.2342,31.9672,30.6622,29.3532,28.1812,28.1142,30.1252,32.1712,32.1822,30.8412,28.7992,26.4352,24.0362,22.2562,21.7952,21.9942,22.2652,22.4402,22.4262,22.3162,22.1842,21.9992,21.6772,21.0322,19.8702,18.7072,17.9972,17.1562,15.5462
NOX_ICAD,2021-09-26,64,False,1,1.7473,6.1503,16.8843,32.9003,53.7613,76.8533,100.641,127.759,160.258,185.845,190.837,181.386,162.617,142.572,128.161,119.136,115.399,114.122,113.185,112.503,112.333,112.418,112.535,112.653,112.77,112.887,113.005,113.122,113.249,113.451,113.802,114.229,114.431,112.767,107.565,102.056,99.1553,95.5793,88.0313,80.6823,77.9183,77.5883,77.4523,76.4373,73.6713,70.0613,66.3073,61.7563,55.7393,50.4123
NOX_ICAD,2021-09-26,66,False,5,29.3914,31.0294,32.4664,33.0274,34.6364,39.2464,44.2754,47.1264,48.7884,50.1764,50.5654,48.9364,46.1664,42.9724,39.5354,35.8334,31.6614,26.8884,22.9264,21.3124,21.1544,21.6984,22.5184,23.1854,22.3454,18.6434,14.6364,12.8264,12.0594,11.1114,9.89442,8.48742,7.34142,6.92542,6.88042,6.91842,7.24842,7.96842,7.41342,4.01242,1.06642,1.90542,4.26342,5.79642,6.24042,5.44842,4.06942,2.72842,2.28342,3.47542
NOX_ICAD,2021-09-26,72,False,-3,5.00298,10.978,26.703,59.528,117.143,173.559,203.146,218.504,231.508,239.915,239.082,233.292,225.974,216.428,203.242,189.344,177.679,168.398,161.717,156.263,150.539,141.425,125.834,109.282,97.283,88.655,82.394,78.474,77.468,77.859,78.205,76.787,71.913,65.849,60.791,56.915,54.365,52.763,51.922,51.422,50.956,50.412,49.719,49,48.436,48.4,49.26,50.089,49.915,48.858
NOX_ICAD,2021-09-26,90,False,-1,2.68336,1.83836,1.63136,2.62536,4.21636,6.08036,9.52836,16.1074,23.9754,31.1134,35.2424,33.9784,30.5454,27.8634,25.7264,23.7284,22.2944,21.9824,22.1674,22.2924,22.3774,22.4994,22.5834,22.5404,22.4314,22.3954,23.0004,24.8324,26.8484,27.8634,27.0684,23.6824,20.2864,19.4064,19.8694,20.4884,21.0184,21.3244,21.2054,20.4344,19.5644,19.1434,19.1194,19.4494,19.9424,20.3944,20.3654,19.4014,18.2054,17.4434
NOX_ICAD,2021-09-26,93,False,1,12.7558,15.2438,20.6478,26.8198,31.5228,35.3248,38.8798,42.3638,45.7088,48.0208,48.1478,46.2958,42.4658,38.0208,34.1818,31.1958,29.2998,27.9268,26.6508,25.6218,25.0888,24.8028,24.5218,24.0298,23.1778,22.6028,22.9538,23.6238,24.0168,24.2408,24.4998,25.1968,26.5998,27.0538,24.7588,20.8658,16.5428,13.2868,12.5588,13.1088,13.6918,13.2738,11.0148,9.06184,9.53984,10.8368,11.3208,11.3148,11.1888,10.5838
NOX_ICAD,2021-09-26,104,False,4,5.11248,4.95148,5.07848,6.12548,8.72248,11.5335,13.2645,14.4045,15.4705,16.5265,17.4145,17.1185,14.5515,11.4405,9.47348,8.35748,7.76048,7.38348,7.01548,6.50548,5.73448,5.01148,4.68748,4.85148,5.57648,6.14548,5.84448,5.08948,4.34448,4.11948,4.93648,6.25148,7.53848,8.43048,8.57348,8.34448,8.08248,7.93248,7.98048,7.91948,7.40148,6.43348,5.05548,4.06948,4.29548,5.14348,6.06648,6.97648,7.79148,8.01948
NOX_ICAD,2021-09-26,105,False,-1,4.64648,5.12748,11.0415,20.1365,30.5185,41.3745,52.2955,63.2575,73.9205,81.5575,83.0885,81.7175,80.2905,79.0285,77.7585,76.2535,74.1835,71.0955,66.3745,60.5655,54.2175,48.9055,46.2355,44.9065,43.6085,41.2275,36.9055,33.2945,32.9315,32.6925,29.4485,25.4485,23.0685,21.6025,20.2345,18.7445,17.1175,16.2485,17.0405,18.0445,17.8225,16.9325,15.9515,14.9065,13.7775,12.9175,12.6835,12.5465,11.9815,11.1815
NOX_ICAD,2021-09-26,109,False,1,28.5253,31.4683,34.6863,36.4693,37.8163,39.8113,42.1803,44.5693,46.7443,48.3693,48.8193,47.3333,44.9953,42.7563,40.6273,38.5173,36.4593,34.5613,33.1703,32.6253,31.9593,30.2923,28.8073,28.7003,28.8323,28.0183,26.6853,25.3273,24.2943,23.8923,23.6703,23.1753,22.3543,21.1523,19.7703,18.3743,17.0443,15.8813,15.0733,14.9013,15.4223,16.7883,18.5583,20.2273,20.6803,18.8313,16.7963,16.5433,16.3353,14.3923
NOX_ICAD,2021-09-26,113,False,0,5.42386,4.31986,2.87986,1.45086,0.45286,0.65186,3.96986,12.8389,25.3709,39.4779,48.9069,47.3609,41.7889,38.7609,37.3569,36.1109,34.4999,32.2859,30.7019,30.9979,31.7699,31.6059,30.7219,29.3689,27.8149,26.2549,24.8609,23.7719,22.6579,21.1999,19.6959,18.4849,17.6429,17.2659,17.1129,16.9359,16.3319,15.0339,14.5559,16.3139,17.6959,16.1049,13.8109,13.1739,13.6079,14.4579,15.4589,16.4259,16.9719,16.6289
NOX_ICAD,2021-09-26,120,False,2,0.00232,9.46532,40.0363,98.1013,191.49,287.078,351.886,390.365,405.936,411.045,413.912,409.311,389.805,363.076,336.377,313.679,298.535,287.237,276.585,266.021,254.613,236.351,204.989,171.61,147.477,131.628,123.28,118.38,113.848,108.813,102.969,98.1793,96.5273,97.1463,99.1243,99.6913,95.9023,88.4143,77.9093,68.9903,66.1963,66.5623,67.3043,67.9003,68.2533,68.8763,70.2123,71.1563,70.5333,69.1013
NOX_ICAD,2021-09-26,133,False,3,34.7569,38.8579,42.4669,46.7059,52.5649,57.6459,59.4599,59.9249,60.9049,62.2499,63.4969,63.5939,61.3919,58.0399,54.5439,51.0479,47.5519,44.0559,40.5599,37.0639,33.5679,30.0719,26.6509,23.8319,22.2139,21.1899,20.2239,19.2499,18.3419,17.9669,18.4879,18.1709,15.3899,12.9659,13.6489,14.6249,13.0669,11.0319,10.7349,11.3969,12.2079,13.2559,14.6759,15.5229,14.8279,13.7109,13.2919,13.4189,13.9079,14.5539
NOX_ICAD,2021-09-26,141,False,0,7.18574,6.42774,5.83874,6.97374,12.0177,22.4757,40.2887,59.8517,75.4437,84.6827,84.8517,80.6067,75.5927,68.8337,58.7297,48.0267,39.4127,32.0827,25.3617,20.2977,18.2907,17.8027,17.5377,17.5377,17.9297,17.5027,15.1247,13.1377,13.8257,14.8837,13.9177,11.8467,9.71874,8.24274,8.07774,8.64274,9.37074,9.56374,8.59174,7.42774,7.02874,7.05174,7.09674,6.90074,6.30274,6.09874,7.04674,7.95574,7.62774,6.87474
NOX_ICAD,2021-09-26,144,False,1,1.72442,2.94142,6.38742,12.0544,21.0774,35.1784,51.7654,68.4474,83.4084,94.0314,95.7774,83.4674,67.7304,58.5534,53.1044,48.0914,42.8434,37.1184,31.0894,25.0554,20.2544,18.0624,17.2614,16.7994,16.4254,15.9494,14.5744,11.5304,8.63642,7.66142,7.20442,5.92242,4.97242,5.63642,6.78242,7.26942,7.37442,7.43142,7.48842,7.52242,7.37942,7.08342,8.24642,12.4884,16.9894,18.9674,19.8164,20.9904,22.4144,23.8104
NOX_ICAD,2021-09-26,148,False,-3,0.73382,1.39782,3.11682,5.35582,8.04982,13.8558,25.9618,41.7818,58.5068,70.3468,71.3198,67.0288,62.5508,58.7608,55.9308,53.5678,51.0988,47.3278,41.0568,34.3258,29.1778,25.3268,22.5538,20.7798,20.1368,19.8878,19.4028,18.7648,18.1268,17.6368,17.2868,15.8448,12.0958,8.36682,7.04482,7.30682,8.30582,9.08882,8.83282,8.03782,7.23582,6.92482,7.51782,7.97582,7.31582,6.57882,6.92382,8.34382,10.7818,12.8978
NOX_ICAD,2021-09-26,151,False,1,4.30108,1.89008,-0.02992,0.43008,3.87508,11.6321,24.6701,44.0261,60.9511,66.6291,66.4711,65.3111,61.9651,54.4041,45.8921,39.6501,35.2701,32.3141,30.1041,28.2051,26.4241,24.6901,23.2211,22.2651,21.4341,20.3161,18.7271,16.5291,14.5711,13.7111,13.4221,13.2441,13.3881,14.0951,14.4931,13.7051,12.5951,12.0231,11.7601,11.5211,11.1621,10.6121,10.3511,10.8101,11.0441,10.1401,9.21008,9.41208,10.2191,11.0461
NOX_ICAD,2021-09-26,153,False,0,78.1145,83.0935,85.5785,86.8705,88.1455,90.4745,94.9275,100.545,106.323,110.698,112.062,111.914,111.448,109.962,106.434,101.885,97.2075,92.5305,87.8545,83.1775,78.5005,73.8235,69.2285,65.2825,62.6345,60.6375,58.7205,56.8045,54.8885,52.9715,51.0165,48.7485,45.9395,43.4785,42.2435,41.2345,39.4385,37.2075,34.9335,32.7445,30.6775,28.3085,25.2985,22.9105,22.3975,22.1045,20.3565,17.8185,15.2355,13.0795
NOX_ICAD,2021-09-26,160,False,-1,5.54628,4.19528,2.78228,1.52728,0.82028,2.14028,7.05228,12.4953,15.4943,17.1533,18.4923,18.6053,16.4293,14.3353,14.5373,14.7343,12.5793,10.0143,9.09328,9.07628,9.23028,9.85728,11.2793,11.9793,10.4423,8.45728,7.79928,7.78528,7.65928,7.43328,7.14028,6.42828,4.99128,4.07428,4.91828,6.19128,6.55928,6.41628,6.16928,5.60428,4.43628,3.23428,2.61228,2.67428,3.50328,4.19828,3.87728,3.02428,2.13228,1.46028
NOX_ICAD,2021-09-26,197,False,0,17.1657,16.3197,17.0657,20.0677,22.9107,23.2117,22.1677,21.1357,21.5417,24.6107,27.4057,26.9487,24.7327,22.3257,20.8147,21.0897,21.5767,20.7177,19.1277,17.5467,16.7617,17.4527,17.9947,16.8187,15.2857,14.8437,15.2377,16.1077,16.5147,15.5337,13.8447,12.1777,11.3937,12.2607,13.0877,12.2487,11.0567,10.8627,11.0317,10.8597,10.4797,10.0827,9.74974,9.52274,9.15774,8.44374,7.88574,7.98774,8.20674,7.98574
NOX_ICAD,2021-09-26,206,False,0,15.2452,23.7912,34.3152,44.2582,53.7602,63.4122,74.7102,88.8932,101.472,107.546,108.679,105.979,101.26,95.8062,91.0752,88.3982,86.7692,85.2912,83.9702,82.9882,82.3682,82.1112,81.5262,79.9002,77.7422,75.4652,72.7842,69.3202,65.6772,62.3142,58.2052,52.4282,47.6352,46.6732,47.9842,50.1722,52.6772,55.0512,56.0662,54.3722,51.4022,48.5202,46.4602,45.8492,45.6272,44.7562,43.2082,41.0422,39.1842,38.5532
NOX_ICAD,2021-09-26,211,False,0,19.7685,20.0485,20.3285,20.7335,22.1335,25.5225,29.9065,34.4045,38.8255,42.8625,45.0135,43.5065,39.9565,35.8345,32.4875,31.1365,30.7965,30.3955,28.4885,23.7955,19.4035,18.4095,18.9935,19.3345,19.3745,19.2435,19.0425,18.8115,18.4245,17.7465,17.1025,16.8185,16.7025,16.5495,16.2545,15.7165,15.0585,14.4945,14.7985,16.7445,18.7875,19.3935,19.2135,18.8675,18.1975,16.9055,15.3045,13.6795,12.1775,10.9745
NOX_ICAD,2021-09-26,212,False,1,0.64266,1.60766,5.45466,15.1927,31.7287,56.8437,86.0807,115.764,144.893,171.476,185.988,177.552,158.855,141.563,128.211,120.387,115.248,110.394,105.127,99.3057,95.2317,95.2487,96.0117,94.3137,91.9617,90.9527,90.7047,90.6907,91.7987,94.8207,96.3537,92.9267,87.8787,84.4867,82.0857,79.7017,76.4537,71.5337,66.1687,61.5207,57.2227,52.8597,48.5737,44.5697,40.7117,36.8577,32.8887,28.7137,24.6177,20.9707
NOX_ICAD,2021-09-26,223,False,-3,4.95152,2.05152,1.88252,3.15152,4.71852,7.24352,12.1025,21.2535,36.7305,51.8145,59.3595,59.2005,50.9825,41.6465,37.5235,36.2565,35.3645,34.6215,34.1755,33.8775,33.6615,33.9525,35.2605,37.1065,39.2465,42.7735,48.8035,54.4775,56.8325,56.9695,55.8795,54.2845,52.7105,51.8185,52.2365,52.8965,52.7605,52.1585,51.4475,50.7085,50.0495,50.0465,51.4875,54.6255,59.7575,64.5995,66.9115,67.8935,68.6575,69.0035
NOX_ICAD,2021-09-26,254,False,8,14.9633,15.5363,16.5103,17.6513,18.7343,19.1903,18.5833,18.8843,21.9623,24.8753,24.6143,22.9193,21.5443,20.4363,19.3383,18.0623,16.5033,15.3633,15.3393,15.4763,14.8863,14.3913,14.9013,15.9413,16.9653,17.3343,16.3603,14.4503,11.9973,10.0963,9.82834,10.3943,11.0043,11.1283,10.3203,9.34734,8.85434,7.87634,5.49034,3.57034,4.08534,5.86934,7.70434,8.67334,7.93534,6.50334,5.37234,4.93934,5.58234,6.75134
NOX_ICAD,2021-09-26,263,False,-1,11.7147,11.2287,9.52474,8.02174,9.33474,16.2697,25.9167,35.5187,43.5007,48.2987,50.4487,50.1437,48.7067,46.9647,43.9207,38.3297,31.8907,26.3457,22.4437,20.9767,20.6987,20.4897,19.6467,17.6487,15.9227,15.8797,16.3297,16.0437,15.1577,13.8477,12.3517,10.8977,9.96974,10.1157,10.9757,12.1597,12.5577,11.0417,8.64774,6.32474,4.09874,2.02974,1.11074,2.47374,4.82674,6.92574,8.24574,8.31074,7.78074,7.22174
NOX_ICAD,2021-09-26,281,False,-4,8.17292,6.51892,4.53092,4.16892,4.69692,5.56292,8.23892,14.3769,21.0729,25.2579,26.3159,23.6059,20.1529,18.7319,18.4459,18.3129,18.2739,18.2839,17.2849,14.2029,10.9249,9.35192,8.89892,8.98592,9.28492,9.62792,10.1109,10.8839,11.8929,13.0099,13.4159,12.2959,10.9699,10.7429,11.1159,11.5729,12.1009,12.7189,12.9769,12.3299,10.8319,8.58692,7.10592,7.89592,9.50592,10.5349,11.2009,11.7649,11.8829,11.0919
NOX_ICAD,2021-09-26,298,False,4,58.2023,97.8343,137.455,159.08,168.189,169.95,169.217,169.362,170.14,170.931,171.185,170.289,168.251,164.842,160.089,153.831,147.174,141.101,135.366,129.56,122.853,114.452,106.014,99.3073,94.3723,91.4003,89.6553,88.6143,87.5013,85.6453,83.3983,81.0553,78.3473,74.7883,69.9303,63.2663,56.5223,51.4193,47.5823,44.6773,42.1853,39.6533,36.3893,31.8443,28.0273,26.9953,27.0653,26.5853,25.6553,24.5013
NOX_ICAD,2021-09-26,303,False,6,7.91586,8.22886,8.58486,8.66986,8.79686,9.30986,10.0249,10.8159,12.0079,13.8159,14.5499,12.5569,10.4609,10.8489,12.0289,12.2209,11.8329,11.4259,11.4449,12.1699,12.1539,10.0479,8.30886,9.34186,10.7039,9.84686,7.78486,5.65686,4.20486,4.17386,5.36386,7.55586,8.90286,7.66986,6.07286,6.35186,7.65686,8.92386,8.86286,6.24686,3.10686,1.50086,1.44986,2.93186,4.59786,5.22286,5.27886,5.23786,4.98286,4.36786
NOX_ICAD,2021-09-26,320,False,1,5.32042,5.04042,5.02742,5.60542,6.92242,9.58642,15.6544,27.1884,38.0094,41.9064,42.1604,41.7124,39.3024,33.1274,26.2824,21.8664,19.4764,18.6974,18.5164,18.1504,17.6474,17.0564,15.9004,13.6934,11.5584,10.6314,10.4034,10.3404,10.0074,9.02142,7.70442,6.36342,5.16842,4.33442,4.22542,5.20942,6.11842,5.79342,4.81542,3.84542,3.59142,4.68042,5.78342,5.58242,4.76442,4.05142,3.59642,3.49742,3.57042,3.57942
NOX_ICAD,2021-09-26,321,False,4,12.6286,17.6656,22.4086,24.9186,26.0846,26.7406,27.2136,27.6676,28.1536,28.6546,28.8126,28.1986,26.9936,25.3126,23.4166,21.4956,19.5836,17.7226,16.1106,14.9286,13.5756,11.4986,9.53656,8.56956,8.12556,7.76356,7.53656,7.51456,7.11756,5.73056,3.93356,2.33856,1.38056,1.49356,2.01756,2.35656,2.57056,2.76756,2.96556,3.16356,3.36056,3.55856,3.75656,3.95356,4.15156,4.40356,5.08656,6.58256,8.11956,8.92956
NOX_ICAD,2021-09-26,331,False,1,5.37116,6.29216,6.24016,6.66916,11.9082,26.5092,43.8702,57.4492,66.7242,71.1292,72.4192,71.7052,70.1282,68.4052,66.3672,63.5512,59.2332,52.5542,45.1112,38.4722,33.1462,29.6572,27.0592,24.5802,22.1592,19.8822,17.8902,16.4322,15.7822,16.2882,17.0652,17.2932,17.2102,16.9692,15.7802,12.9132,10.8722,12.1222,14.0252,13.9092,12.6722,11.3372,10.3332,9.98916,9.93816,9.79116,9.14116,7.56416,5.52416,3.52016
NOX_ICAD,2021-09-26,351,False,0,-0.5664,-1.2334,-1.0094,0.1866,1.8416,3.8716,8.4446,17.8586,27.8546,34.0066,36.2956,34.6356,31.8556,30.3646,29.3466,27.8116,25.9696,24.0396,21.7136,18.7036,16.1666,15.3426,15.6006,16.3996,17.4196,18.4796,19.5466,20.4546,20.0876,17.2996,14.2806,13.2976,14.2016,16.7366,18.6436,17.7616,15.7776,14.3466,13.2856,12.3236,11.7946,12.1256,12.8726,13.5856,13.8236,13.1536,12.1166,11.2236,10.5386,10.0946
NOX_ICAD,2021-09-26,360,False,0,2.3193,4.3343,7.7283,12.7483,18.5423,24.8063,34.0453,48.8393,63.4493,71.8013,74.4863,71.8343,67.2463,63.4903,60.3063,57.2423,54.5653,52.8013,52.5493,54.3693,55.5363,53.1983,48.3513,41.9903,36.2733,33.2133,31.5283,29.9153,27.5013,23.6703,20.4813,19.8823,19.1603,15.6543,11.9073,10.6153,10.6553,10.8543,10.8923,10.5963,10.1323,9.7123,9.8123,10.8883,11.9953,12.1863,11.8673,11.4413,10.9523,10.3773
NOX_ICAD,2021-09-26,416,False,-3,14.235,21.028,27.968,34.877,41.731,48.172,53.912,60.237,68.14,74.137,74.453,71.867,68.814,64.932,59.674,55.835,56.179,57.1,55.036,51.919,49.962,49.681,51.425,52.871,51.737,49.248,46.666,44.695,43.865,43.004,40.98,38.663,36.944,35.413,33.606,31.639,29.701,28.152,27.35,26.683,25.576,24.389,23.519,22.825,22.216,22.115,22.916,23.296,21.929,20.032
NOX_ICAD,2021-09-26,429,False,0,8.08224,7.27424,7.44424,9.80524,13.0202,15.8432,18.3992,20.9302,23.5312,26.0752,27.1402,25.0762,21.1672,16.6502,13.2842,12.7752,13.7122,14.7472,15.1262,14.2142,12.8432,11.7362,10.4262,8.46824,7.14424,7.79424,9.11024,9.81924,10.1592,10.3852,10.0702,8.68524,6.85324,5.20224,4.15324,4.09924,4.28424,3.98624,3.33124,2.46824,1.51824,0.70424,1.06224,3.56924,5.66124,4.84624,3.39824,3.56724,3.92924,2.98424
NOX_ICAD,2021-09-26,456,False,1,1.47532,2.17632,3.32332,5.37632,7.97832,10.8503,13.9113,17.1093,19.9923,21.9623,22.5683,21.1993,18.8673,16.4423,14.2313,12.4613,10.9943,9.77132,8.95832,8.75932,8.56432,7.82532,7.17332,7.25532,7.42632,7.00432,6.20432,5.24332,4.22232,3.25632,2.78832,3.30932,4.26532,5.14032,5.79832,6.04732,5.42532,3.48332,1.85432,2.13332,2.94532,2.89732,2.35332,1.80032,1.66732,2.40032,3.76432,5.56132,7.24632,8.25632
NOX_ICAD,2021-09-26,496,False,5,8.99728,10.6753,12.3073,13.8673,15.2353,16.1603,16.3583,16.3863,16.7723,17.3603,17.8863,17.7053,16.2573,15.2593,16.3223,17.2283,15.7323,13.5503,12.4593,11.9953,11.6103,11.2243,10.8393,10.4543,10.0693,9.68328,9.29828,8.91328,8.52728,8.14228,7.75728,7.37128,7.03728,7.11328,8.00728,9.31228,10.4413,9.76428,5.66728,1.32728,0.00128,1.15528,4.19828,7.03928,7.75628,7.35428,6.79028,6.05028,4.89928,3.09028
NOX_ICAD,2021-09-26,497,False,4,11.6495,10.4715,11.7885,14.3405,16.9415,18.6955,18.8815,19.2435,21.4275,23.7215,24.2915,23.7305,22.6165,21.2835,19.9325,18.6615,17.5515,16.5205,15.6045,15.5235,16.9625,18.0295,16.9325,15.7775,16.6735,17.9595,17.8765,17.0365,16.0685,14.8335,13.0315,10.7035,7.9035,5.5015,4.3845,3.9255,3.5085,2.7715,1.5765,1.5085,4.1205,6.8115,6.9985,6.2045,6.0115,6.2055,6.3635,5.8625,4.2095,3.2455
NOX_ICAD,2021-09-26,527,False,0,21.6603,22.1923,23.0003,23.8283,24.5333,25.0243,25.6333,26.7403,28.3413,30.3573,31.6493,31.0153,29.4033,27.6363,25.6183,23.1693,21.0323,19.9193,18.7673,16.5673,14.4803,13.7513,13.7383,13.8023,13.7713,13.5083,12.8273,11.5413,10.3363,9.89832,9.86232,9.85932,9.71332,9.28532,8.74132,8.26232,8.04032,8.27832,8.74532,9.18332,9.16932,8.30832,7.48232,7.49232,7.30332,5.88532,4.44832,4.25932,4.73632,5.21732
NOX_ICAD,2021-09-26,566,False,1,3.13096,4.01096,9.36696,18.523,31.203,45.51,60.02,74.531,88.663,99.775,104.538,103.818,97.935,90.676,85.279,80.967,76.706,71.764,65.604,59.929,56.508,54.309,52.37,50.487,48.503,45.658,41.186,36.628,33.521,31.245,29.193,27.32,25.696,24.193,22.903,23.187,26.525,30.667,33.468,35.505,37.455,39.41,41.201,41.675,39.521,36.097,32.708,30.196,29.29,28.749
NOX_ICAD,2021-09-26,589,False,-1,26.2939,34.5209,44.0549,54.9059,67.2819,80.6729,94.4099,105.56,110.956,113.455,115.361,115.418,111.947,107.971,106.455,106.284,105.832,101.796,90.7989,77.8859,68.0169,61.0479,56.8789,54.9549,55.2139,56.4879,57.8659,59.0599,59.7229,58.8739,55.4449,51.4799,48.8899,46.7489,44.0189,40.9459,37.8139,34.5509,30.9229,26.3339,20.2959,15.2719,13.8529,14.4479,15.6149,16.9509,18.3149,19.7189,21.1279,21.9599
NOX_ICAD,2021-09-26,717,False,1,1.88218,0.37818,0.00718,2.21818,5.73118,9.37218,12.7452,15.6222,18.5622,21.9172,23.8672,22.5442,20.7542,21.1932,22.1292,21.7142,20.8212,20.3922,20.0022,19.1332,18.0052,16.8652,15.8792,15.2402,15.0792,15.5442,16.0032,15.8262,15.1802,14.2842,13.7872,14.2722,14.6952,14.0712,13.5402,14.3212,15.7962,17.2082,17.4162,15.3292,12.9322,12.1262,11.8542,11.0532,10.5282,11.1952,12.2112,12.7222,12.8662,12.8142
NOX_ICAD,2021-09-26,720,False,-1,8.86698,10.032,10.42,11.883,16.255,20.472,21.427,20.975,20.994,21.358,21.699,21.515,20.325,18.974,18.229,17.376,15.688,14.026,13.269,12.743,11.823,11.3,11.974,12.52,11.576,9.95498,8.46498,7.09198,5.80798,5.12598,5.59398,6.22498,6.05798,5.48998,4.93698,4.38298,3.78698,3.37498,3.44198,4.04298,5.29498,6.85898,8.33698,8.81798,7.29698,4.70698,2.03798,0.79898,2.38598,4.13398
NOX_ICAD,2021-09-26,751,False,1,96.5703,96.5553,95.5913,94.6543,94.5133,100.353,118.032,141.111,163.124,178.968,183.065,177.941,165.042,149.659,136.072,123.608,111.306,99.1743,87.6233,78.1853,72.6553,69.0683,65.6793,61.9333,57.5793,53.7303,51.5733,50.4003,49.4443,47.5433,43.6543,39.7283,37.5813,35.2813,30.8983,26.5533,24.5013,23.6703,22.9283,21.6883,19.5673,17.8713,17.8193,17.5703,15.3223,12.9793,12.4883,12.5253,11.6313,9.73534
NOX_ICAD,2021-09-26,757,False,3,44.8926,46.9756,48.2986,48.8846,49.8676,52.3146,54.9736,56.6006,57.9106,59.5756,60.6966,60.2336,58.9616,57.6116,56.4526,55.5286,53.6286,49.6226,46.0786,45.5306,45.7056,44.2396,41.5646,38.3486,36.2886,37.0546,38.8366,39.9156,40.5496,41.0476,40.8856,39.4826,38.0206,37.7316,38.4836,40.1946,42.3326,44.3246,44.9296,42.9566,40.9486,41.3656,42.5066,42.5886,42.0566,41.4906,41.2536,41.6226,41.8756,41.3626
NOX_ICAD,2021-09-26,769,False,1,8.32466,12.8687,23.3797,40.7987,66.5617,93.3767,114.406,132.135,148.576,160.16,162.34,160.011,157.483,155.15,152.74,149.52,144.84,140.616,138.616,136.241,130.715,123.34,115.423,107.942,101.655,95.4857,88.4377,81.5997,76.1717,71.4797,66.8857,62.3327,57.9337,54.1417,51.4737,49.2507,47.0407,46.1917,48.2927,51.8777,55.5597,58.5277,59.8837,59.0177,55.1857,50.9537,48.7507,47.6567,46.5777,44.5127
NOX_ICAD,2021-09-26,788,False,1,8.89614,9.91714,10.9991,11.9771,12.7951,13.5341,14.3551,15.9201,18.8301,21.3721,21.7841,21.0851,20.2651,19.5901,19.1521,18.4371,17.0181,16.1341,16.9571,17.5191,15.8551,13.7311,13.0501,13.7531,15.7191,17.6411,18.2981,18.2851,18.1421,17.6391,16.4721,15.3941,15.1001,14.6831,13.2341,11.6941,11.0471,10.8511,10.6531,10.4231,10.2011,10.0731,10.0831,9.79014,8.76014,7.67714,7.23114,7.12714,7.07014,7.04014
NOX_ICAD,2021-09-26,863,False,0,25.4007,29.0857,30.0297,29.6287,29.1727,29.6297,31.9967,35.9567,41.2227,45.7987,47.6167,47.2497,45.0497,41.7837,37.9717,34.3577,31.6117,29.3147,27.0617,24.7187,22.2337,19.9677,18.2767,16.6437,14.6597,13.3477,13.7617,14.3717,13.6547,12.3217,11.0607,9.4217,6.8787,4.3117,2.6127,1.3787,0.2897,-0.1043,0.7917,1.5827,0.9227,-0.0343,0.0007,1.2447,3.8617,6.3747,7.3927,7.8877,8.8527,10.1047
NOX_ICAD,2021-09-26,917,False,-3,15.8854,15.2154,14.5034,14.1454,14.5504,15.7364,17.8254,20.4194,23.1454,25.2884,25.9844,24.9634,21.9294,19.2554,19.2754,20.7084,22.1834,22.5824,20.8584,18.3044,16.2534,15.6124,17.1974,18.8984,18.6534,17.3714,16.0024,14.8304,14.0754,13.8644,14.3164,14.5384,13.6304,12.1354,10.7604,10.9414,13.9454,16.2204,14.1714,10.2364,7.0024,5.7104,7.4804,10.1824,11.7634,12.0004,10.6744,8.4704,5.9874,4.1454
NOX_ICAD,2021-09-26,920,False,-2,6.29914,6.31914,7.65414,9.63614,11.8271,15.0551,20.1731,24.8761,26.8381,27.5861,28.4141,27.7711,23.9821,20.3931,20.1481,19.7421,15.6411,11.0711,9.43714,9.40014,9.57414,9.83914,10.2851,10.8221,11.3701,11.9181,12.4651,13.0131,13.5611,14.1091,14.6541,15.1771,15.6021,15.5701,14.6701,13.3951,12.2261,11.4271,11.2551,11.3701,11.4821,11.5721,11.6691,11.8411,12.0461,11.3741,8.94714,6.67114,6.47114,7.30714
NOX_ICAD,2021-09-26,944,False,0,35.8366,38.9026,43.9146,49.8676,56.2556,65.1926,79.2506,96.0766,113.075,125.616,128.618,125.236,117.729,107.503,95.2546,83.7036,75.5516,69.9766,66.3506,63.5936,60.9636,58.4936,56.3896,54.8356,54.0486,53.3806,52.2496,51.0896,50.1906,48.0296,43.1306,38.6406,37.7436,38.3916,38.4976,37.8606,36.4256,34.6136,32.7506,30.8496,28.8296,26.4306,23.4326,20.7686,19.4176,18.7946,18.3246,17.5926,16.2556,14.7366
NOX_ICAD,2021-09-26,993,False,-1,39.8565,42.7465,46.5965,50.6615,55.4925,61.7305,67.7515,71.8905,74.9335,77.4035,77.9665,74.8685,69.4885,63.1365,58.1315,56.7215,57.0355,57.3535,57.5595,57.5495,55.9345,51.2405,46.0175,42.7715,40.7965,39.2835,37.4805,34.8835,33.0185,33.2785,32.7575,28.6255,24.3625,23.6025,24.8705,26.6975,28.6865,30.5905,31.6495,30.9145,28.4925,24.5155,21.5935,22.1655,23.0905,21.3755,19.7865,21.1475,22.5755,21.0405
NOX_ICAD,2021-09-26,994,False,0,0.00322,1.15622,2.08222,2.62022,3.44722,6.81522,22.9762,63.2032,111.326,150.17,168.195,153.286,125.886,104.638,89.7742,80.2852,73.3632,67.0132,60.7962,54.6592,49.0282,44.4182,40.4022,36.5742,32.4332,27.6452,23.5902,21.7062,20.5732,18.9282,17.7952,18.3302,19.1622,18.8792,17.7532,16.0642,14.1302,12.2072,10.6172,9.67522,8.91722,7.96322,7.35322,7.60922,7.51022,5.91522,4.60922,5.35122,6.22222,5.27122
NOX_ICAD,2021-09-26,995,False,1,9.86868,14.5757,19.2177,22.8997,25.0017,27.0177,30.4497,34.8817,39.7337,43.3617,44.0647,43.2877,42.3267,41.3647,40.1167,36.5707,28.7667,21.3447,18.8027,17.4127,13.4707,9.33868,7.68868,7.38868,7.28868,7.25068,7.31268,7.42268,7.50868,7.34568,6.72668,6.20468,6.30568,6.45168,6.03968,5.34968,4.66668,3.97168,3.25868,2.88968,3.27168,4.03168,4.83868,5.64568,6.45268,7.25968,8.06668,8.87368,9.68068,10.4877
NOX_ICAD,2021-09-26,1017,False,1,6.25822,7.46222,7.62722,5.81322,5.91022,11.8372,19.0612,23.0862,25.5082,27.9522,29.3212,28.1612,25.7242,23.1942,21.1992,20.1672,18.8022,15.8302,12.4782,10.0712,8.75422,8.69522,9.17522,9.61022,10.0202,10.4612,10.6352,10.2072,9.47622,8.70422,7.91722,7.16422,6.91822,7.62422,8.11122,7.17622,5.49722,3.81522,2.84622,3.29022,4.35822,5.26022,5.46622,4.52622,3.62822,3.95222,4.92622,5.81522,5.37722,2.50122
NOX_ICAD,2021-09-26,1215,False,3,6.63952,5.68252,9.23252,22.3745,39.7875,56.2245,68.7535,74.5585,77.0375,78.9345,79.4955,77.3745,73.8375,70.0515,66.8255,64.7215,62.0715,57.1775,51.4695,46.4015,42.0665,38.4965,35.2865,32.2575,30.3155,30.4165,30.5555,28.8055,26.5935,25.3565,24.1755,22.0065,19.2895,16.4735,13.6865,11.0875,9.30052,9.04352,9.55052,10.1665,10.9015,11.8125,12.3585,11.9845,11.4125,11.2865,10.9235,9.49452,7.09152,3.86252
NOX_ICAD,2021-09-26,1291,False,-2,36.077,33.532,33.391,34.632,36.437,38.452,40.716,44.759,51.995,58.081,58.5,55.752,52.135,48.036,43.519,39.586,37.284,35.855,34.551,32.767,30.046,27.664,26.948,27.098,27.261,26.664,24.515,21.336,17.553,13.761,10.534,8.16496,7.01796,6.43496,5.86396,5.26196,4.74496,4.94396,6.43296,7.50096,6.47596,5.04096,4.91696,5.51996,6.16796,6.44596,5.92096,4.51796,2.12996,-0.14504
NOX_ICAD,2021-09-26,1345,False,-3,1.66214,2.98014,3.52814,3.06614,1.69814,3.00614,10.8601,22.0271,33.2461,41.5731,44.1161,43.7651,42.8331,40.1321,34.0721,27.6411,23.6871,20.3521,15.7861,11.6571,9.86314,9.28514,8.87914,8.63614,8.70014,8.77614,8.47714,7.28514,4.72414,2.47514,2.28014,3.43314,5.23514,6.77914,7.26114,7.19314,6.99114,6.26814,4.63914,3.58514,4.52914,5.54514,4.72114,3.43014,3.16614,3.77614,4.96114,5.44014,3.98214,2.05614
NOX_ICAD,2021-09-26,1431,False,0,16.5188,24.5538,32.3528,39.9288,39.9288,47.6538,47.6538,56.7818,68.2578,77.4408,79.4148,77.7638,75.8558,74.4868,73.9908,73.4198,71.7948,69.3908,66.3708,62.5568,57.7048,53.1378,50.1818,47.8788,44.1838,37.5988,30.3348,24.6948,21.2578,20.5648,20.2428,18.1488,15.6958,14.4298,13.8728,13.5088,13.1258,12.1428,10.0788,8.46478,8.78278,9.32278,8.28778,6.11478,3.39478,1.65378,2.44178,4.54778,6.75678,7.93778
NOX_ICAD,2021-09-26,1470,False,2,8.10294,9.16694,12.1109,19.3369,27.5009,33.3179,37.7069,41.5879,44.5429,45.8779,46.2349,45.1059,41.2609,36.5049,32.6099,29.8479,28.4149,27.3069,25.6069,23.4449,21.1249,19.8499,20.8169,22.2009,22.2659,22.0189,22.5729,23.3939,22.8199,19.5619,16.6319,16.9689,18.2109,17.9609,17.1299,16.7339,16.3179,15.3489,14.3469,13.8669,13.8069,14.8929,17.9119,19.7169,17.1049,12.9299,10.0119,8.02994,6.59994,6.20794
NOX_ICAD,2021-09-26,1498,False,1,2.5689,2.5219,1.6189,1.4429,5.9929,29.8919,89.1299,158.598,214.621,259.64,259.64,278.469,246.88,191.366,191.366,142.973,115.2,98.3029,84.0099,71.2129,60.4369,51.8049,45.7859,41.0789,37.0039,33.8139,30.5379,26.2899,22.2249,19.5429,17.2899,14.6159,12.5529,12.2039,11.9949,10.4309,8.9199,8.9909,9.8819,9.8819,10.7189,11.1069,10.2889,7.4769,4.5619,3.4229,3.3859,3.6799,3.3379,1.5479
NOX_ICAD,2021-09-26,1649,False,6,30.3307,33.6107,36.8307,40.5057,44.8407,47.6197,46.6817,45.7117,48.2907,51.5897,52.5267,51.4797,48.8267,45.4487,42.1347,40.0547,40.2847,40.4837,38.4527,36.3547,36.4967,37.8317,39.3807,41.5317,44.7257,47.1277,46.8027,45.0767,43.1757,41.2747,39.3737,37.4727,35.5717,33.6707,31.8067,30.2377,29.2487,28.4707,27.5867,26.8337,26.4997,26.3807,26.1657,24.9677,22.0077,19.6997,20.3277,20.9077,18.4117,14.9147
NOX_ICAD,2021-09-26,1709,False,0,1.27866,2.31566,2.41066,2.99066,5.60566,9.27466,13.0667,16.7917,20.2537,22.5887,22.8057,22.0367,21.2407,20.1937,18.5077,16.4977,14.5387,13.3077,13.5557,14.6967,16.1457,16.8537,15.8437,14.4937,14.1617,14.3957,14.7007,15.0057,15.3097,15.6147,15.8977,16.0067,15.7917,15.5857,15.6867,15.6647,15.0687,14.2837,13.7087,13.3927,13.3237,12.9787,11.8147,10.2327,8.67266,7.70966,7.92966,8.67066,9.24766,9.05566
NOX_ICAD,2021-09-26,1719,False,1,12.703,23.273,31.739,38.056,42.337,46.043,50.416,55.183,59.822,63.047,63.392,61.907,59.384,56.23,52.709,49.897,48.842,48.233,46.794,44.941,43.156,41.434,39.672,37.528,34.67,31.835,29.765,28.146,26.718,25.709,25.452,25.606,25.885,26.205,26.413,25.692,23.308,21.573,22.702,24.001,22.791,21.047,20.83,21.153,20.917,20.348,19.769,19.453,19.516,18.693
NOX_ICAD,2021-09-26,1723,False,2,10.6713,11.9563,13.9243,16.7913,20.7563,24.2903,25.9473,27.3573,30.0603,32.4773,32.7483,31.0393,27.5083,24.2173,23.1243,23.1873,23.3583,23.2323,22.5233,21.6283,20.9583,20.7273,21.1073,21.3493,20.6743,19.3083,17.5033,16.0013,15.5283,15.5843,15.7193,15.9653,16.3563,16.2403,14.9563,13.4473,12.6993,12.7703,13.7133,14.8153,15.4483,15.9143,16.4983,16.8013,16.3553,15.5293,14.6793,14.0183,13.7683,13.9803
NOX_ICAD,2021-09-26,1744,False,5,138.177,142.695,147.038,151.056,155.127,159.471,162.741,163.629,164.769,168.635,172.289,172.111,166.225,152.723,139.195,133.005,130.731,128.696,124.662,116.746,107.754,100.385,94.144,88.474,83.381,79.169,76.196,75.077,75.434,77.064,78.859,79.838,80.371,80.935,82.187,84.71,87.059,88.001,89.958,95.243,99.819,99.422,96.193,92.308,89.455,89.07,89.521,89.252,88.542,87.593
NOX_ICAD,2021-09-26,1749,False,2,2.55328,3.20628,4.35728,6.65428,9.52828,12.5003,15.6673,19.2063,22.7933,25.9183,27.3723,25.8123,23.1393,21.2613,21.1243,23.4453,25.0393,22.8043,19.4763,17.8223,17.1333,16.5053,15.3933,13.3693,11.3133,10.0973,9.28328,8.51228,8.37928,9.64428,11.8243,14.3233,15.2773,12.8353,9.58628,8.04328,7.46528,7.00528,6.53028,6.01028,5.35528,4.51428,3.98828,4.28728,4.79728,4.96928,5.34728,6.48328,7.45028,7.32528
NOX_ICAD,2021-09-26,1757,False,-2,7.05564,4.54764,2.54664,3.07164,5.00264,7.43264,11.0646,16.7076,21.7986,23.7186,23.9846,23.9136,22.8106,19.8436,17.4666,18.0646,19.1766,18.2756,16.2656,14.2116,12.9046,13.0586,13.6816,13.7866,13.1716,11.6276,9.54464,7.26964,5.36364,4.37764,3.85764,3.43464,3.31264,3.74664,4.08564,3.73964,3.56264,4.46864,5.94164,7.36764,7.85264,6.53564,4.90964,4.34964,3.77464,2.17264,1.41964,3.43164,5.75564,5.89864
NOX_ICAD,2021-09-26,1759,False,-1,0.76634,0.72734,1.54434,4.50734,8.55834,12.9273,18.7553,27.2283,34.9923,38.5633,39.6163,39.5923,38.3933,35.5073,31.8223,28.1513,25.0653,23.1233,21.8523,20.8673,19.9893,19.0513,17.5193,14.9843,13.3283,14.4323,16.1223,16.1523,14.7283,12.2183,10.3743,10.9553,13.0183,15.5883,17.2403,16.5913,14.7753,12.8933,11.6523,11.5893,11.3523,9.62434,7.56634,6.43134,6.24234,6.94134,7.33634,6.33734,5.22334,5.31834
NOX_ICAD,2021-09-26,1791,False,3,10.6982,19.7742,34.0732,53.9172,76.9442,100.967,121.159,132.539,139.474,145.496,148.659,145.874,138.375,127.228,117.568,114.475,115.613,118.86,122.303,123.87,119.937,106.575,90.6062,78.6722,70.8112,66.9662,64.9912,63.2172,61.1722,58.5962,55.8172,53.1042,50.1862,46.7832,43.5322,40.9992,38.1382,33.9952,30.4892,29.5882,29.4372,28.1782,26.2792,24.3002,22.3212,20.3422,18.3622,16.3832,14.4042,12.5372
NOX_ICAD,2021-09-26,1800,False,0,3.36854,2.46254,2.16854,3.14354,5.08654,7.93054,12.0695,18.0295,24.1195,28.5155,30.5525,29.4295,27.0705,25.2485,24.5615,25.5575,27.3755,29.0345,28.5985,24.2265,19.7875,19.0385,19.4945,18.6685,17.9035,18.7025,19.5835,18.9965,17.7855,16.8355,16.1115,15.5025,14.9405,14.4345,14.3305,14.9095,14.9255,13.2115,11.7085,12.3125,13.1145,12.1775,10.7935,10.3665,10.6615,11.3955,12.1945,12.7415,13.0185,12.9985
NOX_ICAD,2021-09-26,1817,False,-2,22.8291,31.8971,41.3341,48.7281,56.2361,66.0081,75.3481,81.3131,85.1781,88.0121,89.5991,89.3231,87.9141,85.9171,83.6811,81.3321,78.3091,74.0161,69.6541,66.6131,65.7791,68.1071,71.0921,72.3511,72.3771,71.5711,69.3801,65.1071,60.9401,59.0411,58.3441,57.6441,55.7211,51.5131,47.3921,45.5901,43.9291,40.1401,35.5321,31.6241,29.2351,29.1891,29.9671,30.1511,29.6001,28.2291,26.4701,24.7371,23.6081,23.6331
NOX_ICAD,2021-09-26,1850,False,1,21.6731,26.3271,35.5351,44.1841,47.0981,46.9651,46.4911,46.7401,48.3991,50.0661,50.3401,49.8711,49.2091,47.7521,44.8351,42.1791,41.4551,41.1501,39.7541,38.1461,37.2641,36.4481,34.9251,32.7061,29.8611,27.3891,26.2931,25.9081,25.4681,23.8861,20.2431,17.2401,17.5351,18.6481,18.0661,16.5861,15.0731,13.2561,10.8591,9.31014,10.0511,11.2301,11.0011,9.99314,8.93314,8.23514,8.23314,8.36114,8.06914,7.54514
NOX_ICAD,2021-09-26,1853,False,-2,4.92758,4.41758,6.54758,10.5456,15.8506,21.7286,27.5586,32.4346,35.4006,37.4106,39.1256,39.4276,37.0076,33.9976,32.3996,31.1486,29.0656,26.6576,24.5946,23.4886,23.9516,24.7256,24.6456,24.3546,24.5686,25.0656,25.5526,25.6856,25.1076,24.1746,23.1966,22.2196,21.2416,20.2646,19.4046,19.4846,21.3596,23.4956,24.3826,24.5286,24.4636,24.3366,24.2246,24.2986,24.6726,24.6646,23.5726,22.1286,20.9396,19.1076
NOX_ICAD,2021-09-26,1865,False,0,14.846,15.417,14.519,14.415,17.495,22.219,27.214,32.73,39.032,43.804,44.538,43.222,41.671,40.301,39.316,38.695,38.332,37.087,33.808,30.074,27.449,25.611,24.227,23.228,22.669,22.318,21.973,21.465,20.668,20.028,19.911,19.343,17.405,15.77,16.195,17.741,19.348,19.677,17.51,15.16,14.924,15.828,16.775,16.93,15.564,13.923,13.246,13.341,13.976,14.6
NOX_ICAD,2021-09-26,1866,False,6,20.7243,20.2553,19.4313,18.0443,17.4733,19.1143,21.2273,22.1643,23.0293,24.8953,26.0573,24.7293,22.8063,22.1873,22.3083,22.5323,22.7633,22.8253,21.5393,17.6343,13.0123,9.48934,6.60234,3.91734,2.15434,2.25534,3.48434,5.16434,6.38634,6.34934,6.04034,6.44234,7.24034,7.95634,7.60934,5.27734,2.99134,2.78734,3.66734,4.59334,5.17434,5.16334,5.24134,6.05034,6.89534,7.09034,7.25834,8.07434,9.23634,10.3643
NOX_ICAD,2021-09-26,1873,False,-1,6.04678,14.1508,21.1548,21.6258,20.2898,21.9468,25.3198,28.9318,32.7318,36.6638,38.8358,37.0938,33.0858,28.2598,23.6118,19.8998,16.5588,13.1438,10.4998,9.62078,9.54378,9.39378,9.14978,8.87778,8.46378,7.84178,7.66478,8.53078,9.08178,8.11478,7.92278,10.7248,13.2178,11.9948,9.15378,6.88278,5.62878,5.71578,6.45078,7.20378,7.45478,6.72478,5.68978,4.99378,4.57478,4.42178,5.00578,6.81178,8.45778,8.62478
NOX_ICAD,2021-09-26,1874,False,1,16.755,16.014,15.548,15.289,15.121,15.136,16.524,20.652,26.119,31.397,34.297,32.56,28.928,25.956,23.863,22.625,21.343,19.23,17.142,16.023,15.662,15.886,16.371,16.901,17.531,18.261,18.302,16.843,15.121,14.324,13.841,13.076,12.677,13.35,14.166,14.187,13.775,13.305,12.814,12.278,11.721,11.16,10.585,9.98404,9.36904,8.84104,9.01504,10.431,11.225,9.56504
NOX_ICAD,2021-09-26,1900,False,0,6.22488,8.44888,10.8389,11.5539,8.84188,5.91988,6.07388,8.43688,12.0239,14.8879,15.1899,14.1739,12.9939,11.8289,10.6929,9.57788,8.52488,7.87088,8.01188,8.63288,9.45988,10.2189,10.6259,10.4359,9.33688,7.75988,6.15888,5.31188,6.03788,7.55188,9.11288,10.2669,10.5659,10.1539,9.09388,7.81388,6.80288,7.02888,9.27988,10.3479,7.12688,3.49088,3.40588,5.24288,7.18188,8.00988,6.59988,3.93788,1.07388,-0.19012
NOX_ICAD,2021-09-26,1928,False,1,28.3866,32.7926,38.4986,43.7546,48.6846,53.5286,58.0216,61.7266,64.4026,65.6516,65.9746,65.5416,63.4526,58.5066,52.0496,45.3666,39.8456,36.8516,35.1816,33.7856,32.4486,31.3246,31.8566,35.4516,38.7066,38.2416,36.2826,35.0236,33.8386,31.8216,29.0446,25.6746,22.9896,22.3106,22.7606,23.5616,24.4736,25.2656,24.9906,22.6286,19.5786,17.1696,15.2846,13.7526,12.4646,11.3566,10.0706,8.34556,7.11156,7.37356
NOX_ICAD,2021-09-26,1934,False,1,6.19894,8.69494,8.73894,8.44694,10.0249,12.3239,14.2149,16.6099,20.4469,23.7849,24.5809,24.0539,23.3779,22.8319,22.5469,22.3919,22.2529,22.1139,21.9749,21.8359,21.6969,21.5579,21.3769,20.8529,19.6679,18.3169,17.2769,16.4139,15.5789,14.7909,14.0979,13.4269,12.7399,12.2389,12.1569,12.2939,12.4719,12.6579,12.8289,12.8769,12.6259,11.8299,10.2119,8.45194,7.16194,5.86194,4.17894,3.50494,5.30194,7.64094
NOX_ICAD,2021-09-27,3,False,-2,22.248,28.89,36.053,43.298,50.681,58.107,63.807,65.999,67.943,72.585,76.459,75.867,73.705,72.891,73.014,73.485,74.079,74.53,73.721,70.447,66.373,62.979,59.369,54.398,48.247,41.276,35.959,34.82,35.301,34.981,34.127,33.201,32.231,31.214,30.462,30.157,28.872,25.311,22.573,23.699,25.344,24.165,22.149,21.447,21.5,21.647,21.795,21.889,21.557,20.414
NOX_ICAD,2021-09-27,4,False,1,8.78162,9.31262,10.6166,12.0046,13.2906,14.4916,16.5296,20.3846,24.7836,28.3366,30.0896,29.0086,26.7096,24.5916,22.5266,20.2716,18.3376,17.3006,16.7196,16.2816,16.5276,18.0336,19.3686,19.0926,18.0526,17.1506,16.8286,17.4196,17.8966,17.2896,16.5836,16.8106,17.5416,18.0666,16.4466,10.9366,6.49662,7.96062,10.5586,9.62662,8.49262,10.8046,14.5786,17.5726,18.7176,17.0606,14.8636,14.2656,14.5566,14.9766
NOX_ICAD,2021-09-27,5,False,-1,3.53734,5.52334,7.98834,10.4183,12.2713,13.6403,14.6473,15.9013,17.9453,19.9343,20.9323,20.9383,19.9433,18.9053,18.7173,18.9853,19.2393,18.9313,17.5363,15.8903,14.7923,13.9603,13.1073,12.4933,12.3953,12.1693,11.2603,10.7933,11.8933,13.1293,13.0343,12.2213,11.3163,10.3983,9.45234,8.49334,7.53234,6.57234,5.59134,4.45334,3.09534,2.33434,3.07534,4.65434,6.43434,7.82034,8.29234,8.49834,9.02034,9.42234
NOX_ICAD,2021-09-27,18,False,1,11.6257,12.4307,13.3777,14.1167,17.4987,27.0757,42.1327,61.9907,79.5037,87.3467,88.2637,84.4627,78.7357,73.0857,68.0647,64.0467,60.5217,57.1127,54.1447,51.9647,49.4737,45.6087,41.5807,38.5987,35.9157,32.6797,28.7677,24.2007,20.5017,19.2387,19.0197,18.5327,17.8347,17.1097,16.3847,15.6597,14.9347,14.2097,13.4847,12.7597,12.0347,11.3187,10.6717,10.1647,9.72666,9.24466,8.33666,6.68166,5.41866,5.68366
NOX_ICAD,2021-09-27,20,False,0,6.04602,6.89102,7.43902,7.76402,10.786,19.658,30.725,40.387,47.827,52.172,53.909,52.908,49.193,42.499,36.137,33.311,32.348,31.579,30.492,28.78,26.833,25.021,23.354,21.775,19.903,17.414,15.225,14.283,13.858,13.243,12.492,11.723,10.955,10.23,9.85502,10.126,10.309,9.61402,8.11202,5.94702,4.44502,4.86502,5.56802,5.00702,4.53802,5.56602,6.71702,6.56202,5.84702,5.35302
NOX_ICAD,2021-09-27,26,False,0,22.2516,24.6386,27.7116,31.6076,34.9046,36.1376,36.3096,36.4316,37.2146,39.1706,40.6016,39.6276,36.5636,31.7486,27.6606,26.6016,26.2216,24.1996,21.7116,20.0796,18.9336,17.8496,16.7646,15.6796,14.5956,13.5106,12.4266,11.3416,10.2566,9.21562,8.52262,8.52462,8.87462,9.28962,9.88362,10.7486,11.0956,10.1686,9.31962,9.85662,10.5496,10.1216,9.23162,8.57962,8.08462,7.62362,7.27062,7.13662,7.11862,7.13462
NOX_ICAD,2021-09-27,33,False,2,20.8007,24.3317,29.4647,37.6577,46.3027,52.9207,58.9747,65.9037,72.1757,75.8527,76.8277,74.7037,70.9157,66.5367,61.9547,57.3717,52.9917,48.9187,44.2867,38.2527,32.2177,27.6817,24.5237,22.6517,21.0527,18.8977,16.8637,15.7717,15.5487,16.1587,16.9387,17.3057,17.4397,17.4967,17.1697,16.0307,14.1567,11.5987,9.21574,7.93874,8.01074,9.65174,10.9447,10.0577,8.51574,7.86374,7.72874,7.61774,7.18174,6.10174
NOX_ICAD,2021-09-27,41,False,1,4.89672,5.38772,6.18372,7.50472,10.6617,22.4327,50.7427,87.7397,125.408,153.16,160.249,157.35,153.952,150.953,147.782,142.842,134.479,125.28,117.738,111.198,104.92,98.7887,92.7627,86.3367,79.1457,72.9437,69.6177,67.7587,66.1067,64.6387,63.2897,60.1527,53.6127,49.2637,52.9307,60.2377,67.0177,73.2757,79.5167,86.1517,93.3637,99.3127,101.997,103.024,103.775,103.97,103.13,102.34,102.535,102.073
NOX_ICAD,2021-09-27,49,False,1,22.9306,33.8176,38.6246,40.2406,41.4296,42.4016,43.0766,44.6186,48.0956,50.9926,50.6576,48.3326,45.2026,42.2076,40.1106,38.6076,37.4246,36.3736,35.2776,33.6946,31.3236,29.9376,31.2336,32.3986,30.6506,28.1486,27.0746,26.2926,24.6246,23.3566,23.9296,25.4586,27.0316,28.0026,27.8316,27.5396,28.1346,29.2326,30.4106,31.3686,32.0276,33.9286,38.5436,42.8296,43.6426,42.4006,40.4766,38.5026,36.8786,35.4456
NOX_ICAD,2021-09-27,50,False,4,7.56318,10.6382,15.0782,20.1812,25.3392,30.2762,34.8462,39.8032,45.6882,50.1042,50.3362,47.6222,43.0502,38.7362,36.5282,35.1012,33.0742,30.3362,26.8292,22.9602,19.1782,16.4682,15.8792,16.1962,16.2812,15.9072,14.8842,13.2472,10.9672,8.64918,6.92818,6.07318,6.40318,7.14918,7.63118,7.94418,8.19618,8.13018,7.46918,6.82218,6.78518,6.93818,6.84718,6.61318,6.37918,6.28818,6.42818,6.28318,5.43318,5.22818
NOX_ICAD,2021-09-27,52,False,4,80.5523,88.8203,96.9353,105.072,113.069,120.1,125.221,129.389,133.332,136.426,137.304,133.186,120.689,104.237,87.7623,72.3483,58.9653,48.6143,42.7283,39.2513,36.4363,33.0643,28.3243,24.4263,23.7163,24.6503,25.5993,25.0273,21.4963,17.1263,14.1083,13.1583,14.8223,15.9523,13.5693,10.4503,9.44134,9.50434,9.49634,9.37934,9.25634,9.19834,9.11734,7.88034,4.38634,1.10034,0.50934,1.28034,2.13534,3.24534
NOX_ICAD,2021-09-27,64,False,6,44.6967,49.7597,53.7247,54.6167,55.6387,59.9867,65.3807,69.4027,72.2097,73.9447,74.5617,73.7777,72.3217,70.9177,70.6087,72.3217,73.7837,72.7427,70.7777,69.3817,67.5537,64.0737,59.7417,55.3247,51.0827,47.1627,43.1987,38.9047,35.0847,32.6447,31.0527,29.8567,28.8167,27.8087,26.9087,26.1107,24.5267,21.3527,18.7767,18.9357,19.4977,18.1447,16.3067,15.5407,15.3777,15.2907,15.2027,15.0057,13.9327,11.3237
NOX_ICAD,2021-09-27,67,False,0,15.9265,18.2265,25.3275,41.7165,60.3885,74.9535,89.6495,109.166,130.018,147.618,156.293,150.06,139.994,136.553,137.094,138.519,140.153,141.593,141.291,137.632,133.243,130.595,128.417,125.278,121.576,117.411,110.404,97.9915,84.7045,75.1105,68.6645,64.8625,62.2605,59.8475,57.7535,56.3815,56.0255,57.1045,58.8685,60.6885,62.4345,63.9065,64.1225,62.0185,59.3455,57.5705,54.7955,49.0735,43.5295,41.3915
NOX_ICAD,2021-09-27,69,False,2,10.2167,10.5117,10.3137,10.9207,18.4627,40.1447,70.9297,105.912,135.007,147.788,148.709,140.911,128.479,114.292,102.33,96.3777,93.4817,90.8107,86.8787,80.3857,72.3127,63.7007,56.8277,54.0407,53.3697,53.0977,53.0627,53.3577,53.5427,53.1687,52.4817,51.6897,50.7007,49.3657,47.8577,46.3227,44.7377,43.1937,42.7187,44.4017,46.6217,47.6767,46.9977,44.0167,40.4747,38.0427,36.8077,36.8567,37.5117,38.2567
NOX_ICAD,2021-09-27,75,False,0,21.057,27.984,38.881,58.682,93.422,134.515,173.826,207.868,232.719,247.773,251.062,248.728,244.874,234.48,211.122,182.174,154.595,130.251,110.714,94.388,80.279,67.72,56.719,47.901,42.34,38.815,36.439,34.541,32.628,30.114,26.429,22.38,18.809,16.12,14.738,13.88,12.83,11.432,9.63504,8.16804,7.78804,7.96504,8.17304,8.07104,7.37804,6.61204,6.23604,5.71304,4.55204,3.82004
NOX_ICAD,2021-09-27,76,False,1,0.18356,1.61256,6.41656,13.8436,23.4986,34.1656,45.0356,56.5106,68.6746,77.2716,77.6686,74.4356,71.8126,70.1476,69.0306,65.4786,56.5346,46.8476,41.0276,37.3196,33.7986,29.6726,24.3136,18.2026,11.9376,7.24656,5.82556,4.92556,2.04256,-0.46844,0.00956,2.02956,4.11556,5.55356,5.74456,5.31356,4.93956,5.63056,8.43556,12.1526,15.7336,19.4686,23.7296,27.7026,30.4206,31.7256,31.4336,31.2216,32.7316,35.3936
NOX_ICAD,2021-09-27,104,False,7,7.18478,11.6868,15.3318,16.3838,16.9748,19.1168,21.1548,21.3398,21.2238,22.3428,23.4258,23.0698,21.9488,20.7898,20.0908,20.3068,20.9388,21.4098,20.8018,18.2358,15.5538,14.5578,14.3348,13.8928,12.9548,11.3578,9.89978,9.36778,9.22778,8.95278,8.57978,8.24678,8.33878,9.23178,10.1698,10.3068,9.27078,6.72278,4.34578,3.83778,4.58878,5.99378,7.24278,7.62978,7.56778,7.45078,7.34978,7.27878,7.22378,7.15878
NOX_ICAD,2021-09-27,119,False,-2,35.8663,31.5543,28.1943,27.5273,34.1363,53.7483,81.5403,113.066,140.3,155.035,160.112,157.36,150.804,143.344,136.552,131.648,127.706,123.595,117.169,106.115,92.7463,79.2553,67.0903,57.6153,49.7663,42.8873,37.9523,36.3403,36.3703,36.3693,34.4783,28.9863,23.0413,19.7883,18.4333,18.1013,17.6033,15.9303,13.7943,11.9843,10.9563,11.1043,11.1983,10.0243,8.17726,6.40126,5.87526,7.66526,9.26326,8.21526
NOX_ICAD,2021-09-27,131,False,1,11.013,11.144,14.461,25.997,52.098,88.193,130.302,168.897,194.291,208.422,212.017,209.432,203.44,196.043,188.391,180.104,170.459,159.468,147.076,134.761,124.054,115.124,108.128,100.954,91.694,82.255,74.74,68.959,64.788,61.362,58.123,55.642,54.501,52.71,48.197,42.278,36.414,32.358,31.859,32.715,32.842,32.08,30.46,28.976,28.585,28.768,29.022,29.275,29.455,29.039
NOX_ICAD,2021-09-27,139,False,0,258.17,249.533,237.458,231.171,240.772,258.461,278.179,306.046,348.212,382.534,384.831,362.697,322.228,277.616,241.477,217.168,208.472,207.314,206.863,204.53,198.178,187.9,173.48,158.455,146.248,137.033,131.305,128.709,129.488,132.014,135.021,137.765,139.526,139.746,137.693,134.53,131.09,126.543,119.982,113.926,110.979,109.819,109.051,107.187,102.846,97.572,92.743,87.665,81.56,75.691
NOX_ICAD,2021-09-27,160,False,0,47.512,50.525,58.025,74.193,92.407,106.112,115.891,122.497,128.415,135.284,139.3,136.119,129.29,121.826,112.928,101.144,87.757,74.214,63.42,58.415,56.099,53.755,51.716,50.596,49.031,45.731,42.74,42.208,42.965,43.808,44.044,43.109,41.908,41.33,41.219,41.169,39.356,34.083,29.361,29.101,29.796,27.882,24.987,22.918,21.356,19.889,18.682,17.994,17.566,17.171
NOX_ICAD,2021-09-27,161,False,2,22.4347,26.3577,30.5717,33.9657,35.4687,36.6827,39.1217,41.6857,43.1617,44.0497,44.7327,44.3687,42.1027,40.3337,41.1827,40.8817,35.6377,29.7327,27.5767,27.6027,28.1427,28.5217,28.3227,27.9707,27.8957,27.9777,28.0237,27.6237,26.4477,25.7647,26.8747,28.6937,30.1157,30.8437,30.5857,29.6627,28.2697,26.5847,24.7187,23.0007,21.7517,20.7437,19.8007,19.1287,18.8317,17.4507,13.4887,8.95366,5.93266,4.60666
NOX_ICAD,2021-09-27,220,False,1,2.47088,2.64688,3.64988,7.06488,13.3689,23.3949,35.4179,47.9629,59.6129,68.6939,73.7299,72.7379,68.5689,63.6739,59.6059,57.6509,56.7689,56.0589,55.6459,55.5939,53.9479,48.7479,43.1999,40.4589,38.9099,36.8739,34.7059,32.8999,31.0399,28.7019,26.4719,24.9749,23.8609,22.7949,21.7289,20.6629,19.5969,18.5309,17.4649,16.4009,15.3509,14.3659,13.7029,13.6549,13.9139,14.2519,14.9059,16.1989,17.8379,19.5729
NOX_ICAD,2021-09-27,230,False,0,18.9108,18.3198,18.2498,20.0648,22.7278,25.5708,30.8238,40.9338,51.9458,59.6838,63.2548,61.6058,57.7998,54.4238,51.4198,48.3988,44.8638,40.5478,37.6818,38.4578,39.4148,37.1218,33.6268,31.1608,30.0078,30.2998,30.5998,29.5418,27.7608,26.0248,25.3738,26.8408,28.9708,30.3048,30.5218,29.3548,27.9568,27.3828,27.1498,26.7148,26.0268,24.9878,23.2138,20.2148,16.6098,13.1698,11.6448,13.7518,16.1708,15.6438
NOX_ICAD,2021-09-27,537,False,1,32.0869,32.6719,32.6219,32.9039,36.4799,46.7309,60.9719,76.6979,90.5829,99.0679,101.713,97.5289,90.7769,85.2079,81.3679,79.6089,78.8449,78.2339,77.8529,77.7959,76.8839,73.7759,69.1209,63.5519,58.6869,56.1029,54.7379,53.5659,51.9729,49.4729,46.7589,44.5039,42.5069,40.6229,39.3769,39.2899,38.9129,36.8279,34.3769,32.9209,31.9289,30.7079,28.5819,25.0259,22.2029,22.2319,22.7989,21.6289,20.0109,19.3739
NOX_ICAD,2021-09-27,623,False,0,13.3025,13.6105,14.1975,17.1295,27.4265,61.4545,138.212,233.7,324.313,394.341,425.891,421.246,378.746,325.292,284.171,250.358,217.66,186.572,159.087,136.264,119.861,107.437,97.3725,89.1985,83.0665,77.8975,72.7505,66.8145,59.4705,52.6725,48.3995,45.1125,41.3605,37.7765,35.1805,33.0995,31.1295,29.5225,28.8025,29.7135,32.9845,35.7745,35.2795,33.4555,32.2715,31.7035,31.5805,31.6535,31.6315,30.6375
NOX_ICAD,2021-09-27,646,False,0,3.67826,5.18526,8.70726,12.8323,19.7753,32.0113,44.3343,51.5493,56.0333,59.9673,62.2263,61.2553,59.5553,59.2993,58.0793,53.2973,47.6953,44.0293,41.4503,38.9873,36.3593,33.4603,30.8823,29.2533,28.1023,27.0503,26.4033,26.5673,27.0333,27.3323,27.5213,27.6523,27.4303,26.6393,26.5933,28.5113,30.0463,28.8403,26.8083,25.9003,25.6473,25.5503,26.0433,27.6163,28.9683,28.8023,28.0683,27.7203,27.6233,27.5703
NOX_ICAD,2021-09-27,681,False,0,45.5157,51.2187,57.7587,65.4437,74.4867,83.0237,89.1777,94.0967,98.7267,102.289,103.358,100.494,91.8917,81.4097,72.7557,66.8447,64.5737,64.0617,63.6887,62.6687,60.4227,58.0857,56.6787,55.0067,51.8487,48.6057,46.7577,45.8267,45.3507,45.0547,44.8237,44.9327,45.5667,45.3107,42.7137,39.5057,37.3287,35.3497,32.6077,29.4447,26.3127,23.8497,22.6317,21.3297,18.7957,17.0537,18.1207,19.2067,17.4737,14.5587
NOX_ICAD,2021-09-27,735,False,0,0.57832,-0.65268,4.75432,24.3983,64.7863,133.201,201.216,241.124,266.069,287.458,295.371,275.952,240.032,197.274,158.645,134.09,117.833,104.99,95.1343,89.1053,84.9183,81.0533,77.9253,76.1243,73.9063,69.5613,64.7843,61.3353,58.8403,56.8983,55.1883,53.3833,50.5843,46.0433,42.4623,42.7153,45.3153,48.7713,51.2373,51.0223,49.7203,48.8353,48.2463,47.7423,47.6213,48.2163,48.7953,48.6973,48.7893,49.8943
NOX_ICAD,2021-09-27,848,False,7,45.0384,49.0614,52.2264,53.6744,54.2644,54.6964,54.7254,54.0384,53.6894,54.6244,55.1124,53.4604,51.7784,52.1524,52.7974,51.7904,49.7234,47.2004,44.5054,41.6934,38.1124,33.0144,27.2854,22.0434,19.4144,21.6494,25.5464,28.0814,29.4364,30.0154,30.7214,32.4244,35.0534,38.5264,41.7494,43.6664,44.9014,46.0384,47.0664,47.9244,49.0504,50.6244,50.2304,45.3264,39.1304,34.8814,32.7754,32.9174,33.6344,33.4554
NOX_ICAD,2021-09-27,902,False,0,16.1573,20.2913,25.8403,31.2943,34.9783,36.1043,33.9643,32.5613,35.6333,39.1483,38.9303,36.8163,34.7143,32.7453,30.8683,29.5843,29.4023,29.1133,27.5983,26.1853,26.1013,25.3033,21.7413,18.0113,16.7923,16.9223,17.2023,17.3383,17.2153,17.2103,17.6333,17.7133,16.7103,15.8673,16.3213,16.2623,13.8883,11.3893,11.0373,11.8373,12.7433,13.3403,13.2913,12.7343,11.8863,12.0143,14.3723,17.1633,18.6343,19.4913
NOX_ICAD,2021-09-27,910,False,1,15.3901,18.2191,23.0121,42.4831,90.3661,145.381,187.136,221.346,253.24,274.164,273.101,260.702,246.457,233.872,224.935,215.186,199.84,180.241,157.919,137.9,125.146,116.112,107.391,97.4381,85.1711,72.8541,62.8301,54.6551,48.0231,42.5301,38.1021,34.4551,31.5341,29.2931,27.8221,26.6421,25.3481,23.9731,22.6431,21.7421,21.6501,21.5591,20.6601,19.2991,17.8431,16.5641,15.6981,15.0071,14.2591,13.3491
NOX_ICAD,2021-09-27,935,False,-1,12.7717,15.9007,22.4547,34.0927,48.0807,61.7047,72.0457,76.0787,76.9067,77.2157,77.4617,77.4557,75.5037,69.8057,63.3287,59.0617,56.9137,56.6527,56.0457,53.0237,49.1587,46.0397,43.3727,40.7627,38.1527,35.5427,32.9327,30.3227,27.7127,25.1687,23.1487,22.1767,21.7287,21.3457,20.9637,20.5817,20.1987,19.8167,19.4347,19.0607,18.7537,18.5817,18.4767,18.3807,18.2837,18.1877,18.0907,17.9467,17.4147,16.1287
NOX_ICAD,2021-09-27,1012,False,2,35.3278,103.363,217.427,339.938,435.559,515.175,590.459,663.601,732.187,779.972,787.963,776.118,759.314,722.675,646.935,555.898,472.326,400.237,343.635,302.228,278.235,262.846,249.194,235.894,222.417,207.165,188.504,169.202,151.921,135.584,119.148,103.638,90.5118,79.9108,72.2678,66.0338,59.9488,53.6508,47.0058,40.7708,35.7168,31.0078,25.7198,19.3428,11.4888,4.29684,0.04284,-2.02616,-2.49516,-2.25416
NOX_ICAD,2021-09-27,1057,False,6,25.2038,28.5428,31.7298,34.4788,37.0038,39.3908,40.8908,40.7298,40.5858,41.9938,43.1548,42.1278,39.9488,37.5098,34.1438,29.0898,24.4328,22.2718,21.1428,19.5948,17.7538,15.8918,14.1498,12.6488,11.2678,9.93382,8.85382,8.28082,7.96182,7.67482,7.38782,7.10082,6.81282,6.52582,6.23882,5.94382,5.59382,5.18082,5.10282,5.75282,6.40982,6.34482,5.89382,5.43082,5.25282,5.60382,5.92082,5.63482,5.03382,4.42582
NOX_ICAD,2021-09-27,1079,False,-1,22.1729,33.3339,47.4529,60.9289,72.3149,80.1739,85.1429,87.4449,88.5169,89.3899,89.8929,89.6589,89.0559,88.4069,87.7579,87.1099,86.4609,85.5529,82.5789,75.8079,69.6629,68.4349,68.2419,65.0729,60.2469,55.2049,50.0889,45.1019,42.2519,43.6939,46.3849,47.2959,46.1919,42.8949,38.8209,35.1689,31.7929,28.4519,25.1109,21.8569,19.3039,18.1759,17.9429,18.0329,17.0919,13.9209,11.0909,11.1689,12.2279,12.3119
NOX_ICAD,2021-09-27,1144,False,1,3.87656,6.01656,8.74356,10.5776,11.7666,12.6096,13.3126,14.1586,16.2806,20.6856,24.1866,23.4826,20.5976,17.5896,15.7906,16.3506,17.6586,18.2666,18.9536,20.5776,22.0826,22.3426,21.9456,21.4116,20.4306,18.7556,18.2196,20.5666,22.6626,21.3826,19.0476,18.0416,17.8146,17.6426,17.1286,15.9736,14.8366,14.3356,13.8876,12.8716,11.5496,10.2106,9.05156,8.24356,7.55156,6.83456,6.69456,7.77356,9.04956,9.52056
NOX_ICAD,2021-09-27,1189,False,6,58.4971,65.8211,73.1651,80.7881,86.4451,87.6101,86.5121,85.3391,85.8361,89.4101,92.5441,91.7001,88.9951,86.4281,83.3641,78.9561,74.7181,72.2181,70.6341,69.0721,66.7711,63.0501,59.0281,55.7861,52.9821,50.2331,47.4831,44.7341,41.9841,39.2351,36.4851,33.7351,30.9861,28.2361,25.4871,22.8491,21.1101,21.0211,20.6571,18.0631,14.2961,10.4741,7.3751,5.8151,5.6881,6.9711,8.1541,7.8151,6.7471,5.7411
NOX_ICAD,2021-09-27,1214,False,-1,63.9564,70.1364,78.8034,88.6874,97.4774,102.961,106.755,110.294,113.49,115.912,117.322,117.129,114.478,108.162,100.056,91.4744,80.8724,66.6084,53.3354,45.8144,41.1494,36.6404,32.6894,30.1454,28.3144,26.4974,24.0754,20.5464,17.2074,15.3354,13.8914,11.8814,10.0474,9.25236,9.00136,8.84136,8.87536,9.22536,9.20436,8.10736,6.68036,5.70036,5.34136,5.78436,6.61236,7.42036,7.67336,6.84736,5.70736,5.00336
NOX_ICAD,2021-09-27,1379,False,-1,172.353,194.728,284.717,505.012,753.557,931.825,1070.73,1203.48,1326.41,1423.83,1464.63,1407.69,1280.53,1102.3,913.973,751.18,616.006,511.986,429.672,365.127,317.041,287.944,267.878,248.673,227.336,202.121,177.873,159.391,142.698,124.194,107.758,97.9129,91.4439,85.3969,79.3499,73.3029,67.2559,61.2089,55.1619,49.1739,43.6609,39.2759,36.8169,37.3089,39.1709,41.0429,42.7529,44.2879,45.7399,47.1839
NOX_ICAD,2021-09-27,1415,False,-1,6.86776,6.94976,8.10976,10.5998,15.2808,24.3498,40.4678,58.9598,75.0178,85.6298,87.5438,85.1568,82.2908,80.2468,79.8948,80.3898,80.9418,81.1018,80.5448,80.1318,80.5808,80.2778,77.6388,75.1088,75.1468,76.0448,75.7778,72.8458,65.7238,57.5358,51.2058,45.9378,40.9318,36.9578,34.9698,33.3928,30.6638,26.9728,22.6028,18.5688,15.8068,13.3698,10.4678,8.45676,8.89376,10.5768,12.3098,13.1878,12.3828,10.9028
NOX_ICAD,2021-09-27,1443,False,1,2.25796,2.87196,3.34896,4.68296,9.46796,28.529,78.535,174.411,330.214,464.792,494.692,460.31,400.225,346.852,326.228,318.883,305.52,286.837,265.03,241.704,216.551,188.554,162.749,144.332,128.842,112.13,95.713,81.943,71.923,66.93,63.001,56.527,49.149,42.711,36.936,32.032,28.773,26.637,25.101,22.77,18.464,14.758,14.231,14.534,13.381,12.122,12.276,12.929,13.12,13.019
NOX_ICAD,2021-09-27,1466,False,0,3.38124,4.13424,4.98924,6.48224,9.56924,15.8432,27.1392,39.7522,49.8622,55.8822,55.9802,52.8202,48.5052,43.7912,39.1282,35.2592,32.8752,30.4292,26.6292,24.0362,25.2812,27.1532,26.4562,24.6712,23.4032,22.4842,21.6292,20.9432,20.6722,21.1722,22.8362,24.5962,25.2582,24.1432,20.5972,17.1532,16.2502,16.3772,15.9892,15.2592,14.4722,13.5712,12.6002,12.7872,15.3052,17.4942,16.6312,14.1072,11.3472,9.19224
NOX_ICAD,2021-09-27,1486,False,1,9.49524,12.0812,15.8362,20.5112,26.1102,32.5862,40.1512,48.8642,58.6142,66.0962,67.7822,66.5272,64.7922,62.1502,57.5042,50.4252,40.4142,30.7532,24.6542,20.4342,16.5602,13.5582,12.2952,11.9032,11.6422,11.5592,11.7942,11.8992,11.4372,10.8702,10.7122,11.0942,12.1272,13.1232,13.4142,13.3312,13.2012,13.0722,12.9422,12.8132,12.6832,12.5532,12.4242,12.2942,12.1652,12.0352,11.9182,11.8972,12.0692,12.3372
NOX_ICAD,2021-09-27,1580,False,1,5.53948,10.2335,25.1155,57.7375,95.5605,126.842,154.288,180.8,203.667,218.362,222.365,211.483,190.871,164.115,135.475,108.735,87.8655,77.2385,71.6825,66.7725,61.9655,57.3415,52.6635,47.6965,42.6835,37.9055,33.5185,29.7915,27.0255,25.6575,24.9705,24.3745,23.8275,23.3125,22.3095,20.3675,18.8865,19.1435,18.8745,15.8915,13.0475,13.3355,15.2855,17.3155,18.3345,17.4005,16.0125,15.6155,15.7905,16.0165
NOX_ICAD,2021-09-27,1581,False,1,4.5315,3.0265,1.4735,1.6275,2.6145,3.7965,6.9155,13.8595,21.1625,25.1605,25.6515,22.3295,17.7925,14.2795,11.3925,8.7545,7.4785,8.7865,10.3385,9.8605,8.5665,7.7375,7.2095,6.8095,7.1175,8.7455,10.2865,10.3215,9.5605,8.7135,7.9785,7.4385,6.7645,5.6665,4.7345,4.6035,4.9365,5.4215,5.9045,6.2825,6.6055,6.8615,6.6465,5.5185,4.1605,3.3375,3.6525,5.6745,7.6935,7.9705
NOX_ICAD,2021-09-27,1656,False,-1,27.3036,33.4076,45.4056,55.0596,54.3006,51.5936,55.3736,61.2756,64.4976,66.1476,67.3366,66.4006,61.4206,55.9636,53.2906,50.2926,43.7936,37.2166,34.1676,32.8926,31.6126,30.2126,28.9306,28.7166,30.5096,32.3466,32.2676,31.1486,29.7826,27.7026,24.3676,21.4646,20.7736,21.5606,23.1856,25.1596,27.0576,28.0026,27.0426,25.1286,23.1846,21.9466,22.1206,23.0006,23.9146,24.4056,24.0766,23.5606,23.4686,23.6146
NOX_ICAD,2021-09-27,1679,False,-1,1.41426,2.91426,3.92926,6.27726,11.9463,18.3343,22.8773,26.3893,29.7243,32.6833,34.6363,34.2033,29.9003,25.1823,23.3133,22.3373,20.1573,17.2743,14.3673,11.9633,10.6363,10.3613,11.1643,11.8693,11.3643,10.3093,9.36426,8.51626,7.72626,7.31126,7.57926,7.67726,6.82326,6.14726,6.78126,7.59726,7.59526,8.42626,11.7023,14.4853,13.7063,11.0603,8.24726,5.96226,4.75426,4.23126,4.08926,4.08826,4.11626,4.50226
NOX_ICAD,2021-09-27,1685,False,1,12.0769,10.0829,10.2299,11.2449,11.8199,12.1029,12.7329,16.4309,25.7499,34.0129,34.3689,30.2519,25.0299,20.3619,17.4239,15.1329,12.4859,9.94294,8.08694,6.59094,5.21594,4.45394,4.85894,5.40494,5.14794,4.94294,5.65894,6.39394,6.20894,5.69194,5.45494,5.38794,5.36194,5.49194,5.97494,6.94894,8.55094,9.99094,10.4339,10.0299,8.86494,7.35394,5.80794,4.26494,2.81994,2.16094,3.03394,4.39094,5.15794,4.96294
NOX_ICAD,2021-09-27,1698,False,1,16.8818,17.2048,17.6208,18.5368,20.7598,26.2258,37.0508,48.7918,56.9638,61.5318,62.3548,61.4228,60.2818,59.2298,58.3348,57.3738,55.9618,53.1668,48.0588,43.0138,40.3728,38.8248,37.0728,35.3788,34.1768,33.2818,32.5218,31.8128,31.1498,30.7968,31.0388,31.3638,31.2908,31.1578,31.2618,30.9848,29.6498,27.9148,26.4038,25.0128,23.6618,22.9068,23.3968,24.5108,25.5958,25.8318,24.4568,22.9488,22.6598,22.2028
NOX_ICAD,2021-09-27,1713,False,7,69.5178,72.4748,78.2448,89.4438,101.861,111.395,118.971,125.486,130.562,133.319,134.063,132.743,130.025,126.265,122.044,117.548,111.319,101.778,91.7368,83.8638,76.5738,68.2758,60.4058,54.6618,50.3888,47.1018,44.7558,43.5548,42.9028,42.2958,41.5098,40.3358,38.7678,36.7708,34.7468,33.0948,31.8088,30.8998,30.1688,29.4598,28.7508,28.0418,27.3328,26.6398,26.0698,25.7478,25.5498,25.3278,24.7828,23.5948
NOX_ICAD,2021-09-27,1762,False,0,15.531,14.103,16.468,28.087,47.007,72.096,99.989,127.803,152.174,168.877,175.88,169.827,156.657,141.037,124.955,109.88,97.768,90.838,86.475,82.547,79.539,78.411,78.542,79.178,77.826,71.881,63.765,55.837,49.378,45.563,43.058,40.726,38.455,36.272,33.875,31.087,29.277,29.843,30.888,30.537,29.41,28.186,26.962,25.738,24.514,23.29,22.066,20.842,19.618,18.394
NOX_ICAD,2021-09-27,1777,False,0,9.4655,12.9805,17.7725,32.1615,68.5575,137.075,252.599,396.724,551.139,674.183,719.596,699.582,621.59,536.98,491.601,467.587,446.649,428.942,417.613,408.839,398.546,383.048,358.608,331.211,306.014,279.449,247.209,212.055,177.421,149.487,134.912,127.017,119.928,112.612,104.844,96.8485,88.8255,80.8035,72.7805,64.7575,56.8325,49.6925,44.1525,39.6575,35.7785,32.1595,28.5955,25.2125,22.2345,19.7785
NOX_ICAD,2021-09-27,1812,False,2,12.5918,17.6028,23.1088,28.5348,32.8308,34.9158,36.2758,38.2818,40.5418,42.4438,43.3438,42.4038,39.6698,35.0618,30.4418,27.5638,25.6168,23.8668,22.7708,22.8538,22.5598,20.3008,17.1388,14.1428,11.6118,9.7998,8.5548,7.8578,7.7718,8.4808,9.5728,10.7118,11.8518,12.9908,14.1308,15.2698,16.4098,17.5488,18.6888,19.6628,19.3178,16.4668,13.3528,12.1948,12.1598,12.4568,13.3618,15.2668,16.9788,17.2878
NOX_ICAD,2021-09-27,1900,False,-4,3.58774,4.46274,5.00274,5.20974,6.13674,8.94574,12.9607,17.5407,21.6687,24.2937,25.4027,24.8287,23.4577,22.1097,21.7407,23.1417,24.0277,22.0447,18.5317,14.9117,12.5087,12.5347,13.2167,12.8567,11.8997,10.8667,9.83374,8.80074,7.76774,6.73574,5.70274,4.66974,3.63674,2.66274,2.15974,2.59774,3.50674,4.55874,6.28674,9.13074,10.7817,8.89974,6.09974,4.96674,4.78374,4.72874,4.75074,4.89974,4.89374,4.48374
NOX_ICAD,2021-09-27,2146,False,6,11.4428,12.3808,14.1118,16.2468,18.3408,20.0818,22.0758,24.9308,27.8338,29.8228,30.3408,28.7078,26.0248,23.3128,21.4088,21.1248,21.6488,22.0568,20.7228,16.1398,11.7078,10.8448,11.8868,13.0638,13.2358,11.4448,9.21382,8.00982,7.38382,6.82882,6.26482,5.65982,4.85082,3.70782,2.81682,2.77982,3.06782,3.21982,3.64382,4.72682,5.29882,4.16882,2.60782,1.88282,1.63282,1.48182,1.64782,2.43382,3.42082,4.17682
NOX_ICAD,2021-09-27,2198,False,4,22.2537,28.1967,37.0887,46.3997,53.4317,57.5627,58.0977,57.5947,58.3417,59.8037,61.1547,61.2047,58.8377,56.3627,55.9937,56.1547,55.1767,53.5567,51.7227,48.8227,43.9467,39.2587,36.8577,35.0087,32.0787,29.7807,29.9587,30.6527,29.8927,28.4167,27.0427,25.7707,24.5797,23.9357,24.4007,25.5237,26.8137,27.2117,25.7597,24.4737,25.3487,26.9507,27.7567,27.6807,26.6687,25.2157,23.8507,23.6167,25.5027,27.3567
NOX_ICAD,2021-09-27,2211,False,1,24.7706,29.4026,36.1036,58.5736,111.402,170.543,212.672,244.762,273.724,295.861,304.951,303.894,293.91,277.281,254.984,232.358,214.215,198.484,183.221,169.286,158.106,149.05,141.411,131.838,117.31,103.281,95.2516,89.5316,82.5526,76.0596,72.2496,69.7586,67.2716,64.6986,62.0296,58.6756,53.9656,48.6666,43.5186,38.8246,34.8806,31.4936,28.5486,25.7856,23.0266,20.3946,18.1326,16.6666,16.5186,17.0206
NOX_ICAD,2021-09-27,2224,False,1,12.086,12.559,12.987,14.214,15.87,18.038,23.874,36.654,49.952,57.212,59.739,58.778,56.79,55.573,53.76,49.865,46.038,44.508,44.197,44.039,43.881,43.65,42.832,40.84,38.262,35.61,32.958,30.307,27.655,25.01,22.415,20.037,18.62,19.03,20.349,21.655,21.943,20.21,17.562,15.153,14.147,15.524,16.335,13.758,10.811,10.516,10.848,9.68598,8.15198,7.50698
NOX_ICAD,2021-09-27,2252,False,3,4.58114,6.34214,10.3801,18.9941,30.0571,41.4421,50.5311,54.7641,56.9951,59.6221,60.9011,58.7111,55.5331,53.7821,52.8571,52.1361,52.2191,53.6771,54.0791,50.9451,46.6221,43.4091,40.8651,38.3411,35.3411,31.5161,28.2051,26.8101,26.4031,26.1201,25.8371,25.5661,25.3831,25.1561,23.2661,18.1791,13.6681,13.4261,14.2201,12.8211,10.8681,10.2271,10.3211,10.4201,9.82714,8.02114,6.88814,8.28214,10.1001,10.1781
NOX_ICAD,2021-09-27,2269,False,-2,5.05662,2.53762,1.93162,7.63562,19.7416,38.4556,56.1416,65.4126,70.2636,74.2526,75.7616,72.3126,66.3846,60.1466,53.9076,47.8046,42.7806,39.9166,38.1306,36.6056,36.0826,37.5646,40.0486,42.4456,43.1536,40.6836,38.1526,38.5916,40.0416,40.3986,39.6586,38.0086,36.8836,37.5906,38.3986,37.5416,35.9186,34.4536,33.1236,31.8526,30.9126,30.4466,28.8016,24.3576,19.8286,17.8616,16.5406,13.9856,11.8116,11.8566
NOX_ICAD,2021-09-27,2284,False,-1,2.5574,3.3304,5.1634,7.7114,10.8424,15.1554,21.3234,27.3584,31.2804,34.0844,36.4584,36.5134,32.1314,27.0614,25.0654,25.5424,27.7894,29.9264,30.2654,29.6534,28.9224,28.1914,27.4604,26.7294,25.9984,25.2674,24.5364,23.8054,23.1584,23.1874,24.3704,24.6584,22.0414,19.0444,18.2284,18.5894,19.0754,19.5494,20.1464,21.7454,25.2654,29.1194,31.6994,33.0874,33.3454,33.0784,32.8214,33.1654,34.6864,36.6014
NOX_ICAD,2021-09-27,2293,False,7,16.9237,19.1097,20.6407,20.8137,19.9587,18.3737,17.1797,17.5057,18.9397,21.0057,22.1987,21.0667,19.2647,18.4077,18.0987,17.9077,18.1127,19.0177,19.5757,18.7077,17.1767,15.6607,13.8087,11.2377,9.0667,8.4797,8.7627,9.2237,9.4477,9.0907,8.4397,7.8837,8.3707,10.7737,12.8327,12.2307,10.1177,7.7097,6.1467,6.4767,7.5467,8.2777,8.7667,9.2037,9.6297,9.9347,9.2977,6.8927,4.5157,3.8797
NOX_ICAD,2021-09-27,2303,False,2,14.5633,13.6193,11.9373,11.5503,14.5553,19.1473,23.5553,26.9323,28.5193,29.2193,29.7483,29.7953,28.9463,28.1433,28.2923,28.6093,28.2933,27.7903,27.5763,27.4403,27.0993,26.3833,25.1013,23.5423,21.9473,20.3463,18.7833,17.6133,17.1963,16.8223,15.9053,15.5743,16.9813,18.5443,18.6863,18.3023,18.3373,18.6313,18.8803,18.5133,16.9663,15.2273,14.2093,13.2213,11.6763,11.1523,13.1773,14.7923,13.1343,11.2113
NOX_ICAD,2021-09-27,2360,False,3,22.7907,23.3077,23.9357,25.2787,26.2627,25.9887,26.9937,31.8557,37.3767,40.2807,41.2637,41.0417,40.3057,39.5047,38.7037,37.9677,37.7497,38.5127,39.3327,39.2987,38.8197,38.3127,37.8217,37.4357,37.8667,39.7217,40.7097,38.5257,35.4237,33.6287,32.4647,31.1087,29.4867,27.6537,26.2327,25.8837,26.0787,26.2607,25.7997,24.0957,22.0677,20.6047,19.4977,18.5327,17.8357,17.5497,17.0577,15.7987,14.7477,14.9157
NOX_ICAD,2021-09-28,0,False,2,77.9957,73.8697,74.5207,78.1867,82.8457,92.4417,111.531,132.513,147.647,156.706,158.937,155.066,144.965,134.089,127.391,122.786,118.068,113.149,108.521,106.423,109.259,113.612,116.078,116.096,113.279,110.3,109.57,109.169,107.085,104.447,102.43,100.467,97.8787,94.9537,92.0177,89.3207,87.0287,84.3777,80.5557,76.0897,71.6007,68.2137,67.1227,67.2487,67.5217,66.7587,63.9027,60.8367,59.4237,58.9067
NOX_ICAD,2021-09-28,43,False,2,18.5287,23.3027,28.7537,39.6137,60.8907,84.3657,102.07,116.386,129.572,139.567,143.072,140.077,130.039,118.954,112.346,108.459,105.441,102.706,99.8207,95.4647,88.4137,81.8837,79.1547,78.4187,77.9337,77.4707,76.9817,75.9597,73.8357,71.1917,68.6977,67.4197,68.5087,70.7787,73.0367,74.0227,72.7037,72.0457,74.8237,77.3627,75.9297,73.3897,72.5667,71.6497,68.5417,64.2457,59.8537,56.2507,54.2757,53.1177
NOX_ICAD,2021-09-28,47,False,0,3.90258,4.14958,7.10158,9.25358,7.43458,6.81558,12.8526,21.9916,30.4936,36.3256,37.5566,36.5126,35.1196,33.2106,30.3716,27.8246,26.8316,26.6476,26.5146,25.9856,24.6376,22.6796,20.3896,19.0706,20.0036,21.3856,21.5066,21.4076,22.2756,23.8626,25.8256,27.2456,27.2036,26.4166,25.5036,24.3296,22.6616,20.9656,19.7496,19.1306,19.2706,19.7836,20.3826,21.1886,22.3326,23.1836,23.0756,22.4766,21.9076,22.0756
NOX_ICAD,2021-09-28,79,False,-1,4.77438,8.88438,12.9454,16.0124,18.5514,21.0134,23.3834,25.5044,27.0214,27.5064,27.4794,27.3674,27.0764,26.3494,24.8174,22.1654,20.1654,20.5634,21.5844,21.3814,19.9474,17.3984,15.2154,14.8434,15.4134,15.9974,15.7544,13.8814,11.3834,9.30038,8.33838,9.15038,10.1324,9.79038,9.21438,9.50638,9.74138,8.89038,7.46438,6.00638,4.86838,4.40838,4.58538,5.32338,5.47938,4.02038,2.82138,3.75238,5.23138,5.61138
NOX_ICAD,2021-09-28,80,False,1,-0.21056,0.05344,1.41944,3.81144,7.92644,14.5264,20.5324,22.9844,24.6434,28.0864,30.6284,29.3724,27.2054,27.0414,28.0074,29.0614,29.6884,29.4734,28.9214,28.4874,28.0634,27.4564,26.4934,24.9674,23.1544,21.3774,20.3254,20.7414,21.8914,22.9864,22.8944,20.5034,17.4994,15.6774,15.9084,18.9474,21.6844,21.1624,19.8244,20.1684,21.2874,22.1454,22.8134,23.4414,23.9454,24.2744,25.0564,26.8694,28.3914,28.2734
NOX_ICAD,2021-09-28,92,False,2,270.453,321.337,360.134,382.336,400.713,427.276,459.841,495.083,525.016,541.154,547.299,546.191,541.881,537.009,530.841,522.287,514.064,508.069,496.778,471.8,439.546,406.249,376.82,355.979,340.892,329.525,320.693,314.055,308.418,302.767,296,286.499,271.856,249.028,222.229,195.271,170.216,149.134,132.095,119.757,110.228,102.308,95.8593,91.2043,87.4073,83.7633,80.4773,77.7933,74.5453,69.5863
NOX_ICAD,2021-09-28,150,False,1,3.46842,3.98442,8.71642,15.5984,24.8714,51.1154,110.474,180.206,236.955,271.845,275.548,265.275,255.648,247.152,238.802,232.664,231.274,232.522,234.606,236.961,239.015,238.391,232.116,220.786,204.635,188.23,176.05,168.209,164.933,162.844,159.1,155.344,153.439,152.122,150.077,147.603,144.885,140.64,133.517,126.26,121.753,119.857,120.435,121.125,119.74,117.143,114.205,111.198,108.247,105.331
NOX_ICAD,2021-09-28,246,False,6,35.4939,37.6739,38.5769,39.3099,39.9159,40.2649,40.4849,40.6899,40.9129,41.1479,41.2159,40.8589,39.8529,37.8949,35.4719,33.1299,31.8989,32.7709,33.7999,33.0219,30.9809,28.2059,25.1219,22.0979,19.8529,19.1339,18.9189,18.1899,16.7349,14.4519,12.5669,12.2039,11.7349,9.64088,8.00288,8.90888,9.96488,8.67688,6.12888,3.50788,1.55888,0.95588,1.02488,1.17788,1.33088,1.48388,1.63688,1.78988,1.94288,2.02888
NOX_ICAD,2021-09-28,370,False,2,-3.31882,6.27418,30.5282,69.9212,126.928,192.319,258.221,319.821,370.975,403.11,404.535,385.308,352.863,318.411,291.345,270.388,254.47,242.227,233.064,223.962,212.184,198.975,185.649,172.831,160.929,148.764,135.363,123.113,114.834,110.255,109.229,108.04,103.15,95.9922,88.0902,81.0802,76.4652,73.0682,69.7682,66.0242,61.3832,56.2252,51.0182,46.9692,45.3402,44.6442,43.4232,41.2612,37.9282,35.1402
NOX_ICAD,2021-09-28,785,False,0,10.6064,12.0884,13.7444,15.4654,17.5294,20.3244,23.8274,28.0104,31.7914,33.9994,34.7884,34.1764,32.9134,31.4894,29.4304,26.1914,23.0404,21.2124,19.7754,17.8124,15.8644,14.5774,13.7164,13.0634,12.5374,12.1054,11.6354,11.0044,10.2904,9.60344,9.22544,9.49744,10.3444,11.7074,12.8784,13.1134,12.4664,10.9764,9.52344,8.92744,8.70244,8.36144,7.93244,7.56444,7.76144,9.04744,10.5514,11.2894,10.5854,7.82744
NOX_ICAD,2021-09-28,837,False,3,99.083,102.626,101.696,98.83,96.093,96.33,102.295,109.467,113.49,115.847,117.87,117.481,112.082,104.17,95.892,87.189,77.91,70.398,67.215,66.222,65.473,64.478,62.946,60.805,57.993,55.508,54.359,53.9,53.417,52.049,49.029,46.077,44.792,43.429,40.213,36.699,34.521,33.076,31.684,29.975,27.688,25.501,24.068,22.739,20.916,19.442,19.254,19.729,20.206,20.036
NOX_ICAD,2021-09-28,877,False,1,2.86104,3.42104,3.84104,4.55804,9.78004,25.802,58.695,114.502,165.588,184.312,186.091,185.518,183.07,176.482,164.884,146.806,125.781,105.017,86.655,72.956,63.144,56.954,52.437,48.185,44.383,41.551,39.728,38.823,36.457,30.353,24.079,21.255,20.281,19.464,18.045,15.582,13.808,14.422,15.36,14.536,12.859,11.297,9.92804,8.72604,7.60304,6.51704,5.65704,5.23804,4.94304,4.49004
NOX_ICAD,2021-09-28,899,False,0,0.0038,2.7668,5.1488,7.2478,9.7948,16.1988,30.2528,47.6478,64.1488,77.3958,84.5708,84.7128,75.9278,62.9318,49.8828,39.4228,33.9768,31.0328,28.5338,27.0998,27.4908,26.5238,21.0518,14.8018,11.5888,10.4218,10.1948,9.8358,8.5048,6.9768,6.0548,5.4698,4.9258,4.3828,3.8498,3.4038,3.1298,2.9428,2.7658,2.5888,2.4118,2.2358,1.9998,1.2988,-0.1862,-0.9552,0.4898,2.3758,2.9278,2.7388
NOX_ICAD,2021-09-28,907,False,1,24.5544,36.4924,52.0234,66.5504,75.5824,81.1274,85.0224,88.5854,92.5884,95.7094,96.2794,94.3774,89.8184,84.0064,78.1044,72.7394,68.3474,63.7024,57.5644,50.8064,44.2874,37.9274,31.7184,26.6974,24.0714,22.6354,21.3214,19.8894,18.2354,16.4704,14.7214,13.2104,12.1364,10.9894,9.38144,8.52644,9.55044,9.96544,7.31144,4.15344,3.11144,3.13844,3.11344,2.98744,2.83844,2.60444,2.20444,1.76244,1.51644,2.26544
NOX_ICAD,2021-09-28,1373,False,0,2.95316,3.04016,3.78616,4.86816,8.00816,27.2722,79.3502,152.062,232.961,295.583,312.94,305.442,290.958,274.403,257.35,238.373,215.783,193.155,174.113,157.389,141.764,126.591,111.651,97.8242,86.3562,77.3712,71.3072,66.6342,62.0862,57.1502,51.5232,46.1882,42.1872,39.0332,36.3492,34.2282,32.9192,32.0032,30.9632,28.5262,23.4522,18.2452,15.4052,13.9422,12.8672,11.9312,11.0642,10.2892,9.65316,9.09016
NOX_ICAD,2021-09-28,1579,False,2,27.2135,29.0755,28.2835,27.9715,31.2115,34.7605,35.3015,34.7835,35.2265,35.9145,35.9535,35.6305,35.2485,34.7605,34.0585,33.2495,32.4225,31.5595,30.6245,29.6535,28.6785,27.7025,26.7425,25.9065,25.3165,24.8505,24.3275,23.2255,21.0365,18.8295,17.6695,17.0575,16.4955,15.9235,15.2685,13.9695,11.5075,9.41652,9.35552,10.9375,13.7705,16.1785,16.5375,15.6845,14.3835,12.9225,11.5195,10.7305,11.1645,12.1535
NOX_ICAD,2021-09-28,1826,False,3,68.6084,67.6694,66.7304,65.7914,64.8524,64.3154,66.9944,76.1314,88.7144,101.508,109.321,106.917,100.704,96.6644,94.1774,92.1354,89.9814,87.3164,84.3884,81.3374,77.5764,72.5274,67.8434,65.1554,62.9974,59.8354,55.7544,50.9804,46.7974,44.4954,43.1914,42.0984,41.1944,40.6034,40.1664,39.7144,38.9854,37.6664,35.7904,33.4374,31.7544,31.9554,33.2614,34.8784,35.6934,34.6514,32.9664,31.7884,30.9244,30.0604
NOX_ICAD,2021-09-28,2121,False,0,11.3673,20.3593,35.1943,52.9003,71.5203,94.5793,125.964,157.389,179.85,192.13,192.053,184.271,172.321,161.635,157.047,155.382,153.714,152.774,153.785,155.787,158.041,161.315,166.432,170.997,172.37,170.774,166.13,159.639,152.13,144.623,138.188,134,133.475,134.896,136.845,138.945,140.904,141.589,139.79,137.238,135.489,133.596,130.643,128.704,129.989,132.549,134.595,136.938,140.509,143.8
NOX_ICAD,2021-09-28,2257,False,-1,12.1405,20.2795,33.9955,48.8595,60.4535,69.2355,75.6755,81.0545,86.1045,89.5905,89.8065,87.3245,82.4355,76.8775,72.2365,69.0885,67.8785,66.3065,62.2055,57.6705,54.8715,53.0575,51.4255,49.8245,48.2605,46.9645,46.2495,46.1795,46.7795,46.8155,45.0545,42.6885,40.8655,39.2635,37.5145,36.0245,35.2325,34.4635,33.0295,31.2395,29.3945,27.4665,25.4465,23.9495,23.6465,23.8845,23.9625,23.1245,20.6265,17.6485
NOX_ICAD,2021-09-28,2264,False,1,8.21224,7.53924,7.65724,9.04424,11.0572,13.3302,17.0712,23.5742,30.1612,33.9832,34.9792,32.9842,30.1032,28.1222,26.4452,24.3172,21.7982,19.0112,16.4222,14.4912,12.8982,11.4192,10.5112,10.6482,10.5762,9.10724,7.59924,7.50224,8.34824,9.61124,10.4682,10.1112,8.93524,7.30424,5.84024,5.11024,4.76024,4.38224,3.39724,1.29624,-0.61076,-0.92376,0.09024,2.14824,3.86624,4.02724,4.20324,5.93724,7.76724,8.13524
NOX_ICAD,2021-09-28,2425,False,2,5.40764,5.55164,6.10464,7.47464,10.8136,20.0856,39.7106,62.1946,79.9726,91.2526,94.0916,92.8626,91.0766,88.9106,86.0046,82.8826,80.1206,78.1676,77.3026,75.3016,70.0816,65.1496,63.8836,62.6976,57.9426,52.4126,49.0606,46.9216,44.9686,43.2936,42.0036,39.6586,34.8746,30.2826,28.6136,28.7846,29.6586,29.9226,28.4456,26.5636,25.5496,24.6456,23.0616,21.6236,21.2416,21.4126,21.5706,21.0756,19.3286,17.3676
NOX_ICAD,2021-09-28,2428,False,1,4.04438,6.20638,10.6504,18.6914,28.4974,38.7754,51.0554,66.8474,80.7184,86.9404,88.7914,88.9994,86.7194,80.4104,72.8954,66.9024,62.6584,60.3524,58.9624,57.7174,56.7074,56.2364,56.5644,58.0704,60.3064,62.8414,64.7304,64.9944,64.2964,63.2194,62.1624,61.4244,60.8564,60.3424,60.0914,60.1654,58.8794,54.4724,49.1624,44.9654,40.4904,34.3994,29.5894,29.1914,30.9314,32.5924,33.4414,32.9284,31.7434,30.4074
NOX_ICAD,2021-09-28,2450,False,1,3.4411,2.6431,1.7041,0.6951,1.2591,7.0041,28.6181,78.5011,140.519,197.797,233.31,229.43,208.58,190.814,175.822,161.696,151.721,150.286,154.9,163.151,167.887,162.131,151.735,142.189,133.275,124.371,116.852,112.365,109.403,106.452,102.061,94.9121,87.2861,81.2741,75.1501,67.2801,60.6251,58.3841,58.1871,57.7451,56.7471,55.0981,53.1391,51.2201,49.9261,49.8951,50.5771,51.3781,51.1891,48.8041
NOX_ICAD,2021-09-28,2451,False,0,10.0821,14.3961,18.5751,24.3121,33.5781,44.4571,55.0871,64.5861,71.9441,76.6701,77.9231,77.5001,76.9161,76.7211,77.2601,77.8331,77.6931,76.7941,75.1871,74.3561,75.6051,76.1971,73.4511,70.3581,69.9351,70.3641,69.7051,68.4081,67.0571,65.9141,65.1641,64.4571,63.4301,62.1411,60.5551,58.2241,54.7961,52.4021,53.2091,55.0411,55.7081,55.2231,53.6781,51.7501,49.9851,48.3331,46.7281,45.3891,44.5771,44.0201
NOX_ICAD,2021-09-28,2470,False,2,27.101,29.064,30.63,31.824,32.845,33.815,34.541,34.895,35.915,38.465,39.849,37.26,33.118,29.935,28.665,30.017,30.972,28.643,25.451,23.885,23.244,22.72,22.215,21.668,20.518,18.332,17.167,19.083,21.637,22.383,22.088,21.644,21.55,22.15,22.51,21.665,20.193,18.629,16.953,15.13,13.818,13.692,13.817,13.307,12.675,12.494,12.541,12.576,12.59,12.542
NOX_ICAD,2021-09-28,2476,False,2,19.9014,25.3314,40.8444,65.6434,99.9884,138.805,179.102,226.767,287.035,337.62,353.914,344.252,314.616,275.819,235.872,199.45,171.056,150.438,138.287,130.133,122.377,113.814,103.734,93.6324,85.3304,80.4414,80.7984,82.9574,83.7984,83.8164,83.6434,82.7644,80.4474,77.2184,73.6444,71.1044,71.0184,72.1724,73.3584,73.5554,71.8094,69.3364,67.4114,66.9244,68.5994,69.6864,67.4234,63.6314,60.1514,57.4374
NOX_ICAD,2021-09-28,2500,False,7,14.4166,14.4236,14.5376,15.1496,16.6956,18.7066,20.7756,22.8526,24.8866,26.4476,27.0326,27.0006,26.6326,26.1276,25.6026,25.0506,24.4606,23.9436,23.5806,22.9816,21.7156,20.0086,18.0856,16.3646,15.2376,14.3636,13.5306,13.5156,15.1026,16.4836,15.8186,14.0756,12.2506,10.8446,10.3076,10.4386,11.0696,11.5416,11.1766,9.98764,7.97464,6.05064,5.15564,5.31464,6.61464,8.33664,9.87464,11.2886,12.6516,13.7466
NOX_ICAD,2021-09-28,2513,False,1,11.9651,18.1831,25.1441,36.9431,58.4041,84.5671,110.891,135.721,157.061,171.006,172.629,167.569,160.46,152.695,144.966,138.304,133.84,130.843,128.765,127.079,125.501,124.391,124.225,124.582,125.121,125.801,126.653,127.562,128.305,128.067,125.955,123.162,120.792,118.694,116.71,115.366,115.237,115.228,114.071,110.884,104.425,94.9531,82.6081,71.3441,65.0741,61.5131,58.5271,55.6651,52.8941,50.7151
NOX_ICAD,2021-09-28,2524,False,0,6.4317,8.3327,10.5837,12.8787,15.1737,18.0707,25.7847,42.8217,62.1847,76.6597,84.5787,84.0117,79.0057,73.0737,69.4077,70.8917,74.3447,76.7877,78.5607,80.2017,81.4607,81.9097,81.5857,80.3487,78.0307,74.4437,71.4607,70.7417,69.4047,64.5837,59.2627,56.5287,55.2077,54.0527,52.8117,51.4187,50.1157,49.0917,47.7257,45.4407,43.4037,42.7617,42.3187,40.7637,38.0177,34.0537,30.2747,28.0377,26.6097,25.1377
NOX_ICAD,2021-09-28,2525,False,2,-1.74422,-0.83422,0.27778,1.92378,4.92278,10.7398,20.9058,31.0698,36.8168,39.2298,39.2328,38.0018,36.2758,34.3998,32.6038,31.1258,30.2218,29.6018,28.9378,27.6278,25.0618,22.1098,19.6988,18.3788,18.6028,18.4198,15.9978,13.4378,12.9248,13.4898,14.1468,14.7808,15.3058,14.9868,13.0778,11.0998,10.5578,10.7098,10.7298,10.1358,8.54378,7.05578,6.77978,7.17478,7.71578,8.29078,8.84578,9.21178,9.23178,9.33678
NOX_ICAD,2021-09-28,2548,False,0,23.3109,21.3589,21.2749,25.3559,32.7739,43.1439,55.1559,67.8629,80.1029,90.3979,96.5419,95.9229,92.5289,89.9069,87.8829,85.8469,83.1249,79.1189,75.1119,72.2899,69.3689,64.9669,59.7819,54.7059,51.2879,51.0569,51.4619,50.0529,47.7899,45.6259,42.7609,38.3339,34.2809,32.5739,31.8599,30.8009,29.4929,28.0629,25.9119,22.3959,18.7709,16.3079,14.6709,13.4859,12.1029,10.1259,9.34392,11.5599,14.0599,14.2909
NOX_ICAD,2021-09-28,2561,False,1,5.773,6.296,8.648,13.272,17.233,17.89,19.087,24.709,31.312,35.24,36.899,36.738,35.944,35.442,35.139,34.855,34.537,34.212,34.345,35.382,36.269,35.902,34.679,32.997,31.459,30.61,30.117,29.67,29.222,28.774,28.326,27.879,27.431,26.983,26.536,26.088,25.64,25.193,24.745,24.326,24.137,24.288,23.696,21.357,19.394,19.862,20.539,19.121,16.679,14.368
NOX_ICAD,2021-09-29,0,False,1,7.1694,15.3844,35.5524,58.1924,74.4264,89.3224,108.214,126.783,139.863,147.522,149.387,148.037,145.311,142.064,138.706,134.984,130.575,126.153,122.33,118.402,113.621,108.526,103.666,98.9874,94.3924,89.7874,85.0954,80.3564,75.7184,71.9264,69.8454,68.7414,68.0054,67.4014,66.7154,65.2394,62.4094,60.6034,62.1764,64.3804,64.3614,62.4414,59.0844,56.1804,55.5304,56.0514,56.4624,54.8224,49.3084,43.5864
NOX_ICAD,2021-09-29,9,False,-1,13.0953,12.2873,11.6143,11.0093,10.5153,10.8463,12.8913,16.2953,20.7063,24.3313,25.3893,25.1623,24.7953,24.1163,22.8313,21.8713,22.2103,23.2223,24.2053,24.2923,22.5413,19.5333,15.8713,13.2673,13.2523,13.0243,9.86532,6.31832,5.03232,4.82232,4.46932,4.25232,4.62432,5.30032,5.98032,6.38632,6.20032,5.38532,3.98032,3.45532,5.20432,6.94032,6.38132,4.97132,4.22032,4.04732,4.28932,4.71432,5.09032,4.90732
NOX_ICAD,2021-09-29,28,False,3,20.8052,32.2912,46.9912,63.1172,77.5492,87.1142,93.0402,96.2092,98.2922,100.351,101.185,99.2622,95.7572,91.6702,87.3772,83.0732,78.8762,74.7912,69.9922,63.7152,57.8332,54.1982,51.1082,46.8812,42.4142,38.7472,35.6552,32.8652,29.9062,26.4202,23.2812,21.4242,20.2272,19.1772,18.6512,19.1322,19.8212,19.8532,18.8172,16.3072,13.6302,12.0002,10.6822,8.9362,7.3112,6.4432,5.9712,5.5642,5.2762,5.2252
NOX_ICAD,2021-09-29,36,False,0,6.978,5.55,4.954,7.997,15.059,26.765,39.642,50.428,58.891,64.572,67.272,66.304,63.772,61.435,59.306,57.134,54.409,50.737,47.802,47.278,47.25,45.865,44.234,43.42,41.708,37.385,33.295,32.338,32.686,32.496,31.934,31.211,29.572,26.207,22.736,20.695,18.862,15.978,12.931,10.752,9.553,9.49,9.968,10.612,12.044,14.874,17.076,16.581,14.978,13.823
NOX_ICAD,2021-09-29,39,False,1,6.69052,5.33852,7.12752,12.2325,21.1655,32.8385,46.6965,61.5385,76.0555,86.9845,90.5875,89.3845,85.2695,79.7195,73.6615,67.9935,63.6345,60.8585,59.9485,58.7345,55.2095,51.4495,49.6215,48.8395,48.2485,48.1445,48.9195,49.4215,48.4435,46.5265,44.1895,41.9605,40.2885,38.9055,37.6065,36.6905,36.4215,35.5885,33.0215,30.4145,29.4995,29.4905,29.4815,28.5625,25.9575,23.4915,22.9595,23.0855,22.5625,21.6485
NOX_ICAD,2021-09-29,44,False,7,11.2637,14.7827,16.9267,17.7057,17.0997,15.9367,14.9997,15.0617,16.8227,18.5467,18.5057,17.5257,16.4157,15.1997,13.8387,12.9017,12.9037,12.5537,10.6007,8.51366,7.84366,8.15366,8.94766,9.36566,8.63966,7.63666,7.22066,7.13566,7.13366,7.46266,8.36966,8.95766,8.37866,7.87066,8.66966,9.73666,9.96466,9.54166,8.71566,8.07066,8.16566,8.69166,9.36766,10.0967,10.7317,10.5687,8.81466,6.30866,3.93566,2.71866
NOX_ICAD,2021-09-29,47,False,2,0.00226,0.60226,2.38426,4.73126,7.47826,10.6323,13.9763,17.3943,21.2113,25.5833,28.4193,27.4713,24.8723,22.7533,22.1833,23.9923,25.5663,24.4343,22.9263,23.4253,24.5953,24.9963,24.9433,24.7993,24.3793,23.4243,22.3143,21.2983,19.4963,15.9923,12.3793,10.3283,9.69726,10.3963,11.6483,12.7903,13.4423,13.2423,12.6203,11.9473,11.2933,10.6633,9.94826,9.06926,8.39326,8.31326,8.49426,8.57626,8.24126,7.18526
NOX_ICAD,2021-09-29,48,False,8,35.7243,37.1723,37.9583,38.5353,39.1373,39.9243,40.8093,41.7523,43.0583,44.9603,46.1863,45.4473,44.2323,43.9283,43.5163,41.8263,39.4033,36.7853,34.2043,31.9153,30.5453,30.7363,31.0513,30.0783,28.4093,26.7523,25.8843,26.5123,27.2853,26.8693,25.8103,24.6713,23.5313,22.3913,21.2523,20.1123,18.9733,17.8333,16.6943,15.5353,14.2263,12.6603,11.3063,10.6583,10.3473,10.0643,10.0383,10.4993,10.6323,9.67126
NOX_ICAD,2021-09-29,53,False,2,5.28088,4.33188,3.15688,2.84288,7.54988,25.8709,79.8969,191.794,299.238,339.332,339.14,324.541,304.944,285.149,268.766,259.354,254.546,252.821,254.456,260.008,263.224,257.444,245.062,227.793,207.462,185.608,168.057,160.913,159.032,157.814,156.637,155.256,151.645,143.481,132.909,122.022,112.932,107.805,105.517,105.284,105.979,106.841,107.775,108.814,109.903,110.976,111.873,112.419,112.818,113.296
NOX_ICAD,2021-09-29,61,False,1,3.1803,4.9973,6.5753,8.2113,11.0633,20.3943,42.0893,68.7113,92.6833,109.064,112.743,110.155,106.927,104.855,104.965,105.21,103.538,100.673,97.2963,93.4213,88.9623,84.8913,82.0493,78.6243,72.8303,66.8183,62.8073,59.8763,57.0913,54.3933,51.9113,49.8693,48.4903,47.0033,44.6083,41.5463,37.9113,33.2193,27.0603,22.1653,21.3433,22.1823,22.3763,22.1153,21.7753,21.2713,20.3333,18.4113,15.0653,12.7653
NOX_ICAD,2021-09-29,65,False,-4,7.50814,4.19514,0.65814,1.24514,3.73014,5.97314,9.12814,14.5751,19.9431,22.7241,23.5081,22.7881,21.4001,19.9931,19.0961,19.1631,19.2701,18.5821,18.0841,18.7281,19.0781,17.7221,16.4101,16.9091,17.8441,17.7991,17.3771,17.2581,17.3261,17.3751,17.0861,16.1211,14.8181,13.4721,12.1261,10.7811,9.43514,8.08914,6.74314,5.53614,5.43914,7.41114,9.28414,8.87514,7.25714,5.67614,5.59414,8.27214,10.5171,9.18214
NOX_ICAD,2021-09-29,66,False,1,4.65138,4.55138,4.30138,7.91338,34.6344,112.428,260.129,496.515,709.355,786.292,792.317,786.883,760.686,694.255,617.371,558.427,509.098,459.345,406.328,349.291,299.303,268.23,246.773,226.485,205.925,185.314,168.38,159.311,154.192,149.57,144.975,140.337,134.926,127.819,119.111,108.887,99.3644,92.7214,87.3634,81.7874,76.2184,71.0634,66.0734,60.9904,55.8474,50.6934,45.5174,40.4024,36.1324,33.7564
NOX_ICAD,2021-09-29,67,False,1,4.67504,4.25804,4.36304,6.92904,18.32,45.342,75.385,95.852,107.597,111.396,111.538,110.753,106.212,94.499,81.762,74.099,69.787,67.059,64.995,63.016,60.427,56.69,53.553,52.846,53.395,53.981,53.605,51.386,48.857,47.543,47.137,47.373,48.23,49.813,51.492,52.711,53.91,55.572,57.481,59.293,60.084,58.922,57.477,57.416,58.349,59.758,60.397,59.018,56.614,54.001
NOX_ICAD,2021-09-29,80,False,4,35.7643,67.8773,116.06,186.677,287.373,385.925,449.716,487.919,507.993,516.5,516.318,512.274,507.064,496.387,474.792,447.855,420.775,396.154,376.783,364.293,360.869,359.418,353.004,340.945,322.88,305.395,294.827,287.909,281.263,273.133,262.184,250.93,241.859,234.074,226.673,219.559,212.485,202.952,188.506,174.115,164.774,158.125,151.982,147.202,145.147,144.456,143.935,143.414,142.892,142.371
NOX_ICAD,2021-09-29,93,False,-3,5.1755,11.1475,26.5555,54.1515,98.2835,150.421,203.578,256.891,308.804,347.189,358.089,354.19,345.837,332.299,310.527,285.018,259.962,237.651,220.21,205.185,190.018,171.31,145.968,120.648,102.192,88.6995,78.4885,69.9385,62.1525,55.1945,49.4625,44.7585,41.0415,37.7835,34.6495,32.0455,30.4765,29.2155,27.5345,25.3045,22.4305,19.5385,17.2965,15.9625,15.7825,15.5425,14.1035,12.3875,11.3555,10.7065
NOX_ICAD,2021-09-29,95,False,0,18.4692,35.4412,52.1492,58.6562,60.2952,63.2882,73.6762,97.0142,121.333,134.478,138.747,136.227,131.038,126.239,121.825,117.434,112.835,107.758,101.954,95.1272,88.0882,81.6772,76.2182,72.0022,67.7662,62.4372,57.6922,55.3592,54.2732,53.1852,50.8322,46.0762,41.0882,37.8942,34.8232,30.1552,25.3402,22.0162,20.0902,19.4762,19.0852,17.9522,16.4552,15.0322,13.8892,13.2182,12.7792,12.3522,11.7892,10.9492
NOX_ICAD,2021-09-29,119,False,0,8.42906,17.3341,29.3311,41.2981,53.0421,64.6471,75.3651,84.1081,90.3611,93.1921,93.5551,92.0901,90.5821,90.6171,91.5341,92.6001,93.1531,92.5721,91.4201,89.9891,86.8941,80.5851,73.5031,67.9511,62.9241,57.2701,51.1711,44.9681,39.4941,35.7131,33.4461,32.6931,32.6451,32.6281,32.1451,30.6351,27.8891,23.7131,20.1261,19.1451,19.4081,19.5741,19.3411,18.5641,17.7831,17.5231,17.5421,17.4891,16.5881,14.0991
NOX_ICAD,2021-09-29,171,False,0,12.0046,14.9196,17.2756,19.8416,22.4946,24.6706,25.8536,26.5406,27.1586,27.7286,28.1426,28.0536,27.0396,25.4986,23.7326,21.6896,19.2256,16.5636,13.9876,12.1666,11.8416,12.2636,12.6426,11.9266,9.18664,6.68364,6.70864,8.09264,9.61264,10.4446,9.90764,9.11364,9.09964,9.14564,8.45064,7.35564,6.28964,5.85864,6.64364,7.61564,7.79164,7.66964,7.78364,8.01364,8.11064,7.47064,5.51664,3.64264,3.26964,3.81464
NOX_ICAD,2021-09-29,311,False,1,1.99326,1.78526,2.30026,4.34926,7.83826,13.0013,20.0433,29.2353,37.4903,41.5483,42.3563,40.6453,38.1503,36.2883,35.1443,34.7483,34.7023,34.6923,34.6253,34.3393,33.1773,30.3613,26.6673,22.8533,19.7843,18.3053,17.5213,16.6843,16.2383,16.7143,17.1963,16.7563,15.8243,14.7683,13.2143,10.8303,9.28026,10.1623,10.9773,9.25926,6.92126,6.03026,6.42026,7.81126,8.90326,8.49626,7.62826,7.34326,7.40026,7.53026
NOX_ICAD,2021-09-29,333,False,2,26.2632,26.9552,27.1402,27.4602,28.8802,32.4922,39.6302,48.5542,57.4712,63.7412,64.6112,62.7772,60.5042,57.4202,52.7362,47.4132,42.2662,36.7622,30.4412,25.3602,23.6702,23.0892,21.4722,19.7152,18.9132,18.6302,18.2532,16.6082,12.6232,8.94222,8.21522,8.80022,9.03022,8.73122,7.96222,7.75122,9.16222,11.4002,13.5282,13.9522,11.2342,8.94922,10.5862,13.2642,14.0012,13.5242,12.6372,11.3492,9.59522,8.49122
NOX_ICAD,2021-09-29,392,False,3,67.2272,87.0222,104.388,118.93,130.6,144.66,165.967,186.877,199.497,207.721,214.318,212.284,193.069,165.846,139.171,116.174,99.5202,87.1562,77.5722,68.6672,58.9582,49.9022,43.3042,38.8082,36.2492,34.5842,33.0002,31.1652,28.9122,27.0692,26.3682,25.1542,21.8102,18.3742,16.8682,15.7602,13.5022,11.2042,10.1042,9.64516,9.26716,8.88916,8.51116,8.13316,7.75516,7.37716,6.99916,6.62116,6.24316,5.86516
NOX_ICAD,2021-09-29,435,False,2,4.4437,5.0307,6.3067,10.2627,18.3667,32.1857,46.1137,54.7067,60.4477,65.5997,68.8917,68.2547,64.0877,56.5827,49.2937,45.6107,44.1757,43.6707,43.2787,42.3807,40.8477,38.5167,35.8027,33.2057,31.9327,33.2197,35.1317,35.8497,36.1577,36.8337,36.8257,35.0017,32.9327,32.1247,31.4817,29.8267,27.7587,25.9167,24.2217,22.5007,20.4197,17.6637,14.9177,12.8847,11.3477,10.1247,9.1937,8.6167,8.2117,7.8357
NOX_ICAD,2021-09-29,454,False,-2,19.4471,17.9351,18.6311,23.5431,29.0861,31.8061,33.3661,35.5051,37.6071,38.8131,39.2331,38.8721,37.7341,35.6711,33.1651,30.6681,28.6801,27.7111,27.2591,26.8851,26.4941,26.0551,25.5761,24.9381,23.2721,19.7081,16.1651,14.5631,13.9941,13.6631,14.1991,16.3271,18.2091,17.8651,15.5401,11.5931,8.79414,9.74014,11.2951,10.3541,8.53214,7.60614,7.37914,7.56414,7.92114,8.24514,8.12914,7.22414,6.63214,7.42514
NOX_ICAD,2021-09-29,539,False,1,5.62712,6.76112,10.8961,20.8531,32.4541,41.7921,50.2941,59.4961,67.9321,73.5421,75.2521,71.7281,66.9121,64.4231,63.2631,62.1251,59.8481,55.4791,51.4901,50.3581,50.4361,50.0201,48.7851,46.4311,43.0931,38.8491,34.9841,32.7651,31.3981,30.0621,28.1191,25.0301,21.8811,19.7571,18.2191,16.8281,15.4771,14.1301,12.7841,11.4371,10.0901,8.74412,7.39712,6.07512,4.94712,4.20812,3.66412,3.14412,2.62412,2.10412
NOX_ICAD,2021-09-29,550,False,1,9.87642,11.0014,12.2754,14.2324,17.6394,22.4224,28.5064,33.9284,36.7174,38.0364,38.8314,38.5214,36.2754,33.5094,31.5604,30.0824,28.6754,27.3594,26.2114,25.0324,23.6174,22.0604,20.6274,20.5974,23.1354,24.8974,22.5264,18.6304,15.8534,14.1184,13.2054,12.6604,12.1914,11.9544,12.1854,12.6784,13.3274,14.5654,16.7714,18.3144,17.5434,16.0634,15.4084,14.8864,13.6714,12.0774,10.5204,9.64442,10.0394,10.4084
NOX_ICAD,2021-09-29,695,False,7,108.889,113.331,117.202,121.81,126.85,131.939,136.981,141.825,145.771,147.913,148.465,147.436,145.669,143.803,141.874,139.888,138.372,137.793,136.791,133.946,130.147,126.17,121.738,116.535,112.033,109.701,107.859,104.992,102.783,102.888,102.279,97.9732,93.3642,92.0742,93.3072,96.1622,98.5082,98.3662,96.9312,95.4022,94.4172,94.3582,93.5412,90.3332,87.0012,85.7042,84.2942,80.4542,75.3592,70.3392
NOX_ICAD,2021-09-29,797,False,0,3.44384,3.95684,5.00684,6.22884,7.28384,8.23784,9.23784,10.6968,12.9638,14.7998,14.8518,13.5428,11.2568,9.09984,8.08084,7.65884,7.32784,7.11484,7.23684,8.24884,10.6658,12.6578,12.3698,11.0008,9.71184,8.53684,7.42084,6.66184,6.58484,6.61384,6.18884,5.51384,4.86384,4.65984,5.34884,6.49784,7.67684,8.43984,8.34184,7.78384,7.11384,6.41384,5.70584,4.96884,4.23184,3.93984,4.54484,5.23284,5.16784,4.48484
NOX_ICAD,2021-09-29,800,False,0,20.727,24.713,31.774,39.606,47.645,55.929,65.977,79.103,90.424,94.799,95.338,94.85,93.736,91.877,89.661,87.169,82.815,75.058,67.984,65.624,64.666,61.766,57.904,54.395,52.149,52.091,53.117,54.065,53.308,49.253,44.375,41.047,38.601,36.307,34.347,33.088,32.405,32.247,32.33,32.424,32.372,32.072,31.999,32.559,32.747,31.524,29.81,28.511,27.465,26.458
NOX_ICAD,2021-09-29,1003,False,0,16.4944,32.3204,51.2724,68.9034,82.9864,91.3334,96.8574,101.883,105.743,107.258,107.49,107.062,104.281,97.1654,89.0284,83.0384,78.2104,73.5294,69.6304,67.3964,65.9974,64.7124,63.5024,62.4584,61.6124,61.0294,60.6304,60.2764,59.2394,56.7034,53.2824,49.4874,45.5524,41.5714,37.3574,32.7414,28.3984,25.0904,22.6974,21.1854,20.0604,18.9394,17.7544,16.4774,15.1574,13.8324,12.5074,11.1814,9.85642,8.55342
NOX_ICAD,2021-09-29,1076,False,-2,8.31726,7.35326,7.34926,9.26426,12.1323,15.7873,24.9003,44.3403,64.4063,75.1403,78.3803,75.8903,72.1973,70.7633,68.3333,61.3733,53.3853,47.9263,43.8833,39.9413,35.3923,29.7623,24.6223,21.6553,20.2043,19.7023,19.4203,18.8413,18.4323,18.6613,18.6483,17.5423,16.4803,16.6483,17.4703,18.3823,19.3693,20.5303,21.9713,23.6293,23.8693,21.0703,18.1003,17.7503,18.2413,17.6863,16.4503,15.0543,14.0823,14.0963
NOX_ICAD,2021-09-29,1149,False,-1,23.8733,25.1773,25.6853,25.9543,26.5483,27.3303,28.2423,29.9953,33.3043,36.4423,37.5223,36.4733,33.2003,29.8943,28.4753,27.0473,23.7463,20.7783,20.4793,21.2483,21.4823,21.3603,21.2563,21.6503,22.9123,23.6393,22.3733,20.1753,18.1473,17.0063,17.5283,19.4593,22.6483,25.7553,27.5563,28.8533,30.4653,32.2793,33.9963,34.7413,33.6733,32.6773,33.5853,35.0093,35.5063,35.4743,35.3303,34.8243,33.4893,30.9483
NOX_ICAD,2021-09-29,1198,False,1,1.8278,9.8978,36.8608,96.1438,202.93,315.719,394.754,455.387,511.563,550.493,555.104,543.865,533.298,524.423,516.108,506.417,493.294,477.495,459.29,438.547,414.453,387.591,358.43,330.917,309.012,289.989,270.904,248.445,219.781,192.081,172.821,159.387,149.345,139.754,128.222,115.255,101.472,88.1178,76.6628,68.4288,65.0928,64.1528,63.4028,61.7778,58.4488,54.6238,51.3618,47.8168,43.0738,38.2798
NOX_ICAD,2021-09-29,1352,False,-1,33.8024,35.4014,38.7354,43.2224,48.4354,53.9604,59.7144,67.0044,77.0194,85.8014,89.0174,87.6744,82.6134,77.4464,75.2424,73.2594,68.6164,62.9664,58.1574,54.6734,52.9844,52.1644,51.3694,49.9124,47.2034,44.4204,42.7334,41.6364,40.6124,39.5884,38.5644,37.5404,36.5164,35.4914,34.4814,33.5814,32.8714,32.0294,30.7294,29.3074,28.0894,26.9374,25.6884,24.3824,23.1534,22.5874,23.3304,24.5774,25.5154,25.7074
NOX_ICAD,2021-09-29,1363,False,1,3.92,3.973,4.101,9.287,24.91,44.27,61.103,76.337,90.944,102.118,106.176,104.782,98.917,91.033,82.812,73.926,63.87,54.439,47.506,41.863,36.572,32.802,32.077,32.874,33.862,34.849,35.836,36.823,37.811,38.798,39.688,39.803,38.275,35.25,30.784,26.39,23.422,20.659,16.94,13.639,12.28,11.929,11.721,11.648,11.844,12.174,12.448,12.131,10.678,9.008
NOX_ICAD,2021-09-29,1378,False,0,3.75014,5.05214,8.67114,18.1501,39.7321,82.1601,142.273,217.993,290.308,338.626,356.623,335.237,295.34,254.445,217.006,186.042,162.119,146.744,135.459,124.539,112.446,98.1581,83.9051,71.9531,61.4671,51.8241,43.8541,38.6881,34.4521,29.5421,25.1331,22.5811,20.5261,17.6891,14.9631,13.3771,12.3921,11.5131,10.8861,10.7631,10.8911,11.0381,11.0831,10.9691,11.0961,11.8461,12.5671,12.5501,11.8651,10.6081
NOX_ICAD,2021-09-29,1412,False,-2,22.585,30.548,38.772,44.121,47.92,51.578,55.663,60.529,65.258,68.628,69.134,65.078,59.586,55.515,52.137,48.513,44.643,40.638,36.82,33.547,30.782,28.546,26.558,24.767,24.303,26.269,27.756,25.933,23.387,22.698,22.428,21.058,19.772,19.827,20.023,19.099,17.568,15.992,14.666,13.84,13.264,12.68,11.78,10.348,9.42096,9.99896,10.628,9.84096,8.46196,7.38596
NOX_ICAD,2021-09-29,1434,False,-4,35.0784,70.2584,106.539,142.819,179.099,215.379,251.659,287.939,322.985,348.157,353.58,349.129,343.123,334.545,320.808,304.367,287.574,272.498,261.377,254.306,251.864,251.572,251.453,251.284,250.555,245.396,231.613,215.275,202.034,189.898,176.36,161.271,144.596,127.758,112.423,100.581,94.5614,91.4134,88.3224,82.8144,72.6064,61.0774,51.6284,44.7964,41.1434,39.0124,37.0574,34.9974,32.6814,29.8914
NOX_ICAD,2021-09-29,1444,False,4,16.4886,18.8666,20.3436,20.2366,19.3456,18.4496,18.3056,19.6096,21.2216,22.0196,22.2036,21.9636,21.3466,20.3566,19.6426,19.8626,20.5626,21.2546,21.3946,20.4646,19.2686,18.6246,18.6726,19.4776,19.9666,19.0826,17.6416,16.4576,15.5546,14.8166,13.5336,11.0636,8.86558,8.44858,8.96258,9.53758,9.66658,8.92458,7.87858,7.09558,6.72958,6.96658,7.76558,9.11058,10.2026,10.2526,9.82458,9.45558,9.15058,8.90958
NOX_ICAD,2021-09-29,1447,False,-1,-0.16072,-0.75072,-0.53672,1.36928,4.75828,10.5553,24.6283,53.2753,83.8753,103.467,112.068,109.275,101.15,92.3823,83.6283,74.8663,66.0323,57.1253,48.7343,41.5523,35.2933,29.9433,26.2433,25.0723,24.0493,20.9793,17.7393,16.3523,15.9643,15.7633,16.0583,17.1933,17.6013,15.7383,13.5753,13.0313,12.8243,11.5243,9.33128,6.61728,4.93128,5.80528,7.44428,8.10928,8.20428,8.13428,7.32328,4.85428,0.26628,-6.66872
NOX_ICAD,2021-09-29,1465,False,1,1.14718,2.35418,3.77318,6.94718,14.1802,26.7472,45.9242,63.3512,70.6732,72.7232,73.7422,71.7852,64.0522,54.7512,47.8812,42.2972,36.7882,32.3192,30.2742,30.2822,32.0772,33.6902,33.3142,32.2102,31.6592,31.4502,31.3682,31.9492,33.8412,36.2572,38.4212,39.9952,40.6752,41.0972,41.8532,42.8552,43.9562,44.8662,45.2892,45.4682,45.6572,46.1802,47.3732,48.8992,50.2642,49.9932,46.6512,43.2602,42.7722,43.3672
NOX_ICAD,2021-09-29,1540,False,-2,27.2707,36.1987,45.9317,54.6087,62.6687,70.8057,80.1777,91.6807,101.7,106.314,107.266,105.944,103.276,99.7137,96.0067,92.7667,89.7847,86.7837,83.3677,79.0967,74.2107,68.9577,64.1977,60.6977,57.0697,52.0197,47.2397,44.5427,42.9397,41.4727,40.0067,38.6607,38.2837,39.5717,39.6587,35.7517,31.4527,30.4187,31.0127,31.5237,31.8367,31.9667,31.5017,29.9717,28.1597,26.8067,25.7177,24.7737,24.7217,26.3227
NOX_ICAD,2021-09-29,1625,False,-1,6.1438,8.1068,12.5428,18.0238,23.4108,29.8828,38.8178,48.3228,56.3048,61.6238,62.9488,62.1928,60.9158,59.4998,58.0108,56.0768,53.1418,48.8808,43.0348,38.1688,36.8198,36.5668,35.0628,33.1618,31.9338,31.3428,31.2898,31.1638,30.3858,29.2658,28.1618,27.5248,27.7218,27.5888,25.8908,23.1738,19.9588,16.8698,14.4588,12.4628,10.6728,9.1478,8.0258,7.1008,6.2738,6.0408,6.9078,7.6648,7.1378,6.3258
NOX_ICAD,2021-09-29,1632,False,0,45.2787,57.8127,70.1857,79.1077,86.1997,93.0957,100.254,107.918,115.675,122.79,127.045,125.904,122.142,117.929,111.755,101.619,90.1487,79.9977,71.9797,66.9227,63.3017,59.9297,57.1087,55.3677,54.0187,52.3897,50.3657,47.8217,44.7937,41.2087,37.1217,32.5717,28.3837,25.4167,23.2267,21.4347,19.8037,18.2417,17.0677,16.6897,16.8387,17.3517,18.2907,19.6897,20.3117,18.8417,16.3227,13.7447,11.5467,10.0797
NOX_ICAD,2021-09-29,1689,False,-3,10.8455,12.4585,15.1895,24.3545,67.9955,178.116,318.791,454.066,554.632,591.004,595.455,594.097,578.2,532.862,470.081,400.408,333.683,278.769,233.507,196.926,166.91,142.968,122.376,103.576,87.5425,76.1075,68.2245,63.3655,59.8815,56.4825,52.3825,46.9355,41.2285,36.2995,31.6955,27.0945,23.8155,23.2505,22.9545,20.5775,17.6365,15.7255,14.1415,12.0725,9.72446,7.43946,5.93946,5.90646,5.83846,4.32546
NOX_ICAD,2021-09-29,1747,False,0,31.9197,49.3817,66.0567,89.8717,129.279,170.17,198.476,219.972,239.961,254.701,258.797,256.469,251.124,244.528,237.58,230.1,221.334,209.251,192.032,177.076,171.945,171.41,170.464,168.993,167.369,165.049,161.238,155.936,149.01,141.717,135.202,129.281,123.658,117.501,110.102,103.094,98.2777,95.3117,94.0027,93.4527,92.9327,91.9037,89.9947,88.7037,89.6727,92.2997,95.7557,96.8007,92.1177,85.1367
NOX_ICAD,2021-09-29,1846,False,2,4.0371,3.7061,3.3471,3.3281,4.0461,5.5691,8.0611,10.9721,13.7431,15.6031,15.7451,15.1381,14.6621,14.3861,14.2941,14.2871,14.1811,13.1931,10.5671,8.0671,7.4581,7.7581,7.9811,8.0601,8.0411,7.9891,8.0291,8.6561,10.3101,11.5341,10.8821,9.7421,9.5111,9.7971,10.1581,10.6011,11.1701,11.5281,11.2261,9.9541,7.4411,5.4431,5.7311,7.1081,8.4281,9.6451,10.7331,10.8881,9.2191,6.9661
NOX_ICAD,2021-09-29,1866,False,0,3.7529,6.3349,9.4819,11.6179,13.1779,14.9409,18.9119,26.9949,34.8689,38.1479,38.7069,38.4039,38.1499,38.3529,37.2469,32.8889,27.0449,21.5169,17.5569,16.4039,16.6429,16.9939,16.8449,15.7279,14.3699,13.4319,12.4619,11.0619,10.3419,11.5219,13.6099,15.4839,15.6589,12.6929,9.1789,7.6349,7.1779,6.7499,5.4679,2.6939,0.7929,1.9909,2.9319,0.3459,-2.4441,-1.9031,0.5799,3.4889,5.5819,5.7419
NOX_ICAD,2021-09-29,1965,False,1,0.34892,1.66392,3.18992,4.45392,8.23792,17.5669,28.6299,37.5729,43.6329,45.9999,46.2249,45.3379,43.1739,39.3989,36.4089,36.6519,38.5669,40.6219,42.1279,42.4019,41.0539,37.3749,31.6849,24.2559,18.0749,16.1739,16.6569,17.7419,18.4829,18.1639,17.3039,16.3549,15.2429,13.9729,13.9019,16.4419,19.6119,21.4149,21.8909,21.1279,20.1219,19.9189,21.4449,25.5289,29.0819,29.0739,27.7949,27.5509,27.9439,28.4359
NOX_ICAD,2021-09-29,2166,False,0,34.2454,45.8154,50.2154,51.9414,55.5054,60.9214,67.9044,75.1534,81.3584,85.6294,86.9294,86.7744,86.3514,85.2454,82.7644,79.5104,75.9914,72.3764,68.8314,66.0304,64.6144,63.0284,59.7374,55.8414,52.5304,50.0594,48.6784,47.8224,47.0684,46.6074,46.6314,46.1154,43.9414,40.7104,37.0804,34.4614,34.1624,34.1264,32.3834,30.3164,29.4254,29.1844,29.0654,29.2854,30.0474,30.0594,27.9754,25.1074,22.8244,21.7334
NOX_ICAD,2021-09-29,2205,False,-2,5.8575,4.7805,4.4115,4.2845,4.0725,5.0035,8.6425,14.7345,23.0045,29.9795,32.1815,31.9265,31.2505,29.6705,26.4605,23.7745,23.7175,24.1755,23.0555,21.5505,20.9835,20.9435,20.8705,19.9985,17.6885,15.8365,16.3265,17.4825,17.6185,17.1655,16.6435,16.1705,15.8745,16.2955,17.8785,18.6965,16.9305,15.3045,16.4695,17.8265,16.6855,14.6965,13.6125,13.1805,13.0525,13.0455,12.9265,11.7955,8.8155,6.2065
NOX_ICAD,2021-09-29,2256,False,1,36.3395,35.0395,35.4365,39.1985,44.4345,49.4655,54.5045,59.8135,64.0315,65.6335,65.9125,65.9035,64.9145,62.0875,59.2475,58.2055,58.0245,57.7535,57.3785,57.0255,56.9525,57.2475,56.2565,52.3325,48.1635,46.3695,45.3205,43.2855,40.6735,38.0195,35.6015,33.6685,32.0925,30.7435,29.1765,27.0015,24.9245,23.7105,23.1625,23.0685,22.7265,21.5015,20.1455,19.4205,19.0415,18.6545,17.8605,16.2735,14.4435,12.8695
NOX_ICAD,2021-09-29,2288,False,-2,233.676,283.029,332.381,381.734,431.086,480.438,529.791,579.143,628.495,673.805,686.773,636.587,566.296,515.796,472.388,421.119,371.882,336.36,308.015,281.041,257.851,242.23,230.393,219.082,208.19,198.282,189.959,184.082,179.866,176.837,174.695,173.437,172.889,172.903,172.245,169.773,167.321,166.763,167.214,167.709,167.545,166.131,164.601,164.173,165.092,167.578,169.979,170.571,169.247,165.755
NOX_ICAD,2021-09-29,2328,False,3,82.9832,86.9682,90.5292,97.1592,104.188,108.682,111.52,113.589,115.36,116.99,117.791,116.878,114.7,111.61,108.603,106.577,105.07,103.509,100.992,96.6282,91.8252,87.6912,82.1342,73.0802,64.6202,60.9852,59.8832,59.2532,59.8662,62.7602,65.2632,64.6562,62.4152,59.9702,57.5252,55.0962,52.7962,50.7522,48.8362,46.9362,45.0362,43.1362,41.2372,39.3372,37.4372,35.5372,33.6382,31.7382,29.8382,27.9382
NOX_ICAD,2021-09-29,2367,False,1,2.71776,6.66676,12.4538,18.5018,24.8008,31.9568,42.1908,57.9558,75.3108,89.8898,97.9928,95.5468,88.5198,82.1528,76.4438,70.7528,64.5458,57.3678,50.1418,43.8848,38.9028,35.6598,33.7328,32.8888,32.3058,31.2948,30.0388,28.7238,27.1918,25.3068,23.8838,23.7898,24.3378,24.8598,25.0618,24.6968,24.0518,23.3648,22.6218,21.8598,21.7868,23.1028,24.4028,24.2788,23.3948,22.3848,21.1238,19.3088,16.8218,13.5488
NOX_ICAD,2021-09-29,2390,False,1,2.05532,3.56632,6.49432,9.28132,11.9003,14.5273,17.3923,20.7493,24.4623,28.2263,30.3753,29.0453,25.7793,21.9993,18.8833,17.4723,16.9263,16.4343,15.5063,13.7903,12.2933,12.0403,12.3543,12.6153,13.0753,14.0943,15.3993,16.6163,16.8503,15.1833,13.0443,11.8323,11.3263,11.2893,11.5693,12.1113,12.7113,13.1973,13.6193,13.9103,13.2113,10.5693,7.21132,4.32932,2.13332,0.88832,0.77932,2.08832,3.47332,3.65632
NOX_ICAD,2021-09-29,2395,False,8,39.3377,42.6977,46.1507,49.6587,53.2177,56.3617,58.6027,60.6097,62.9227,64.6387,64.7137,63.9167,62.9337,61.9117,60.7867,58.8837,55.3907,50.8297,45.6507,40.6367,36.5167,32.9947,29.8107,26.7677,23.6717,20.0057,15.4707,12.5307,13.7817,16.6877,18.6727,18.7487,16.0677,12.8197,11.0607,10.1347,9.28768,8.24468,6.91468,6.20068,7.01668,8.07668,8.06768,7.20568,5.76668,4.55868,4.34668,4.65068,5.01568,5.35168
NOX_ICAD,2021-09-29,2408,False,8,19.2104,17.6914,17.4684,17.9814,18.5864,19.1914,19.7964,20.4024,21.0074,21.6124,22.1254,21.9064,20.2214,17.8044,15.3694,13.5324,12.8614,12.5444,11.7984,10.6794,9.41536,9.18436,11.1394,13.2784,13.6034,12.9494,12.1984,11.6544,11.5314,11.6864,12.0694,12.9984,14.7614,15.9854,15.2894,13.9884,13.3784,13.1784,12.9954,12.5474,11.6804,11.4684,12.8624,13.5414,11.1954,8.23636,7.11636,7.01836,6.99836,6.57836
NOX_ICAD,2021-09-29,2411,False,0,30.7711,54.5901,77.5281,94.9441,102.255,104.546,106.673,112.514,125.241,137.341,140.722,135.733,122.443,107.503,96.8801,89.1441,82.7261,76.8181,71.1371,66.7651,64.8391,62.8361,58.3991,53.9761,52.1511,51.4931,50.5461,49.3661,48.1681,47.0541,46.2221,46.3861,48.1001,48.4621,44.5741,39.7381,37.2511,36.0811,34.9501,32.8111,28.7451,24.3611,21.3161,19.6331,19.3411,19.4031,18.9131,18.1061,17.4051,17.8691
NOX_ICAD,2021-09-29,2412,False,3,35.4587,38.1467,38.3757,38.7347,41.7177,45.2967,47.3317,48.3707,48.9977,49.3297,49.3407,49.2017,48.8727,47.1817,42.8977,38.3067,35.6617,34.1367,32.8707,31.6687,30.4747,29.2797,28.0857,26.8917,25.6977,24.5027,23.3087,22.1147,20.9137,19.6597,18.2397,16.2957,13.5607,11.5967,11.9967,13.1307,13.3997,13.1597,12.8887,12.8817,13.3657,13.8087,13.6407,12.8777,11.4657,9.52972,7.21872,5.65872,6.03472,7.39472
NOX_ICAD,2021-09-29,2416,False,7,13.5767,14.0347,16.7727,19.2257,18.8727,17.6547,17.6237,18.7757,20.9587,22.7987,22.9627,22.2547,21.4347,20.6147,19.7937,18.9737,18.1527,17.3327,16.5117,15.6907,14.8707,14.0497,13.2297,12.4087,11.6477,11.3647,12.0217,13.0377,13.9287,15.1067,16.9937,18.5927,18.8577,18.4307,17.9157,17.4017,16.8437,15.9337,14.3647,12.7807,11.8377,11.3047,11.0017,11.1107,11.9067,13.0417,14.1547,14.7587,14.3497,13.4907
NOX_ICAD,2021-09-29,2420,False,1,13.181,14.842,17.684,20.631,22.715,24.332,25.835,26.893,27.094,27.121,27.48,26.878,24.023,21.338,21.282,22.473,23.397,23.124,20.75,17.336,13.878,11.119,9.71698,8.70698,7.22798,5.87298,5.36398,5.47598,6.02298,6.75998,7.48598,7.92898,7.77798,7.14098,6.25198,6.66798,9.90898,13.335,14.305,13.97,13.51,13.07,12.633,12.195,11.757,11.32,10.98,11.423,13.391,15.806
NOX_ICAD,2021-09-29,2436,False,3,35.5807,40.2017,45.2817,47.9127,49.2087,50.3487,51.5867,53.0167,54.5447,55.9597,56.3857,54.7637,51.5947,47.2357,42.6987,38.9417,36.2757,34.9717,33.5157,30.5057,27.2907,25.2737,23.8537,22.3927,20.8697,19.3377,17.7897,16.2547,15.0517,14.4557,13.5277,11.3337,8.87966,7.20066,6.11566,5.49066,5.52566,6.55466,8.06966,9.47966,9.56366,7.16666,4.80866,4.94766,5.94766,6.12066,5.83766,5.47366,4.27766,1.49266
NOX_ICAD,2021-09-29,2440,False,1,0.17206,0.01206,0.44506,5.47706,21.6881,58.3301,127.378,213.61,301.88,370.325,394.892,384.745,345.969,302.388,274.959,259.315,250.869,245.476,240.693,237.735,238.596,242.631,249.632,258.335,267.643,275.103,278.039,277.454,273.744,267.018,257,247.438,241.898,237.919,233.022,227.531,221.929,216.029,209.485,202.238,194.327,187.477,183.482,180.745,177.961,176.434,177.274,175.301,165.068,151.455
NOX_ICAD,2021-09-29,2459,False,0,-1.60672,-1.57772,-0.74072,0.27728,1.93428,5.23128,12.0503,24.3923,37.0373,44.5323,46.6383,42.9763,37.8973,35.2393,33.8543,32.4063,30.8393,29.2953,28.0483,27.3693,26.7633,25.7743,24.8013,24.3453,24.6373,25.9193,27.3003,27.9573,28.4213,29.2623,30.3173,31.4553,33.0553,35.4723,37.5273,38.1103,38.7803,41.0373,43.1703,43.3203,42.2183,40.5913,39.0593,38.1213,37.4953,36.9113,36.3573,35.8583,35.3663,34.7613
NOX_ICAD,2021-09-29,2462,False,5,4.73066,6.65866,13.7807,31.0497,51.5677,68.2867,78.5967,79.9637,78.6867,80.1957,81.1527,77.6997,72.7527,69.2687,66.7007,64.3227,61.9827,59.6477,57.3137,54.9787,52.6437,50.3097,47.9747,45.6097,42.9967,39.8887,36.5327,33.2117,30.4077,28.7857,28.8577,31.2707,34.2547,36.1747,37.4887,38.5767,38.4617,35.9407,32.2157,28.4297,25.3577,23.7447,23.1057,22.9597,22.1537,19.7217,17.8427,18.6527,19.7887,18.9057
NOX_ICAD,2021-09-30,0,False,1,3.9388,4.3518,5.1788,6.1298,7.6678,10.3808,13.6808,17.1078,20.9638,25.4458,28.5058,27.9848,26.1208,24.9848,23.9198,22.0308,19.5868,16.9338,14.8328,14.0558,13.9498,13.9268,13.9048,13.8818,13.8598,13.8368,13.8148,13.7918,13.7698,13.7738,13.9918,14.6078,15.1928,15.2448,14.4968,12.7408,11.4908,12.2088,13.3108,13.2148,12.6378,12.3728,12.3048,12.2618,12.2188,12.1268,11.6388,10.4908,9.9918,11.4468
NOX_ICAD,2021-09-30,8,False,-1,2.38258,2.78358,4.60658,8.09658,12.3816,17.1186,24.6736,37.5616,50.8356,59.3086,63.0146,61.7466,58.1436,54.2486,50.3526,46.4576,42.5626,38.6676,34.7726,30.8776,26.9826,23.1716,20.0386,18.2586,17.1556,16.1346,15.0886,13.9946,12.8756,11.7546,10.6326,9.51058,8.38958,7.26758,6.14558,5.05458,4.20758,3.84858,3.73358,3.69158,3.99458,4.89058,5.35358,4.36458,3.08658,2.68758,2.77758,2.95358,3.33358,4.08058
NOX_ICAD,2021-09-30,9,False,-2,2.94422,2.84822,2.72822,3.04322,4.31722,6.75022,10.7262,15.7442,21.2642,25.3092,25.8562,24.9982,24.6222,24.0292,22.3342,20.5102,19.5642,19.0942,18.7302,18.7352,19.4592,20.3922,20.9972,20.9952,20.1062,19.0112,18.3002,17.4592,16.0072,14.9812,15.5012,16.8182,18.1162,18.4732,17.0182,15.1972,14.3402,13.4682,11.6262,10.2982,11.0392,12.3272,12.6352,12.3852,12.0652,11.7442,11.4242,11.1042,10.7842,10.4632
NOX_ICAD,2021-09-30,23,False,6,33.9754,35.4894,37.8914,41.0814,44.0784,45.8294,46.1144,44.7484,43.8844,45.4474,46.6704,44.7624,42.1444,41.3194,41.4984,41.6294,40.3744,36.4194,31.6384,27.7844,24.3714,20.8874,18.0584,16.8094,16.7214,17.4294,17.9014,17.1704,15.7944,14.2984,12.7804,11.2924,10.0684,9.40942,9.31042,9.75042,9.80242,8.54842,6.83442,5.52942,4.81642,4.85942,5.21442,5.50242,5.69242,5.79242,5.84942,5.82542,5.19642,3.44442
NOX_ICAD,2021-09-30,31,False,2,13.2063,13.2593,12.0623,12.3913,17.0973,23.3103,28.1473,31.3883,32.9003,33.5953,34.0543,33.4373,30.9313,29.4353,31.7353,34.1883,33.1423,31.0123,30.1933,29.0843,25.9153,22.4893,20.7143,20.0693,20.0303,20.2413,20.4853,20.7493,20.9863,20.6843,19.3673,18.2973,18.6893,19.2463,18.6113,17.2173,15.5893,14.5133,14.6623,14.6573,13.1623,11.4353,10.7893,10.7373,10.7583,10.7793,10.8013,10.8223,10.9283,11.7153
NOX_ICAD,2021-09-30,36,False,1,3.40804,4.96804,4.67104,6.41904,14.352,23.822,30.222,34.883,39.306,43.565,47.099,47.289,41.24,33.162,27.17,23.749,23.278,23.967,24.287,24.116,23.447,22.548,21.627,20.709,19.853,19.486,19.962,19.833,17.748,15.952,16.771,18.827,20.609,21.013,19,16.262,14.446,13.662,13.992,14.848,15.726,16.264,16.144,15.879,15.981,16.402,16.981,16.793,14.881,12.404
NOX_ICAD,2021-09-30,37,False,5,19.4992,20.0062,19.6182,19.1592,19.0302,19.5532,20.3492,21.1242,22.2792,24.1622,25.3812,24.5002,22.8952,21.9062,21.2932,20.7162,20.0522,19.2532,18.6822,18.6282,18.0542,15.8932,13.2702,11.2902,9.68322,8.26922,8.01722,9.95322,11.9532,11.9562,11.2922,11.3082,11.3692,10.7372,9.93622,9.52722,9.33922,9.14122,8.64822,7.56622,6.19022,4.90922,4.68622,6.48622,8.59822,9.32722,9.13222,8.54222,8.21522,8.74822
NOX_ICAD,2021-09-30,39,False,0,2.43292,2.01092,1.81692,2.14692,3.24792,5.45692,8.14892,10.7269,12.7389,13.7139,14.0279,13.9689,13.7539,13.5119,13.1989,12.7809,12.5789,12.8389,12.5499,10.7349,8.95992,8.79792,9.26992,9.39592,9.50692,10.0419,10.8029,11.5369,11.8289,11.2249,10.0899,8.75892,7.64392,7.12692,6.91592,6.76392,6.78192,7.11592,7.40692,7.29192,6.96392,6.56392,5.79992,4.45792,3.93892,5.63392,7.61892,7.95592,7.39592,6.70592
NOX_ICAD,2021-09-30,41,False,0,0.84766,0.49566,1.54166,4.45166,8.88366,14.7547,21.2897,27.9247,34.6877,41.3647,45.4167,43.9447,39.4227,34.0517,29.1277,25.7067,23.4387,22.1347,21.6467,21.9997,22.5967,22.9197,23.0797,23.2347,23.5037,23.9117,23.7047,21.9967,19.1367,15.4557,12.2377,10.8037,10.8187,11.9237,12.3637,10.4967,8.06066,6.79666,6.19566,5.67966,5.17866,4.74066,4.57266,4.89666,5.31766,5.45966,5.47066,5.45866,5.01966,3.74866
NOX_ICAD,2021-09-30,42,False,2,5.4895,6.6455,6.6175,6.1175,5.9195,6.4345,8.0885,10.3225,12.5775,14.1165,14.1875,13.5655,12.9425,12.3655,11.6715,10.0045,6.7235,5.1365,8.5235,12.6605,13.3185,12.2325,11.2335,10.2675,9.1365,8.6255,9.5175,10.3725,9.7755,8.7575,8.3935,8.4065,8.4655,8.5255,8.5555,8.3525,7.6365,6.3305,4.4305,3.3775,4.6085,6.4185,7.0525,6.4665,4.7005,3.0385,2.6745,2.8195,2.6745,2.3405
NOX_ICAD,2021-09-30,51,False,0,11.0583,13.9423,16.3803,18.8673,22.1993,27.2653,33.5263,40.5063,47.1533,52.1843,54.2023,51.4273,45.9113,39.4643,34.0613,31.5033,30.3053,29.0983,27.7963,26.5603,25.9503,26.4013,25.9373,22.6933,19.6793,19.8353,20.3453,18.4083,16.3793,16.7213,17.5833,16.9933,15.5203,13.7903,11.9833,10.1933,8.62628,7.55228,7.09028,7.42828,8.11128,8.75728,9.35928,9.97528,10.7453,11.7793,12.6053,12.7363,12.5963,12.5543
NOX_ICAD,2021-09-30,53,False,1,54.8149,70.1729,90.5259,111.009,126.776,140.019,153.057,166.983,182.181,194.237,198.289,197.858,195.618,189.746,177.393,161.304,144.071,129.258,120.333,114.387,108.687,101.981,93.3059,83.9499,75.2289,67.7219,62.0339,57.2349,52.5469,47.8599,43.2339,39.1039,35.7969,31.6429,25.1639,19.7039,18.6999,19.2529,18.4899,16.9219,15.2949,13.9999,13.3769,13.1629,13.0469,12.2109,9.94386,8.11086,8.60386,10.0449
NOX_ICAD,2021-09-30,62,False,4,23.3994,24.9324,26.4654,27.9594,29.1424,29.7234,30.1614,30.8954,31.7984,32.6624,33.0564,32.3654,30.0604,25.7164,22.6634,24.0934,26.0444,24.6034,22.2614,21.6364,21.5224,20.5374,19.0544,17.5094,15.9644,14.4164,12.8464,11.2634,9.89936,9.05736,8.78036,9.17836,9.84736,10.4514,11.0084,11.3924,10.3444,6.65136,3.36836,3.60136,5.68136,7.82936,8.66636,6.95436,4.50136,3.05436,2.40136,2.26736,2.35836,2.47736
NOX_ICAD,2021-09-30,66,False,-3,2.36596,4.07496,5.51096,6.37896,6.52596,7.26296,9.88696,12.97,15.089,16.664,18.01,18.068,15.567,11.929,8.63296,7.10396,8.71896,11.083,11.808,10.813,8.19896,6.29696,7.32596,9.17096,9.71096,9.50096,9.14996,8.42396,7.05396,6.15796,6.78396,7.23096,5.81596,4.05596,3.55896,3.96196,4.87396,5.90696,6.67496,6.55096,4.92996,3.36996,3.42096,4.32796,5.19996,4.92996,2.50996,0.00096,-0.54904,-0.04704
NOX_ICAD,2021-09-30,71,False,1,2.21546,3.83446,6.49846,10.6735,21.8905,47.2245,83.8935,130.167,177.828,217.802,239.596,231.337,210.614,193.063,178.034,163.194,147.344,129.793,113.782,102.825,95.0675,89.0065,84.2315,80.8015,77.9095,74.8465,71.2715,66.9005,62.4465,58.7015,56.0815,55.0905,54.8935,54.7505,54.2445,52.9435,50.7265,47.3525,43.3525,39.3225,36.7175,36.9435,37.4245,35.7575,34.0525,34.4855,35.1895,34.1745,32.2265,30.2155
NOX_ICAD,2021-09-30,73,False,1,2.57646,4.58846,15.4975,42.7565,78.1415,141.443,419.944,1117.57,1940.19,2580.5,2900.05,2750.96,2401.22,2082.97,1798.92,1530.08,1288.5,1096.83,956.037,873.981,819.859,769.087,717.191,663.009,607.404,551.168,495.502,441.827,391.35,346.135,307.193,276.951,254.813,241.488,232.324,223.506,213.3,200.492,187.711,177.524,168.237,158.087,147.349,136.462,126.009,116.597,107.973,100.252,95.0395,94.2275
NOX_ICAD,2021-09-30,74,False,2,4.66738,9.15138,16.1514,22.8064,29.1094,35.5364,43.3074,53.5414,63.3354,69.3994,71.0464,67.4114,62.7764,60.9834,60.0914,57.8604,54.2604,49.3824,44.5564,41.0324,38.1994,35.4114,32.2994,28.6704,25.7684,24.8124,23.9674,21.4564,18.6674,17.0854,16.1654,15.3274,14.4894,13.7134,13.4274,14.1204,15.3034,16.5474,17.7924,19.0364,20.2804,21.4474,21.9934,21.2984,19.9914,18.7734,18.7464,20.9934,23.6994,25.0334
NOX_ICAD,2021-09-30,114,False,-2,-1.17608,0.43992,1.90592,2.88692,3.28492,3.96992,5.91492,9.17192,13.7389,17.5449,18.5049,17.9979,17.2369,15.9189,13.5959,11.5929,11.2429,11.5169,11.3999,11.0479,10.6789,10.1639,9.40192,9.10192,9.96192,10.8879,10.7819,10.1809,9.63992,9.16392,8.66992,7.97192,6.91292,6.01592,5.82692,6.00292,6.17392,5.95492,5.04092,4.39092,4.98592,6.12092,7.05392,7.40992,6.82392,5.77392,4.69992,3.89792,3.65592,3.83192
NOX_ICAD,2021-09-30,135,False,0,18.4112,38.7012,62.9512,83.8092,102.594,121.145,139.898,158.623,174.114,182.349,183.893,178.611,170.987,164.901,160.681,158.575,158.166,159.318,160.85,161.747,162.281,162.734,162.911,162.227,158.822,150.69,141.693,135.655,132.018,130.077,127.843,123.419,117.339,110.125,103.083,97.4032,92.4382,87.4972,82.0362,75.5852,69.0282,63.3332,58.8552,56.0472,54.1382,52.5372,51.1652,49.9172,47.5612,42.9332
NOX_ICAD,2021-09-30,162,False,0,19.4484,58.4784,137.437,223.05,282.526,321.441,345.375,362.69,378.682,390.708,393.348,380.401,343.925,297.507,253.497,215.195,185.36,161.158,140.853,123.67,109.887,98.9204,90.7354,83.8474,77.1064,70.2534,63.1354,55.5924,47.6244,41.0674,37.8884,36.1794,34.1774,31.9204,29.6324,27.3434,25.0554,22.7664,20.4784,18.1894,15.9014,13.6134,11.3244,9.03644,6.71444,4.12244,1.13844,-0.95356,-0.75656,0.60244
NOX_ICAD,2021-09-30,166,False,1,5.7596,10.9436,17.8646,25.2776,32.4116,38.7526,45.4186,53.4796,61.4346,67.4736,70.7146,70.0066,67.2626,64.0266,60.6656,57.2016,53.0426,47.5946,42.2666,38.4426,35.1136,31.2656,27.2596,23.6236,20.8456,19.3846,17.8756,15.0846,12.4756,11.6556,12.0346,13.0796,14.3996,15.6736,16.3096,15.7096,14.7996,14.4726,14.5296,14.6556,14.1446,12.3696,10.8156,10.9806,11.8776,12.5086,12.8186,12.8296,12.7026,12.4186
NOX_ICAD,2021-09-30,702,False,1,14.6174,14.4334,13.0294,9.39344,6.21444,6.27144,8.26944,10.9964,13.9034,16.5164,17.7584,16.4444,14.0734,12.0774,10.9044,10.9484,11.5854,12.2434,12.4784,11.9044,11.1894,10.9474,10.6834,9.88544,9.10144,8.86644,8.56844,7.55944,6.25844,5.08444,3.99944,3.10344,3.63144,6.83444,10.0794,10.7244,9.86544,8.58844,7.20744,5.85044,4.50944,3.28144,3.01444,4.55144,6.04744,5.71244,4.85344,4.83244,5.29344,5.78144
NOX_ICAD,2021-09-30,1106,False,-1,38.4172,38.6142,41.1152,51.8502,103.567,234.193,403.957,572.835,698.711,739.014,736.545,728.258,716.202,697.386,681.015,674.814,660.533,618.924,566.871,521.216,483.282,453.02,422.196,383.031,339.765,297.546,263.144,243.753,231.846,220.725,208.403,193.778,178.75,165.618,156.886,155.046,153.519,145.721,133.445,118.514,103.464,90.4852,79.1952,69.4862,62.0902,58.1652,55.9352,53.8262,50.9822,46.7462
NOX_ICAD,2021-09-30,1144,False,4,23.7668,35.5198,46.0528,53.7998,57.1738,58.4008,59.5168,61.8798,66.5298,70.7628,71.7898,70.8728,69.2328,67.6758,66.8088,66.3038,65.8208,65.1448,63.8978,60.9468,55.1548,49.5108,46.9958,46.1388,45.2718,42.6678,36.7688,30.5708,27.0298,24.9278,22.9708,20.7348,17.9788,15.2408,13.0938,11.5408,10.6228,10.0038,9.4038,8.6568,7.6798,7.0748,7.4858,8.3668,9.1668,9.5368,9.1368,8.3548,7.5518,6.9608
NOX_ICAD,2021-09-30,1299,False,1,0.32756,-0.23844,0.51656,4.41856,13.6726,31.2646,53.7726,77.8956,97.5976,106.463,107.362,102.121,92.9296,81.1646,70.8686,65.9356,63.7636,62.0256,60.9886,61.3206,62.0606,62.1416,60.6636,56.7726,52.8246,51.0006,49.3196,45.8286,42.5956,41.6856,40.5956,36.7956,32.5256,30.1346,28.7766,27.4496,25.3416,21.6996,17.5156,13.8166,11.1646,10.1126,9.51756,8.42756,7.81756,8.78656,10.2696,11.2256,11.8666,12.3576
NOX_ICAD,2021-09-30,1313,False,0,0.29138,1.73138,2.69038,4.33338,8.10238,12.9604,18.8304,31.7074,57.6134,82.6384,92.1264,88.6244,74.3194,58.0204,47.4864,41.5384,39.2134,40.5914,46.3594,52.3724,54.7014,55.0494,55.1804,55.5684,56.4184,57.1364,57.0654,56.2284,54.4984,51.6804,47.4814,43.2814,40.4114,38.2374,36.1424,34.1694,32.4854,31.0904,30.0204,29.1024,28.2984,28.2484,29.6774,31.6234,33.1924,34.5244,35.7584,36.4304,36.0934,36.0824
NOX_ICAD,2021-09-30,1443,False,1,25.5483,24.1853,23.6333,23.5913,26.8073,39.5503,79.6023,166.609,265.222,338.631,373.036,352.889,307.179,261.345,226.127,210.27,204.032,199.182,195.824,195.071,192.791,184.463,171.52,155.125,138.087,122.799,108.784,95.8623,85.9673,81.5323,79.8083,78.3883,76.6893,74.4233,71.7823,68.6603,63.4043,54.2333,44.4343,37.4343,33.7143,33.6733,33.5933,30.0173,25.2413,21.6473,18.7633,16.0563,14.0563,13.4443
NOX_ICAD,2021-09-30,1444,False,0,43.5177,46.5157,49.5507,52.2267,54.1837,55.7807,57.3337,58.8857,60.4387,61.9917,63.3857,63.5107,61.0477,56.9207,51.8407,46.3637,40.9437,36.3717,33.3677,30.1947,25.2337,20.4007,17.6797,15.6897,13.1117,10.8717,10.0737,9.93166,9.69066,9.35366,9.01566,8.76566,8.63666,8.15966,6.85666,5.40766,4.54766,4.44566,5.34466,6.96366,9.08566,10.9527,11.8357,12.2107,12.6167,13.7837,16.3827,19.0297,20.2937,20.3987
NOX_ICAD,2021-09-30,1638,False,0,32.1243,69.1723,108.747,130.998,143.841,155.507,167.174,178.697,189.07,196.64,199.04,193.01,181.001,164.451,144.963,123.743,105.329,94.3623,87.1813,80.3283,72.3113,62.2253,53.0263,47.7843,44.5933,41.6043,38.1733,33.9783,30.2903,28.4293,27.4203,26.2103,23.9063,19.7753,16.0953,14.9933,13.8113,9.97532,6.34732,5.99932,7.38732,8.90232,9.70632,9.05532,7.45932,5.42732,4.11932,4.56932,4.95832,3.56532
NOX_ICAD,2021-09-30,1704,False,0,17.3522,19.5452,25.7212,46.5652,94.0042,149.351,195.042,235.055,273.523,305.311,322.544,323.539,304.688,277.147,250.147,224.015,198.053,172.578,148.323,126.505,108.904,95.2812,85.9572,78.6622,71.6242,64.6212,57.6542,50.4382,42.8342,36.3792,32.6122,29.1262,23.6942,18.5612,16.1882,15.2702,14.5512,13.9112,13.4222,13.0092,12.5962,12.1032,11.4512,10.7152,9.9892,9.5002,9.4282,9.0642,7.6682,5.7762
NOX_ICAD,2021-09-30,1719,False,1,4.67154,5.10454,5.47954,5.19854,3.95554,4.87354,13.7345,44.5195,111.263,176.258,200.511,192.515,159.961,122.735,97.9405,83.1585,75.7925,71.7145,68.0275,64.1765,59.9315,54.9865,49.0775,43.6565,40.1735,37.3735,34.0675,30.7975,28.1115,24.7845,19.7125,15.5505,15.1145,16.6055,18.0945,17.6475,13.5555,9.34054,8.41854,8.57154,7.59354,6.85754,7.94154,9.59454,10.4035,9.67654,6.81554,4.11454,3.83854,4.84554
NOX_ICAD,2021-09-30,1737,False,1,48.9356,93.6956,141.427,190.006,238.875,289.217,341.289,385.105,409.324,421.228,425.465,416.873,388.165,354.774,331.316,314.14,299.307,286.846,277.773,270.351,262.917,253.743,240.606,221.856,195.377,166.891,142.177,123.526,113.473,107.364,101.328,95.4766,90.4706,85.9036,81.4436,77.3926,74.1626,71.3436,68.6726,66.7806,66.4366,66.7956,66.9696,66.0316,63.0116,58.9566,54.7916,50.7736,47.1046,44.0176
NOX_ICAD,2021-09-30,1819,False,1,8.25806,7.64106,7.65506,8.84206,10.6131,12.4391,14.1201,15.5351,16.9981,18.6791,19.3451,17.7251,15.7641,15.3431,15.4331,14.8821,13.6741,11.8931,10.3931,10.0201,10.2301,10.5111,10.7731,10.9141,10.3621,8.63106,7.60906,9.14406,11.0391,11.1501,10.9511,11.9601,12.9341,12.5041,11.3851,10.3571,9.89706,10.4551,11.5201,12.4931,12.2321,9.72806,7.80106,9.11406,10.3831,8.43206,6.75306,8.91306,11.7121,11.7111
NOX_ICAD,2021-09-30,1824,False,7,21.2502,20.2182,19.3112,18.5802,18.2102,18.0952,18.3332,20.0362,24.2992,28.1662,28.6712,27.6702,26.9622,26.2292,24.9932,23.9872,24.0052,24.5552,25.1962,26.0342,27.1512,27.5322,26.1152,24.1222,22.7462,21.8702,21.3292,20.9752,20.7302,20.5312,20.3562,20.3392,20.7062,21.7862,23.8522,25.3002,24.5102,22.8872,21.8322,21.3592,21.3222,20.8212,19.0532,17.4872,17.6462,18.7122,19.7282,19.4292,16.6002,13.2362
NOX_ICAD,2021-09-30,1954,False,0,18.7698,26.6818,33.9768,39.4068,43.8828,48.2428,52.6348,57.0888,61.5748,65.8248,68.1668,66.6898,63.3038,59.5118,54.3838,46.7308,38.9068,33.3128,29.3968,26.6848,24.7668,23.4828,22.5248,21.6988,20.9878,20.4228,19.9288,19.4048,18.5628,17.1818,16.2568,16.6578,16.4008,13.5958,11.1098,11.8238,13.3208,13.1618,12.5218,12.6958,13.0398,12.7888,12.0498,10.9308,9.6418,8.4318,8.0298,9.1768,10.5828,11.0248
NOX_ICAD,2021-09-30,1959,False,0,7.79458,10.2616,25.4236,67.0046,129.476,207.519,274.513,304.045,314.334,321.769,325.624,322.258,314.848,305.431,290.481,265.35,235.297,205.336,178.945,159.449,143.64,129.054,116.833,108.847,102.962,97.3656,91.9936,87.0776,82.4516,78.1736,75.4286,75.2956,74.0396,67.8066,59.1126,50.5286,43.5026,39.3406,36.5106,33.6626,30.7176,27.8756,25.9616,25.7586,25.3356,22.8726,20.3716,19.8596,19.7676,18.4896
NOX_ICAD,2021-09-30,1965,False,-1,76.3969,143.175,207.136,242.958,264.576,286.56,316.445,359.356,397.218,411.406,413.304,411.801,395.381,350.003,296.723,255.931,224.738,200.059,181.745,171.477,166.252,163.704,159.883,151.154,139.891,128.55,119.108,113.467,109.726,106.223,102.72,99.3349,96.8949,96.3469,96.7449,97.2609,97.7769,98.0319,96.1959,90.2979,83.2649,77.9109,73.7399,70.0069,65.3989,58.6599,51.1889,44.3199,37.8479,31.6429
NOX_ICAD,2021-09-30,2138,False,2,18.6661,26.2451,35.0201,44.4381,57.7931,78.7921,101.894,121.345,135.149,140.883,141.107,137.504,132.506,127.96,124.219,121.513,119.223,116.819,114.326,111.836,109.453,107.135,103.728,97.9651,91.2171,84.6761,77.7861,69.9571,62.8561,58.2941,55.2521,52.8321,50.6431,48.4091,45.5781,41.5801,37.1921,33.1131,29.0231,24.6161,20.6891,18.1791,16.7741,16.2881,16.3141,16.5131,16.1311,14.3931,11.9721,9.64208
NOX_ICAD,2021-09-30,2413,False,0,5.1782,7.6182,12.9022,17.3312,17.3122,15.9832,16.6102,19.0872,23.0542,26.3012,26.6612,25.5302,24.2872,23.6462,23.9952,23.2292,19.3122,15.3402,14.5062,15.5432,17.0912,17.9652,17.0732,15.0902,12.6572,10.6322,9.8152,9.6152,9.4882,9.3302,9.1122,8.8642,8.6122,8.3612,8.0552,7.3252,5.8022,4.3282,3.7832,4.0082,4.8992,6.2122,7.7482,8.8922,9.0142,8.6182,8.1722,7.8522,7.7822,7.8382
NOX_ICAD,2021-09-30,2502,False,1,5.27654,5.79954,7.36254,10.2985,13.8965,17.7865,23.3495,32.0535,40.7855,46.1455,47.5065,44.0515,39.0105,35.2195,32.2875,29.7705,28.4215,29.1735,30.5115,31.0045,31.0085,30.9475,30.8535,30.7205,30.7515,31.1735,31.7915,32.4175,32.9045,33.1135,33.1835,33.2305,33.2245,33.0685,32.5055,31.2805,30.1365,29.6905,28.6595,25.7235,22.4185,20.2875,18.8065,17.4125,16.0705,14.8965,14.3165,14.7595,15.2085,14.6945
NOX_ICAD,2021-09-30,2512,False,1,2.09092,1.10692,1.91792,6.39192,13.2149,21.3709,30.0809,38.6719,45.7629,49.6149,50.0569,46.6359,42.4559,40.3809,39.7899,39.9419,39.9159,38.9119,37.3989,35.7819,33.8459,31.4069,29.7129,30.0449,30.9409,30.8079,28.8889,24.5579,20.6819,20.0189,20.2579,19.1199,17.7899,17.6459,18.1489,18.7959,19.9499,21.9349,22.9399,21.1609,18.9209,18.3699,17.4309,13.9809,10.6249,10.0439,10.4699,10.0829,9.19492,8.26692
NOX_ICAD,2021-09-30,2513,False,2,10.5666,12.5156,15.5436,17.9916,18.2326,18.1556,19.6426,21.6906,23.1806,24.0706,24.3116,23.9306,22.8376,21.4056,19.9996,19.1386,19.3226,19.6956,19.4456,18.9866,18.7656,18.6016,18.2186,17.2966,15.5406,13.9636,13.5676,13.6166,13.3776,12.9546,12.4906,11.8746,11.0366,10.6776,11.4626,12.1166,11.3536,10.0196,9.02658,8.69058,9.22758,9.55458,8.66958,7.80658,8.25858,9.40958,10.5516,10.9226,9.78058,8.12358
NOX_ICAD,2021-09-30,2524,False,1,4.56322,5.02722,4.61922,3.07722,2.75822,6.11622,11.1292,15.8002,19.4342,21.3722,21.9342,21.2402,19.9662,18.5632,16.6982,14.0162,11.7382,11.1442,11.5152,12.0672,11.6882,9.39122,7.11622,6.76222,7.02822,6.56022,5.66022,4.79522,4.64522,5.93522,8.04322,10.2782,11.2852,9.85222,8.75722,10.6692,12.9422,12.8502,11.8142,11.3462,11.2592,11.2512,11.2592,11.2822,11.4092,11.7112,11.8802,11.6012,11.1702,10.7742
NOX_ICAD,2021-09-30,2530,False,2,38.0758,69.9998,111.41,148.624,168.161,178.55,187.654,195.624,201.202,204.652,205.67,203.273,195.58,182.799,164.897,148.467,139.633,132.117,119.694,106.205,95.8788,87.3108,79.1528,72.5158,68.7298,64.9518,58.5608,52.4348,49.5518,47.4648,43.6928,39.4138,36.0158,33.4788,31.8018,30.7498,30.2258,29.9408,29.5868,28.4308,25.7968,23.3548,22.7448,22.6918,21.9488,21.2158,21.2368,21.0268,19.5778,17.9578
NOX_ICAD,2021-09-30,2554,False,1,3.8992,2.2942,4.0412,14.0462,39.8332,91.0622,156.006,223.656,281.249,315.059,327.437,318.127,297.986,275.072,251.202,227.279,206.9,194.007,184.872,176.274,168.216,161.152,153.959,145.56,137.028,129.569,123.331,118.472,113.808,108.257,102.325,96.6132,91.5102,87.4192,83.8262,80.2292,76.0942,70.8382,64.6892,57.8922,51.7882,47.7952,45.3252,43.9252,42.9282,41.8542,40.7572,39.7462,38.7822,37.8312
NOX_ICAD,2021-10-01,5,False,-1,3.88808,3.30208,3.85508,6.15508,10.8181,15.3351,17.2371,17.7561,18.1021,18.4471,18.7481,18.6841,17.7301,15.1101,10.0261,5.12908,3.04608,2.45208,2.04508,1.63708,1.22908,0.82208,0.41408,0.00608,-0.30792,0.12508,2.01108,4.31808,6.03208,7.14008,7.65308,7.89208,8.09708,8.23008,8.21208,8.11908,7.93408,7.09708,5.02008,2.81408,1.63608,1.47708,2.36708,3.68108,4.88808,5.80008,6.16708,5.61708,3.77608,2.22708
NOX_ICAD,2021-10-01,6,False,0,5.29228,4.93528,4.76728,6.70228,9.57128,12.2013,14.6433,17.0623,19.4883,21.7423,22.5063,20.3953,17.7533,16.9173,17.4923,19.0063,20.3933,20.6013,19.5013,16.9313,14.2003,12.5253,11.4253,10.4753,10.1493,10.9703,11.5943,10.7193,9.56128,9.35828,9.51228,9.45628,9.93628,11.6613,12.7873,11.4913,9.87128,10.0743,11.2703,12.5393,13.3933,13.3273,12.1293,9.55528,7.13628,6.39228,6.67528,7.31828,7.68628,7.22528
NOX_ICAD,2021-10-01,8,False,1,50.3601,60.8781,71.5731,84.6431,102.532,123.371,145.141,163.327,173.112,177.511,178.694,176.679,170.594,162.762,155.137,147.738,140.358,132.899,125.2,116.749,106.957,96.6351,86.6091,77.4511,69.8431,63.6491,58.9101,54.6911,50.2171,45.5721,40.9691,36.8761,33.8041,31.2431,28.7451,26.2471,23.7501,21.2521,18.7821,16.5361,14.7081,12.8831,10.7041,8.79112,7.79512,7.05812,5.99712,5.29612,5.74112,6.77412
NOX_ICAD,2021-10-01,9,False,-1,7.45964,7.88964,8.80864,13.6666,26.7866,46.9426,72.9876,95.7366,106.081,110.029,112.842,112.97,107.973,102.244,100.166,100.679,102.73,105.569,108.543,109.709,107.079,103.276,100.801,99.1116,97.5426,96.1556,95.2236,95.2066,96.5646,97.7286,96.8616,92.9536,84.7586,74.9056,65.8536,58.4916,53.6546,50.0526,46.6776,43.8856,42.2266,40.8916,39.0606,36.5726,33.2856,29.8116,26.7426,24.1816,22.2826,20.9646
NOX_ICAD,2021-10-01,12,False,0,2.61608,2.19208,0.89408,2.41708,15.0721,65.0371,183.477,338.989,499.824,620.587,655.1,646.284,630.263,599.929,541.85,476.502,423.975,382.658,350.415,321.244,290.7,261.398,237.332,221.234,216.457,215.433,211.354,205.396,198.758,188.572,171.425,151.844,134.073,117.614,101.952,88.5741,79.4911,73.2741,68.6261,62.7441,53.2581,44.3551,40.3941,39.0311,37.9251,36.2801,33.5591,30.2911,27.0141,24.3351
NOX_ICAD,2021-10-01,17,False,0,24.254,39.292,54.816,65.587,73.79,81.789,90.725,101.257,110.492,115.202,116.248,114.045,109.531,103.08,95.751,88.339,81.149,74.464,68.467,63.43,58.86,54.426,50.616,47.991,45.494,42.103,38.35,34.907,32.444,31.661,31.455,30.89,30.637,31.406,31.909,30.788,28.819,26.791,25.132,24.196,23.504,22.569,21.207,19.294,17.612,16.914,16.404,15.276,13.805,12.337
NOX_ICAD,2021-10-01,21,False,0,3.09014,4.23514,7.25114,15.3691,28.8681,48.0211,65.2461,73.0211,75.8841,78.0391,79.4341,79.0911,76.2141,69.8161,62.6081,57.0161,51.6441,45.0141,38.5101,33.7331,30.4631,28.5921,27.5021,26.7501,25.8791,24.4991,22.8551,21.1541,19.2631,17.0811,15.4291,15.1211,14.9561,13.7261,11.9181,10.1811,9.57814,11.1351,12.9291,12.9811,11.4531,8.55714,5.84814,4.78814,4.59514,4.56114,4.92714,6.09714,7.70614,9.36814
NOX_ICAD,2021-10-01,23,False,1,7.30118,10.6862,13.6852,14.6932,14.6632,14.5252,14.5572,14.9772,15.9532,17.5352,17.9902,15.5622,12.4022,10.5752,9.22018,7.45318,6.24418,6.64018,7.17218,6.35118,4.79818,3.17718,1.73618,0.86918,1.86518,5.99918,9.81018,9.90518,8.68318,8.45418,7.85718,5.45318,3.74018,5.28918,7.80418,8.95118,9.10618,8.73518,8.14918,7.53518,6.90018,6.22418,5.53218,4.80618,3.76818,2.25418,1.65918,3.38818,5.48218,6.00518
NOX_ICAD,2021-10-01,36,False,-2,4.57378,4.73978,3.55778,2.54978,3.31578,5.36878,8.22078,10.8698,12.4028,13.3528,14.1408,14.2048,12.8548,11.0428,9.67578,8.66478,7.77378,6.17778,3.30278,2.08378,5.47678,9.74078,11.1428,10.9598,10.5788,10.1978,9.81678,9.43678,9.05578,8.67478,8.27578,7.73178,6.88378,5.77478,4.47078,3.50878,3.45778,3.94878,4.66378,5.46378,6.17078,6.05578,4.37278,2.45878,1.62978,1.44178,1.40678,1.22678,0.79378,1.24378
NOX_ICAD,2021-10-01,49,False,0,3.09836,3.76136,3.58236,3.35436,3.92436,4.92236,6.11336,8.41936,12.7664,16.7324,17.8364,17.3974,16.6774,15.9114,15.1104,14.0834,12.5694,10.5724,8.25536,7.46136,10.0424,13.1824,14.1064,13.8104,13.2554,11.8534,8.86036,5.84236,4.46336,4.68436,6.51036,8.68136,10.0204,10.4174,9.78836,9.04036,8.97936,9.09236,8.83236,8.42736,8.14036,7.92536,7.67536,7.07036,5.81536,4.67136,4.41136,4.61636,4.87836,5.14136
NOX_ICAD,2021-10-01,52,False,0,3.91476,4.46976,6.39576,10.7568,16.3258,24.0128,47.4278,101.768,167.564,224.372,257.614,251.334,222.559,185.497,149.433,121.71,100.914,86.3008,76.0228,69.2978,64.1798,59.2108,53.8278,47.7278,42.0848,38.0278,34.0048,28.6138,23.9568,22.1898,20.8028,17.3208,13.3938,10.8778,9.63776,9.54976,9.99176,10.4378,10.3868,9.41376,8.50476,8.60876,8.89276,8.46376,7.48176,6.19976,5.45176,5.99776,6.50576,5.61876
NOX_ICAD,2021-10-01,54,False,1,2.92024,2.58724,1.03224,0.41524,3.36524,10.2232,21.6132,34.3372,45.2202,52.3612,53.6652,52.1062,50.0812,47.1872,42.7352,38.8342,37.5232,36.4782,33.4002,29.9672,27.9792,26.7152,25.4152,24.1862,23.2402,22.4202,21.5742,20.6852,19.7512,18.7942,17.8832,17.3542,17.4742,17.0552,14.9352,12.6432,11.7022,11.2322,10.3342,9.42024,9.00524,8.90924,9.02924,9.76924,11.5262,12.8982,12.4442,11.0412,9.55724,8.36924
NOX_ICAD,2021-10-01,56,False,2,45.469,51.069,56.433,61.821,67.34,73.517,80.871,88.099,93.695,97.004,97.206,96.25,95.665,94.02,89.612,84.199,79.46,75.146,70.775,65.514,58.68,52.583,49.405,46.048,39.479,32.659,28.75,26.624,25.129,23.692,21.944,20.026,18.086,16.147,14.155,11.747,8.69396,6.72896,7.53696,8.39096,6.68296,4.88796,5.56396,6.88396,6.95896,6.61896,6.79096,7.08696,7.04296,6.80896
NOX_ICAD,2021-10-01,66,False,2,5.74394,6.74894,7.67394,8.10394,7.63594,7.40694,8.64694,11.1019,14.5009,17.5009,18.6459,17.6729,14.3159,11.3099,11.2339,12.0029,11.4809,10.2159,8.89294,7.86294,7.45394,7.65094,8.38694,8.43694,6.61694,4.51494,3.64294,2.84294,0.95994,-0.62006,-0.38806,0.77394,2.02094,3.24994,4.39794,4.92094,4.25094,3.41094,3.37894,3.58994,3.41994,2.97694,2.37294,1.58694,0.63694,0.28294,1.32894,2.90994,4.21194,5.32894
NOX_ICAD,2021-10-01,86,False,3,5.4109,4.8319,4.6089,5.2889,7.0789,10.2019,13.0929,14.2129,14.4029,14.4689,14.4799,14.3469,13.9169,12.9209,11.0779,8.2079,6.4259,7.7719,9.3499,8.3169,6.6289,6.3799,7.0129,7.8319,8.1829,7.4549,6.1809,4.9719,4.8289,6.7049,8.7709,9.2249,8.8699,8.5479,8.3739,8.2839,7.5599,5.5049,3.4419,2.7039,2.6739,2.7969,3.4329,5.0309,6.6009,7.1409,7.0429,6.6809,6.2109,5.8239
NOX_ICAD,2021-10-01,113,False,2,6.0072,8.2422,11.9752,15.8482,19.3352,22.0512,24.3812,26.6272,28.5832,29.8582,30.0302,28.5672,26.4832,24.6872,23.1232,21.7202,20.7932,20.7422,21.1252,21.5362,21.7392,21.4732,20.6102,18.9522,16.9542,15.0942,13.9982,14.3382,15.4082,16.4272,16.0972,13.2492,10.6822,11.2372,13.4382,15.7452,17.2502,17.1792,16.5022,16.1132,15.9072,15.6052,14.5262,12.0952,10.3332,11.2432,12.7862,12.9062,12.2252,11.5242
NOX_ICAD,2021-10-01,117,False,2,1.9678,3.9808,9.3168,14.8848,17.6368,19.0048,20.4018,21.4578,21.6008,21.5278,21.7998,21.3268,18.9368,16.0928,14.2348,12.9338,11.7678,11.1238,11.4378,11.5788,10.4668,9.2528,9.0128,8.3878,6.0028,3.6118,3.0478,3.4748,4.0638,4.6728,5.2838,5.8958,6.5068,7.1178,7.7288,8.3398,8.7888,7.9358,4.7068,1.9998,2.6798,4.4018,4.7898,4.3968,3.9788,4.1388,5.3178,5.9778,4.6558,3.3518
NOX_ICAD,2021-10-01,134,False,6,15.0868,14.4258,13.7938,14.9208,16.6728,17.9248,19.1848,21.0128,22.6228,23.1578,23.1328,22.8898,21.4558,17.8688,14.9168,15.2608,15.7768,13.3668,10.5268,9.90078,10.2948,10.4368,10.3978,10.3738,10.3388,10.2388,10.1058,10.0138,10.2788,11.2578,12.5938,13.8948,14.5578,13.9548,12.8038,11.8138,11.3788,11.8598,12.5838,12.9078,12.8948,12.6868,12.8928,14.0508,15.0048,14.5618,13.3858,12.1418,11.0928,10.5018
NOX_ICAD,2021-10-01,433,False,0,30.4257,37.0007,41.3667,40.2897,37.5507,37.1127,40.3487,48.6397,58.6857,67.2107,72.2697,71.8017,68.6157,65.0377,61.0387,56.1567,50.5267,44.2827,38.4527,34.0207,29.9717,25.3807,21.0987,18.0817,15.5437,12.7997,10.5497,9.63574,9.40174,9.32374,9.81074,11.2897,12.2337,11.2397,10.6697,12.7957,14.7337,13.4947,11.0047,9.28774,8.54574,8.82374,9.10174,8.41974,7.22474,6.07174,5.76274,6.97974,7.74574,6.17674
NOX_ICAD,2021-10-01,471,False,1,4.41324,6.54724,11.3332,21.0632,34.7692,52.0502,71.1912,90.4672,105.698,112.197,112.803,109.642,104.865,99.8152,94.1852,87.3322,79.3962,70.3932,61.0062,51.9782,44.5192,39.9882,37.0172,34.3922,31.4172,27.6262,24.1092,22.0052,20.6362,19.3222,17.7112,15.5272,13.2072,11.2792,10.3652,11.0322,11.3762,9.59024,7.52624,7.15124,8.00324,9.60224,11.3022,12.5842,13.6372,14.6002,15.0802,14.5562,13.2582,11.3992
NOX_ICAD,2021-10-01,495,False,0,2.56726,3.19026,4.94826,6.94226,8.98626,11.3273,16.0053,25.2573,36.0443,45.1483,50.4463,49.5453,44.9213,38.6273,32.7653,29.1583,27.0563,25.8163,25.0023,24.3763,23.8223,23.2463,22.4243,21.0553,19.0223,16.1543,13.1123,10.5953,9.05526,8.89626,8.51126,6.46426,4.79726,5.61226,7.12926,7.54026,7.31326,7.02126,6.85326,6.94626,7.27526,7.75426,7.60526,6.03626,4.10526,2.90126,2.57726,3.26326,4.10726,4.33826
NOX_ICAD,2021-10-01,1166,False,0,11.8761,12.8431,21.0431,47.8221,111.98,235.23,374.553,487.451,567.126,604.825,610.796,589.586,555.995,520.442,481.572,436.109,387.654,339.862,295.806,259.086,229.591,208.118,190.192,172.606,157.95,149.656,144.561,139.701,133.518,124.569,113.334,100.203,87.6851,78.2821,71.1151,65.4311,60.1411,54.4841,49.2041,45.1741,41.7861,38.4521,34.9011,31.0471,28.0141,26.9211,26.0071,23.5341,20.4431,17.7711
NOX_ICAD,2021-10-01,1223,False,-3,17.2279,16.1849,16.6229,21.3429,38.0919,76.5309,128.814,187.165,234.053,251.768,254.237,253.804,252.172,248.929,244.009,237.076,229.182,220.946,210.94,197.33,181.443,164.657,150.036,140.714,134.227,128.493,123.657,120.258,117.176,113.353,109.114,104.503,97.3399,85.3739,73.2519,65.7139,61.4239,59.0559,56.8719,53.4459,49.2369,44.8629,41.5519,40.5809,40.7869,40.8739,38.8389,32.8029,26.6219,24.1249
NOX_ICAD,2021-10-01,1352,False,2,30.1196,29.7636,29.4976,30.3326,33.2986,36.8116,39.3536,41.3186,43.1656,44.9876,46.5416,45.9696,41.2636,35.3716,30.9896,26.7566,21.2726,16.7056,15.4546,15.9116,16.5476,16.9066,16.6976,16.0986,15.2396,14.2846,13.3656,12.5566,11.9646,11.6966,11.8476,11.7776,10.9296,10.4256,11.3886,12.5816,12.7396,12.3306,11.7396,10.2656,7.15962,4.25362,3.48562,4.44962,6.66062,8.07862,6.82162,5.11762,5.17262,5.80462
NOX_ICAD,2021-10-01,1478,False,1,6.17208,5.03708,4.18908,6.06508,14.4071,33.6421,69.6801,114.887,161.466,195.861,203.941,198.249,189.734,180.631,171.349,161.223,149.739,140.04,135.588,134.542,135.46,137.79,141.487,145.818,150.45,156.86,166.139,171.705,166.146,152.175,132.01,111.611,96.5021,86.2961,80.8561,77.6311,74.4131,69.0451,59.5751,49.5511,42.5291,37.7121,34.3821,32.1971,31.1621,30.6651,30.3551,31.0091,33.5631,36.8761
NOX_ICAD,2021-10-01,1528,False,1,6.04302,5.43402,5.01302,5.01102,5.22002,5.65102,7.64602,12.749,19.27,25.396,28.991,27.848,24.728,22.129,19.941,17.815,15.784,13.916,11.944,9.70702,8.23902,8.57802,9.04402,7.95302,6.02102,4.15302,3.62702,5.71602,8.60002,10.401,10.44,8.18202,6.31502,7.41502,9.36802,10.024,9.94902,9.82402,9.72102,9.60002,9.31502,8.89902,9.89602,13.759,17.067,16.498,15.33,16.835,18.841,18.972
NOX_ICAD,2021-10-01,1592,False,0,17.6284,16.7804,16.1294,17.7874,26.6074,58.0834,131.882,236.768,360.815,456.731,476.247,456.893,431.63,397.962,348.645,300.219,269.67,251.113,238.808,226.796,210.533,193.591,179.926,169.019,160.396,152.807,145.288,137.302,128.414,119.325,110.805,103.332,97.4584,92.3674,87.2394,81.0434,72.7084,63.3154,54.0724,46.9344,43.9824,43.1234,42.2904,39.5624,33.3014,27.1694,24.7154,23.2394,20.0114,16.3964
NOX_ICAD,2021-10-01,1841,False,1,23.5785,25.0475,28.1635,31.0155,31.6695,31.1685,30.5935,30.5675,31.6325,33.1845,34.5395,34.7245,32.7715,30.3975,29.2565,28.8015,28.3255,26.9905,24.1315,21.9595,22.7305,24.7375,26.3025,27.4085,28.1735,28.7885,29.2405,28.5435,25.6455,22.3935,20.6875,20.5675,22.0515,23.7345,24.3315,24.3365,24.1275,22.7975,19.4595,16.8665,17.7845,19.9305,21.0745,21.8895,23.1455,23.9585,23.3115,21.9145,20.4585,19.2745
NOX_ICAD,2021-10-01,1981,False,2,6.78246,11.3795,17.0265,20.4145,22.5255,24.5165,26.8085,29.6965,32.8155,35.6175,36.6285,34.3615,31.7485,31.6025,32.2655,31.9935,31.3575,31.0535,30.9505,30.6785,28.8485,24.1035,19.4085,17.8055,18.3905,20.1755,21.2675,20.0415,18.7745,19.7645,21.6145,22.8175,23.1775,22.5445,21.4385,20.3655,20.0235,21.1205,22.7555,24.0945,25.2385,26.2625,26.5425,25.4625,24.6495,25.6805,27.0325,27.1315,26.5405,25.8985
NOX_ICAD,2021-10-01,1982,False,-3,9.27382,17.8968,29.7588,43.6568,57.9178,71.0148,82.0838,89.9388,94.8778,96.7378,96.9808,96.6748,96.1848,95.5878,94.3118,91.5538,87.1148,80.3848,71.0548,58.6938,47.0248,39.8268,35.6868,33.3708,31.8248,30.3378,28.5588,26.1918,23.5078,20.7368,17.9418,15.2218,13.1358,12.2828,11.8228,11.0448,10.7048,11.6188,12.6178,12.5148,11.8168,11.0418,10.2338,9.40382,8.89082,8.99982,8.89382,7.70082,5.94182,4.23282
NOX_ICAD,2021-10-01,2001,False,1,33.2508,34.4508,36.3708,38.1158,38.8518,39.6868,41.8588,45.2348,49.6208,53.4188,54.9668,54.7898,53.2608,51.1268,49.0698,48.2378,49.7858,51.9828,53.0548,52.5488,50.0418,47.0998,45.2208,44.3378,44.3458,44.4748,44.0418,43.3028,42.6458,42.9538,44.9468,45.9268,43.1698,39.2238,36.5758,34.4518,32.0728,30.8288,32.2478,34.2338,34.7278,34.3868,33.8738,32.8138,30.7738,29.1058,29.0028,28.1808,24.3858,20.4348
NOX_ICAD,2021-10-01,2171,False,-3,12.3223,12.3373,12.4143,12.9883,14.7303,18.3893,24.9033,32.4473,39.1343,43.4013,43.5323,41.4173,38.6773,36.2153,34.7173,33.7403,32.8803,32.0473,31.1463,29.6763,27.2113,25.3193,25.5843,26.5373,26.6733,25.9353,24.4053,23.2783,23.6413,24.0473,23.0813,21.9723,22.0323,22.7253,23.5003,24.2923,25.0923,25.6813,25.9703,27.2493,30.9523,35.9693,41.1963,45.4773,47.6713,48.6583,49.1823,49.5383,49.8983,50.4533
NOX_ICAD,2021-10-01,2178,False,1,56.8656,86.2066,111.259,127.246,139.979,154.964,171.777,189.123,202.739,208.072,209.235,209.537,207.119,198.585,181.902,154.519,125.708,104.292,87.4246,72.3916,59.8076,51.1776,45.1206,40.6446,36.8396,33.1926,30.1336,28.1426,25.8636,21.8846,16.8366,11.5296,7.90658,7.91658,9.01958,8.85558,8.42958,8.95058,9.99258,11.0056,11.2546,10.0566,8.72358,8.58158,9.29958,10.4676,11.1556,10.5656,10.1976,11.6016
NOX_ICAD,2021-10-01,2260,False,-1,22.4354,24.3824,25.4824,26.0644,26.4274,26.8664,28.1444,31.0314,34.2194,36.3154,36.9264,35.6454,33.9704,33.2864,33.1564,33.1324,33.4034,34.0754,33.5364,30.2464,27.2424,27.6304,29.8084,32.0404,32.9094,31.2204,29.5164,30.1824,30.9634,29.5144,27.3854,26.2114,25.5914,25.0884,24.9604,25.5854,26.5874,27.6404,28.6944,29.6584,29.8954,28.7454,27.4034,27.0594,27.4124,28.1634,29.1464,30.2094,30.6924,29.9864
NOX_ICAD,2021-10-01,2270,False,2,6.76652,11.9095,28.0175,50.1285,74.0525,98.5425,122.452,141.148,149.418,152.474,154.259,151.085,138.078,120.793,104.543,91.3055,82.9445,77.9065,75.0265,72.2355,67.8805,63.5545,60.9715,59.3165,57.8325,56.7855,56.5305,56.0445,54.3615,52.6665,52.1415,51.7965,50.5595,48.6905,46.4935,44.4875,43.1545,42.1675,41.5305,43.3545,50.1135,59.4675,69.0725,76.1945,77.9385,75.7745,70.5145,62.4535,51.6225,42.6065
NOX_ICAD,2021-10-01,2287,False,0,6.06884,12.8548,23.8848,37.3458,51.8538,66.7568,81.9258,98.8268,118.644,135.809,143.963,144.047,136.312,125.717,116.535,109.925,107.063,107.158,109.891,113.835,117.787,120.582,121.017,119.912,117.996,116.506,116.38,115.418,111.445,107.241,105.737,106.256,108.172,110.697,113.107,113.977,111.541,105.74,96.1938,85.6248,76.5678,69.3708,64.3658,60.2558,56.0688,52.6088,50.9018,50.0818,49.4168,49.1088
NOX_ICAD,2021-10-01,2524,False,-1,55.9327,73.8317,85.4877,89.3347,89.4327,89.8767,96.8367,116.849,143.54,169.997,185.63,179.249,161.406,141.408,122.269,106.031,93.4867,85.8327,80.5397,75.2857,67.9737,56.7947,45.5377,38.1327,33.9167,32.1827,30.1847,25.5377,20.6097,17.8127,15.6577,12.6667,10.0287,9.1247,9.1237,9.1937,8.9357,8.0777,7.3497,7.4877,8.0087,8.4327,8.7337,8.8517,8.3167,6.7027,5.5697,6.5317,8.5777,10.6007
NOX_ICAD,2021-10-01,2536,False,1,46.8832,58.0232,69.3702,83.5402,103.001,122.441,137.154,153.896,179.146,202.183,210.896,206.459,189.464,170.024,157.059,147.712,138.914,130.898,124.901,123.334,128.869,135.713,138.198,137.261,133.622,126.951,116.396,105.064,95.8332,87.7742,79.8502,71.8302,63.6482,55.6022,48.0912,41.4702,36.2072,31.7112,27.5262,23.5112,19.7192,16.6872,15.0582,14.1282,13.2852,12.4422,11.5422,10.1852,7.99824,6.04024
NOX_ICAD,2021-10-01,2543,False,1,1.62006,3.72306,7.60706,14.3061,25.2531,38.2771,51.7031,66.2701,82.5221,95.1451,98.3821,96.9281,95.0681,93.5261,92.2501,89.4601,83.2031,75.2551,67.3351,60.4941,55.6981,51.9201,48.3171,45.0971,42.6381,40.5281,38.4311,36.5351,35.1441,34.3291,34.2601,34.7951,35.8701,36.9981,37.7411,38.2741,38.7411,38.8841,38.3231,36.9851,34.7141,32.0981,29.6301,27.1621,24.5661,22.4921,21.6241,21.0541,19.9211,18.6211
NOX_ICAD,2021-10-01,2554,False,1,63.2971,68.8211,70.0281,70.0351,71.7161,74.3701,77.0871,79.3331,80.6311,81.3981,81.9041,81.7041,80.1451,77.4261,73.4611,67.8911,60.3001,53.4251,50.0281,48.4381,46.8961,43.9261,38.2491,32.3261,28.5241,25.4241,21.6811,18.7971,18.3441,17.7691,14.6001,11.2231,10.1741,10.4561,11.0571,11.7381,12.3141,11.9691,9.85208,7.36008,5.88808,5.31708,5.48208,5.63008,5.08608,4.26508,3.61308,3.22508,3.18008,3.30208
NOX_ICAD,2021-10-01,2617,False,0,6.35362,8.38662,13.7076,26.9416,54.1566,102.483,156.056,199.191,229.808,245.06,248.963,243.531,234.61,226.73,219.637,212.871,207.933,206.649,207.194,208.039,209.467,211.728,211.911,206.848,199.125,191.028,182.604,173.524,164.116,154.421,142.756,127.474,112.808,103.067,95.9126,88.9896,81.3326,72.4466,64.7646,60.8556,58.7766,56.7866,55.1876,54.6786,55.5126,57.9826,60.4266,61.2386,61.1826,60.9926
NOX_ICAD,2021-10-01,2623,False,0,2.90926,2.60926,4.21326,11.4283,28.4953,49.3153,67.9333,82.0663,89.3593,92.3163,92.7513,92.1303,91.0303,87.1623,78.0243,68.2423,62.5303,60.2603,60.7823,61.7403,61.1463,60.0463,59.5943,59.5853,59.7623,60.0083,60.1663,59.5483,57.4093,54.7363,52.3813,49.7053,45.9443,41.7353,37.6723,33.6023,29.3803,25.6473,23.1673,21.6593,20.9503,20.6033,20.3083,20.0743,19.8513,18.8033,16.1163,13.5503,12.9523,13.8983
NOX_ICAD,2021-10-01,2634,False,5,7.18652,10.2925,13.8405,16.9355,18.7635,20.3255,22.5465,24.6435,25.7315,26.2895,26.6595,26.0605,23.6995,21.7875,22.4475,23.3765,22.2515,20.5305,19.7525,19.3735,18.8295,18.7225,19.7805,21.4305,23.0665,23.9955,23.5575,22.7895,22.6725,22.8185,22.6865,21.6515,19.0565,15.9585,13.3295,10.9485,8.63052,7.10552,7.23752,8.20152,9.28252,10.4705,11.6835,11.4655,8.39252,5.44052,5.57752,7.09252,8.19352,8.52752
NOX_ICAD,2021-10-01,2649,False,-1,7.23678,10.2638,13.3528,16.1988,18.6648,21.7028,26.1958,30.3558,32.3168,33.0678,33.4718,33.1838,31.7308,30.4388,30.5688,30.8668,30.0228,28.5598,26.8958,24.2538,19.9148,16.6778,17.3728,19.2958,19.7768,19.4198,18.9668,18.3908,17.5978,17.0918,17.3428,17.4328,16.4068,14.7958,13.1218,11.5328,10.1258,8.89678,7.89878,7.27078,7.27978,8.12278,9.96478,11.1588,10.0738,8.25578,7.22778,6.67178,6.19278,5.86178
NOX_ICAD,2021-10-01,2651,False,2,2.13974,4.36674,7.16074,10.0777,13.4127,17.4307,20.6407,21.5177,21.6767,22.6197,23.4407,23.0117,21.5137,19.1117,16.6857,15.0357,13.8007,12.6907,12.1707,12.7397,13.1677,12.2497,10.9647,10.3067,9.91574,9.39474,8.95974,8.86674,8.82674,8.54674,8.13274,7.75674,7.80474,8.61074,9.09974,8.24574,7.34874,7.71474,8.44574,8.63874,8.82774,9.55974,10.0287,9.35174,8.08274,6.79274,5.93074,5.87674,5.86074,5.12674
NOX_ICAD,2021-10-01,2668,False,-1,5.27052,5.64252,7.19052,11.5045,16.3005,19.3205,21.3595,23.3795,26.2265,30.4875,33.6735,33.1265,30.4175,27.0575,24.2875,23.0585,21.6715,18.5675,15.9775,16.3035,18.1505,20.0765,21.1125,20.5125,20.1635,21.8185,23.2955,22.3565,20.7365,20.1985,20.0625,19.5685,19.1045,19.1445,19.4505,19.6755,18.9775,16.4585,13.2165,10.2795,7.70852,5.64252,4.91052,6.38352,7.85252,7.21952,6.15052,6.36452,7.01352,7.15952
NOX_ICAD,2021-10-01,2679,False,-3,6.16702,7.02202,7.74102,8.60102,10.717,15.578,23.562,35.074,45.534,50.288,51.342,50.551,49.619,49.601,48.059,42.499,36.588,34.033,33.291,32.702,31.527,29.316,27.583,27.776,28,26.339,24.009,22.28,20.916,19.57,18,16.033,14.23,13.177,12.511,12.008,12.416,14.384,15.168,12.087,8.60402,8.20802,9.20002,9.71302,9.27102,7.57402,5.90302,5.50702,5.78802,6.13602
NOX_ICAD,2021-10-01,2685,False,-1,28.0126,49.4096,74.3536,96.2246,108.472,115.791,122.426,128.514,133.405,136.913,138.566,138.436,136.2,132.151,126.478,121.761,120.463,120.063,118.045,115.104,111.829,106.806,98.4736,89.9116,84.1016,79.2996,73.6596,67.4296,61.0446,55.1306,50.3896,46.8486,44.6886,43.2636,42.0886,40.9976,39.8286,37.9546,34.6626,30.6166,26.5096,23.3366,22.1596,22.2566,23.0506,24.0586,24.9466,25.7546,26.4706,26.5236
NOX_ICAD,2021-10-01,2687,False,1,31.009,34.996,37.452,38.808,39.265,39.632,40.618,41.94,43.255,44.17,44.178,42.909,39.834,35.844,31.678,27.546,23.625,20.338,18.243,17.205,17.233,17.758,18.248,17.959,16.209,14.454,14.029,13.406,11.02,8.36504,7.01204,6.49804,6.34504,6.32804,6.29104,5.95904,5.03504,3.81504,2.67304,2.44604,3.81804,4.26704,1.43204,-1.00396,0.67804,3.57404,4.68804,4.68604,4.40304,4.28204
NOX_ICAD,2021-10-01,2694,False,-4,4.10088,3.76188,3.21888,4.03488,7.76488,11.6039,12.8469,13.5199,15.6529,17.7079,17.9709,17.4199,17.0359,16.7969,16.5589,16.1849,15.5609,14.9919,14.7069,13.9849,12.1089,10.2369,9.46488,8.65788,6.68288,4.74188,4.12188,4.20488,4.39188,4.71788,5.25988,5.46288,4.81188,4.34188,5.06988,5.99688,6.07788,5.61888,4.95188,4.29588,3.80988,3.41388,3.02888,2.64488,2.30388,2.31388,3.02488,4.08888,5.16988,6.00088
NOX_ICAD,2021-10-01,2697,False,1,39.8619,39.2019,39.9909,43.5929,47.9789,51.1829,53.4279,55.0579,56.8399,59.2659,60.4349,58.3879,55.7219,55.0099,55.3809,55.6699,54.2129,49.3559,43.4879,38.9439,35.6999,33.6719,32.1599,30.5469,28.3129,25.1599,23.2479,24.7819,27.2869,28.3369,28.5469,28.5669,27.9129,26.0869,24.9889,26.5089,28.6149,29.3919,30.3739,33.0789,35.0679,33.8629,32.1339,32.4989,33.1609,32.1479,30.2199,28.2359,26.7159,26.0469
NOX_ICAD,2021-10-01,2708,False,8,222.406,327.78,423.844,483.289,480.047,466.155,490.844,529.714,555.419,568.213,569.462,565.413,560.131,550.281,530.795,502.747,467.001,434.133,414.03,396.979,372.348,337.463,289.793,240.194,199.236,166.232,141.107,122.815,111.729,104.031,96.7895,89.8115,83.3145,76.6975,69.4325,62.4565,56.7235,51.2305,45.0365,39.0415,34.3085,30.6385,27.9135,25.6205,23.4055,21.3755,19.7165,18.2425,16.8565,15.9865
NOX_ICAD,2021-10-01,2718,False,2,7.21692,6.79292,8.15392,10.4679,12.8959,15.0289,16.5919,18.2369,20.5269,22.3769,22.6089,22.0069,21.2819,20.4049,19.3749,19.4089,21.5409,22.3789,18.6139,14.4729,14.1749,15.1439,14.7049,13.8569,13.8139,14.2269,14.7219,15.4159,16.3679,16.4109,14.3699,12.0689,11.3279,11.4509,11.5799,10.6679,7.81692,5.30292,5.44592,6.98292,8.54992,8.97092,7.27592,5.86292,7.02292,8.50492,7.96292,6.43092,5.08892,4.60392
NOX_ICAD,2021-10-01,2734,False,-2,15.7315,27.2835,41.7345,57.4285,72.2345,84.2005,94.7115,104.904,114.01,120.639,123.794,121.973,117.242,111.335,106.258,103.936,103.859,105.717,108.336,110.807,113.152,115.361,116.629,115.937,113.697,110.204,106.728,104.481,103.324,103.105,102.803,101.508,100.064,99.4055,99.5245,100.444,101.737,102.992,103.557,102.48,98.5735,90.2185,79.0605,66.5235,55.0575,47.0195,41.0335,35.9335,31.4195,27.5795
NOX_ICAD,2021-10-01,2741,False,1,0.00198,2.11498,5.14198,8.80198,17.969,38.472,65.663,94.975,119.415,131.692,134.863,131.015,124.242,117.532,111.05,104.464,96.814,87.145,77.287,69.117,62.407,56.971,52.073,47.232,42.979,40.09,38.663,38.866,39.068,37.716,35.535,33.364,32.094,32.573,33.524,33.613,32.346,29.29,26.282,25.05,24.32,22.712,20.188,16.85,14.111,13.399,13.729,14.188,14.648,15.122
NOX_ICAD,2021-10-01,2744,False,-2,7.49256,7.06456,8.81856,11.1616,12.5526,13.7046,15.4466,17.5186,19.6116,21.5436,22.9316,22.3966,18.6116,15.4206,16.5156,18.3266,17.2176,14.9636,13.4896,12.4586,11.3846,10.2576,9.14756,8.22056,7.68856,7.57656,7.99656,8.93356,10.4136,11.7996,12.4806,12.8246,13.0586,12.2646,9.49356,6.83856,6.41056,7.16356,8.06256,8.94456,9.64056,9.07556,6.20256,3.56356,3.65056,4.58456,4.56056,4.89256,6.97656,8.83156
NOX_ICAD,2021-10-01,2751,False,1,2.71754,2.02454,4.14954,11.6695,21.5175,30.6975,37.6325,40.8005,42.1095,43.1325,43.7225,43.3085,41.3645,37.2555,32.7085,29.4035,27.2475,26.1515,25.5445,24.8885,23.3475,20.1785,17.2485,16.4595,16.7965,17.2505,17.5205,17.4725,17.6395,18.4665,18.7515,17.2705,15.3795,14.3915,13.6195,12.2805,10.6265,8.99054,7.81654,7.57254,7.85154,8.30754,8.80954,9.21254,8.96754,7.49354,5.71054,4.54454,4.06254,4.34054
NOX_ICAD,2021-10-02,5,False,0,28.3302,30.4672,32.4482,34.3622,36.2282,37.7872,38.7902,39.9752,42.0012,43.7152,43.7822,42.1962,38.9012,35.5052,33.4552,31.7722,29.4152,26.6732,23.9452,21.7122,20.4512,19.5312,18.3902,17.2922,16.4982,15.3622,13.2832,11.5192,11.3902,12.1122,12.7952,12.3082,9.54022,6.06322,3.42422,1.74722,1.13422,1.02322,0.94522,0.62022,0.00922,0.79622,4.59022,7.98522,7.59922,5.96522,5.61022,5.56422,4.74922,4.32522
NOX_ICAD,2021-10-02,10,False,2,3.56314,7.83014,18.6981,39.4371,62.8431,82.2491,99.3461,115.866,130.087,139.175,141.679,135.38,125.257,115.545,106.461,97.8031,89.5851,82.1261,76.4431,73.7961,72.6501,71.5651,69.4621,65.2061,58.9851,50.9361,43.5271,39.0691,35.3651,30.3791,26.0541,24.6101,24.6591,24.8471,24.6521,23.6761,22.1981,20.5051,19.2531,19.0391,18.8671,17.7281,16.0581,14.3391,12.9411,12.2401,12.1001,12.4521,13.0301,13.6031
NOX_ICAD,2021-10-02,30,False,3,13.8653,15.6013,16.4163,16.7373,16.9363,16.6473,15.5813,15.6383,18.6673,21.7913,22.0893,20.8993,19.5913,18.4433,17.6653,17.8263,19.5273,21.3313,21.8263,21.6183,21.2583,20.3883,18.6243,17.3593,17.9783,19.0243,19.0013,18.1373,16.8563,16.7033,19.0963,21.3073,20.6143,18.8543,17.9023,17.4523,17.0543,16.5673,15.9973,16.1083,17.6263,18.9723,18.5293,17.1023,15.4333,13.4133,10.8693,8.80132,8.26232,8.50632
NOX_ICAD,2021-10-02,34,False,-1,4.10672,4.51672,4.73472,5.04472,5.73172,6.53972,7.32772,8.92672,12.1437,15.0407,15.6427,15.1577,14.7677,14.5007,14.2777,14.2887,14.6867,14.6847,13.4417,11.5447,9.57572,7.97872,7.16672,6.74872,6.41872,6.39972,6.99872,7.87272,8.63272,8.69772,7.43572,5.51272,3.68272,3.25372,5.48472,7.98272,8.35072,7.31072,5.64372,4.18572,3.62172,3.27072,2.49472,1.89172,2.14172,2.83372,3.53172,3.82672,3.38472,3.08472
NOX_ICAD,2021-10-02,63,False,6,194.562,197.09,198.457,204.172,219.605,236.178,245.359,250.519,255.209,260.148,264.893,264.328,252.297,231.674,204.607,177.05,154.321,135.076,117.95,101.132,83.6973,69.8773,64.4773,63.3263,62.4693,59.7103,53.4273,47.4693,45.6353,45.3143,43.8423,41.6143,39.1843,36.5343,33.6323,31.3823,30.7673,30.9793,31.1423,30.0883,26.7643,23.5473,22.8333,23.4843,24.3563,25.0953,25.6043,26.8353,29.7893,33.2973
NOX_ICAD,2021-10-02,64,False,2,18.0401,23.8181,25.7041,25.6541,25.7861,27.9221,33.8331,41.3111,48.1131,52.6551,53.3061,52.0341,50.5071,48.8661,46.9971,45.0141,43.0811,41.6731,41.1541,39.8911,36.3421,33.0161,32.3801,32.1481,30.0281,27.6551,26.6771,25.4491,22.3111,19.3171,18.6461,19.2041,19.9161,20.6361,21.3721,22.1161,22.7781,22.7691,21.4601,19.7861,18.7361,18.7701,20.4211,23.0501,26.0771,28.5311,29.3961,28.9401,27.2921,25.0961
NOX_ICAD,2021-10-02,86,False,-2,112.912,152.204,195.423,254.536,316.762,367.969,404.441,421.696,429.683,436.231,440.536,440.127,435.632,426.746,412.616,390.797,360.334,319.736,280.065,252.076,230.255,209.426,190.36,174.82,161.043,147.553,134.595,122.628,110.607,97.7547,86.5057,79.8097,77.2957,78.9047,81.4247,82.0277,81.5487,80.6947,77.9237,71.3357,62.9677,54.6807,46.8857,39.8817,33.7477,28.8477,25.7427,25.2597,26.0567,26.8037
NOX_ICAD,2021-10-02,87,False,0,15.8127,14.4787,12.7557,11.8867,13.1617,15.0607,16.3967,19.5117,26.7777,33.6497,35.4217,34.1667,31.8577,29.1887,26.5017,24.0387,22.0427,20.4537,19.3527,19.1677,20.3327,21.1437,19.9517,18.2977,17.7397,17.6647,17.3857,16.9647,16.5807,16.6347,17.3997,17.2767,14.6697,11.6347,10.2197,9.60874,8.95074,8.42274,8.33074,8.46374,8.67674,9.31474,10.6717,11.4287,10.2417,8.42974,7.29074,6.58874,6.01074,5.46874
NOX_ICAD,2021-10-02,89,False,1,7.65068,10.9717,14.7647,17.4747,17.5907,16.8507,16.9177,17.4707,18.0647,18.4987,18.6097,18.5597,18.4367,17.8947,16.5597,15.1947,14.4657,13.3987,11.0447,8.94368,8.71268,9.46268,10.2957,10.8157,10.7067,10.2847,9.81568,9.28668,8.64568,8.00768,7.46868,6.81868,5.86868,5.07968,4.93668,5.12968,5.35368,5.49368,5.45168,5.20468,4.78668,4.92968,6.35268,7.87768,8.33168,8.27068,8.27068,8.33768,8.30568,7.40768
NOX_ICAD,2021-10-02,92,False,-1,3.68348,6.03248,13.3215,39.4935,102.406,194.498,308.468,405.597,447.261,460.466,468.64,465.033,437.786,398.135,356.521,320.299,295.702,274.522,248.983,221.503,195.476,173.843,159.77,149.436,139.557,129.577,119.392,109.092,98.9285,90.1695,84.2465,79.7425,75.5265,72.1985,70.5975,69.4915,67.7345,65.8035,64.2625,62.9415,61.5115,58.9855,54.4185,49.9545,47.7635,46.9045,46.3085,44.6105,40.5525,36.0435
NOX_ICAD,2021-10-02,98,False,1,4.7053,3.5413,3.1043,8.6723,26.9713,57.0423,99.4003,147.525,194.648,227.977,232.957,218.04,190.111,163.449,150.766,145.454,141.018,136.224,130.435,122.056,109.44,96.7323,88.0233,81.4683,75.2523,69.4023,64.3003,59.8793,56.1623,52.7753,49.3703,45.4933,40.7573,36.2363,33.0303,30.5123,28.1793,26.6423,26.5653,26.2233,23.8993,20.8153,18.2343,16.2003,14.7053,13.5283,12.5253,11.5923,10.7833,10.8793
NOX_ICAD,2021-10-02,99,False,1,0.98682,-0.36818,-0.36818,3.53982,16.8668,47.4368,95.1788,160.504,220.263,250.722,259.324,252.157,239.75,230.125,222.334,214.644,205.923,195.022,182.137,167.341,152.602,139.735,127.628,115.11,102.021,88.5228,76.8158,69.2878,63.8698,58.7538,53.9408,49.5738,44.2278,36.6488,30.1488,28.1398,27.9458,27.0188,26.0668,26.0908,26.6368,27.1968,27.3408,26.6028,25.0588,22.6908,20.0388,17.5978,15.6238,14.3258
NOX_ICAD,2021-10-02,110,False,2,4.87648,5.44848,5.55048,5.99748,7.86348,12.1655,19.9345,27.4835,31.1765,32.8265,34.0115,33.5145,29.8305,25.8815,24.4775,23.8665,22.2565,20.5835,19.9395,19.7455,19.3845,18.7645,17.8305,16.7455,15.5545,13.6635,10.5135,7.79048,7.24248,7.91148,8.76248,8.57948,6.27448,3.76348,2.94548,3.00648,3.10148,3.15648,3.17248,2.91348,2.16748,1.62948,2.06348,3.29148,5.05748,5.94848,4.59748,2.81548,2.37048,2.47948
NOX_ICAD,2021-10-02,116,False,-1,15.2728,14.1558,13.6098,14.9498,17.0188,18.7108,20.2608,22.0068,23.8668,25.6218,26.4208,25.2908,23.0748,20.6378,19.3388,20.4388,21.8408,21.4448,19.8978,17.8888,15.9208,14.4598,13.8418,14.4858,15.7468,16.9488,17.0728,15.1398,12.9298,12.1158,11.5008,9.81982,7.87682,6.55082,5.64682,4.94682,4.32582,3.83582,4.31582,6.60482,8.84382,9.16282,8.41682,7.44982,6.43582,5.42782,4.51582,3.81182,3.35382,3.20982
NOX_ICAD,2021-10-02,120,False,1,3.5044,9.5364,23.4074,56.0304,119.128,184.499,224.583,251.027,275.02,293.045,299.017,298.111,294.148,285.344,268.543,247.633,226.247,207.677,195.058,185.336,175.794,166.155,156.212,143.93,127.227,110.22,97.2254,88.1604,83.1774,80.3564,78.2764,76.2274,73.7824,71.4214,69.6694,68.2364,66.7114,64.1294,59.5724,55.0744,52.6744,51.3914,50.2174,48.8134,46.9614,44.9944,43.2564,41.8474,40.8814,40.1284
NOX_ICAD,2021-10-02,129,False,0,1.02822,3.72322,6.28122,7.32522,10.8972,21.7592,38.5122,59.6732,77.6452,84.8042,85.8722,85.0522,83.2672,80.6292,77.5992,74.4022,70.2502,64.2712,57.9802,52.8372,48.2112,43.5362,39.7312,37.8132,36.1682,33.2342,29.8512,26.9692,24.6862,23.0872,21.8142,20.5642,19.1772,17.5172,15.7552,14.1292,13.2312,13.6802,14.4762,14.5992,13.8612,12.0502,9.72422,7.49422,6.53722,7.95422,9.25122,8.05622,6.56122,6.98422
NOX_ICAD,2021-10-02,139,False,-3,3.14364,6.23464,10.0216,12.3416,13.8336,15.2446,16.8366,18.7766,20.7766,22.4256,22.8866,21.2636,19.0656,17.7206,16.8676,16.1416,15.9406,16.7216,17.4766,17.1746,16.1366,14.5826,12.2466,8.81064,5.71064,4.39964,4.02164,3.80864,3.98764,4.93364,6.15764,7.14364,7.54864,7.06864,6.59764,7.01964,7.91664,8.72064,8.30164,5.61164,3.10964,3.18064,3.87164,3.19864,2.05564,1.45864,1.18364,1.03464,1.56464,3.37764
NOX_ICAD,2021-10-02,141,False,0,51.4585,65.4615,75.1555,78.6295,79.0725,79.0735,78.5625,77.2585,77.2905,80.6555,83.5095,81.9235,78.3435,75.1945,72.4085,69.4215,64.4565,55.7145,46.4145,39.7505,34.8635,30.9235,27.7765,25.5455,23.7495,22.0125,20.3155,18.7265,17.4185,16.6865,16.9035,18.4295,19.5825,18.6645,16.6655,14.6925,14.0005,15.8965,19.2725,23.0675,25.9645,26.6925,26.3245,25.7315,24.4375,21.7785,18.6955,16.1185,14.1105,12.7225
NOX_ICAD,2021-10-02,166,False,0,2.07594,2.83594,5.75094,12.0469,27.2829,58.2599,97.0359,137.377,182.435,234.117,268.042,257.449,223.099,184.145,150.126,128.428,113.275,100.148,92.1259,93.7079,100.07,107.172,115.405,125.347,131.98,130.038,124.992,121.894,118.772,113.111,106.179,99.4249,94.1449,91.6479,90.5369,89.6109,88.7729,88.1099,87.5169,86.9379,86.6589,87.0579,88.1139,89.8239,91.4109,92.0809,91.9789,91.1959,90.1009,88.7199
NOX_ICAD,2021-10-02,185,False,8,6.98144,6.86444,6.51944,6.73944,8.23044,9.33344,8.46044,7.57344,8.72444,10.9634,13.0634,12.9714,8.77344,4.62844,4.63244,6.33544,7.29644,8.29844,10.2384,11.4194,10.0474,7.87844,6.66744,6.17544,6.08944,6.17144,6.29344,6.56144,7.04944,7.07744,6.02144,5.24744,6.09744,7.22544,7.21244,6.30744,4.88344,4.17244,5.35644,7.04444,7.81644,7.59344,6.29844,4.49844,2.76044,2.02644,3.13744,3.95544,2.43944,0.69544
NOX_ICAD,2021-10-02,188,False,1,6.8262,8.1522,9.5312,11.2832,13.8202,17.0312,20.9972,26.1242,32.7352,38.0072,38.9402,37.3292,34.7582,31.8432,28.9832,26.8972,26.2612,25.6012,23.4752,20.8292,18.7232,17.5632,17.7012,17.9422,17.2142,16.5022,16.8032,17.1032,16.3192,14.9562,13.5682,12.5592,12.2822,12.1872,11.7792,11.4502,11.5732,11.4082,10.1552,8.3482,6.5942,5.6642,6.3652,7.8812,9.3842,9.9662,8.7282,6.7612,5.1642,4.5412
NOX_ICAD,2021-10-02,198,False,0,8.64258,8.75758,9.01458,9.95958,12.6776,19.2596,32.0106,45.7706,55.3716,61.0516,62.8806,62.3586,60.4446,58.1206,56.1016,54.2736,52.4166,50.1386,47.2126,45.4036,46.5376,48.5656,49.4826,49.6066,49.4996,50.4526,53.6596,56.9026,57.9506,57.8246,57.4986,56.7406,55.2466,54.3616,55.4126,56.7836,56.7476,55.2536,52.3496,49.9566,49.8986,50.5256,50.1786,49.2676,48.2726,47.1756,45.8256,44.0046,41.4776,38.9216
NOX_ICAD,2021-10-02,212,False,2,3.38216,1.77016,0.18716,1.22916,3.53416,5.72316,7.76716,9.79216,11.8172,13.7082,14.5282,13.2282,11.0152,9.03016,7.59116,6.92116,6.40416,5.46316,4.28516,3.12116,2.31516,2.22416,2.49016,2.80616,3.16116,3.54216,3.53316,2.72216,1.90216,1.92716,2.86216,4.67416,5.71916,4.40716,2.62816,2.27516,2.71316,3.27916,4.07216,5.16716,5.27716,3.20416,1.65716,3.24616,5.07216,4.22816,2.80216,2.97716,3.65816,3.62516
NOX_ICAD,2021-10-02,228,False,0,6.18714,7.89514,9.68514,11.5541,12.7991,12.7491,12.8451,14.6321,17.8591,22.1301,25.0781,24.3581,22.3721,21.4151,20.9171,20.1211,19.1361,18.0781,16.6181,14.4691,12.8281,12.8691,13.1431,12.1861,10.5761,8.96914,7.70614,7.06914,6.56614,5.72914,4.70414,3.67914,2.84014,2.38114,2.17814,2.17914,2.54814,3.51914,4.78614,5.99914,6.48014,5.64414,5.26814,7.07014,9.14414,9.53214,9.04114,8.51614,8.03214,7.53114
NOX_ICAD,2021-10-02,294,False,-2,-0.42182,-0.05782,1.47118,4.99818,9.51118,14.6422,23.7192,40.3052,57.7532,69.0702,73.6422,70.7022,65.6402,63.1952,62.2872,61.4562,59.7092,56.2442,52.7962,51.1312,50.6452,50.7082,50.5782,49.5862,47.9962,46.0632,44.2442,42.9582,41.9482,41.0212,40.4742,40.7072,41.4642,42.5342,43.5642,44.1872,44.1772,43.3222,42.6022,42.8952,42.9982,41.6282,39.4842,37.3732,36.2942,37.1652,38.1622,37.4452,35.5642,33.0822
NOX_ICAD,2021-10-02,295,False,-4,38.057,36.559,34.264,31.933,30.097,29.504,31.424,37.211,43.209,45.767,45.842,44.402,42.824,42.228,42.044,41.665,41.111,40.446,39.733,39.009,38.232,37.314,36.039,34.141,31.903,29.63,27.911,27.339,27.171,26.722,26.187,25.822,25.554,25.242,24.48,22.96,22.119,23.344,24.622,23.964,22.832,22.768,23.281,23.827,24.405,25.094,25.839,26.487,26.291,24.464
NOX_ICAD,2021-10-02,312,False,1,1.80264,1.96064,3.43364,7.63864,13.9566,21.7836,28.4106,31.1816,32.2606,33.5786,34.2266,33.0436,31.5476,31.2306,31.3726,31.1876,30.7966,30.2956,29.1156,26.6606,24.1966,22.9516,22.1066,20.8026,19.1906,17.5276,16.3006,16.0186,16.2106,16.3386,15.4826,12.7706,9.99264,8.92564,8.75664,8.73464,9.26264,10.7866,11.7606,10.6136,8.72764,7.46464,6.58364,5.79464,5.36964,5.64064,6.03164,5.97064,5.59564,5.05764
NOX_ICAD,2021-10-02,374,False,0,18.9257,20.1567,21.2957,22.4537,23.8567,25.8297,28.6737,32.6637,36.1977,37.6237,37.7687,37.2847,35.8287,32.7997,28.9987,25.1337,21.5377,18.5347,16.2407,14.8777,14.0817,13.5157,12.4177,10.1467,8.2467,8.4377,10.5687,14.4977,18.1347,19.4847,19.6337,19.5907,19.2077,18.1647,16.9367,15.9577,15.0217,13.8027,11.8367,8.7287,6.1267,5.7307,6.4767,7.3857,8.4497,9.8017,11.1267,12.0457,12.3067,11.6727
NOX_ICAD,2021-10-02,439,False,-3,4.79926,7.22326,6.57126,5.31726,5.99726,7.74826,9.61126,11.2983,12.5983,13.4693,13.7603,13.3663,12.0933,10.5333,9.25826,8.48926,8.44326,8.66226,8.73826,8.72026,8.71526,8.90726,9.41526,9.50126,8.40326,6.90326,5.80826,5.29626,5.54326,6.15426,6.74726,6.82126,5.90226,4.80826,4.33526,4.20526,4.10426,3.89226,3.48426,3.17226,3.27826,3.72826,4.36426,4.22426,2.42126,0.86826,1.43326,2.40426,2.00626,0.85026
NOX_ICAD,2021-10-02,523,False,1,7.79296,8.54496,9.27196,11.174,16.186,27.051,47.547,75.175,107.296,132.477,138.988,136.005,131.422,123.527,109.395,95.037,86.241,78.979,69.145,58.922,50.951,45.08,41.279,38.823,37.303,36.192,35.064,33.386,30.664,27.822,25.753,23.964,21.975,20.212,19.21,18.8,18.784,18.29,16.433,13.882,11.373,9.89996,10.472,11.859,12.901,13.467,13.455,12.879,11.783,11.395
NOX_ICAD,2021-10-02,569,False,0,12.5329,12.5879,16.1809,23.3589,34.2689,44.1639,48.3769,49.6269,50.5069,51.3869,52.1589,52.0729,50.1469,46.3839,40.6199,34.3449,29.0349,25.4019,24.1739,23.5509,21.9849,20.7489,21.3049,22.7949,24.4249,26.2389,28.3049,29.6279,29.1529,28.0189,27.2349,26.1589,24.0679,21.9639,20.9379,20.9069,21.7869,22.6799,22.7539,22.3899,21.8769,20.6009,17.8709,14.9419,13.0509,11.7689,10.7129,10.2359,10.7709,11.3419
NOX_ICAD,2021-10-02,627,False,-1,25.794,24.633,24.025,25.109,27.663,31.62,36.226,40.791,44.373,45.965,46.369,46.227,45.806,45.21,44.54,43.672,41.286,36.072,30.981,28.955,28.344,27.485,26.4,25.299,24.303,23.63,23.967,26.008,27.982,28.123,27.29,26.324,25.269,24.048,22.835,21.805,20.875,20.013,19.574,19.96,20.642,21.131,21.497,21.814,21.869,21.323,19.926,17.377,14.713,12.923
NOX_ICAD,2021-10-02,792,False,2,13.1251,17.7961,20.6861,23.0111,26.0141,28.8281,30.5301,32.3531,35.4591,38.1841,38.7221,37.9971,36.8721,35.6171,34.4441,34.0461,35.0901,36.0391,35.3441,33.7781,32.1931,31.3271,31.6931,31.1231,27.4141,22.6841,19.1391,17.2361,17.4271,18.6261,19.8921,20.6921,20.5651,20.0151,19.5721,19.8051,21.1191,21.5451,19.1401,16.2601,15.2901,15.4381,15.8631,16.3611,16.8751,17.4431,18.0151,17.8051,15.9691,13.5951
NOX_ICAD,2021-10-02,1048,False,7,-3.2456,-2.5156,1.6554,6.4884,9.4364,12.4394,17.8114,25.5104,35.2374,42.8544,44.1794,42.8044,42.0844,41.5504,40.3534,38.7894,37.2184,35.9524,35.1844,33.8184,30.7944,27.7654,26.3164,24.9164,22.0304,19.1404,17.8694,17.7234,18.1824,18.4484,17.8034,16.6854,15.5074,14.3304,13.0784,11.2314,8.3964,6.6004,7.8534,9.5694,9.2714,8.7894,9.9624,10.7284,8.9564,6.7854,6.4074,6.8414,7.0354,7.0474
NOX_ICAD,2021-10-02,1058,False,1,8.12548,8.40748,8.49148,9.07248,12.3015,20.6215,31.4795,42.6335,53.6045,63.7515,70.0265,68.8435,63.5025,56.9355,51.2895,48.2475,45.6705,41.5565,37.6335,35.8305,35.1445,34.6085,34.1655,33.8475,33.1615,31.5335,29.1475,26.1375,23.0515,20.4515,18.6915,18.1965,18.3205,18.4265,17.7715,15.6875,13.5695,12.8135,12.7845,12.8455,12.9075,12.9135,12.4675,11.2055,10.1895,10.4555,10.9445,10.5535,9.53948,8.31448
NOX_ICAD,2021-10-02,1078,False,-3,3.1571,4.1181,4.3631,4.1431,3.9631,4.5671,6.7051,9.3691,11.5431,12.8771,12.9851,12.2731,11.0931,10.3221,10.7261,11.0391,10.0351,8.9011,8.8891,9.4851,10.1421,10.6931,10.8941,9.9201,7.0161,4.7881,5.8391,8.0321,9.1871,9.3491,8.6521,7.5511,6.3971,5.3801,4.6611,4.0901,3.4941,2.5491,1.0151,0.0061,0.7031,2.3051,4.0561,5.6461,6.7931,7.2981,6.8771,5.9621,4.8961,3.7841
NOX_ICAD,2021-10-02,1133,False,1,4.17986,4.97886,6.73886,8.64486,10.7609,13.3099,16.1789,19.3079,22.6649,26.0539,27.8479,26.3649,24.2149,23.9169,24.4829,24.8159,24.9689,25.0989,25.2289,25.2959,24.8599,23.5119,22.3979,22.5609,22.3969,20.3149,18.1319,17.6809,17.7309,17.0239,16.2189,16.0869,16.3189,16.6089,16.9969,17.4479,16.9189,14.4459,12.4899,13.3809,14.1959,11.9929,9.11786,8.05186,8.11786,8.57286,9.15886,9.66486,9.40086,7.70186
NOX_ICAD,2021-10-02,1154,False,1,-3.83782,-1.49982,1.98518,4.27418,6.12918,8.47618,10.9752,13.2132,15.3022,17.1922,17.6392,15.2922,12.2462,10.5312,9.76218,9.44318,8.94118,7.67218,5.87618,3.82518,2.25218,1.89718,2.16118,2.44518,2.27118,1.32418,1.04118,2.78718,4.39418,3.74818,2.86518,3.73818,4.56518,3.42318,1.53718,0.23018,-0.24982,0.31718,1.38618,2.47218,3.18318,3.12918,2.56418,1.74918,1.34818,1.88918,1.86818,-0.12382,-1.76182,-0.74982
NOX_ICAD,2021-10-02,1232,False,0,-2.78986,-0.15386,6.05514,16.1091,27.7581,38.9141,47.7941,52.5191,54.9001,56.3501,56.8961,56.2001,54.9021,53.5991,52.8601,52.9581,51.2821,45.1861,38.2451,33.9921,31.1651,28.4691,26.3261,25.4041,25.0231,24.6171,24.5851,25.4511,26.7701,28.0881,28.9371,28.8431,28.2471,27.4521,26.0341,23.4321,20.2401,17.0061,14.0241,11.5241,9.11214,6.47414,4.21414,3.06914,2.85814,3.48514,4.36314,5.00814,5.51114,5.94714
NOX_ICAD,2021-10-02,1240,False,-1,9.64144,10.0114,10.5724,11.1464,11.6334,12.2224,14.9334,21.9784,30.6474,38.0474,41.8734,39.8814,36.7574,36.7914,37.2224,34.8984,30.5524,25.0624,20.3214,18.1314,17.2514,16.5994,16.4594,17.1984,17.3164,15.2444,12.1334,9.13944,6.81044,5.66944,5.38344,5.65944,5.60544,4.42444,3.16944,2.92044,3.21144,3.46944,2.91144,0.84144,-1.07656,-1.13856,-0.02856,1.49144,2.23544,1.15044,-0.03556,0.39144,1.50344,2.32444
NOX_ICAD,2021-10-02,1263,False,0,11.7422,14.5792,15.8282,16.2282,16.5052,16.6442,16.6342,17.4982,20.2072,22.6372,22.5742,20.9462,18.6472,16.3702,14.6412,13.1492,11.5932,10.1242,8.93922,7.90022,7.04522,7.52222,10.5292,13.7962,15.0822,15.2552,15.1082,14.1452,11.8192,10.2302,11.3462,12.2112,9.88222,6.91722,5.98422,6.17822,6.56822,7.40222,9.02622,10.3062,10.0392,8.80022,7.08222,5.07922,3.02222,2.25122,4.02822,5.48722,3.82022,1.34622
NOX_ICAD,2021-10-02,1416,False,1,22.0468,23.1048,23.3698,24.3608,25.7258,27.0068,28.2188,29.4318,30.7338,32.0828,32.5048,30.9758,28.9998,28.0168,27.4698,26.6218,24.7778,21.3718,18.5388,18.4088,19.2458,19.3228,18.9308,18.5338,18.5658,19.4628,20.8388,22.2588,22.8558,21.7608,20.1698,19.3038,19.4748,20.9008,22.0748,21.5988,20.9738,21.7628,23.3178,24.8948,25.8898,25.6638,24.4128,22.3078,20.6198,20.6108,21.5708,22.6618,22.3198,19.1658
NOX_ICAD,2021-10-02,1613,False,0,11.2942,10.7992,10.8282,11.0172,11.4062,14.5752,23.4252,34.6852,45.0372,52.2152,53.9662,53.4042,53.2962,53.5832,53.8142,53.1912,50.9322,48.3992,47.0182,47.0002,48.3752,48.5912,45.2522,41.8202,41.6982,42.2632,40.7722,38.3882,36.3952,34.6712,33.0082,31.5622,30.6112,30.3562,30.8742,30.1572,26.2282,21.8412,19.6692,18.1112,15.5322,13.1692,12.4432,12.5762,12.7632,12.5312,11.4912,10.2802,9.53116,9.18616
NOX_ICAD,2021-10-02,1614,False,4,3.11482,6.73082,10.5738,14.4458,17.5488,19.0098,19.6468,20.2388,21.2918,23.0468,23.5088,20.6348,16.9538,15.0168,14.5468,15.1718,15.8618,15.7118,15.1068,14.4428,13.8188,13.2778,12.7808,12.3538,12.4508,13.4868,14.1908,13.3938,12.9028,14.4518,15.7728,14.5878,13.0118,13.2378,14.2748,15.0618,15.6618,16.2818,17.2438,18.8378,20.3568,20.9908,20.4758,18.5628,16.8498,16.8488,17.3058,16.9518,16.2718,15.8278
NOX_ICAD,2021-10-02,1648,False,0,8.9832,7.2552,7.0452,7.8302,9.4242,14.1012,24.9402,41.2372,62.1772,79.1552,83.4312,81.1982,78.0092,73.6872,67.0992,59.3772,51.6992,45.5032,42.3482,41.3082,41.7642,43.2122,45.2882,46.3592,44.6882,41.1622,36.4542,31.0182,25.1612,19.9542,16.4882,13.9082,11.6372,10.9502,13.2112,15.2922,14.0932,11.5192,9.5452,8.2922,7.7232,7.2492,6.4852,6.6222,8.8902,11.4062,12.2882,12.2812,12.1752,12.1542
NOX_ICAD,2021-10-02,1735,False,1,3.24264,2.66864,1.38964,0.43864,2.81564,12.2356,28.0916,50.2106,72.4946,88.7306,97.6246,97.0516,89.6446,77.2336,65.7156,60.5496,58.7116,57.4726,57.7066,60.7776,64.4706,66.6496,68.0056,69.2016,69.5366,68.0536,65.3516,61.8866,58.1596,54.5286,50.9666,47.2966,42.6996,36.3636,30.0416,25.5216,22.2246,19.7106,18.2886,18.5546,19.9086,21.9336,24.3286,26.8746,29.0166,30.1826,30.8536,31.4396,31.8366,31.9556
NOX_ICAD,2021-10-02,1800,False,2,24.7297,27.4477,29.4557,30.8937,32.2967,34.1367,36.2137,38.3057,40.2897,41.9867,43.0267,42.9357,42.1367,40.9657,39.7457,38.8297,38.8497,40.3607,41.3427,39.8077,37.6167,36.6517,36.3837,36.1877,35.8707,35.3237,34.7597,34.3407,33.6557,32.2627,30.6597,29.2437,27.3017,24.0887,20.8407,18.8117,17.4347,16.1837,15.2917,14.9537,13.6627,9.98466,6.51966,5.93666,6.87666,7.90866,8.14666,6.92766,5.94666,6.89066
NOX_ICAD,2021-10-02,1822,False,4,16.7987,29.6077,41.4477,47.3957,50.2667,52.8587,56.2977,61.3257,66.3777,69.7007,70.6747,68.3267,63.1387,55.2367,46.8337,39.9887,34.7417,31.1727,28.3907,25.6787,22.7457,19.4667,16.7547,15.5917,15.2117,14.9247,14.6817,14.4227,13.2657,10.3707,7.7457,7.4207,8.1767,8.8107,9.3067,9.7557,9.9577,9.6377,8.8437,7.5917,6.3307,5.5647,5.6937,7.0357,7.7257,5.9437,3.6057,2.7677,3.6797,6.4617
NOX_ICAD,2021-10-02,1825,False,1,1.1337,2.7497,3.0867,4.1867,8.3267,14.0367,20.1317,27.7407,37.9907,46.6697,49.3207,48.4887,46.3567,42.8977,37.6077,31.9707,27.4417,24.0007,21.6507,19.8087,18.0837,16.7897,16.3547,16.3427,16.3557,16.2597,15.9007,14.9967,13.1677,10.6687,7.7707,5.5257,5.0277,5.5307,6.3867,7.3637,8.2337,8.1207,6.1707,4.2507,4.2197,5.0757,5.8597,6.9577,8.6907,9.0457,6.0147,2.7157,2.2907,3.4157
NOX_ICAD,2021-10-02,1826,False,2,5.52484,9.46284,16.4068,27.0698,37.3718,43.3188,46.9668,50.5488,55.8958,64.2908,70.5938,69.4018,64.3518,58.6488,51.5838,42.0038,32.7408,26.8388,24.0098,24.1388,25.3568,26.1398,26.6178,27.2138,29.0458,33.1828,37.1928,38.6758,39.1738,40.1688,40.8228,40.1058,38.8508,37.8838,37.1958,36.7228,36.3468,35.9528,35.3198,34.1778,32.5488,30.3988,28.0018,25.5968,23.3718,21.5048,19.7768,18.0298,16.5748,15.7418
NOX_ICAD,2021-10-02,1859,False,2,3.6323,3.8403,4.3553,5.7693,8.6013,11.0103,11.1943,10.8013,11.5023,12.8253,14.0793,14.1553,12.0033,9.6763,9.2743,10.4033,12.5043,13.4353,11.2473,9.0503,9.8893,11.4063,11.1123,9.8063,8.3993,7.1883,6.4533,6.5843,7.9753,9.1873,8.8183,7.8743,7.3683,7.0903,6.8353,7.2203,8.8213,9.8543,8.5413,6.6243,5.8593,5.7473,5.6813,5.3243,4.4823,4.1263,5.1963,6.3223,6.0783,4.9293
NOX_ICAD,2021-10-02,1863,False,3,8.46596,9.22696,10.8,13.713,18.686,24.501,29.888,33.524,34.09,33.839,34.72,34.929,32.448,29.053,26.502,24.461,22.629,21.959,23.516,25.469,25.942,24.895,22.339,19.772,18.59,18.119,17.679,17.208,16.741,16.331,15.938,14.824,12.314,10.22,10.418,11.809,13.239,13.774,12.617,11.337,11.52,12.753,14.462,15.011,12.841,10.236,9.40296,9.11596,8.06396,6.78696
NOX_ICAD,2021-10-02,1876,False,-1,3.28238,3.16438,4.08138,5.11738,6.07738,7.25238,11.2934,20.9174,31.1494,36.9084,38.9494,37.8794,35.0274,31.3134,28.0414,26.4014,25.6014,24.9744,24.8834,25.8664,27.3864,28.9224,30.0574,30.2494,28.9184,25.3794,21.3744,18.5984,16.9624,16.4124,16.6424,17.4464,17.8894,17.0544,15.5614,14.0534,13.0714,13.0874,13.1764,12.5774,12.7684,15.1354,16.6844,14.3794,10.9394,9.09338,8.14238,7.33938,7.28038,8.65738
NOX_ICAD,2021-10-02,2066,False,5,18.2288,19.4788,22.2068,25.2208,27.2838,28.3068,28.2188,28.0048,28.5238,29.1088,29.0308,28.5938,28.0988,27.4878,26.6458,25.6888,24.7768,24.3468,24.8578,25.6608,26.1048,26.0288,25.2678,24.1828,23.1048,22.3268,22.0918,21.7858,20.7898,19.4288,18.0528,16.9178,16.2228,15.4328,13.9858,12.0778,9.99984,8.74684,9.25384,9.73784,8.52084,7.30784,7.80184,8.30784,7.10984,5.75484,5.88884,6.82784,7.81284,8.35584
NOX_ICAD,2021-10-02,2283,False,3,3.6146,6.1586,8.7066,10.6486,11.4886,12.3836,14.4216,16.4966,17.4356,17.7656,17.9916,17.9976,17.5786,17.0626,16.7056,16.0016,14.3586,12.1056,9.5946,7.6226,6.9916,7.0406,7.2056,7.6246,8.4916,9.1386,8.8806,8.2276,7.6996,7.4666,7.6466,7.8016,7.5016,6.9596,6.4026,5.9646,5.7546,5.5936,5.4086,5.9706,8.0086,9.6496,8.9986,7.4076,6.2146,5.2976,4.3556,2.9356,0.8226,0.3266
NOX_ICAD,2021-10-02,2412,False,0,19.9226,23.3656,27.4046,31.9836,37.1546,42.2776,46.7336,50.8386,54.7776,57.7486,58.4656,55.6816,47.8466,38.5486,31.2196,26.1456,23.5756,22.1926,20.8486,18.6416,14.8766,11.6036,10.8246,10.5226,8.69364,6.48864,5.20664,4.65564,4.62664,4.82564,5.00264,4.77464,3.81164,3.05664,3.46164,4.31964,4.82364,4.27864,2.06464,0.00064,-0.09836,0.84064,1.88264,2.69964,3.04764,2.99264,2.58864,2.31664,2.60864,2.89564
NOX_ICAD,2021-10-02,2419,False,1,3.07522,3.63322,4.57622,6.08022,7.97522,10.1582,12.4682,14.8692,17.8662,21.8242,24.5072,23.4812,20.2752,16.3612,13.2972,12.5122,12.8862,13.3922,13.7972,13.9442,13.5672,12.4082,11.4422,11.7082,13.0332,15.1162,15.9902,13.7072,10.5352,8.68222,7.59322,6.53722,4.98622,2.67722,1.74822,4.32122,7.28022,7.48722,6.13222,4.49122,3.15522,2.56622,2.35522,2.18822,1.99622,1.72522,1.19722,0.27022,-0.36878,0.00522
NOX_ICAD,2021-10-02,2431,False,0,5.87698,6.04398,9.28498,14.236,19.673,25.255,31.102,38.914,50.249,60.286,63.862,62.71,58.309,53.142,49.189,45.936,42.789,39.801,37.131,34.647,32.325,30.729,30.411,29.827,27.565,25.638,26.188,28.036,29.861,30.21,27.784,25.316,25.525,27.109,28.643,29.228,28.091,26.574,25.936,25.556,24.733,23.658,22.501,20.946,18.604,15.929,13.508,12.548,14.219,15.948
NOX_ICAD,2021-10-02,2442,False,-2,2.35986,2.20786,1.85786,1.31386,2.17786,6.16186,11.2179,15.3099,18.0889,19.2309,19.4999,19.4779,19.2879,18.9339,18.5039,18.0469,17.4539,16.6499,16.1909,16.5539,16.3859,14.3069,11.6629,9.81986,8.69886,8.27186,8.79786,10.6399,12.5499,13.3249,13.4909,13.5629,13.4909,12.9869,11.1869,7.30886,4.21486,4.83186,7.26886,9.57386,10.6149,9.48686,8.32586,9.10886,9.86986,8.53886,6.40686,4.80186,3.53186,2.43186
NOX_ICAD,2021-10-02,2443,False,4,35.309,41.991,47.799,53.103,58.225,62.383,64.618,65.89,67.04,68.179,69.156,69.006,66.7,63.9,62.274,61.811,62.491,63.549,64.271,64.207,62.937,61.514,60.949,60.854,60.731,59.927,57.681,54.131,49.394,45.164,42.945,40.479,35.562,30.561,28.003,26.96,26.521,26.304,26.14,26.185,26.685,27.715,29.163,28.933,24.934,20.462,18.77,18.413,17.866,17.128
NOX_ICAD,2021-10-02,2472,False,-1,11.7902,11.9122,11.3782,11.1382,13.9052,22.9332,36.9592,55.3572,75.8972,96.0762,109.123,107.642,99.0332,90.0152,82.7112,78.5332,75.8302,73.1542,70.3942,67.5312,63.9322,59.0452,54.8982,53.4752,52.4552,49.6082,46.7862,45.9392,45.4842,43.6482,40.2612,35.2262,30.3662,27.4402,25.5332,23.7072,21.5072,18.7052,16.6882,16.8732,17.6692,17.4792,16.4302,14.6882,12.6252,10.5132,8.45518,6.61618,5.61218,6.09618
NOX_ICAD,2021-10-02,2504,False,0,77.1371,94.9361,112.496,136.811,159.956,173.333,181.579,189.137,196.319,202.355,204.878,200.952,192.888,182.332,170.003,155.88,139.976,122.153,104.85,90.6751,79.6131,71.9161,65.8061,60.0941,55.9811,54.9641,54.7341,53.0561,50.3831,47.3331,44.8131,43.7611,43.9291,45.2861,47.8411,51.5801,53.9001,52.0851,48.1591,44.1171,41.2571,40.7811,41.6521,42.8281,42.7951,40.1601,37.1571,35.9631,35.5251,34.6911
NOX_ICAD,2021-10-02,2526,False,0,3.48136,3.27736,5.45336,8.80236,12.6454,19.2654,31.4424,46.4244,61.2894,72.0364,74.3024,70.8614,64.0124,57.4604,54.4184,53.1614,51.9654,50.5074,48.6954,46.9944,45.8714,45.0504,44.1624,42.4434,39.0064,34.3074,28.7534,23.6424,20.2274,17.6864,15.3464,13.7434,13.5764,13.8464,13.6084,13.0714,12.4664,11.6244,10.3704,9.39936,9.40036,9.61036,9.27436,8.72536,8.26436,7.34836,5.38936,3.28336,1.97236,1.47936
NOX_ICAD,2021-10-02,2527,False,1,2.41392,3.80592,2.69192,1.33592,2.19492,5.01292,9.64492,15.4069,21.6589,26.3059,27.1559,26.0889,24.7249,22.9159,20.2769,17.6779,16.0289,15.1459,14.8539,14.5959,13.9609,13.7469,14.6669,14.8819,12.5349,9.59792,8.05592,7.29492,6.78092,7.44692,10.2649,12.5809,11.7609,9.91092,9.00892,7.59292,4.20592,1.89792,3.73092,6.18192,5.66192,3.51592,1.35292,0.68792,2.78592,4.53292,3.00692,1.49792,3.39492,6.40192
NOX_ICAD,2021-10-03,4,False,4,5.81318,6.86118,7.99818,8.49818,7.57418,6.86218,8.04818,10.2322,12.4632,14.0802,14.3552,13.1102,10.2172,8.33318,10.0292,12.5402,13.1192,12.8572,12.9452,13.0342,12.6402,11.9882,11.2632,10.2192,8.55118,6.68418,5.19618,5.25418,7.96918,10.4592,9.94118,8.67918,8.91318,9.16518,7.85218,6.44018,6.49718,7.34418,8.32018,9.54418,11.0982,11.5822,9.67318,8.13018,9.58518,11.0852,9.69118,8.05518,8.90018,10.2812
NOX_ICAD,2021-10-03,8,False,0,1.3576,3.0096,4.7626,5.8986,6.3546,6.2636,7.6706,12.6166,18.2676,21.7316,23.2646,23.1176,22.2026,21.1986,20.2456,19.4456,19.0866,19.3596,18.8066,15.9746,12.7396,11.0566,10.7876,11.7086,12.3076,11.1356,9.0416,6.9746,6.0596,7.2596,8.1146,6.2446,3.8856,3.4806,5.0936,8.6936,11.9836,12.7046,11.6636,9.7356,8.6146,9.7886,11.0506,10.1496,8.0896,6.0156,4.9976,5.9936,7.2856,7.2366
NOX_ICAD,2021-10-03,17,False,-2,0.42126,1.15426,1.60526,2.31526,3.88826,5.70026,7.19726,9.01826,11.7873,14.2103,14.9193,14.7383,14.3733,13.4273,11.3993,9.43826,8.64026,8.02526,6.67326,5.72626,6.35226,7.01326,6.21226,5.36326,5.89726,6.53326,5.92026,4.76726,3.81626,3.00826,2.29426,2.18826,3.25826,4.62726,5.46026,6.04226,6.67226,7.16126,7.24826,7.02726,6.56726,6.05226,5.63726,5.32626,5.11926,4.96226,4.82526,4.80426,5.03426,5.51826
NOX_ICAD,2021-10-03,23,False,1,0.96824,-0.23476,-0.20776,2.67524,6.10224,7.93224,9.88124,13.8032,18.2572,21.5642,22.8352,21.0632,17.8032,14.5482,12.8212,14.0282,15.8022,15.9012,15.4912,15.8062,16.1082,15.4882,13.9862,11.7872,10.7282,12.6532,15.5312,17.3392,18.0952,17.8792,17.2152,16.4362,15.1912,13.0792,11.0232,9.98824,9.76424,10.0932,10.0122,8.61924,6.92924,5.99024,5.71524,6.04224,6.86524,8.19124,9.75424,11.2132,11.6072,9.89024
NOX_ICAD,2021-10-03,25,False,3,5.11452,5.36752,5.97852,6.19152,5.16952,3.96152,3.76952,5.18152,8.73352,12.0695,12.8665,12.3235,11.6495,11.2595,11.3375,10.8895,8.96752,7.14052,7.00952,7.65152,8.05352,7.60652,5.82552,4.24352,4.37252,5.17352,5.59952,5.78252,5.90252,5.76352,5.08552,3.97852,2.58852,1.77852,2.41152,3.48352,4.04552,4.48052,5.20052,5.74352,5.58152,5.05552,4.47952,3.86152,3.16252,2.43352,1.77152,1.49752,1.95152,2.55852
NOX_ICAD,2021-10-03,41,False,3,4.62732,5.00332,5.42632,6.67632,9.47832,12.2693,13.4543,13.5283,13.0583,13.1673,14.6783,14.9173,11.2153,7.00932,5.77732,6.16732,6.66032,6.36532,4.51632,2.06332,0.09132,0.00132,3.13632,6.42932,6.85532,5.76332,4.65232,4.60232,6.51532,8.51932,8.75532,8.04232,7.30132,7.28032,8.57932,9.62532,8.94832,8.35432,9.67732,11.4973,12.2643,11.9373,10.5733,9.51032,10.0113,11.0353,11.5413,11.7343,11.8823,11.9793
NOX_ICAD,2021-10-03,89,False,1,87.4345,123.618,162.552,189.86,210.782,231.969,261.657,306.791,347.981,364.978,366.621,360.891,352.252,343.32,334.954,327.435,318.202,304.482,288.482,271.677,250.697,221.939,193.575,174.181,162.202,156.489,153.622,150.979,147.276,141.552,135.553,130.992,127.216,123.533,119.804,115.98,112.061,108.039,104.01,100.063,96.1605,92.3755,89.4905,88.4045,88.2185,88.1305,87.9305,87.5065,86.9705,86.2985
NOX_ICAD,2021-10-03,94,False,5,21.1381,21.7781,22.6591,23.6861,24.6771,25.2451,25.0181,24.7981,25.3841,26.3981,27.3291,27.1601,24.8301,21.7121,19.1851,17.8231,18.2071,19.4451,20.7351,21.5861,21.5611,21.1251,20.6711,20.1031,19.2511,18.2561,17.2521,16.3151,15.5241,14.8801,14.5131,15.0861,17.2191,18.8281,17.7761,15.3381,12.8311,11.1421,11.0161,11.1071,10.1631,9.1601,9.1691,9.7221,10.2631,10.1711,8.8821,7.5271,7.2681,7.9271
NOX_ICAD,2021-10-03,111,False,-1,23.82,32.365,44.859,57.105,64.772,69.245,71.772,73.474,75.044,76.368,76.857,74.314,66.363,57.181,50.762,45.898,41.241,36.679,32.376,28.713,26.148,24.126,22.272,21.211,21.643,22.122,21.209,19.55,17.762,15.69,13.131,10.953,9.94198,8.56698,5.36598,2.33798,1.58398,2.03298,2.68598,3.77998,5.67398,7.36798,7.81698,7.45198,6.66098,5.69698,4.78298,4.43798,5.21398,6.41398
NOX_ICAD,2021-10-03,124,False,5,20.7735,21.9875,23.6725,25.6525,27.5975,28.9745,29.3175,29.9195,32.0975,35.0285,37.6395,37.9665,33.9305,28.2165,23.3635,19.6495,17.2495,15.6935,14.6385,13.4625,11.6075,9.3975,7.2275,5.7365,5.6115,6.2395,7.0225,7.2625,6.3445,5.3435,5.2575,5.1275,3.9925,2.9585,3.2055,4.1225,5.0425,5.4285,4.8045,3.9975,3.8095,3.9645,4.0795,3.5305,1.7875,0.4365,1.1155,2.8655,4.6845,5.7535
NOX_ICAD,2021-10-03,184,False,-2,7.746,13.982,20.801,27.779,35.453,44.275,51.856,55.717,58.18,61.22,62.748,60.465,57.93,58.606,60.013,59.578,58.643,58.711,59.347,59.794,58.151,52.542,46.545,43.713,42.769,42.354,41.678,40.135,38.158,36.217,34.8,34.403,34.516,34.674,34.684,34.403,33.996,33.552,32.611,30.726,29.053,28.785,29.286,29.863,29.746,28.271,26.86,26.95,27.836,28.696
NOX_ICAD,2021-10-03,196,False,0,5.5333,4.6013,3.9113,5.1903,10.2513,17.1993,25.3063,40.7953,69.9533,97.7163,108.189,104.623,89.8793,73.3863,63.4773,58.8113,57.8073,56.6133,51.8323,45.4623,39.6253,34.9683,32.0503,29.9793,27.9493,25.3933,21.9163,18.9403,17.9713,18.1833,18.7263,18.5773,16.8203,14.7343,13.5763,12.9473,12.4703,12.5003,13.5193,15.0313,16.4373,16.4993,14.0173,11.3403,10.7883,11.3523,11.9773,12.4493,12.6073,12.1013
NOX_ICAD,2021-10-03,224,False,0,0.0019,5.9689,19.6199,38.9679,62.8719,88.8279,115.426,145.12,179.81,208.036,217.039,212.564,198.654,177.608,150.087,122.926,102.762,88.1409,77.9469,70.1019,63.3689,57.7989,53.8379,50.6579,47.5789,44.5319,41.5659,38.7629,36.1949,33.4869,30.2359,26.5769,22.6599,19.0039,16.2319,14.7199,14.9869,16.1169,17.2039,17.0719,14.7169,12.8499,13.9529,14.4419,10.7089,6.3079,4.9879,5.8419,7.7959,9.0909
NOX_ICAD,2021-10-03,240,False,2,20.5424,18.3374,17.6874,18.8824,22.0984,25.3484,26.7744,27.3774,28.1834,29.1514,29.9904,29.6254,26.9064,23.4034,20.5854,18.1854,15.9234,14.3534,14.1534,14.5504,14.8034,14.6124,13.7274,12.6204,11.7234,10.9534,10.2014,9.4554,8.7404,8.1424,7.7754,7.5814,7.5404,7.6964,8.0744,8.1414,7.3634,6.3604,5.7004,4.9464,3.5914,1.9234,0.3564,-0.0886,1.6104,3.6304,4.2324,4.3884,5.0734,5.4494
NOX_ICAD,2021-10-03,253,False,1,2.72084,7.03784,15.5568,34.7578,72.2308,116.327,155.889,188.717,212.232,226.105,228.481,225.367,221.144,213.535,199.277,182.599,167.283,151.729,133.938,115.33,97.7538,83.8228,76.4568,72.3488,68.6158,64.6268,60.1438,55.5458,51.3168,48.1988,47.0368,46.8458,46.7928,46.8828,47.1268,46.4708,43.8768,41.2538,40.4588,40.1258,38.8258,37.0548,35.4438,34.4488,34.4678,34.4688,33.4258,31.8278,30.0858,27.7478
NOX_ICAD,2021-10-03,261,False,-2,5.46392,5.16392,4.51292,3.22192,2.07792,1.90592,2.40092,3.47592,6.14592,11.3139,14.9349,12.9549,9.30492,7.91592,8.05492,8.81092,9.79392,10.7709,11.4649,11.5959,11.4439,11.2629,11.1339,11.1239,11.3069,11.6799,11.4029,9.68292,8.14692,8.42192,9.36692,9.78092,9.50892,8.47792,7.39692,6.93192,6.79892,6.68792,6.42392,5.84292,5.04992,4.17792,3.71392,4.12092,4.57292,4.21092,3.20492,1.81192,1.11792,2.15392
NOX_ICAD,2021-10-03,269,False,0,48.0205,65.5045,88.2525,122.265,167.386,225.042,290.006,356.762,410.082,433.135,436.065,425.808,403.333,366.853,328.477,299.418,275.456,251.908,226.588,197.974,169.595,145.368,125.965,112.787,105.228,103.734,105.815,109.937,116.041,124.509,132.947,139.048,143.904,148.434,151.595,152.066,151.563,151.624,151.612,150.518,147.408,141.201,133.885,127.441,122.944,121.498,121.337,120.913,120.261,119.569
NOX_ICAD,2021-10-03,272,False,0,2.19666,4.46766,9.19466,17.3797,26.0567,32.4047,37.4777,42.2777,46.1637,48.1627,48.7717,48.2047,46.2837,42.6177,38.6637,35.7057,32.7447,28.7357,24.6297,21.4417,18.7487,16.2427,14.7307,15.1867,16.4777,17.4227,17.0037,14.2847,11.3687,10.2947,10.0407,9.46766,8.15566,5.82766,3.81266,3.45366,3.95866,4.50166,4.48766,3.47066,2.79266,3.77666,5.19266,5.79766,5.94166,5.92666,5.11566,2.91666,1.55966,3.28966
NOX_ICAD,2021-10-03,279,False,2,4.5878,8.7588,15.1748,21.7248,27.3818,31.1598,33.0328,32.8198,32.2838,32.9048,33.1858,31.4598,28.6858,25.8558,23.6338,22.6478,22.4418,22.5938,22.3868,21.2328,20.3118,20.7638,21.2558,20.4618,19.4708,19.4008,19.5078,18.9938,18.2608,17.7458,17.3618,16.9848,16.5298,15.9608,15.6548,16.0568,17.0708,18.5948,19.8018,19.8488,19.1678,18.1628,17.2668,16.8538,16.6908,16.6108,16.9478,17.9768,18.2868,16.5008
NOX_ICAD,2021-10-03,285,False,3,4.5499,4.3739,4.5359,5.3899,7.4249,11.0709,13.9229,13.6349,12.6719,13.3939,14.1009,12.8759,10.5959,8.2169,6.4919,6.1289,6.4489,6.8499,7.2169,7.4249,6.8659,4.9359,3.0719,2.7219,3.2259,3.9299,4.6299,5.2269,5.8319,6.5109,6.8359,6.3299,5.4049,4.4279,3.4659,2.5709,2.0019,2.0889,2.7659,3.9509,4.7309,4.1949,3.1279,2.3349,2.1019,2.6729,3.4589,3.9149,4.1809,4.4149
NOX_ICAD,2021-10-03,306,False,1,5.12166,5.17366,5.28266,5.48766,5.60266,5.72366,8.04266,14.9317,23.3237,29.9437,32.6857,29.3457,23.7077,19.2557,16.3057,14.9767,14.3917,13.8577,13.2997,12.7397,12.1797,11.5447,10.3107,8.04466,6.48966,7.32266,8.19566,6.80366,5.06366,4.94866,5.28666,4.82766,4.08566,3.69166,3.74366,4.33966,5.19466,6.06066,6.75366,7.06666,6.93666,6.33566,6.17466,7.25566,7.89366,6.44166,4.87266,5.16066,5.95266,5.83566
NOX_ICAD,2021-10-03,394,False,1,8.62912,10.2251,12.1751,13.1441,11.8821,11.0511,13.3461,16.8841,19.7271,21.7161,22.7141,22.6741,21.3651,19.4481,17.4651,15.5561,13.9611,13.7621,15.9791,17.6311,15.7861,12.9261,11.5581,10.9491,10.2261,9.39212,8.53312,7.59312,6.51412,5.54712,4.95512,4.55612,4.15412,3.53112,2.57212,2.23612,3.43812,4.51012,3.75312,2.12612,0.67312,-0.00588,0.63412,1.69612,2.35612,2.84812,3.46512,4.15912,4.78612,4.79912
NOX_ICAD,2021-10-03,492,False,0,16.2573,15.1943,14.4583,17.8733,32.3253,72.7843,156.299,252.259,329.472,376.015,378.862,360.448,338.607,310.609,271.198,232.856,208.197,190.765,174.128,156.632,137.537,118.535,101.688,88.6703,81.5193,77.1903,73.0723,68.5893,63.5053,58.3393,53.7263,50.4103,49.2573,49.1713,49.0453,47.5373,43.2943,37.9103,32.9263,28.8973,26.2333,23.5433,19.6053,16.0613,14.7483,14.9973,16.1873,17.3603,17.6963,17.5873
NOX_ICAD,2021-10-03,500,False,0,21.5231,47.7021,75.1171,91.8391,101.381,107.228,111.581,115.716,119.594,122.739,123.898,121.196,113.813,100.569,86.4281,76.2751,70.1871,68.3661,68.4511,68.4881,67.7071,65.4781,62.4731,59.2501,55.9631,52.6691,49.3791,46.1681,43.5331,42.0011,40.7081,38.7531,35.9241,32.0161,27.9141,24.3971,20.9421,17.1171,14.2401,13.7871,14.5641,15.3421,14.8921,12.1471,9.4581,9.1271,9.6431,9.4321,8.6691,7.7221
NOX_ICAD,2021-10-03,510,False,3,12.835,17.887,24.253,29.66,31.834,33.25,36.32,39.837,42.386,44.01,44.722,44.742,44.132,43.201,42.165,41.094,40.022,38.975,38.005,37.293,36.91,35.637,32.202,28.086,24.761,22.24,20.528,19.423,18.858,18.54,18.152,16.957,14.33,12.348,13.051,14.255,13.759,12.497,11.486,10.681,9.895,8.75,6.921,5.293,4.777,4.841,4.935,4.688,3.902,3.911
NOX_ICAD,2021-10-03,854,False,0,5.89962,6.03862,5.35962,3.23462,1.80962,3.49662,8.14662,15.7246,23.5406,28.8946,31.2046,29.7426,26.8736,24.6386,22.8976,21.3396,19.8466,18.3906,17.1596,16.2936,14.9946,12.4986,10.0916,9.06262,8.48262,7.38162,5.83162,4.13762,3.85362,6.51062,9.44762,10.0196,9.31262,8.37362,6.86462,4.38162,2.66862,3.49162,5.04362,5.53562,5.39262,5.13462,4.90162,4.79062,4.96362,5.56462,6.00662,5.68762,4.97262,4.19062
NOX_ICAD,2021-10-03,940,False,-3,5.68086,5.82086,5.69386,5.50786,5.55986,6.84286,10.3829,14.2449,16.5379,17.9739,19.1409,19.0089,16.4499,13.9419,13.7949,13.6169,11.0439,8.66686,9.16186,10.3579,10.0759,9.55286,10.1439,11.0229,11.2879,11.2079,11.0839,10.9599,10.7999,10.3589,9.27086,7.24586,4.05586,1.64986,2.10886,4.59086,8.22286,10.8299,10.3329,8.59886,7.41286,6.60186,5.84886,5.18486,4.69786,4.29886,3.89386,3.34086,2.63186,2.87886
NOX_ICAD,2021-10-03,1077,False,-1,3.37484,1.97984,1.93184,2.63184,4.08584,10.8168,29.7768,67.3998,130.044,186.768,206.153,203.053,191.183,176.135,160.698,145.332,130.396,117.836,109.896,104.261,98.7378,91.8098,82.2078,72.2768,64.4098,58.2908,53.8588,51.7908,53.1088,55.4408,56.5328,56.1798,54.1328,50.7148,46.0878,41.6338,38.6618,36.4668,34.3318,31.8918,28.9068,26.1408,24.3628,22.9438,21.4388,21.1838,23.4818,25.1508,23.0138,19.6508
NOX_ICAD,2021-10-03,1166,False,0,19.104,17.6,19.542,22.811,25.743,32.016,45.7,61.202,72.741,79.446,80.326,78.421,76.151,73.741,71.021,67.897,64.324,61.257,59.795,59.885,61.514,62.954,62.481,60.457,57.106,52.805,47.733,42.583,37.971,33.652,29.497,26.372,25.174,23.951,20.861,17.631,16.066,15.145,13.788,12.109,10.297,8.44696,6.71996,5.84896,6.66496,8.32396,9.94496,10.422,8.68296,6.37896
NOX_ICAD,2021-10-03,1179,False,1,5.45732,5.46132,5.35632,6.16532,7.46832,8.92032,11.0763,14.6273,18.7853,22.6753,25.1553,24.9283,22.8223,19.5023,16.2863,14.3283,12.9593,11.6273,11.1263,12.4403,14.6673,16.8703,17.9643,16.8573,14.7503,12.8693,12.2783,13.8923,15.3123,14.1633,11.8903,10.0503,9.28432,10.1093,11.0463,10.6633,9.56832,8.41732,7.52732,7.16432,7.08332,7.06832,7.02432,6.80532,5.90132,3.91532,2.86632,4.73732,7.02732,7.19232
NOX_ICAD,2021-10-03,1309,False,-1,9.8283,24.7773,54.6153,90.5113,123.867,149.842,163.483,170.18,174.284,177.47,180.063,178.845,169.678,154.113,133.272,112.8,97.9343,86.1823,75.4103,67.1513,63.4953,61.1993,57.3103,53.2303,50.6333,48.8393,47.0603,44.6003,40.7633,36.1423,31.3633,27.5703,25.8663,24.6393,22.3593,19.7483,17.6433,15.9533,14.5693,13.3563,12.2363,11.1533,10.0743,8.9923,7.9033,6.8103,5.8023,5.4763,6.4813,7.8893
NOX_ICAD,2021-10-03,1324,False,0,4.62016,3.66816,3.67216,6.07316,9.37416,12.1602,14.6472,17.1662,19.7232,22.1212,23.2132,21.8172,20.1162,20.2452,21.3132,22.2862,22.4552,21.1532,19.2942,17.7212,16.3852,15.2302,14.5402,14.6852,15.2422,15.8522,16.4612,17.0792,17.7892,18.6442,19.2902,19.1952,17.6072,13.7522,9.91916,8.46816,9.06616,11.2722,12.6142,10.7822,8.18416,7.23816,7.22416,7.40616,8.22416,10.0902,10.7882,8.04016,4.15616,1.49716
NOX_ICAD,2021-10-03,1411,False,1,4.22838,3.28038,3.72138,9.31938,16.9614,23.6234,29.6274,35.5314,41.2914,46.5194,49.6254,48.7944,46.2844,44.0254,41.2714,37.0974,33.1954,31.2874,30.0874,28.3424,26.5724,25.4254,24.6144,23.7394,22.0194,18.7184,15.4504,13.8594,13.3534,13.3844,13.7314,14.2474,14.2624,13.0934,11.5054,10.2254,9.13938,8.11838,7.42938,7.40238,7.70738,8.01338,7.99138,7.29638,6.13138,4.73138,3.92638,4.58238,6.01138,7.44438
NOX_ICAD,2021-10-03,1475,False,1,0.64482,0.75082,5.43782,21.3938,56.8268,103.466,153.14,192.366,207.542,210.589,211.88,211.248,206.684,199.504,190.711,181.34,172.237,164.251,158.348,153.955,150.733,148.274,146.348,144.319,141.599,138.517,135.332,131.673,127.073,122.034,117.019,112.161,107.666,104.208,102.38,99.7528,93.7948,85.9888,77.8328,70.6178,65.5388,61.5358,57.6268,53.3928,48.6098,44.3028,41.5278,39.3028,36.8278,35.3138
NOX_ICAD,2021-10-03,1558,False,1,1.73248,2.30848,5.17248,9.45248,14.3355,20.0535,31.8555,55.1935,79.5605,94.1445,100.174,98.6265,93.9955,89.7845,86.2165,82.9255,78.0265,69.6955,61.2305,55.9415,52.3545,49.0835,46.6345,45.7445,45.0115,43.0795,40.7235,38.7885,37.2815,36.2255,35.7155,35.7705,34.7745,31.1155,26.9265,24.3225,22.5975,20.9725,19.2555,17.3575,15.3675,13.3865,11.5575,10.0055,8.36848,6.37048,4.90148,4.93648,5.74648,6.62848
NOX_ICAD,2021-10-03,1641,False,-4,4.69404,5.03504,5.41804,5.64504,6.15104,11.212,25.363,41.759,53.484,60.125,61.185,59.349,56.564,52.978,48.421,44.262,41.882,40.424,39.066,37.593,35.845,33.642,30.844,28.467,27.522,26.983,25.887,24.868,24.562,23.865,21.663,19.308,18.204,17.926,18.052,18.336,18.796,20.489,24.423,27.781,27.769,26.727,26.889,26.779,24.731,22.163,20.525,19.418,18.401,17.567
NOX_ICAD,2021-10-03,1698,False,0,3.60428,3.52228,3.76228,10.2673,29.4843,53.0563,73.1403,91.0743,108.19,120.915,124.86,124.415,123.074,118.96,109.364,97.5113,86.5023,77.2673,70.5753,64.8513,58.8353,53.5813,50.2543,46.8343,41.4993,36.9733,36.2143,37.4103,38.7853,39.6403,39.4153,38.3703,36.7323,35.3463,34.9753,34.7293,33.6723,31.9643,29.8683,28.4493,28.8013,30.0533,31.3373,31.9783,31.2163,28.8913,24.8673,21.6943,21.8573,23.0483
NOX_ICAD,2021-10-03,1736,False,-3,21.9303,23.3863,24.2053,25.1803,28.0543,34.4563,40.6133,42.7463,42.9353,43.2193,43.4223,43.0863,42.4443,41.7373,41.2023,41.0193,40.7093,39.7733,38.5113,37.1543,35.3543,32.6673,29.5383,26.4603,24.2383,23.7053,23.8763,23.8283,23.4613,22.7243,21.7013,20.3593,18.4253,15.6913,13.7863,14.3753,15.8473,16.6423,17.0173,17.2883,17.1453,16.3193,16.2183,18.0943,19.1143,16.5223,13.8143,14.4363,15.4953,13.9963
NOX_ICAD,2021-10-03,1803,False,1,36.7605,44.5565,55.0515,64.9805,71.3055,77.9905,88.9315,99.9045,106.4,110.252,112.928,112.636,107.201,101.345,99.7025,100.335,101.163,101.274,100.038,98.7855,98.8655,99.8155,100.91,99.9135,94.7035,89.5455,88.6665,89.5665,89.7015,89.4455,89.4115,89.5225,89.5805,89.0815,87.4675,85.2955,82.8855,79.1225,72.7235,65.5165,59.2365,53.5665,48.1895,43.6455,40.6255,38.2375,35.6755,32.9785,30.2925,27.8285
NOX_ICAD,2021-10-03,1804,False,1,1.09358,2.21858,3.10058,3.45558,3.16358,3.59458,6.10758,9.06058,10.8206,11.9136,12.7946,12.6416,10.5346,8.30458,7.66758,7.15758,5.32258,3.74458,4.12258,5.31658,6.14558,6.39958,6.00658,5.89758,6.92958,7.93758,7.70858,6.82258,5.91058,5.45058,5.85558,6.38758,6.36058,6.29158,6.65058,6.51058,4.91658,3.13358,2.45158,2.47058,2.78258,3.20258,3.60358,3.74058,3.31258,2.33458,0.86358,0.02058,0.96258,2.75058
NOX_ICAD,2021-10-03,1852,False,-2,0.41832,-0.29968,0.67232,2.50532,4.63932,8.08032,14.2593,22.9563,33.7583,41.6893,41.7523,39.1083,38.6883,39.3053,39.3903,39.1223,38.8063,38.4623,38.1233,38.2383,39.2043,39.7773,38.6633,36.6683,34.6463,33.4173,33.6813,33.8543,32.3553,30.0683,27.9563,26.5863,26.5043,27.0593,27.5453,26.8343,23.8663,20.7733,19.6813,19.7313,20.0113,20.0053,19.3373,18.6433,18.4823,17.9833,16.2503,14.3393,13.3283,12.8083
NOX_ICAD,2021-10-03,1921,False,5,14.3581,15.2111,15.6151,16.5031,16.3101,13.5441,11.8301,14.7861,18.7971,20.1941,20.1261,19.7441,18.3131,14.9061,11.4411,9.81306,9.09206,8.41606,8.35906,9.55406,10.2871,8.84306,6.76806,5.65506,5.41306,5.91306,6.75106,7.61706,8.37506,8.86506,8.83706,8.04306,7.39006,7.73406,8.20706,7.91006,7.20406,6.52106,6.26306,6.77606,7.24706,6.89106,6.30306,6.10106,6.12106,6.20806,6.61606,7.66606,9.04106,10.3651
NOX_ICAD,2021-10-03,1927,False,0,29.0226,58.0396,101.705,150.041,193.841,231.842,262.171,282.971,290.879,292.545,293.12,291.2,283.899,270.975,251.431,228.354,204.128,179.889,156.717,136.606,121.881,109.775,98.1486,88.4666,82.7636,79.0546,75.6056,72.2326,69.1726,67.4506,68.0366,68.1116,64.8426,60.1256,55.8266,51.8056,47.7366,43.6236,39.5916,36.2566,34.3146,33.0696,31.9156,30.7986,29.6326,27.5266,23.6696,20.4206,20.1666,21.0616
NOX_ICAD,2021-10-03,1928,False,0,12.464,15.063,17.635,20.207,22.964,27.202,34.175,40.804,43.973,45.366,46.483,46.477,44.246,41.741,40.829,40.379,39.206,37.881,37.068,36.538,36.106,36.181,37.199,38.157,38.035,37.249,36.18,34.895,33.306,31.154,28.12,24.823,21.949,20.21,20.299,20.518,19.208,17.073,14.905,13.294,12.789,12.765,12.607,11.946,10.434,8.58502,7.01402,6.73002,8.65802,10.217
NOX_ICAD,2021-10-03,1935,False,3,7.04022,7.58722,7.67922,8.69522,11.8142,13.7472,11.2892,8.59722,9.94722,13.4682,16.9002,17.4402,12.5192,7.27922,6.76422,8.35222,9.33622,9.96222,10.6802,10.9132,10.0322,9.08022,9.05522,9.14222,8.51122,7.79722,7.69222,7.91622,8.14322,8.06222,7.32522,5.97922,4.16322,3.39022,5.07322,6.58322,5.30322,3.05322,1.75622,1.40922,1.94322,2.88422,3.82722,4.38622,4.23422,4.16022,4.91622,5.77622,6.00822,6.09222
NOX_ICAD,2021-10-03,1941,False,0,3.83016,5.27416,6.44716,6.55116,4.90816,4.28816,8.20316,19.1422,39.5922,58.9952,66.6182,65.7952,59.6582,52.9672,49.6232,47.8542,45.7842,43.4502,41.0892,38.7852,36.6102,34.6312,32.8842,30.8612,28.0372,24.8932,21.9302,19.3842,17.5392,16.4152,16.1312,16.2482,16.4402,16.8382,17.6472,18.6612,19.6132,19.8512,18.6812,16.9512,15.4382,14.0782,12.7962,11.9812,12.1032,12.7042,13.3102,13.3252,12.2982,11.9692
NOX_ICAD,2021-10-03,1951,False,0,12.7366,14.4556,17.2906,22.1366,26.3316,27.2086,26.9226,27.6246,28.9306,30.2236,30.8116,30.0656,29.2196,29.4466,29.9086,29.6776,28.8136,27.4016,25.9196,24.7906,23.8556,23.0416,23.0026,24.4126,25.7776,25.5976,24.5966,23.4946,22.3936,21.2696,19.9616,18.3496,17.0796,16.7756,16.5046,15.4146,14.6636,15.3466,15.4726,13.0466,10.2006,9.16962,9.49662,10.6306,11.4176,10.7846,9.41662,8.02462,7.17662,7.34762
NOX_ICAD,2021-10-03,1959,False,2,15.2741,21.2621,25.9811,30.4961,34.6491,38.1431,41.7851,46.3211,50.7211,53.7391,54.8331,53.2761,50.3311,46.9391,42.9081,37.9511,33.6481,31.6451,30.8271,29.9811,27.7391,22.9141,18.3961,16.9901,16.2931,13.9311,11.4861,10.7531,10.9921,11.4621,11.9911,12.4511,12.3121,11.1941,11.2321,14.4371,17.2551,16.1931,14.4691,15.2191,15.6811,12.9561,9.78406,9.01306,9.37806,9.53406,9.50306,9.45006,9.40506,9.36506
NOX_ICAD,2021-10-03,1964,False,1,5.59576,4.78176,3.95876,3.40376,3.80576,7.84476,18.6898,33.1858,48.0938,58.7098,60.1968,56.9468,52.8178,48.6998,45.0718,42.8708,43.1928,44.7658,46.5528,48.8048,51.8438,54.2088,54.3168,52.9758,50.7468,47.2128,41.7728,36.3268,32.7118,29.8968,26.8318,23.6158,20.5158,17.9738,16.4768,15.4988,14.5858,13.6648,12.7588,12.0848,11.8518,11.5698,10.7908,10.1128,10.1768,10.6308,11.1868,12.1688,13.8338,14.5738
NOX_ICAD,2021-10-03,2011,False,0,625.434,1064.99,1452.27,1623.11,1681.99,1728.77,1790.66,1881.05,1972.79,2036.07,2062.73,2042.03,1999.08,1954.75,1913.05,1875.14,1836.77,1792.99,1741.03,1678.58,1620.43,1581.6,1552.78,1525.02,1495.72,1462.94,1425.44,1379.8,1318.18,1231.02,1134.73,1046.28,978.331,943.564,918.085,880.849,845.871,829.553,823.036,816.452,799.525,760.355,698.368,611.713,525.178,462.3,412.245,364.583,320.051,281.986
NOX_ICAD,2021-10-03,2046,False,7,46.5334,59.0904,71.1234,79.6104,81.2564,81.3674,84.9414,89.6124,92.7004,94.8154,96.5134,96.6914,94.0754,91.0554,89.9624,89.9254,89.9444,89.3564,87.5474,85.0744,82.4994,80.5574,80.0224,80.4234,81.3924,82.5094,83.4474,84.1714,84.6224,84.7364,84.3924,83.8274,83.0914,81.2014,76.9384,71.0004,64.0524,58.0144,54.8994,54.1874,55.3384,55.4234,51.7564,47.6644,46.5394,47.0274,47.7224,48.4764,49.2114,48.9224
NOX_ICAD,2021-10-03,2047,False,1,11.3097,10.6077,9.43774,8.19974,6.87974,5.57074,5.57774,8.30774,11.9427,14.6677,16.0927,15.8347,14.7507,13.5837,12.8217,12.8897,13.2817,13.5337,13.6897,13.7677,13.3257,11.9257,10.6717,10.6897,11.4167,12.3167,13.3167,14.2807,14.0547,11.4707,8.64574,7.67874,7.71774,7.78874,7.10074,5.05274,3.50874,4.27574,5.37274,4.84474,4.02074,4.36374,5.42974,6.65874,7.23474,6.39774,5.28474,5.00574,5.18974,5.40774
NOX_ICAD,2021-10-03,2052,False,2,6.7259,6.3949,4.6289,4.9979,12.7629,34.9619,79.7709,131.528,174.551,202.942,210.016,203.868,190.311,173.137,154.748,138.476,127.537,119.302,111.149,100.956,86.9689,73.2199,63.9379,58.2779,55.5929,54.2519,53.1429,52.5379,52.9299,53.7369,54.3829,54.5719,54.0129,53.0859,51.9199,49.2209,43.5869,37.4769,33.3159,30.4199,28.0989,26.2429,24.8159,22.7329,19.0089,15.6109,14.5779,14.7849,15.2019,16.0559
NOX_ICAD,2021-10-03,2055,False,-3,21.2745,25.3635,33.7575,42.9875,49.5725,53.8335,56.1955,58.5585,62.4875,66.0685,67.1795,66.6195,65.1765,64.0045,64.0655,64.2435,63.3875,61.9725,60.6195,60.3195,61.9425,63.1345,61.5135,58.5825,55.7825,52.9235,49.5975,45.8535,41.8275,38.5525,37.1005,36.3855,35.3865,34.1875,33.0415,32.5145,33.1045,33.3565,31.7065,28.5805,24.3585,20.0805,16.7995,15.0905,15.4625,15.4025,12.6255,10.0895,10.8015,12.3285
NOX_ICAD,2021-10-03,2077,False,2,8.71764,8.31364,10.5706,18.4906,29.5216,41.4836,53.7336,65.7096,75.2066,79.5576,79.9286,77.0246,72.8986,69.1426,65.6666,62.2066,58.6086,54.6896,50.3006,45.2806,40.3436,36.2396,32.9386,30.4196,27.9126,24.8146,22.2686,21.5356,21.7316,21.9446,21.3706,19.3046,17.1386,16.2636,16.1796,16.3336,16.1266,14.9746,13.1586,10.9966,9.49364,9.63764,10.2896,10.3506,10.0616,9.73264,9.43164,9.09364,8.03064,5.64064
NOX_ICAD,2021-10-03,2078,False,3,4.90308,7.68408,12.0851,17.3091,22.9761,28.7231,33.0041,34.2451,34.8591,37.0381,38.9391,38.4871,36.7971,35.0231,33.8111,33.6491,33.4641,32.2181,30.6991,29.7431,29.2251,29.0011,28.9051,28.8401,28.9051,29.2871,30.2691,32.0871,33.3911,32.7861,31.1971,29.6061,28.9881,30.2201,31.6531,31.7601,31.8641,33.2961,34.6051,34.2441,33.1311,32.2321,31.8551,32.1251,31.6801,29.2111,26.6321,25.8901,26.1351,26.4661
NOX_ICAD,2021-10-04,1,False,0,1.58754,3.49354,6.45154,9.88154,13.6605,19.7555,30.5515,44.2205,58.9165,71.1545,77.0655,77.0325,71.0065,63.9825,60.4545,58.8565,57.5785,56.9235,57.2985,56.5645,52.3575,45.7255,37.6895,30.5555,26.5255,24.0915,21.9315,20.3715,20.0105,20.2495,20.4615,19.8555,17.6715,15.1335,13.4415,12.3895,11.8055,11.8325,12.6305,12.9365,11.5015,9.59954,8.49754,7.85354,7.19054,5.92354,3.57954,1.69754,1.85654,2.93654
NOX_ICAD,2021-10-04,8,False,2,42.662,50.807,55.302,57.965,60.557,64.416,70.581,76.182,78.302,78.77,79.223,78.73,76.009,72.165,68.131,63.712,58.408,51.805,43.528,35.966,31.551,28.765,26.254,24.307,23.462,22.967,22.202,21.954,23.051,24.124,23.87,23.602,24.64,25.725,25.508,24.594,23.595,22.61,21.667,20.836,20.133,18.967,16.684,13.778,10.821,8.92598,9.21898,10.236,10.605,10.625
NOX_ICAD,2021-10-04,31,False,2,3.66992,3.98692,6.53592,10.1509,13.8049,17.4079,20.9319,23.8769,25.6239,26.4749,26.5319,25.5719,23.2089,20.4209,18.0919,16.0369,14.1219,13.0449,13.5899,14.5199,14.5719,13.5829,11.4309,9.23292,8.10592,7.99892,8.77592,8.90492,6.94492,4.69392,3.97192,4.08592,4.32292,4.70592,5.29892,5.37692,4.27592,3.53992,4.73392,6.63492,7.96192,8.48892,8.01592,7.06292,6.13692,5.90192,6.99092,8.30992,8.71592,8.01092
NOX_ICAD,2021-10-04,38,False,2,2.9202,3.4092,3.0082,2.2182,1.7252,3.0532,8.1432,16.9062,29.1552,38.7682,39.6042,36.5902,34.4152,32.9432,31.6952,31.5322,33.3362,34.6122,32.8412,29.7962,27.3972,26.6952,28.5892,30.5462,30.2082,29.5512,30.6582,32.5532,34.1952,35.6492,36.9872,37.5792,36.6622,34.8452,32.7892,31.8792,33.2672,33.6992,30.0002,25.8082,24.7062,24.1462,21.4712,18.4012,16.8322,16.0892,15.4622,14.9432,14.6572,14.6352
NOX_ICAD,2021-10-04,39,False,1,3.01562,1.56162,1.04362,1.55062,3.56762,8.86562,19.9826,36.2196,56.7606,73.0766,76.3216,71.9316,64.6836,56.4196,48.0266,39.6056,31.5056,26.3816,27.1426,29.9506,31.3906,33.2586,37.5856,41.7926,43.1626,43.0286,42.7006,42.3176,41.9636,42.6426,45.2336,46.8746,44.6726,41.1906,38.8966,36.7926,33.7556,30.9806,29.8436,29.9446,30.9686,32.4026,33.6616,33.1126,29.1226,24.7376,23.0376,23.3986,25.1426,26.8286
NOX_ICAD,2021-10-04,40,False,0,3.22088,5.12588,7.62288,10.4519,15.3389,24.2029,34.0239,41.7999,47.6929,51.7449,53.9289,53.6659,50.9009,45.1999,38.3679,31.9569,26.0379,20.7029,16.6709,14.8569,14.1389,13.6119,13.5129,14.1409,14.1649,12.2619,9.99188,8.90588,8.34688,7.61788,6.90688,6.48988,6.22988,6.02888,6.14288,6.83288,7.38688,7.07488,6.30988,5.43488,4.13388,2.19288,1.52388,3.95988,6.19388,5.05288,3.70688,5.34088,7.29588,6.83288
NOX_ICAD,2021-10-04,41,False,-1,9.5361,9.8721,13.4431,23.8461,40.3721,62.6531,84.4261,99.5021,109.074,113.76,114.365,110.69,104.487,97.0681,90.1951,85.4491,81.8021,78.3441,75.3081,73.1811,72.0261,71.8761,71.1041,68.2301,65.5741,65.2791,64.1931,59.1801,54.1141,53.0401,54.1351,55.5721,57.0481,58.4341,59.0671,58.2581,57.2091,56.9201,55.7591,52.0141,47.8631,45.4961,44.0881,42.7441,41.2311,39.4181,37.4581,35.4281,32.9901,29.7371
NOX_ICAD,2021-10-04,45,False,4,21.1199,22.5529,25.1639,29.7059,33.3409,33.2189,31.8059,31.5879,32.4539,34.0599,35.1039,34.4089,33.6219,34.3099,34.9169,33.7569,31.6599,29.4709,27.4849,25.9759,25.2429,25.5639,25.4829,23.5069,20.4119,16.9439,13.6289,11.0659,10.2059,12.0029,13.6779,12.4719,9.73894,7.02594,6.00394,8.20394,10.8139,11.0919,10.2189,9.48094,9.15794,9.33294,9.05594,7.46594,6.17694,6.79394,7.77194,7.51894,6.58594,5.60194
NOX_ICAD,2021-10-04,48,False,-1,12.0343,12.4503,11.5613,8.31234,5.75834,7.14434,11.3433,17.4323,24.4753,31.5483,35.9073,34.5613,30.2893,25.6583,22.0263,20.5203,20.0813,19.8643,20.3553,22.1203,23.4523,22.7363,22.0523,23.5223,25.7373,27.0803,26.6733,23.7793,21.2323,21.7643,23.2233,23.4123,22.8623,22.2213,21.5943,20.9853,20.2863,19.4083,18.6653,18.2693,17.1513,14.2753,11.5383,10.8833,11.3293,11.8533,11.8923,10.9933,9.84534,9.08034
NOX_ICAD,2021-10-04,73,False,4,4.87732,6.37132,9.11332,14.1773,22.5883,30.0883,32.4683,32.9263,34.5673,36.3553,36.8483,36.0113,33.7423,30.7983,27.9203,26.2513,26.9113,28.0763,27.8373,25.7113,21.4183,18.2663,19.4233,21.3483,20.5063,18.5823,17.4183,16.7313,16.0663,15.1003,13.6023,12.3493,12.1093,12.0583,11.3293,9.98132,8.18532,7.08932,7.79632,8.74332,8.38132,7.41232,6.58432,5.87132,5.11532,3.89332,1.95232,1.25632,3.76232,6.68932
NOX_ICAD,2021-10-04,102,False,-1,18.9124,18.1324,18.0884,19.4124,20.6684,20.4824,20.1084,20.9744,23.3104,27.1214,29.3184,26.8724,23.4204,22.5184,22.5774,21.8204,20.5644,19.2494,17.9604,16.7134,15.4144,14.0084,12.9144,12.5574,12.3304,11.7244,11.6014,12.8524,14.2274,14.4584,14.0704,13.5574,12.6544,11.0644,9.80642,9.86342,10.0024,9.10142,8.76242,10.6874,13.3184,15.0254,15.5854,14.7854,13.3344,11.8714,10.9604,11.0064,10.4424,7.85342
NOX_ICAD,2021-10-04,113,False,6,13.5264,13.5854,13.5074,13.5294,14.4844,17.2324,20.3004,22.2674,23.6974,25.0594,25.3604,23.3734,20.0684,16.3844,13.5494,12.7524,12.9854,13.2094,12.3324,9.44838,7.03038,7.58738,9.52938,11.1844,11.7054,10.3024,7.97638,5.69438,4.27138,4.50338,5.51238,6.52138,7.47938,8.36838,8.75338,8.13538,7.04038,5.94338,4.91038,4.02138,3.71738,4.43638,5.05738,4.52738,3.93938,4.37838,4.81138,4.14638,3.07038,2.28738
NOX_ICAD,2021-10-04,114,False,2,5.5676,8.4296,11.8166,15.3936,19.1376,24.0186,30.9726,37.4276,40.7216,42.1296,42.6806,41.7566,38.4116,34.3536,31.2166,28.9616,27.5426,26.7566,26.5476,26.6046,26.5376,25.2286,21.5656,17.7356,15.9236,15.3666,15.2666,15.0816,14.3226,12.7516,10.0806,7.0636,4.4966,3.0526,3.4786,4.8266,6.2766,7.6226,8.6956,9.1546,8.5496,7.1736,5.3626,4.5286,5.9976,7.5536,7.0576,6.1926,6.6546,7.1366
NOX_ICAD,2021-10-04,128,False,4,5.18714,5.71914,8.17914,10.3601,10.0791,9.31714,10.0841,11.3451,11.9611,12.2001,12.2991,11.6501,9.65614,8.09014,8.75814,10.4321,11.7811,11.9011,9.96514,7.63514,6.54214,6.45014,7.11314,8.11214,9.09314,9.60514,9.14614,7.98414,6.33214,4.71714,3.65014,3.14414,3.24214,3.51214,3.61414,3.86514,4.63714,5.67814,6.64714,6.76614,5.28614,3.73814,3.61714,4.06314,4.17714,4.05714,3.84514,3.45014,2.73614,1.91214
NOX_ICAD,2021-10-04,184,False,1,6.23792,6.19792,5.95292,6.14692,12.9309,34.6529,74.1409,134.518,190.647,216.567,218.12,199.939,176.341,159.062,145.516,132.452,119.517,107.017,96.0669,87.8439,80.0029,70.5229,62.0679,57.6939,56.0509,55.9799,56.3699,56.4669,56.6319,57.3239,58.2909,59.1039,58.4119,54.7949,50.3369,47.1169,45.3539,45.1689,45.0869,43.6259,40.6849,36.2309,32.2309,30.6199,30.2219,29.8919,29.3549,28.4649,27.4019,26.3139
NOX_ICAD,2021-10-04,293,False,2,2.89158,2.79458,2.66658,2.17158,1.28258,2.74958,9.34658,16.4836,19.5966,20.5266,21.0846,20.8376,19.0916,17.4146,17.3466,17.8556,17.8806,17.6096,17.2766,16.7526,15.8506,14.8076,13.9266,13.7596,14.8126,15.6636,14.8116,12.6346,9.55958,7.09558,6.71858,7.41258,8.24358,9.09358,9.94358,10.5156,10.3776,8.98258,5.81458,3.19158,3.38458,4.43858,4.46358,4.41258,5.24758,5.28558,2.85358,0.62058,1.34858,3.64458
NOX_ICAD,2021-10-04,350,False,0,26.6877,28.8177,31.0207,33.2307,35.4927,38.1637,41.7837,46.8537,53.7197,58.9257,58.9437,56.9297,55.8687,55.1277,53.8417,52.7437,52.6727,53.1387,53.5547,53.0457,50.5827,46.3857,40.5447,34.5807,29.9577,26.6157,24.5007,22.5577,19.8827,17.1277,15.0317,13.4397,12.2057,11.1307,10.1207,9.48168,9.54168,9.62968,9.07868,8.18568,7.27268,6.54168,6.14568,5.68668,4.75168,3.52268,2.18468,0.93568,0.00268,-0.43232
NOX_ICAD,2021-10-04,437,False,1,1.44326,1.46126,1.64626,2.32426,3.25326,4.50026,8.03426,15.8513,23.6213,26.9543,27.5193,26.9273,25.9013,24.8103,23.6223,22.2683,21.0363,20.0823,18.1493,13.9933,9.80126,7.78926,6.99526,6.46426,6.02526,5.66426,5.33926,5.09126,5.43826,6.88226,8.21626,8.20526,7.40326,6.41226,5.89526,6.43626,7.14626,7.15926,6.90926,6.79826,6.25926,4.72126,3.37726,3.46526,4.30226,5.18726,5.69426,5.50226,5.35026,5.90126
NOX_ICAD,2021-10-04,587,False,7,43.708,44.837,45.703,46.204,46.292,46.741,48.351,50.557,52.757,54.31,54.553,54.008,53.094,52.002,50.78,49.22,47.182,45.896,46.592,47.648,47.45,46.56,45.632,45.093,45.355,46.205,47.159,45.576,38.835,31.657,28.734,28.11,27.869,28.392,30.344,32.29,32.718,31.797,29.742,28.046,28.112,28.798,28.963,28.809,28.619,28.448,28.301,28.04,27.565,27.38
NOX_ICAD,2021-10-04,723,False,1,-0.06566,-0.07166,0.69134,1.66934,3.60034,7.76434,15.5243,28.3883,41.4803,49.7673,53.1843,51.3533,46.7663,41.2703,35.4733,29.7303,24.7143,21.2373,19.1423,18.4143,18.0703,17.2763,16.2713,15.3523,14.4933,13.5613,11.9983,9.26334,6.64434,5.45934,5.15734,5.17734,4.98634,4.22134,3.91334,5.10134,6.58334,7.14834,7.20534,7.15034,6.70934,5.57534,4.67234,4.91334,5.46634,5.51434,5.48834,5.88734,6.51634,7.16634
NOX_ICAD,2021-10-04,724,False,2,7.50666,9.51366,11.9587,13.7497,14.8177,15.1577,15.5717,16.8287,18.5307,20.1677,20.8477,19.6457,17.7607,16.3047,15.1237,14.0357,13.4187,13.7317,14.4237,14.9047,14.5947,12.9307,11.0267,9.98766,9.66066,9.89266,10.3757,10.8487,10.9927,10.5517,10.3597,11.1497,11.4557,9.81466,7.94766,7.62166,8.13366,8.66766,8.53666,7.24866,6.66366,8.60366,10.8937,11.3527,11.0477,11.1197,11.4457,11.7127,11.2657,9.45966
NOX_ICAD,2021-10-04,758,False,0,150.234,194.945,216.205,225.497,233.371,241.868,252.085,266.711,288.197,307.138,313.749,312.928,309.116,304.205,299.329,295.836,294.944,294.103,290.805,286.436,282.426,278.687,275.027,271.581,268.541,265.705,262.95,260.639,258.901,255.067,246.327,235.989,227.084,218.046,206.925,194.314,180.968,169.057,160.792,154.377,148.038,140.462,130.524,120.246,111.849,106.281,104.696,105.134,105.979,106.755
NOX_ICAD,2021-10-04,829,False,2,108.161,131.834,158.976,193.01,230.144,266.188,295.601,312.237,320.959,325.459,327.222,326.607,324.906,322.197,312.503,289.329,263.068,243.84,229.387,216.978,203.85,188.039,173.849,165.897,161.165,156.421,148.37,133.906,117.733,104.568,94.8213,88.9183,84.8463,81.1533,78.4943,77.8853,78.3003,78.9503,80.4513,83.3613,84.7633,81.6163,76.6273,72.5493,70.3233,70.8293,72.6673,74.6473,76.4143,77.5603
NOX_ICAD,2021-10-04,855,False,3,10.2278,8.88876,8.33776,11.2058,15.5688,19.5048,22.6948,24.9448,26.7448,28.3258,28.6088,26.3658,23.3908,21.4058,20.1408,19.3038,19.0168,19.4478,19.5028,18.0628,15.8498,13.5968,11.8018,10.8118,9.41076,6.45076,3.59476,2.62476,3.00876,4.17576,4.92276,4.11476,2.50676,0.95076,0.60476,2.57076,4.87076,5.54976,5.17976,4.42876,4.08076,4.77976,5.40776,4.81676,3.57876,2.31176,1.44776,1.43376,2.14976,3.48976
NOX_ICAD,2021-10-04,899,False,7,7.02962,7.17562,10.5836,14.6156,16.6386,17.5486,18.3506,19.4086,20.9046,22.0836,22.1046,21.2196,19.6996,18.6706,19.1476,19.6246,18.5756,16.8476,15.3416,14.2596,13.7306,13.2966,12.5316,11.5846,10.6276,9.78462,9.16862,8.66062,8.13762,7.46562,6.59462,6.28162,7.20562,7.65662,5.96862,4.04562,3.76962,3.78662,2.72762,1.77562,2.24462,3.46262,4.74862,5.82262,6.45062,6.70462,6.56862,5.95362,4.76962,3.97862
NOX_ICAD,2021-10-04,974,False,-1,2.85338,3.32538,4.32038,4.41138,7.51238,17.8554,30.2344,39.6014,47.2264,54.3114,58.8214,58.2894,56.0564,55.1474,54.2994,52.0254,49.6524,48.5404,47.6644,45.9204,43.6444,41.2504,39.2504,38.1444,37.4894,36.8824,36.2064,35.3984,34.5634,33.8244,33.2824,33.0214,32.6414,31.7654,30.8604,30.4394,30.4674,30.8874,31.1314,30.6394,29.7674,28.8434,27.8914,26.9424,26.4624,26.9014,27.2694,26.6714,26.3424,27.5254
NOX_ICAD,2021-10-04,989,False,3,10.7593,12.1943,13.9423,15.3153,15.5923,15.3923,15.3393,15.7113,16.7193,17.6813,17.8573,17.1623,15.4673,13.4493,11.7713,10.8383,11.0853,11.9143,12.8573,14.1393,15.9993,17.3993,17.2863,16.7073,16.6483,16.5353,15.7753,15.3253,16.0573,16.1643,13.8783,11.5803,11.6953,12.7643,13.2833,13.4453,13.4993,13.0463,11.6693,10.5163,10.7503,11.6213,12.2833,11.9393,9.91134,8.20634,8.75634,9.72434,9.24534,8.21934
NOX_ICAD,2021-10-04,1021,False,1,3.30294,4.11494,4.87494,6.01294,10.9389,23.6199,40.8209,59.3869,74.7829,82.2939,83.8299,80.6409,75.3199,69.8059,65.0239,61.7259,59.1709,56.8259,55.4119,55.8619,57.2429,58.6939,59.7659,60.1069,60.2929,60.8459,61.3609,61.4159,61.4609,61.8439,61.4249,59.0169,56.2219,54.6289,53.7019,52.9129,52.5629,53.0179,53.3239,52.5059,51.0769,49.4349,47.0009,42.8789,36.8059,28.5879,21.7239,19.7809,20.3399,21.1429
NOX_ICAD,2021-10-04,1172,False,0,4.4547,3.5917,3.3767,5.6587,12.5817,21.6707,30.6037,38.2727,43.5507,46.5147,46.8717,45.5027,42.9357,39.8437,36.6377,33.0477,28.8167,25.2167,23.6117,23.1097,22.9087,22.7847,22.6537,22.5127,22.3557,22.0737,21.6017,21.4797,22.2407,23.0757,23.1717,22.8667,22.5547,22.5857,23.2207,23.5427,22.6387,21.3977,20.7097,20.3407,19.9757,19.3297,18.2437,17.8797,19.3517,20.7407,20.0807,18.3337,16.4197,14.2607
NOX_ICAD,2021-10-04,1192,False,-2,5.7575,5.2735,6.3915,10.2595,15.0065,18.8425,21.7205,23.6505,25.1395,26.4495,26.7645,25.1825,23.3385,22.8085,22.8115,22.5025,21.9605,21.2275,19.6705,16.5535,12.8305,9.5105,7.4185,7.4375,8.4855,9.6355,10.7715,11.7955,11.9445,10.4095,8.5305,7.5935,7.1075,6.6315,6.9275,8.8635,11.2185,12.7685,13.5325,13.5375,13.1895,12.7975,12.4065,11.9215,10.6935,8.1785,6.5115,7.8245,9.8635,10.3945
NOX_ICAD,2021-10-04,1193,False,1,5.81104,10.308,16.777,28.247,77.75,204.295,376.695,564.056,715.76,780.413,793.017,782.711,761.143,732.391,695.133,646.843,600.159,567.583,542.424,517.456,486.591,444.249,398.533,357.878,325.777,306.41,295.888,291.423,287.203,278.101,265.675,251.416,236.401,221.237,205.632,189.574,176.503,169.742,162.481,148.039,131.649,118.897,109.462,102.904,97.297,91.12,84.862,79.167,73.778,68.351
NOX_ICAD,2021-10-04,1213,False,1,17.1418,17.6888,21.5238,31.6718,44.2518,55.6978,66.3758,76.9518,87.4698,97.2358,101.858,96.5578,88.2548,83.5538,81.4828,80.6408,79.3418,76.0848,71.6518,66.6748,60.9478,54.2608,48.7258,46.5778,46.1588,45.9758,45.9598,46.0708,44.6988,40.3248,36.5098,36.8818,39.2848,41.4598,42.2488,40.6718,38.4988,37.4198,37.0598,36.9838,37.0118,37.0718,37.2868,37.6908,37.2928,35.0438,32.1588,29.8748,28.5368,28.3248
NOX_ICAD,2021-10-04,1274,False,1,8.13854,9.48954,12.0135,17.5675,24.6615,32.2315,42.0765,56.3105,71.5265,83.9425,91.0735,90.1215,85.6895,81.8275,78.8115,76.5545,74.8625,73.6635,72.6085,71.4085,70.1205,68.6785,66.0815,61.2085,55.4475,50.1375,45.5745,41.9605,38.4425,34.3945,31.3945,31.0545,30.9095,28.4945,25.0425,21.8495,19.0035,16.5965,15.2775,15.8575,17.3775,18.8585,19.0925,16.8555,13.5455,10.5085,8.27154,7.30554,6.96554,6.66254
NOX_ICAD,2021-10-04,1348,False,-2,9.322,8.973,8.47,7.927,7.21,6.261,6.048,7.662,10.417,13.546,15.272,13.717,10.186,6.055,3.891,6.161,9.592,11.016,11.293,11.39,11.194,10.314,8.356,5.077,3.325,5.83,8.488,7.196,4.382,2.664,2.328,3.478,4.724,4.764,4.156,3.538,3.495,4.485,5.093,3.97,2.792,3.147,3.171,1.11,-0.049,2.713,6.041,6.495,5.378,4.037
NOX_ICAD,2021-10-04,1405,False,0,1.7895,1.8295,1.9315,2.4275,3.1285,4.0315,6.3355,11.3775,17.2935,22.0805,24.3335,22.7215,20.8155,21.8885,23.0765,21.3875,18.9525,18.0205,17.9415,17.8995,17.3065,15.7285,14.5315,14.9745,15.0985,12.9325,10.3075,9.1545,9.1445,9.9045,10.7785,11.2275,11.4405,11.5825,11.3865,10.5305,9.4615,8.6965,8.8075,10.2415,10.8645,8.5655,5.5615,4.1145,3.8225,4.1725,4.3255,3.5275,2.2365,1.0265
NOX_ICAD,2021-10-04,1409,False,0,101.897,147.107,182.146,207.126,221.233,226.855,225.074,222.878,226.353,231.07,232.306,231.602,230.419,227.34,219.87,205.703,181.992,155.866,134.26,117.79,107.203,100.067,94.7882,91.0992,89.0362,85.9272,79.2262,71.9212,67.0392,63.4892,60.2222,57.8812,57.3322,57.2132,56.1232,53.7762,50.0942,47.6472,48.7632,49.1912,44.6082,38.2132,33.3082,29.9212,27.9172,26.4292,24.7592,22.9592,21.1542,19.4322
NOX_ICAD,2021-10-04,1444,False,2,6.1524,5.5334,6.0354,6.8204,6.9664,6.8534,6.9834,7.8014,9.7914,12.3604,14.7464,15.0864,11.5124,7.3194,5.7204,5.5184,5.4444,5.4334,5.5564,5.3574,4.3874,3.3994,3.1894,3.6794,4.8214,6.2654,7.6434,8.1924,7.1394,5.7034,5.0624,4.9104,4.8574,4.4864,3.5264,3.2264,4.8344,6.7564,7.3914,7.3294,7.2084,7.1634,7.2514,7.4044,7.5214,7.2814,6.3834,5.5654,5.5214,5.4624
NOX_ICAD,2021-10-04,1518,False,4,2.86386,4.06486,9.94386,23.9059,39.1509,51.5359,60.1499,66.8479,72.2269,75.3089,76.4369,75.6339,73.3649,69.7199,65.0699,59.4339,52.4579,43.8789,37.0119,34.9359,32.5929,26.5219,21.9869,19.4269,17.1979,15.2389,13.9049,13.5239,14.4249,15.0629,13.8809,11.6589,9.14986,6.67786,4.53786,3.22386,3.32286,4.10686,4.87286,5.38986,5.51586,5.05386,4.27586,3.51186,3.59186,5.38886,7.82986,9.83886,10.9789,10.8089
NOX_ICAD,2021-10-04,1663,False,6,55.8415,66.0875,75.7985,83.4125,86.8345,88.1615,89.3165,91.1985,94.3895,97.1445,97.5455,95.8585,91.9645,85.4695,75.6095,64.8775,55.6565,48.1245,42.5505,38.5675,36.1025,34.3435,32.5395,29.6805,24.9445,21.0065,20.4205,19.9005,16.3035,13.0655,13.7615,15.5225,15.3985,14.2775,13.2635,12.9375,13.7755,14.7645,14.9215,14.6235,14.2745,13.9545,13.6395,12.8975,11.3715,10.3875,11.3385,13.2575,15.1055,15.8515
NOX_ICAD,2021-10-04,1689,False,1,5.24626,5.79026,9.64326,14.1043,16.5893,18.2903,20.4633,22.5383,23.7783,24.4543,24.7573,24.5063,23.4273,22.1313,21.1903,20.4513,19.6703,18.3383,16.0843,14.6863,15.9213,17.6973,17.8813,16.8973,15.1973,13.2073,11.3073,10.2473,10.7703,11.5253,11.1903,10.2593,9.35726,9.29126,10.8503,12.8783,14.2063,14.6133,13.8193,12.1143,9.72926,7.79426,7.40026,7.57526,7.37726,6.94026,6.48726,6.13726,6.01026,6.14126
NOX_ICAD,2021-10-04,1700,False,-1,3.65998,4.13798,3.82698,3.10298,2.52398,3.51898,7.67198,13.474,19.424,23.834,24.998,24.349,23.088,21.517,19.745,18.199,17.309,16.7,16.022,15.288,14.597,14.308,14.778,15.297,15.165,14.737,14.398,14.243,14.295,14.044,12.947,11.42,9.88798,8.75398,8.41598,8.47398,8.61298,8.98898,9.76298,10.152,9.34498,8.08598,7.07698,6.12198,5.07398,4.91098,6.65898,8.75598,9.64598,9.67098
NOX_ICAD,2021-10-04,1835,False,4,5.16842,6.70842,8.84542,10.9104,12.1384,12.1384,10.6264,10.0454,12.7344,15.8194,16.3734,15.5504,14.5634,13.6494,12.8594,11.9884,10.8764,10.0554,10.0774,10.3514,10.2974,10.0524,9.77442,9.42642,8.96942,8.67642,8.80542,8.87842,8.39942,7.63142,6.86442,6.39842,6.48042,6.42742,5.55642,4.39942,3.56142,3.46442,4.49142,5.48642,5.33242,4.74442,4.45542,4.35442,4.29842,4.42242,4.83542,4.89542,4.02042,3.46342
NOX_ICAD,2021-10-04,1858,False,2,11.5954,14.3624,18.6124,23.6614,29.0684,34.6114,40.0484,44.4884,46.9354,48.3874,49.4624,48.5194,43.7514,38.6284,36.5454,35.8614,34.9254,34.2674,34.5144,34.1104,31.4864,28.4404,26.7894,25.9094,25.1164,24.2384,23.2144,22.2954,21.6824,20.7824,19.0804,17.9254,18.6594,19.6194,19.1094,17.8024,16.3894,14.9374,13.4054,11.8354,10.3524,9.61938,10.3734,11.8064,13.0524,13.0804,10.9304,8.64038,8.24838,9.05338
NOX_ICAD,2021-10-04,1859,False,4,5.7784,7.3874,8.2494,8.7324,9.4124,12.0584,18.5654,26.4914,33.3734,38.1364,39.6394,39.1814,37.7194,35.6524,33.2304,31.5654,31.7664,32.5304,32.6004,32.2624,31.9174,31.9264,32.6264,33.5474,34.1534,33.8994,32.2794,30.7834,30.8654,31.5404,31.7874,31.6134,31.0514,30.0844,28.6154,26.9044,25.3394,25.1694,27.6094,29.9824,29.5604,27.3044,24.2264,21.6014,20.5684,20.3144,19.9204,18.2594,14.3224,10.5484
NOX_ICAD,2021-10-04,2129,False,1,5.42758,4.10958,3.13458,3.80258,5.37558,7.16758,9.01458,10.8246,12.2916,13.0476,13.2796,13.1036,12.7206,12.1926,11.0916,8.96258,6.81358,5.67958,5.30658,5.45558,5.73258,5.82358,5.80658,5.76558,5.63558,5.33558,5.01358,4.79758,4.51458,3.99058,3.47758,3.32458,3.98658,5.89158,7.55058,7.45958,6.45158,5.37458,4.65658,4.64558,4.90458,4.95558,4.32458,2.56858,0.75558,0.00758,0.35258,1.86958,3.84558,5.54958
NOX_ICAD,2021-10-04,2157,False,5,5.89804,6.22204,7.92104,12.167,16.192,17.197,16.605,15.944,16.315,18.573,20.418,19.538,17.504,15.868,14.523,13.182,11.576,9.54904,8.11904,8.28204,8.54504,7.45104,6.07204,5.40304,4.02404,0.65604,-1.27596,1.67904,5.55204,6.34704,5.45204,4.37704,3.31704,2.33104,1.92304,2.56504,2.93304,1.86804,1.51904,4.02404,6.68004,6.71804,5.50804,4.49204,3.94304,4.01204,4.38004,4.76504,4.97904,4.85204
NOX_ICAD,2021-10-04,2173,False,0,0.2587,1.4607,4.2197,9.4167,18.6157,31.4857,47.9117,63.6007,74.1587,80.2007,82.0037,81.8467,81.3467,80.0497,77.1407,73.2517,68.7807,63.2077,55.9127,48.8067,43.8657,40.5537,38.4077,36.6687,34.7677,32.7537,30.6817,28.2677,25.2417,22.4507,20.7657,19.5907,18.3147,16.6977,14.5457,12.2647,10.2647,8.6377,7.4897,6.5707,5.7617,5.5937,6.6207,7.5877,7.2697,6.5447,6.3247,6.4267,6.6207,6.8447
NOX_ICAD,2021-10-04,2186,False,1,3.09658,3.53658,3.67158,4.38958,8.31258,26.3016,71.2606,131.989,196.863,244.294,251.871,237.088,215.412,194.952,181.482,171.658,162.067,150.682,135.862,120.461,107.355,96.2356,86.7376,77.3716,67.0176,57.6096,51.3146,46.7296,42.5856,38.5626,34.6186,31.1776,28.7436,26.8136,24.9596,23.2086,21.5516,19.0906,15.0286,11.6686,11.3386,12.0356,11.7816,11.0526,10.4256,9.58958,8.19658,6.95758,6.61858,6.74858
NOX_ICAD,2021-10-04,2225,False,7,31.1851,35.2191,38.5681,39.5171,38.9141,37.5801,36.7401,37.5301,39.1571,40.7361,41.1031,39.2191,37.5111,38.2701,39.1571,37.7361,35.3731,33.4041,31.0871,27.6231,24.6491,23.8791,24.0751,24.0341,23.8021,23.4441,22.2681,19.5191,16.4631,14.3381,12.7851,11.4161,10.1061,8.86508,8.11808,8.25308,8.04408,6.32408,4.59908,4.42408,4.96808,5.38708,5.69008,5.89608,5.43008,3.68308,1.76508,0.78308,0.44408,0.52808
NOX_ICAD,2021-10-04,2247,False,-1,5.44296,6.94296,8.73896,12.041,18.388,26.489,35.06,42.171,45.899,47.92,49.528,49.543,46.424,42.132,38.465,35.078,31.53,28.411,26.322,24.064,20.482,16.847,14.493,12.827,11.297,10.166,9.79296,9.49796,8.59296,7.22396,5.74096,5.79896,8.95396,11.773,10.85,8.57096,7.35996,6.77896,6.21796,5.62496,5.00596,4.20696,3.03396,1.56196,0.00496,-0.24304,2.22996,5.16996,6.39496,6.87396
NOX_ICAD,2021-10-04,2262,False,3,4.43826,6.21926,8.44126,11.6333,14.4413,15.4503,15.5243,15.5183,15.8073,16.5823,16.8353,15.5523,13.9243,13.1263,12.7293,12.3503,12.6983,14.4423,15.4753,13.6813,11.0953,9.74926,9.11826,8.62826,8.54626,9.24926,10.0783,10.3313,9.79326,8.31226,7.21026,7.78026,8.92226,9.52826,9.68526,9.53626,9.25326,8.94326,8.54426,8.04426,8.06326,9.14626,9.73026,8.21726,5.90626,4.12826,3.09926,3.04626,3.88626,5.58826
NOX_ICAD,2021-10-04,2264,False,0,29.0584,42.6634,56.5064,70.3734,84.7704,103.391,129.871,155.874,172.715,182.519,186.589,184.522,174.486,160.028,144.07,129.241,118.088,110.701,107.562,106.437,105.618,105.229,105.666,106.262,106.344,105.931,105.022,103.764,102.261,100.885,99.9244,98.6254,96.2004,93.3704,90.8384,88.4924,86.1304,83.4524,80.1464,76.5374,73.0974,71.1414,72.0934,74.2164,75.7994,76.0964,74.4544,72.3794,71.2934,70.8354
NOX_ICAD,2021-10-04,2270,False,0,83.8928,92.1938,102.221,112.514,123.225,134.854,147.583,161.417,173.406,180.015,180.838,174.927,166.529,159.317,153.295,148.158,143.043,137.244,131.508,126.643,122.238,117.879,113.429,108.772,103.832,98.7688,95.6568,96.7798,99.8358,102.659,104.628,105.326,105.758,106.871,108.365,109.839,110.778,110.275,106.256,96.4148,85.2688,77.2298,71.8798,68.6538,65.5888,61.0908,56.8788,54.8348,53.9278,53.1418
NOX_ICAD,2021-10-04,2290,False,1,1.79458,2.06558,2.13058,2.03058,3.72558,10.3016,26.1236,55.8096,85.7396,101.706,103.751,91.2106,72.7896,55.9846,43.4576,37.5446,34.8726,32.6066,30.3406,28.0416,25.4826,22.4596,19.6266,17.6056,15.6056,12.9136,10.6786,10.1606,10.5426,11.0396,11.3436,11.1686,10.2696,8.31158,5.83858,3.46958,2.44558,3.94258,5.43858,4.50358,2.96358,2.74458,3.31758,4.02558,4.29958,3.67058,3.02558,3.17358,3.09558,1.79158
NOX_ICAD,2021-10-04,2291,False,-1,6.44536,6.48336,6.51336,7.33436,8.57936,9.94336,11.8484,14.8404,18.4304,21.9944,23.9404,22.6584,20.6354,20.2044,20.1754,19.2144,17.8514,16.6894,15.7014,14.8154,13.9734,13.1194,12.1304,10.8884,9.65336,8.72836,8.29436,8.51036,8.52536,7.51036,6.19036,5.36036,5.31936,6.39736,8.01936,9.60136,10.3204,9.36736,7.97436,7.35136,7.42536,8.11136,9.15736,10.3144,10.8134,9.92136,9.00436,9.39536,10.1984,10.4784
NOX_ICAD,2021-10-04,2292,False,0,4.46046,5.28446,6.62346,9.75146,19.4755,42.1775,76.9695,123.026,162.991,179.152,180.387,174.227,163.427,148.937,134.977,125.475,118.316,111.453,104.615,97.5755,88.5595,75.8725,63.8065,56.7825,52.7785,49.8155,46.6105,42.1705,37.0495,31.8725,27.4555,24.6525,22.8195,21.4245,20.1995,18.9805,17.6465,16.1525,15.1135,15.1985,15.8295,16.4845,17.1285,17.7475,18.0105,17.5375,16.6845,15.7595,14.8215,13.9245
NOX_ICAD,2021-10-04,2316,False,3,7.68914,9.14514,9.47714,9.78814,11.2581,13.0421,14.2421,15.0471,15.6781,16.2421,16.6771,16.1471,13.8431,11.8391,12.2181,13.6481,14.6841,14.5181,12.4951,10.6291,10.7991,11.0781,9.55814,8.01214,8.35114,9.69914,11.0521,11.4481,10.0801,8.95914,10.0111,11.3391,11.0681,10.7291,11.8081,12.2251,9.87214,7.35214,7.28314,8.04914,7.94414,7.31914,6.62514,5.90114,5.25314,5.64814,7.97914,9.73314,8.39214,5.95514
NOX_ICAD,2021-10-04,2317,False,8,15.3648,15.7488,15.2118,12.9338,10.5408,9.72482,10.3738,12.3928,14.6808,16.1948,16.6798,15.8748,14.7288,14.0878,13.6638,13.1138,12.4828,11.9328,12.1018,13.5588,14.5038,13.1518,11.1888,10.3118,10.0038,9.80882,10.6858,13.4918,14.8928,11.6158,7.74982,7.41182,8.71882,9.67682,10.3388,10.9398,11.3558,11.3758,11.0158,10.2568,9.40482,8.71382,7.97882,7.04282,6.55882,7.20882,8.08982,8.31282,8.17082,7.98582
NOX_ICAD,2021-10-04,2347,False,0,6.91388,8.54888,10.5439,13.3569,18.7209,28.4539,38.5209,44.9629,49.4489,53.4629,55.6519,54.1199,50.1719,44.8569,39.2909,34.3399,29.7819,25.4999,22.3049,21.1279,20.5069,19.0609,17.1639,15.2659,13.3969,11.5719,10.0699,9.14088,7.95588,5.81988,4.42288,5.46988,6.89288,6.64688,5.86888,5.77888,5.99088,6.02088,5.78088,5.20088,4.45888,3.72288,3.20288,3.18488,3.93888,5.66488,6.57588,4.95888,3.16788,3.50588
NOX_ICAD,2021-10-05,20,False,2,29.9718,34.1938,37.7578,38.2718,37.8808,38.8078,41.0438,44.4618,47.8808,50.1118,50.9718,50.1828,48.6048,46.9308,45.2828,43.7088,42.3558,41.4188,40.8678,40.6508,40.0528,38.4278,36.9528,36.8498,37.4678,38.0798,37.9258,36.3928,35.3318,36.6168,38.8438,40.5388,41.2138,40.4078,38.9148,37.4028,35.9378,34.4998,33.0748,31.6348,30.0668,28.3298,27.1538,27.2948,27.7568,27.5198,26.4968,24.5948,22.2748,19.9538
NOX_ICAD,2021-10-05,25,False,3,3.70904,2.62604,3.00504,4.16704,5.45604,6.98304,9.08604,12.226,16.777,20.391,20.571,18.551,15.519,13.041,12.627,13.975,16.753,18.753,17.801,15.327,12.67,10.087,7.77604,6.56204,7.29404,8.14704,7.43904,6.77804,7.74104,8.33204,6.50204,4.19804,3.40504,3.29204,2.95004,2.44104,1.93604,1.63704,1.74804,2.07704,2.46404,2.94104,3.46604,3.18904,1.33004,-0.03196,1.16004,2.98804,3.50604,3.28204
NOX_ICAD,2021-10-05,41,False,0,2.72156,3.12856,3.45256,4.46556,5.85256,7.59656,11.8256,20.7206,29.6596,33.9656,35.3326,35.3656,34.6446,33.4136,32.4396,32.4196,32.6016,32.2276,31.5446,30.8526,30.4046,30.3766,30.0476,28.5666,25.7786,21.4896,17.1836,14.4516,13.9086,16.1286,18.0366,16.7176,14.4826,13.7096,13.7766,13.9186,13.8126,13.1616,11.8766,9.87056,8.15156,7.71656,7.86556,7.88256,7.50156,6.54956,5.76956,5.88756,6.30756,6.43156
NOX_ICAD,2021-10-05,74,False,2,22.0626,24.0376,27.6836,31.0266,32.1136,33.1036,36.1476,39.4056,40.9106,41.4666,41.7636,40.9446,37.9806,34.6056,32.5076,31.1346,29.9536,29.2936,29.6346,30.4186,31.1066,31.4056,31.0356,30.3356,29.6846,29.7556,31.0686,31.4906,28.9416,26.1226,25.7626,26.5556,26.9896,26.0356,22.8006,19.4776,18.2076,17.9076,17.4696,16.8926,16.1266,13.9896,9.51956,6.94356,10.4796,15.3076,16.6506,16.4506,16.8656,17.7196
NOX_ICAD,2021-10-05,80,False,0,33.9935,43.7875,49.2725,52.5465,55.7325,60.4275,68.4745,80.7185,97.8835,112.609,117.02,113.121,102.282,88.7865,76.0455,64.6275,55.1065,48.2495,45.1355,43.1515,39.9265,35.9645,32.0395,29.1565,28.2435,27.4815,25.1155,22.2615,20.0605,17.9325,15.2435,12.6315,10.7965,9.3625,8.0185,7.0735,6.9395,7.2115,7.6025,8.5395,10.4635,12.0785,12.0255,10.9125,9.3595,8.2085,8.2695,9.1545,10.3935,10.5995
NOX_ICAD,2021-10-05,86,False,-1,2.18042,2.96842,4.74042,7.54042,11.6064,16.7854,23.1484,30.2904,37.6724,42.8984,43.4354,42.1124,41.5524,41.5234,41.5584,41.5624,41.4244,40.5814,38.3734,35.4134,32.3664,30.4254,30.6584,30.6194,27.9154,24.4944,22.4474,21.7984,22.5664,23.9964,25.3324,25.2464,22.4474,19.2724,18.0124,17.8174,17.7904,17.7834,17.7474,17.4664,16.8204,16.9444,18.9574,21.0984,21.5934,21.2094,20.6914,19.8684,18.4554,17.0304
NOX_ICAD,2021-10-05,102,False,0,8.1217,6.8257,5.5087,4.8937,5.6817,7.1717,8.7457,10.2887,11.7817,13.3397,14.8967,15.0307,12.3597,9.9657,10.8637,12.6817,12.9777,12.4497,11.9197,11.4427,10.9627,10.3937,9.5737,8.0747,5.5537,3.8117,4.6357,6.0407,6.0697,5.5397,5.4087,5.8377,6.9137,7.9537,8.3017,8.2837,8.1907,7.8657,7.0757,6.0267,4.9947,4.7427,6.0307,7.5617,8.0457,7.8277,7.3587,7.5037,9.0307,10.4667
NOX_ICAD,2021-10-05,163,False,3,13.8166,15.4576,15.9036,14.0916,12.1386,12.1416,13.1986,14.4196,15.8906,17.6786,18.2596,16.0746,13.3676,12.3646,12.4116,12.8066,13.3176,13.7486,13.4226,11.6206,9.34462,7.58662,6.48562,6.19162,6.47662,7.24862,8.46462,10.0916,11.1966,10.8646,10.2026,10.3056,10.8386,11.3206,10.9636,9.09962,7.78662,9.01462,10.5686,10.1416,8.43762,6.29962,4.93562,5.43662,6.27562,5.94162,4.95962,3.93162,3.19462,3.09062
NOX_ICAD,2021-10-05,358,False,2,5.9577,8.3497,11.9137,15.8707,19.3997,21.8097,24.0887,27.2127,30.6547,33.7087,35.4627,34.8567,32.7457,29.7797,26.4587,23.2957,21.7567,23.3347,25.4767,25.6807,24.6557,23.1997,21.9277,21.2957,20.6567,19.3357,17.6527,16.0067,15.0127,15.3227,16.2857,17.3137,18.2107,18.7747,18.6347,17.4137,16.2437,16.2427,16.8067,17.2997,17.4737,17.1187,16.4997,15.8957,15.6897,16.2877,17.2857,18.2937,18.9797,19.1017
NOX_ICAD,2021-10-05,359,False,1,13.0466,12.2116,14.5986,42.4856,121.976,232.148,355.924,484.909,609.587,694.601,698.689,650.324,573.359,499.127,454.041,422.07,387.124,348.969,309.129,270.25,235.429,207.439,189.807,177.243,165.06,150.852,132.929,115.679,103.555,93.9846,84.5936,76.0926,69.7626,65.4216,63.0076,60.6866,56.8066,52.4166,48.6226,45.1796,41.8496,39.0636,37.4746,37.3056,38.9656,41.5696,44.2566,45.7126,44.7666,43.9956
NOX_ICAD,2021-10-05,360,False,-1,6.04524,5.01424,5.40024,8.38624,17.2942,42.7512,98.0602,172.179,253.934,318.08,338.568,333.817,319.934,305.154,294.863,287.027,279.147,268.462,252.169,233.071,213.512,193.067,171.179,151.049,136.186,124.709,115.215,107.799,103.17,100.071,97.5272,95.1762,92.7582,89.6122,85.0352,79.9552,75.1162,69.5202,62.1792,55.4212,51.5812,48.5702,44.3592,40.0472,36.9052,34.2912,31.5892,29.1942,27.6182,26.4582
NOX_ICAD,2021-10-05,373,False,-3,8.1303,12.6353,19.0973,26.8703,35.5133,43.3463,48.6303,52.1093,54.3573,56.0703,57.5203,57.4083,54.1503,49.1793,43.7283,38.2373,33.0223,28.5213,25.2713,22.8313,20.8663,19.0353,17.0883,15.0693,13.1493,12.0763,12.5443,12.6113,10.4413,8.2723,8.3433,8.8223,7.7633,5.7533,3.5883,2.6863,4.3723,6.2973,6.1283,4.8273,3.4793,2.9023,3.8613,5.5633,7.2473,8.4253,8.6203,8.1883,7.4413,6.8443
NOX_ICAD,2021-10-05,378,False,-2,10.0966,10.3266,10.5816,10.8696,11.0406,10.9916,11.2646,12.5456,15.0766,19.0146,21.9866,21.5906,19.7406,18.2676,17.0926,15.9296,14.5616,12.7726,10.6866,8.51864,7.26664,7.88664,8.46164,7.15764,5.59064,5.45464,6.00464,6.44964,6.79264,7.02364,6.46364,4.40964,2.28864,1.54264,1.70764,2.36864,3.50264,5.13664,6.25064,5.87264,5.36164,6.01064,6.62264,5.94964,5.03564,4.97564,5.38764,5.76764,5.42564,3.75564
NOX_ICAD,2021-10-05,404,False,-1,5.47872,5.96272,4.85672,2.93672,1.12572,1.00072,4.24672,9.16772,14.1017,17.6257,18.3117,17.2667,15.4997,14.3357,14.8717,15.2977,13.8157,11.8097,10.7157,10.1417,9.70172,9.80072,10.8497,11.3977,10.0237,8.36172,8.04872,8.26072,8.10372,7.70472,7.23872,6.64572,5.86072,5.31072,5.44672,5.93472,6.43972,6.72472,6.59772,6.44272,6.57972,6.38472,5.21672,3.92372,3.40972,3.68472,4.73572,5.76172,6.00572,5.83372
NOX_ICAD,2021-10-05,455,False,-4,17.876,16.068,13.594,11.158,9.67902,10.088,11.243,12.23,14.112,17.907,20.59,19.161,17.047,17.569,18.352,16.893,15.118,15.103,16.047,17.055,17.62,17.282,16.37,15.105,13.427,11.308,10.021,10.868,12.344,12.9,12.269,10.286,8.49502,8.40302,9.20302,10.073,10.599,10.498,10.531,11.476,12.904,14.241,14.298,11.892,9.06402,7.85002,7.88302,8.74202,9.61602,9.80102
NOX_ICAD,2021-10-05,467,False,1,5.37484,7.80084,10.3688,14.2028,20.5718,28.2068,36.0358,44.1498,52.5738,59.2358,61.6178,60.1898,55.0748,48.9378,44.2128,41.4428,41.0828,41.0608,39.4528,37.0568,34.7288,32.4868,30.2108,27.5648,24.2498,21.1228,19.0278,17.1848,14.8388,12.4578,10.7398,10.5818,12.8688,15.1068,14.8298,13.2028,11.3818,9.54784,7.94984,8.25084,12.1368,16.1998,16.9808,15.4598,12.6768,10.1758,9.20384,8.16684,5.52984,3.12684
NOX_ICAD,2021-10-05,468,False,2,0.06884,0.00384,5.87184,26.8388,79.6098,184.512,312.473,434.403,524.383,555.422,554.819,545.567,533.807,521.727,509.643,496.86,478.486,449.26,417.084,389.475,364.404,339.516,314.997,292.181,276.02,272.36,275.498,280.22,282.18,277.499,269.758,262.232,255.024,247.67,238.834,226.706,210.498,188.886,164.506,139.876,118.407,103.631,92.6028,82.7938,73.1528,63.3078,55.1578,50.8638,48.5128,46.3818
NOX_ICAD,2021-10-05,523,False,3,24.3115,25.9845,27.1115,27.8035,28.2795,28.6695,29.1275,30.2085,32.4305,34.4165,34.7255,33.8665,32.2825,30.3935,28.3735,25.5345,21.2155,17.4175,16.2535,16.7815,18.1705,19.9045,21.7105,23.7495,26.1715,28.1625,28.9915,30.2585,33.3755,35.4125,33.4515,31.1255,31.9265,32.7045,30.2245,27.4275,27.4445,28.9825,30.6295,31.6195,31.3355,30.7075,30.6425,31.0455,31.7945,32.6985,33.5485,33.8225,33.0705,32.7585
NOX_ICAD,2021-10-05,554,False,0,19.7239,16.1849,15.5789,16.3789,17.0079,17.7409,19.1059,21.0719,23.5499,25.4559,25.6709,25.0219,24.1979,22.8389,20.4299,17.6389,15.2259,14.0999,15.1469,16.3929,15.8999,14.4189,12.7229,10.9769,9.29388,8.16088,8.08788,8.21988,7.81388,7.72188,8.72888,8.98888,6.65088,3.93788,3.22088,4.44988,7.39188,9.25288,7.34988,4.42188,3.18988,2.93088,2.84688,3.18588,4.31388,5.43088,5.77888,6.05688,6.86788,6.92188
NOX_ICAD,2021-10-05,555,False,0,24.2627,20.1657,17.9787,17.9007,18.8217,19.9297,21.5427,24.1677,27.2977,30.3247,32.0327,31.1877,29.7077,29.3247,28.8037,26.8177,24.7817,24.1067,23.5517,21.8357,19.8397,18.5077,17.5477,16.6897,16.2657,16.5437,15.8957,12.7487,9.59666,9.05366,10.3997,12.8167,14.4697,13.6757,12.2377,11.9457,12.3077,12.6247,11.9377,9.50666,8.18466,10.8087,14.2787,15.5127,15.7577,16.3207,16.5117,15.4787,14.1347,13.2617
NOX_ICAD,2021-10-05,559,False,1,6.82096,6.27796,7.61296,10.508,14.794,19.718,24.942,31.929,41.971,49.984,50.584,46.995,42.126,36.753,31.268,26.947,25.105,24.126,22.495,20.535,18.682,16.908,15.265,14.581,15.772,17.568,18.815,20.02,21.627,22.143,19.959,16.933,14.852,13.338,11.922,10.651,9.67296,8.94196,8.43796,8.04096,7.72996,8.00996,9.23996,9.20096,5.67996,1.59396,0.00896,0.87796,4.09596,7.37796
NOX_ICAD,2021-10-05,880,False,0,10.4934,20.5744,42.6284,81.0384,130.681,187.503,240.927,280.062,305.469,316.096,317.234,312.118,304.3,296.144,287.988,279.447,267.825,250.19,230.688,213.014,194.838,173.577,152.173,134.018,119.975,111.072,103.637,94.6454,86.7164,82.9204,81.2564,79.9614,79.4714,80.4694,81.2744,80.3914,80.1874,83.0424,86.1654,86.6834,85.8524,84.9154,83.6174,81.4834,78.9274,76.2794,73.3234,69.6584,64.9434,58.8904
NOX_ICAD,2021-10-05,881,False,-2,57.8375,61.9885,67.3975,73.6925,80.1965,86.7535,93.2535,99.2485,104.079,107.171,107.606,105.85,101.992,96.8765,90.8925,83.3695,73.5075,63.8405,57.0025,52.4905,49.9375,48.2745,46.6485,44.4295,41.0465,37.2675,33.7625,30.0705,25.8465,22.9485,23.4355,25.6805,28.1175,29.6715,29.3725,28.1435,26.8245,25.7205,25.0435,24.5805,24.0735,22.9975,20.8075,18.2255,15.9775,14.3065,13.5005,13.4095,13.8645,13.6045
NOX_ICAD,2021-10-05,937,False,-1,13.2977,17.9517,26.5437,35.3497,40.7887,44.4177,47.7527,50.5427,52.2107,53.0827,53.3397,52.9947,51.8877,50.1857,48.0777,46.7647,47.4177,48.4057,48.1087,47.1037,45.8767,43.5897,39.2217,34.1287,29.5197,24.7927,19.4387,15.5367,15.3627,16.8737,18.0937,18.3987,17.3237,15.8627,14.9317,14.3077,13.7627,13.5297,13.9767,15.1767,17.0787,17.6957,15.1607,12.8407,14.0027,15.6057,14.5567,12.8597,12.6767,13.3207
NOX_ICAD,2021-10-05,957,False,-1,7.5684,8.2884,8.1904,7.5984,7.0264,7.1004,8.5194,10.9974,14.2554,16.8994,17.5334,17.0554,16.2454,15.0844,13.4694,12.3014,12.5264,13.4644,14.4024,14.6184,13.4714,12.2154,12.1194,12.8674,14.0504,14.6214,13.5644,11.9204,10.7014,9.8904,9.4234,9.2084,9.2164,9.3254,9.4184,9.2814,8.7924,8.9364,10.5604,11.3144,8.8454,5.7254,4.5884,4.8084,5.6584,6.3404,6.1704,5.5554,4.8474,3.8374
NOX_ICAD,2021-10-05,987,False,6,7.17016,8.84316,11.6862,13.9092,13.6812,12.4552,11.7332,12.0252,13.7222,15.4512,15.8842,15.6222,15.2752,14.9422,14.6352,14.3412,13.9912,13.1742,11.4422,9.39916,7.74016,7.28416,8.80516,10.2622,9.69416,8.55516,8.34716,8.58416,8.69516,8.70816,8.71116,8.73516,8.72516,8.14216,6.44016,4.65516,3.78916,3.24416,2.49316,2.42416,4.00916,5.96716,6.99416,7.16216,6.54316,5.56216,4.56116,3.75316,3.37716,3.52616
NOX_ICAD,2021-10-05,1034,False,0,10.8255,8.93548,6.53548,4.88448,4.32048,5.20548,6.79148,8.50048,10.5015,12.9345,14.4635,13.6805,12.0135,10.8155,9.92848,9.14648,8.89548,9.58348,9.79848,8.16648,6.27648,5.75848,6.02648,6.36048,5.85348,3.73648,1.92548,2.31048,3.32848,3.39048,2.90048,2.48048,3.18148,5.88248,7.77548,6.06648,3.32848,2.25848,2.94848,5.35948,7.70948,8.19948,6.77848,3.44348,0.54648,0.32348,1.07948,1.11748,0.70648,0.35348
NOX_ICAD,2021-10-05,1075,False,7,27.4542,34.4282,39.6182,41.0382,41.1112,42.0942,43.5392,44.8162,45.9742,47.0202,47.3022,46.0932,44.4302,43.1402,40.9312,36.5012,32.4662,31.3582,30.4872,27.1762,23.5502,21.8992,21.3222,20.8192,19.8312,17.8672,15.3772,12.7642,10.2702,8.28716,7.99116,10.4442,11.8682,8.58116,4.39516,3.20016,3.65816,4.24016,4.15116,2.75716,1.00216,-0.10584,0.00216,1.84916,3.72416,3.96516,3.40516,2.87816,2.33616,1.61916
NOX_ICAD,2021-10-05,1077,False,1,8.96744,10.4174,11.9394,14.7264,20.2004,28.1934,38.6204,48.4294,54.5134,57.6104,58.1574,56.8864,54.0874,50.7284,47.5704,44.5574,41.4224,37.1654,30.8514,24.9004,21.7674,20.0394,18.3644,16.8234,15.6234,14.0464,11.4604,9.44444,9.62944,10.5964,10.9494,10.9224,10.7354,9.64344,6.97744,5.30044,7.07044,8.91144,7.48144,5.36044,5.25844,6.13844,6.92244,8.09444,10.1654,11.4684,10.3244,8.71744,8.63944,9.40944
NOX_ICAD,2021-10-05,1182,False,2,5.37002,4.81202,3.70502,3.86802,7.24202,11.825,15.717,19.16,22.425,24.711,25.039,24.389,23.596,22.637,21.352,19.943,18.63,17.64,17.165,16.522,15.089,13.793,13.591,13.79,13.691,13.406,13.09,12.716,12.18,11.25,9.70302,8.31702,7.98502,8.96702,11.343,12.13,8.43102,4.10402,3.03202,3.74002,4.67302,5.60702,6.41002,6.16602,4.00602,2.22002,3.06002,4.62102,4.96602,4.66702
NOX_ICAD,2021-10-05,1258,False,-3,29.0109,31.3989,32.9569,33.5779,38.6559,53.7419,70.8769,82.2579,90.4339,97.7679,101.57,98.4529,92.9729,89.2199,85.2749,78.7289,70.6379,62.2939,56.0389,54.2369,54.1469,53.1849,51.4099,49.0659,46.4719,43.8789,41.5379,39.6799,37.8899,35.7579,33.3849,30.9359,28.9179,27.9069,27.6749,28.0729,28.6839,29.1929,29.7489,30.5459,31.4679,32.3799,33.0789,33.3009,32.8959,31.6229,29.8559,28.0289,27.3359,28.8499
NOX_ICAD,2021-10-05,1286,False,0,13.7667,15.5067,17.8437,19.8927,24.1307,33.7147,48.1557,67.2337,86.2857,100.427,107.952,106.617,100.998,94.6787,87.0457,76.9197,66.5847,58.4727,52.8787,50.1037,47.5877,43.0517,38.2467,35.0957,33.0647,31.6167,30.4027,29.1567,27.4097,24.6847,21.6307,18.9117,16.7647,15.4877,15.0057,15.2667,15.1447,13.5907,11.8567,11.2037,10.9857,10.5087,9.82468,9.03468,8.20168,7.45968,7.48468,8.94368,10.3667,10.2657
NOX_ICAD,2021-10-05,1302,False,1,-0.99666,0.02034,2.63834,13.5903,42.4933,94.1913,175.257,261.84,329.52,369.822,372.768,358.176,342.511,327.445,312.42,297.133,281.63,268.344,259.551,249.783,233.307,212.531,190.069,170.268,157.406,148.299,140.128,132.207,124.382,117.087,110.955,106.184,103.303,102.537,104.418,107.406,110.04,111.194,109.72,106.941,103.873,99.7833,93.6673,86.6513,79.7673,73.1433,66.8003,60.4823,53.9513,47.3133
NOX_ICAD,2021-10-05,1429,False,1,6.86258,6.27758,4.97158,3.59258,2.34258,1.58658,2.84258,7.71558,13.1506,16.0826,16.9346,16.1246,14.7416,13.6316,12.7066,11.8116,10.9686,10.1836,9.07858,7.33458,6.01158,6.26658,7.61558,9.35358,8.90458,3.82258,-1.30842,-1.87342,0.00058,2.06158,3.17658,2.55958,2.25358,4.14858,5.77458,4.60358,2.65858,2.02058,2.09558,2.22858,2.60158,3.52158,4.70358,5.88958,7.05958,8.17558,8.86558,8.65358,7.62658,5.79058
NOX_ICAD,2021-10-05,1482,False,0,6.58082,16.6598,42.9078,101.532,210.914,330.187,419.209,481.632,520.056,540.185,543.422,538.871,533.541,529.765,528.25,521.519,501.438,474.555,446.437,415.698,380.843,351.941,340.218,340.39,348.332,359.627,371.377,383.421,395.709,405.526,409.294,405.842,392.648,371.101,340.794,303.338,259.516,217.398,185.344,162.752,149.795,141.346,133.474,125.708,118.285,112.008,107.812,104.538,101.065,96.7398
NOX_ICAD,2021-10-05,1491,False,-2,18.6488,18.4408,19.4008,22.5938,26.1168,28.0798,28.9868,29.3978,29.9348,31.0568,31.9278,31.6858,31.0918,30.8908,30.8068,30.5028,30.0738,29.6008,28.8948,27.7098,26.1908,24.4498,22.6898,21.2308,21.0218,23.0018,24.9198,24.4798,22.4078,19.5508,17.7028,18.4728,19.4218,18.0838,15.5148,12.9348,11.5068,12.2938,13.5418,13.5098,12.4498,10.5878,8.06676,5.06976,3.41076,4.89376,6.98876,7.23076,6.69776,6.57876
NOX_ICAD,2021-10-05,1526,False,2,1.31382,2.41982,3.78782,4.67282,5.01082,4.85382,5.34482,7.62182,10.3888,12.3058,13.2368,13.0238,12.1418,10.9278,9.58182,8.28582,7.52382,7.75182,7.90882,6.90582,5.16682,3.11682,1.12382,-0.31518,0.00382,3.31082,6.73882,7.49882,7.07082,6.98782,7.16682,7.42482,8.04782,9.25082,9.61882,7.78182,5.92782,6.07482,5.70882,2.31582,-1.05918,-1.23618,0.17182,1.50982,2.52182,3.12382,3.52882,3.97482,4.94482,6.83882
NOX_ICAD,2021-10-05,1606,False,1,8.97772,13.0857,18.0807,22.3777,24.3837,25.2137,25.9317,26.9197,28.4257,30.0107,30.9707,29.5207,23.8807,18.1927,16.5737,17.1267,17.9127,18.3807,18.2187,17.7717,17.3627,17.0987,17.0487,16.9707,16.6457,16.3647,16.4407,16.7037,16.7927,15.2947,10.8247,6.36772,4.99072,5.85472,8.03772,9.53772,8.58472,7.24672,7.56472,8.36672,8.37072,7.91772,7.36772,6.49672,5.08972,4.22672,4.94872,5.70172,5.06372,4.94372
NOX_ICAD,2021-10-05,1708,False,3,-0.65978,0.30122,3.72022,10.7122,19.2942,27.6252,34.6652,39.3742,42.5022,44.4922,45.3302,44.6292,42.5302,38.9452,34.6602,30.3982,27.0232,25.3322,23.8082,20.9712,17.5492,14.3682,11.8402,10.4032,9.77022,9.68522,9.21622,7.56122,6.16322,6.47222,7.22422,7.12622,6.54522,5.94222,5.65522,5.94122,6.09422,5.48922,5.22022,6.38522,7.71922,7.86422,6.92922,5.10522,3.76722,4.18822,4.90522,4.43522,3.31222,2.25022
NOX_ICAD,2021-10-05,1727,False,0,13.4264,13.6374,15.9384,22.7384,34.4774,51.8524,69.1764,81.0064,89.8174,97.6694,102.241,100.59,97.0004,95.4974,95.2364,95.2434,96.1414,98.5214,99.3764,95.5354,89.4754,83.5454,78.1024,73.1314,67.4264,59.8804,52.6424,48.0174,45.3644,44.1024,42.9934,40.9824,38.4804,35.8404,32.5814,28.1564,23.6774,20.3554,18.4224,18.2684,19.3924,21.3114,21.9344,19.2784,16.1584,15.3334,15.3434,14.6164,13.4404,12.2894
NOX_ICAD,2021-10-05,1740,False,0,4.3759,4.9579,6.2199,8.1409,10.9509,15.6709,23.6019,33.1189,42.5199,49.4109,51.2009,49.8569,47.0579,44.4909,43.3689,41.5989,36.9239,30.7119,24.3479,18.7839,14.9649,12.6169,11.6459,11.3099,11.1269,11.5259,12.9199,13.5469,11.6699,9.4189,8.8509,8.4789,6.8429,5.7969,7.2309,8.7679,8.0389,6.8079,6.9419,7.8389,8.8439,9.9529,11.1529,11.5179,10.0739,8.1329,6.9309,5.9739,4.7439,3.8089
NOX_ICAD,2021-10-05,1746,False,2,4.06546,5.45646,6.54546,7.45646,8.39946,9.77246,11.9265,13.8555,14.5505,14.7655,15.1445,14.8715,13.0085,10.6245,8.80246,7.74846,7.65746,8.02946,8.40546,8.35646,7.45446,6.12646,4.83046,4.21146,4.95546,6.43946,8.01546,8.72946,7.71246,6.62046,6.96046,6.93446,4.80146,3.18346,4.67146,6.31246,5.08446,2.78846,1.31146,0.34146,-0.41654,0.00546,2.67546,5.60046,6.72846,6.19646,4.24046,2.82246,3.73946,5.01546
NOX_ICAD,2021-10-05,1787,False,-4,3.94754,6.89754,13.0335,24.1355,37.6735,56.3245,113.445,243.735,382.363,463.077,493.993,482.556,457.431,441.49,428.977,412.03,391.886,370.508,351.494,338.418,328.352,318.281,305.152,286.105,265.568,247.503,228.734,205.915,183.207,164.889,148.254,130.944,116.332,108.427,103.92,99.9475,96.8625,95.5635,95.2485,95.3985,96.9465,101.147,106.941,113.511,120.63,128.047,133.692,135.054,132.34,125.427
NOX_ICAD,2021-10-05,1816,False,0,6.41818,5.72518,5.94918,8.75418,18.4452,40.3542,69.5542,101.376,128.394,142.662,145.474,136.838,122.695,107.926,96.1212,90.5752,88.1702,85.9092,81.6622,73.5232,64.0382,55.6982,48.9012,43.9622,39.7062,35.1702,30.7782,27.0722,23.6202,20.0592,16.9162,14.8152,13.2422,11.7852,10.7342,10.5112,10.8492,11.4312,11.2512,9.31418,6.93918,5.48618,5.12218,6.00518,7.25718,8.10818,8.71918,9.24918,9.36118,8.65818
NOX_ICAD,2021-10-05,1845,False,1,3.02062,3.16062,6.76962,16.5396,29.3636,43.5776,65.8536,103.105,139.222,157.103,158.979,145.916,124.652,100.258,78.4876,64.7466,56.3866,51.2556,47.4876,43.9726,41.1096,39.3276,36.4106,30.2336,24.1246,21.5006,20.7156,20.0566,18.7916,16.4906,14.7656,15.2106,16.1436,15.8656,14.9106,13.8516,12.6446,11.1776,9.87762,9.17162,8.64662,7.98462,7.92762,9.14262,9.58062,7.27162,5.01462,5.62262,7.13362,7.48162
NOX_ICAD,2021-10-05,1877,False,1,1.69114,2.11614,1.81514,1.88914,3.69114,7.94314,15.6581,25.3361,35.4391,42.7961,43.9961,41.3261,36.7781,32.6201,30.7841,30.1601,29.5931,28.2621,25.5961,23.7031,24.7341,26.8631,28.2911,29.1921,29.8561,30.3381,30.5561,30.1831,28.8081,26.9371,24.9991,23.0231,20.9171,18.3281,15.0211,12.6951,13.0421,13.8201,12.9051,11.9261,12.5731,13.2641,12.3361,10.8321,9.83714,9.13114,8.41914,7.68514,6.99514,6.68014
NOX_ICAD,2021-10-05,2019,False,6,8.68252,13.6755,17.2935,19.1555,18.8045,17.7675,17.4065,17.4505,17.5955,18.1445,19.3125,19.3845,16.6895,13.9355,13.7925,14.4325,14.0305,13.6925,14.6825,16.1275,17.1355,17.9165,18.7025,19.2125,19.0965,18.6645,18.0995,16.7885,14.1295,11.8825,11.8315,12.7305,13.2695,12.8965,11.0905,8.58552,6.08052,4.16752,3.45952,3.57552,4.23852,5.13952,5.99352,6.24352,5.36252,4.51252,4.78852,5.15052,4.52152,3.56752
NOX_ICAD,2021-10-05,2063,False,6,5.57004,7.32504,8.80904,9.76604,10.563,11.504,12.231,12.416,13.032,14.946,16.238,14.896,12.406,10.242,8.64504,7.75604,7.20504,6.76104,6.82304,7.89704,9.46004,10.997,12.059,12.125,11.09,8.85504,7.11304,7.50304,8.54704,8.77104,8.51404,8.19804,7.87304,7.48804,6.99104,6.51004,6.25304,6.70904,8.34704,9.82304,9.76304,8.73904,7.32904,6.11104,5.62804,5.81304,6.66704,7.83204,8.90204,8.89704
NOX_ICAD,2021-10-05,2181,False,1,10.184,14.747,22.164,30.318,37.205,43.366,49.319,54.325,57.368,58.894,58.959,56.859,51.644,45.988,42.432,39.974,37.593,35.466,33.838,31.614,27.767,24.193,22.859,22.702,22.692,22.682,22.47,20.64,15.834,11.484,10.982,11.762,11.214,9.87302,8.45602,7.22202,6.35202,5.62402,4.88102,4.45602,4.78902,5.82802,7.43702,8.07402,6.25702,4.25802,4.36602,5.61002,6.88802,7.30002
NOX_ICAD,2021-10-05,2185,False,-1,20.9228,30.4768,43.3038,56.6688,68.0958,78.4528,88.8078,100.213,113.316,124.236,128.393,125.908,116.33,104.361,94.2348,86.9838,83.6048,82.3138,81.7188,81.3538,80.9778,80.2828,78.9888,77.6968,76.7398,73.9748,67.1138,59.0628,52.6138,47.0608,41.6668,37.2228,34.7718,33.4248,32.4658,31.9398,32.0738,32.5308,32.9478,32.7128,31.1818,29.0318,26.8968,25.0688,23.7178,22.0168,19.0838,15.3948,11.5848,9.38478
NOX_ICAD,2021-10-05,2247,False,0,5.79256,7.58756,9.44356,11.8956,19.0516,35.7156,57.8936,81.8246,102.934,116.421,122.598,121.066,116.709,113.657,111.898,111.045,110.033,107.881,105.131,102.061,97.0326,87.9866,76.1876,62.9996,52.5476,48.7326,45.8526,38.4636,30.3836,25.7826,23.0836,20.6626,18.5596,17.0756,15.7926,14.3646,13.2016,12.7876,12.7546,12.6606,11.7026,9.14056,6.72956,6.12956,5.63956,3.62156,1.94856,2.64556,4.44556,6.04556
NOX_ICAD,2021-10-05,2280,False,3,1.15466,4.18566,7.31966,11.9117,19.5247,27.0047,31.1547,33.5397,35.6597,37.4257,38.3237,37.5667,34.2717,30.5157,28.2917,27.0237,26.1157,25.5337,25.2617,24.1957,21.2977,18.6157,18.1417,18.0227,16.3277,13.7677,11.3017,10.4567,12.7197,15.5367,16.3737,15.7197,14.1937,13.1537,13.7617,14.3097,13.1227,11.7207,11.6977,12.3307,12.8537,13.2747,13.5607,12.8637,10.3977,8.52466,9.64566,12.0357,13.9317,14.9097
NOX_ICAD,2021-10-05,2288,False,0,0.48074,0.19774,0.29274,0.59574,4.49374,15.7417,29.5637,41.2937,50.3447,56.0057,58.1157,55.9407,51.8267,47.6937,43.6807,39.7447,36.3127,33.9107,32.1827,30.9077,30.1617,30.0367,29.3447,27.0367,25.3177,26.4437,28.5477,29.7137,29.9047,29.1527,27.9637,26.7387,25.6607,24.7627,23.0787,19.6987,16.6247,15.8427,15.7477,14.6987,13.0787,11.3827,9.89374,8.83274,7.83574,6.54774,5.09974,3.74174,3.26974,4.55874
NOX_ICAD,2021-10-05,2297,False,-3,-0.05978,0.43922,1.20922,0.40722,0.19222,2.86422,6.39322,8.74322,10.4372,12.0272,12.9912,12.6422,11.6362,10.5972,9.95422,10.0732,10.3722,10.2602,9.70422,8.76622,8.37522,9.35822,9.93722,8.33822,6.21322,5.29022,5.36122,6.19822,7.37722,8.50022,8.82822,7.64322,6.25622,5.91622,5.87622,5.39222,5.13622,5.81122,6.45022,6.05922,5.26422,4.73222,4.56622,4.82522,5.11622,5.06822,4.83622,4.60022,4.51822,4.64522
NOX_ICAD,2021-10-05,2312,False,0,2.79846,8.48346,15.2335,21.2615,26.8345,32.5945,40.3025,51.8305,64.6645,75.8815,81.8485,78.5115,70.5115,61.9545,54.3695,49.0065,46.0915,46.1145,47.2965,48.1305,48.7015,49.0775,48.1475,44.7125,40.8005,38.3835,36.7945,35.2465,33.1995,30.1795,26.8735,24.0655,22.5275,23.0585,24.0775,24.0945,23.5445,22.9625,22.6985,23.0045,23.1025,22.2285,21.1675,20.7465,20.8775,21.3825,21.3475,19.9515,18.7245,19.2415
NOX_ICAD,2021-10-05,2314,False,2,13.2542,12.0802,11.8792,14.4002,18.4202,22.6462,25.3432,24.9092,24.0052,25.1212,26.3942,25.7022,23.4102,19.9402,16.7662,15.2742,14.6582,14.1102,13.2212,11.6602,9.82224,8.14224,7.12124,7.22124,7.31424,6.31624,5.04324,4.36624,4.16224,4.29224,4.56824,4.83624,4.89024,4.54524,4.20924,4.28024,4.45724,4.45124,4.52524,4.87224,4.55124,2.66724,1.09524,1.69624,2.88724,3.05324,2.63224,2.18224,2.07924,2.64724
NOX_ICAD,2021-10-05,2321,False,0,0.79306,1.52006,3.24706,6.02806,9.30506,12.6401,15.9351,19.1871,22.6811,26.4991,28.7241,27.1851,23.3521,18.6491,15.1261,14.6431,14.9011,13.7301,12.3851,12.2831,12.7221,12.9581,13.0491,13.0841,12.8131,11.9521,10.9841,10.3601,9.80706,9.13506,9.24506,11.0551,12.9401,13.2421,12.5161,11.3291,10.2011,9.58206,9.44606,9.80606,10.3971,10.9171,10.6461,8.86806,6.92506,6.15506,6.13006,6.43306,6.97006,7.69806
NOX_ICAD,2021-10-05,2324,False,0,4.63094,3.52394,3.04994,3.66394,7.39694,23.9159,70.6169,178.066,376.374,558.29,614.544,593.903,541.618,477.582,412.598,351.793,300.515,262.8,244.01,231.684,214.679,194.671,174.364,155.845,141.251,130.109,122.365,116.201,110.219,104.098,97.7169,91.3399,85.2919,79.9019,75.6789,72.9049,71.8969,70.5049,66.7779,63.1709,62.2289,62.3929,62.0749,61.4279,60.7319,59.9859,59.2099,58.9609,59.6819,59.5399
NOX_ICAD,2021-10-05,2330,False,-1,1.31396,2.07296,2.99196,4.01396,5.70296,9.00096,15.168,25.489,35.344,40.046,41.312,40.705,39.315,37.769,35.936,33.556,30.904,28.194,25.295,21.995,18.345,14.525,11.938,12.104,13.549,14.875,15.577,15.175,13.693,11.12,8.89796,8.44996,8.92396,9.45796,9.54996,8.81996,8.14296,8.32796,8.42196,7.37996,5.52196,3.28096,2.01796,3.08796,4.93596,6.07096,6.77396,7.34996,7.33696,6.17896
NOX_ICAD,2021-10-05,2339,False,6,11.5545,9.58946,10.7305,12.7985,13.5685,13.5845,13.6245,14.6055,17.3205,19.7775,19.9225,18.5955,16.5745,14.2815,12.0305,10.3945,10.0145,10.4515,11.2185,10.9685,8.43146,5.66446,4.74946,5.02346,5.81946,6.81346,7.73246,7.84846,6.45346,5.00846,4.88046,4.78046,3.43446,2.26446,2.78046,3.96846,4.73846,4.74346,3.80946,3.57446,5.62246,8.03646,8.87846,8.85746,8.62046,7.51546,4.83246,2.51646,2.49946,3.22546
NOX_ICAD,2021-10-05,2358,False,2,4.41512,4.55612,7.25412,11.8291,17.6641,23.5071,28.1631,31.3911,32.8401,33.4381,33.7611,32.7441,29.1521,25.0611,22.4471,20.3891,18.0371,16.7751,18.0791,19.5571,18.8071,16.8511,14.7731,12.9881,11.7961,10.9021,10.0631,9.37912,8.95712,8.33112,7.14312,6.66012,8.12012,9.52512,8.86512,7.39412,6.40612,5.79912,5.37612,5.02512,4.73412,4.84212,5.75112,7.05912,8.35012,9.10812,8.80612,8.01412,7.24412,6.52812
NOX_ICAD,2021-10-05,2366,False,2,24.3169,27.1269,30.1079,33.3479,36.0949,37.7129,40.0649,44.9779,50.0779,52.8229,53.5189,52.3399,49.9429,46.7409,43.6429,41.4649,39.7719,38.1539,36.6459,35.3899,34.4759,34.0459,33.8889,33.8579,33.9639,34.1769,33.7799,32.1469,31.1019,32.3929,33.7049,32.7009,30.9449,30.0659,29.7039,29.3629,28.6619,27.2469,25.4969,23.7799,22.3139,21.3169,20.6719,20.3179,20.1809,20.1969,19.9389,18.9649,17.6259,16.3529
NOX_ICAD,2021-10-05,2370,False,0,9.90842,8.69542,7.97742,7.54042,7.14342,6.79242,6.72642,8.25942,12.7234,17.2954,19.0234,18.1494,14.9424,11.8344,11.0794,11.5114,11.9104,11.7804,10.7184,9.19442,7.69242,6.83042,7.24242,8.26042,9.27142,10.1104,10.6674,11.0854,11.4474,11.4884,10.8924,9.99842,9.16542,8.82842,9.39542,10.0504,9.98742,9.53642,9.12942,9.46542,11.1034,12.0004,10.1554,7.87742,7.47842,7.86342,7.85842,7.68142,7.75342,8.67342
NOX_ICAD,2021-10-05,2371,False,1,12.6834,13.3574,14.4054,15.6334,17.1394,20.6844,28.1724,36.6274,42.9904,46.6504,46.9244,45.6344,44.2434,42.6994,40.7484,38.7644,37.1244,35.6704,34.1494,31.9064,28.3354,24.9514,23.2974,22.5524,21.9874,21.9544,22.8634,23.3254,22.0874,21.3824,23.3774,25.2824,24.2714,22.4444,21.9604,22.0354,21.7564,21.2514,20.7034,20.0384,19.2824,19.5624,21.9934,24.4284,24.7324,24.0744,23.7114,24.0634,25.4454,26.9794
NOX_ICAD,2021-10-05,2378,False,0,10.1026,15.5626,20.9456,26.6886,35.3846,50.4696,72.3726,101.646,128.926,144.482,150.264,147.631,142.264,138.639,135.134,129.724,123.836,118.981,114.709,110.285,104.061,94.3976,84.2196,76.5276,71.2046,68.1846,66.0426,63.6966,61.7026,60.6856,59.3556,56.4766,53.7006,52.7596,52.7916,53.1166,54.8166,59.0816,63.2376,64.5766,64.2816,63.4376,61.9356,59.4326,56.7206,54.5756,52.9786,51.9176,51.1056,50.3796
NOX_ICAD,2021-10-05,2388,False,0,4.91662,3.19762,4.14062,13.6366,34.9336,72.8846,121.043,173.661,220.077,248.95,262.174,260.037,251.261,242.684,234.654,226.134,213.142,191.587,168.601,151.14,136.719,122.721,109.064,96.4306,86.8706,82.8876,82.1766,83.0156,85.4236,89.8736,94.6536,98.1606,100.967,103.677,106.327,108.802,110.786,111.605,109.619,102.791,93.2996,83.1196,74.1196,68.1406,64.6036,63.2356,63.1346,63.7396,64.6726,65.6556
NOX_ICAD,2021-10-05,2393,False,0,37.2254,68.5984,97.3924,124.354,151.418,181.127,215.861,251.123,281.596,302.865,308.958,302.058,282.476,257.128,231.32,205.651,180.122,155.567,133.336,115.085,103.088,95.0724,89.3824,84.6664,80.0164,74.9054,68.8394,62.0374,54.7144,47.8124,42.3574,38.3064,35.7354,33.6954,31.4574,29.5624,28.6204,27.7044,25.8734,23.5524,21.1504,18.5944,15.8184,13.5894,12.7614,12.7954,13.1204,12.6644,10.5034,8.67344
NOX_ICAD,2021-10-06,30,False,1,26.8786,45.5476,66.1156,87.3726,109.303,135.939,171.577,208.656,238.845,258.153,261.843,258.11,253.273,244.3,226.994,207.781,192.877,180.397,167.897,152.804,133.132,115.701,107.611,104.355,101.414,96.1686,86.4196,75.1946,65.4616,57.5616,51.8616,47.8626,45.3806,43.5946,41.7686,38.9256,34.1826,29.4976,26.8346,25.2466,23.7866,22.2736,20.7756,20.1666,21.4406,23.7206,26.1526,27.8786,28.0836,27.6176
NOX_ICAD,2021-10-06,37,False,3,197.297,212.178,224.142,234.771,245.211,255.481,265.416,275.219,284.772,291.89,293.887,291.978,286.782,279.228,269.67,259.4,249.435,239.617,229.693,219.702,209.356,196.233,177.942,159.967,147.702,137.514,125.84,114.426,105.433,97.7151,90.1661,82.6981,75.4811,69.0641,64.1151,60.0311,56.3281,52.7711,49.1931,45.3021,40.9151,37.2301,35.5401,34.8901,34.2991,32.8131,29.5281,25.6111,22.2361,19.8001
NOX_ICAD,2021-10-06,42,False,0,14.4515,23.1585,30.9195,38.4525,46.6915,55.3215,64.1505,74.1765,86.1935,96.1845,99.7105,98.6695,94.5785,89.4915,84.9215,80.5725,76.0255,71.4715,67.1405,62.9295,58.6465,53.6665,47.3815,41.1095,36.1855,32.0985,28.4305,25.5365,23.8035,21.4795,16.8865,12.1035,9.34148,8.25248,8.48148,8.87348,8.42348,7.51548,6.62248,6.31348,7.01448,7.01548,4.73848,2.90748,4.43348,8.12448,12.6565,15.6665,14.8815,12.6335
NOX_ICAD,2021-10-06,50,False,-2,4.52684,6.21184,16.9138,46.9098,96.0288,165.382,235.983,288.899,323.122,336.29,337.402,332.892,326.582,320.382,310.954,294.521,276.383,261.68,248.923,236.111,220.917,201.193,180.959,164.268,150.21,138.067,127.993,120.727,115.538,112.05,109.356,106.617,102.346,95.2188,88.6118,85.9658,85.3988,85.0518,84.3848,83.0128,80.7858,77.4928,74.0378,71.2268,68.4978,65.1728,61.0758,55.9618,50.2178,44.3178
NOX_ICAD,2021-10-06,74,False,2,27.3411,29.4361,29.2971,28.9981,29.6561,32.3071,36.5701,42.1501,47.4771,50.9011,52.0601,50.3881,47.3121,44.0951,41.8201,41.4761,41.7901,41.5011,40.3811,38.2231,35.5661,32.8621,30.2851,28.0161,26.3181,25.4871,24.7631,23.3601,21.1781,18.1891,15.6751,14.9161,14.8991,14.6491,14.2231,13.7111,12.6741,10.6871,8.9761,8.7491,8.8991,8.2891,7.1701,5.8901,5.0461,5.2171,5.7791,6.1421,6.3741,6.6701
NOX_ICAD,2021-10-06,75,False,0,25.5678,24.9868,24.6768,24.4888,26.0328,31.0298,36.6168,40.0408,42.6268,45.6438,47.6288,46.8398,44.6388,42.4298,41.5698,43.3078,45.6008,46.4958,46.7748,47.1808,46.7168,44.2898,41.6868,40.6548,40.1558,39.1168,37.9548,37.1788,36.6168,35.9398,34.1348,30.1638,25.7878,22.6698,19.8868,16.4918,13.2938,11.2778,10.3258,10.4018,10.9558,11.5638,12.1168,12.4938,12.2688,10.9398,9.06384,7.21384,6.12984,6.50284
NOX_ICAD,2021-10-06,76,False,0,49.1092,48.7952,48.4132,50.6722,59.0022,76.9212,95.5792,106.357,112.883,118.479,120.886,116.834,108.933,99.3742,89.6142,81.0342,75.6922,75.7532,76.9092,74.8112,69.1682,59.9132,51.3722,47.7472,46.6962,45.8282,43.8412,39.8762,36.8452,37.6332,39.3082,38.8912,37.1632,35.1392,34.1012,35.1472,36.0432,34.5272,31.8342,29.1932,26.6582,24.3822,24.0742,27.4862,31.1352,31.5232,29.8092,27.2452,25.1772,24.6592
NOX_ICAD,2021-10-06,78,False,1,26.8639,24.7979,23.0809,23.9249,27.3659,33.4899,39.6719,43.4309,45.7659,47.5299,48.0709,46.3749,43.2119,39.1519,34.7109,30.3449,26.9639,25.3979,23.5789,19.6279,16.2189,16.1099,16.9379,16.3069,14.8519,13.3039,11.5519,9.42494,7.63694,6.94694,6.81894,6.72394,6.32394,5.31394,3.99994,2.70694,1.88394,2.12094,3.78594,7.30294,10.7989,12.3699,12.2529,10.6599,8.90194,8.14494,7.93394,7.78994,7.64694,7.46494
NOX_ICAD,2021-10-06,89,False,0,47.8622,55.4252,63.2592,71.6332,79.1672,84.3012,87.7152,89.9182,91.5902,93.1122,93.9732,93.5132,92.3912,91.1182,89.3002,86.4782,83.8022,82.3302,80.6482,77.0392,70.8832,61.4282,51.1582,42.5012,35.9192,31.9312,29.1882,26.6922,24.9302,24.4702,23.4252,19.9932,16.5152,15.2442,13.8702,10.1372,6.89318,7.13518,8.66918,9.27218,9.15718,8.67918,8.05418,7.37618,6.41818,4.97218,3.81618,3.75518,4.18618,4.57318
NOX_ICAD,2021-10-06,111,False,1,55.7502,66.6722,77.3922,87.6122,96.6382,103.615,107.538,110.77,115.321,119.103,119.479,116.175,108.652,99.7882,92.2342,86.5362,83.2482,81.3602,80.1292,79.1542,78.1102,76.2622,72.9912,70.4082,70.3912,69.3002,63.6812,58.8582,60.2522,63.5172,64.3112,64.3552,65.6982,67.7992,70.0302,72.2792,74.3512,74.9902,72.8302,69.7932,67.6112,65.3812,62.1272,59.1832,58.0122,57.9282,58.2342,58.1672,57.0292,55.3222
NOX_ICAD,2021-10-06,151,False,2,240.957,315.793,379.66,442.022,503.302,561.061,606.858,630.7,643.202,652.955,658.493,655.607,642.136,615.297,587.719,571.47,561.312,551.531,538.682,519.06,491.294,453.04,410.074,367.498,327.651,292.552,259.583,226.725,195.94,169.725,145.681,122.274,103.724,95.1455,91.5615,88.2685,82.3035,71.3685,60.7575,55.5705,51.5185,44.1525,35.1675,26.7455,21.0685,20.2835,20.7985,19.2155,16.4275,13.5655
NOX_ICAD,2021-10-06,178,False,1,80.6524,92.6474,105.007,120.874,140.474,163.846,185.379,199.441,209.642,218.815,223.63,219.272,206.907,186.842,164.274,143.688,125.413,109.96,98.4714,93.0654,93.1934,99.0194,106.606,112.588,117.597,122.23,124.836,123.61,122.131,123.755,125.623,124.902,124.63,128.009,132.443,135.387,138.325,142.843,147.135,149.075,148.443,144.809,139.747,133.968,123.877,105.612,86.6154,74.2364,65.4474,57.2514
NOX_ICAD,2021-10-06,225,False,4,88.0573,97.4713,104.644,111.995,117.545,118.855,118.75,119.896,121.574,122.758,122.909,121.455,119.215,116.848,114.25,110.896,104.963,94.5283,83.5413,75.9083,70.5073,66.1663,61.9773,57.3893,53.4253,51.2493,50.0473,49.0923,48.2053,47.3393,46.5823,45.9573,44.7523,42.3313,40.4083,40.6613,41.2453,40.3273,39.0173,38.3933,37.1883,34.1243,31.3433,30.9943,31.2473,30.2223,28.4733,26.6113,24.5583,22.1483
NOX_ICAD,2021-10-06,302,False,3,56.6562,64.8472,71.4142,74.7742,76.8542,79.3452,81.5862,82.7022,83.4042,84.3072,84.6872,83.6742,81.8902,79.8512,77.4802,74.5682,71.3902,68.2252,65.4272,63.2252,60.2792,55.1812,49.1672,43.5232,39.0442,36.5052,34.7452,32.6602,29.8792,26.1642,22.7672,20.9532,19.9632,19.0672,18.1072,17.0152,15.8502,14.6412,13.2542,11.5702,10.0662,9.2422,8.7702,8.2762,7.2622,5.2952,3.4962,2.9972,3.1082,3.1512
NOX_ICAD,2021-10-06,381,False,0,3.89074,5.33274,5.41174,5.40674,7.03574,12.4457,24.2357,39.7317,56.2477,68.9117,72.7217,71.7987,69.7477,67.4097,65.1507,63.8117,64.1447,64.0777,61.3647,56.3447,49.2847,42.0297,36.3407,32.3057,30.0947,28.7477,27.4797,25.9827,24.0277,21.8447,19.7477,18.5697,19.2737,21.2617,23.9187,25.5327,24.4877,22.9167,22.8337,22.8257,21.4137,20.0237,20.1167,20.4557,19.7327,18.4257,17.1647,16.8427,18.4377,21.2767
NOX_ICAD,2021-10-06,413,False,0,4.66822,4.60622,4.29422,4.02222,4.31022,6.08022,11.2972,22.0092,32.8112,38.2772,40.1242,39.9242,38.4592,36.0422,33.4902,31.5132,29.9572,28.6622,27.4782,26.3282,25.3442,24.5862,23.1752,20.3032,17.8532,17.5522,16.6722,12.6972,9.99722,13.0062,17.1252,17.6602,16.1912,14.4322,12.6532,10.9232,9.60722,9.09222,8.75122,8.00522,7.21122,6.85222,7.32022,8.92622,9.94322,8.72622,7.34422,7.86922,9.04922,9.55922
NOX_ICAD,2021-10-06,448,False,0,0.3057,9.2827,41.3607,161.425,445.495,811.169,1246.49,2157.43,3931.85,5479.92,5683.5,5185.12,4600.03,4023.26,3472.52,3005.26,2692.68,2481.96,2339.19,2264.08,2272.56,2308.76,2323.63,2325.28,2319.67,2269.28,2126.51,1916.43,1659.18,1407.44,1212.13,1070.34,984.247,933.086,903.807,882.561,859.385,832.373,800.523,767.839,738.046,709.851,680.809,643.388,590.365,538.203,503.191,475.16,444.208,414.517
NOX_ICAD,2021-10-06,490,False,-2,15.0068,18.7668,20.0968,20.3738,20.9908,21.8588,22.9118,25.1938,29.7718,34.2828,36.2208,35.8028,33.2028,30.3028,28.8088,28.2598,28.1088,27.5458,25.8218,23.6348,21.6488,19.8018,18.0108,16.5308,15.6928,15.3078,15.2068,14.9148,13.9728,12.6818,11.3038,9.80778,8.16678,6.92978,6.69378,6.96378,7.38178,8.47978,10.8238,12.9498,13.2518,11.7178,8.37278,5.52378,5.39678,6.46978,7.20378,7.32778,6.69778,5.89578
NOX_ICAD,2021-10-06,536,False,0,3.82886,9.33286,38.8769,153.92,603.488,1748.19,3761.5,6928.38,10652.6,14215.3,15928.9,13957.8,10246.1,6610.07,3799.11,2444.57,1885.41,1577.48,1379.52,1253.87,1161.72,1078.38,997.729,918.939,848.899,795.895,751.393,707.648,661.452,610.625,559.512,513.067,473.953,445.653,424.199,406.559,389.1,368.999,348.52,330.389,315.77,306.093,298.937,292.333,285.855,279.214,271.128,260.161,247.808,235.056
NOX_ICAD,2021-10-06,651,False,0,5.8924,12.6254,21.5244,33.2124,46.2454,59.6634,74.8234,93.0654,109.833,120.046,124.311,122.725,118.529,114.236,110.065,105.834,101.005,94.9764,88.3494,81.7884,76.3574,73.1784,71.0764,69.0104,66.8904,64.8334,63.3314,62.9054,62.7744,62.2784,62.2264,63.4094,64.1814,62.8944,61.1634,60.5704,60.1504,58.8534,57.3244,56.2634,55.4684,54.7454,54.3424,54.4474,53.8364,51.2914,48.5044,47.1214,46.1024,44.3204
NOX_ICAD,2021-10-06,653,False,0,8.07332,7.76832,9.08432,10.3463,13.2013,19.6263,27.0743,33.0393,37.7083,41.1743,42.8493,41.8153,39.4563,37.0323,35.4203,35.2643,34.6143,31.5133,27.5883,24.4443,21.6583,18.6663,15.3833,11.8913,9.38332,9.15832,10.0863,11.1193,11.8443,11.9133,11.3573,10.1333,8.59332,6.99632,5.25932,3.34832,2.16732,2.63532,3.38632,3.08332,2.27632,1.66132,1.94932,3.84032,6.16332,7.74432,8.41532,8.00032,7.06432,6.03532
NOX_ICAD,2021-10-06,757,False,1,2.87036,2.85336,-0.26264,-3.01864,-1.85464,1.65436,6.01636,10.6764,15.2504,18.8464,20.3814,20.1214,18.0684,14.8874,11.1044,8.02136,6.90336,6.64236,6.18236,5.46036,4.56936,4.07336,4.56736,5.56336,6.63436,7.80936,8.99536,8.73436,5.60536,2.67836,2.99836,4.58336,5.33336,4.94336,3.27836,1.71936,1.55436,1.78636,1.44036,1.14736,1.64036,2.54836,3.45636,3.93436,3.60136,3.20136,3.46136,4.00936,4.43336,4.62936
NOX_ICAD,2021-10-06,789,False,1,29.8974,57.8804,94.7884,135.821,177.515,220.362,264.379,300.445,318.404,326.937,332.661,329.824,310.685,285.037,261.677,238.904,214.456,192.03,175.794,162.725,150.129,138.157,127.321,116.199,103.485,91.0664,81.0204,72.8034,66.0164,60.1314,55.0474,51.5324,50.6294,51.0154,51.3564,50.0494,45.6084,40.7954,38.3304,37.1594,36.1304,34.6704,32.3744,30.1474,28.9824,28.9554,30.2304,32.1234,34.0434,35.5554
NOX_ICAD,2021-10-06,815,False,2,27.1745,31.3645,37.4915,43.5725,47.6165,50.5775,53.3865,56.0655,58.4405,60.3185,61.2925,60.6375,57.5225,54.0205,52.0985,50.9665,49.7685,48.4275,47.0065,45.8785,45.4455,45.3635,45.2025,44.0645,41.1625,38.8015,39.2445,40.2865,39.7755,39.1175,39.8255,40.7915,40.8755,40.8255,41.4575,42.3345,42.9885,43.5065,44.0685,45.1175,47.0235,48.4785,48.3575,49.1975,53.6665,59.6175,64.8765,68.9295,71.3055,72.5445
NOX_ICAD,2021-10-06,849,False,2,26.5592,28.2062,32.0272,38.2632,45.0372,50.7102,56.0922,62.0932,68.3682,74.2362,77.6922,76.4572,72.7372,68.4662,64.4262,61.1342,58.2262,55.3612,52.4462,49.5252,47.2692,46.4382,46.3522,46.4402,46.7192,47.3452,48.3442,49.7532,51.0632,51.7712,52.1662,52.4752,52.4222,51.7152,51.2202,51.6692,51.4082,48.7582,45.6582,44.0752,43.4022,42.9722,42.4832,41.7182,40.7042,39.4442,38.0712,36.7442,35.9072,35.9742
NOX_ICAD,2021-10-06,851,False,1,11.8752,17.9252,27.3232,39.1282,51.9942,64.9922,77.9902,90.8382,102.483,111.042,112.949,104.009,91.2312,81.3192,75.6022,75.3932,78.8652,84.5872,89.2762,89.8422,88.2772,86.3942,84.0902,81.1612,79.5352,81.1272,83.0512,82.3322,79.6092,75.4982,70.8792,66.5452,63.5262,62.8422,62.5992,61.0682,59.5242,59.3922,60.0152,60.7332,61.4502,62.0672,61.8812,60.1122,57.7252,55.4482,52.0972,46.4612,41.2302,39.1242
NOX_ICAD,2021-10-06,955,False,1,3.43864,3.65064,5.64964,10.6026,16.5466,21.8676,28.1816,37.0986,44.9686,47.9426,48.3776,48.3986,47.6536,45.4226,42.7856,40.7856,39.2516,37.9466,36.4976,34.4416,31.1836,26.1636,21.5736,19.6176,18.9816,18.3986,17.7556,17.0586,15.9936,14.3216,13.3326,14.3146,15.6716,15.8946,16.1336,17.5026,18.2156,16.4456,14.3376,14.0836,14.8386,15.6986,16.3786,16.6256,16.1116,14.4676,12.6826,11.7306,11.4156,11.5046
NOX_ICAD,2021-10-06,958,False,2,38.8455,39.9905,40.1775,40.1955,41.2365,44.3215,46.9985,46.9055,46.5085,48.2145,49.8315,48.9655,46.7805,44.2915,40.6805,34.9145,28.7475,23.9135,20.0495,16.7785,13.7795,10.9275,8.66054,7.54654,7.18554,7.25554,7.34054,7.09754,6.67854,6.24154,5.82654,5.40654,4.60654,3.08454,1.79754,1.73554,2.29654,2.88154,3.25054,3.26554,3.46654,4.41854,5.75854,6.96254,6.70254,3.69954,0.73354,0.63754,2.42154,5.03454
NOX_ICAD,2021-10-06,963,False,1,14.6938,14.4678,14.2728,16.1818,23.3748,39.2568,68.2398,103.205,136.856,160.437,164.734,159.418,152.244,139.826,117.526,94.8498,81.3198,73.1928,66.9158,62.5348,60.7908,59.2118,55.4828,51.1118,47.6978,44.8368,41.9528,38.3418,33.3658,28.4078,24.8198,21.7518,18.3948,15.3488,13.3448,11.8758,10.5018,9.3508,8.6948,8.6428,9.2698,9.4018,7.8858,5.9298,4.7338,3.9738,3.3288,3.1758,3.9118,4.3788
NOX_ICAD,2021-10-06,1011,False,1,5.95008,3.72608,1.10608,1.01008,10.1021,37.3561,83.5271,149.73,209.653,236.72,242.779,238.416,230.262,222.371,214.874,207.018,195.904,178.408,158.713,140.903,125.532,112.96,101.016,87.8601,74.8971,63.9531,55.7321,51.1841,48.4131,45.7811,42.4741,38.1021,35.3131,36.7651,38.9361,38.4521,37.5301,38.4901,39.5331,38.6421,36.4461,33.5661,30.5381,27.7491,25.0991,22.6161,21.3391,22.2861,22.9381,20.9231
NOX_ICAD,2021-10-06,1035,False,1,36.7526,60.9356,88.3036,109.791,116.498,117.873,122.911,130.209,137.438,142.567,143.595,142.576,141.187,138.895,134.878,130.612,127.106,120.761,107.752,93.1996,82.3646,75.4936,72.9306,72.6936,73.3356,74.2916,75.2836,76.2496,77.0336,76.7466,74.2646,69.9216,63.9326,58.0386,53.9676,51.6276,50.8406,49.2746,44.7416,39.6196,36.3106,34.0086,31.7696,29.0326,25.3816,21.9046,19.7406,18.4716,17.6576,16.4786
NOX_ICAD,2021-10-06,1108,False,3,15.1419,18.8409,26.0609,34.6229,42.3099,48.3089,51.8239,54.1279,56.2779,58.4059,60.2919,60.5689,57.7429,53.9379,51.1029,48.5049,45.4459,43.6639,44.9789,46.6919,46.1939,45.1309,45.1839,45.1319,43.5819,41.2389,38.6979,35.3629,30.4959,25.3039,21.2339,19.9029,22.8879,25.8579,24.5799,21.3239,18.4449,16.2299,14.7199,13.2189,11.1559,9.43594,9.05194,9.35694,9.69794,9.63194,8.78594,7.80094,7.30594,7.10494
NOX_ICAD,2021-10-06,1134,False,1,18.4443,28.3483,34.2973,37.8913,40.7073,43.2643,46.0343,50.7533,59.1223,67.4193,71.5953,71.1863,65.7253,60.3153,59.4613,58.3923,52.1113,43.9933,37.5543,32.4633,28.2813,25.0703,23.1383,21.8233,20.6483,19.9873,20.1643,19.3763,15.8683,12.2553,11.0843,10.3253,7.88628,5.03428,3.20528,2.29228,2.18328,2.44128,2.83028,3.89728,6.10428,7.25328,5.22728,3.15328,4.17028,6.35128,7.54728,7.05128,4.29028,1.47828
NOX_ICAD,2021-10-06,1355,False,1,29.1758,37.0478,39.2238,39.0478,39.7758,41.1408,42.8088,46.2558,53.0158,59.5818,62.2638,61.7028,58.3608,53.7518,49.0308,44.6858,41.1588,38.5338,36.9728,35.6558,33.8848,32.1868,31.0828,29.7098,27.1448,24.0448,21.0448,18.1338,15.3388,13.3828,13.0638,13.2508,12.9318,12.7318,13.2418,12.9668,10.4318,7.93784,7.75184,8.08984,7.14284,5.94284,5.65084,5.85984,6.12884,6.37784,6.68684,7.77684,10.3188,12.4888
NOX_ICAD,2021-10-06,1374,False,1,1.70578,2.55778,3.54078,5.00678,7.75578,13.1188,22.5828,37.7848,52.9048,61.9848,65.8838,65.1878,62.3848,59.1948,55.0178,49.0218,43.2848,39.8498,37.1078,33.5308,30.3438,28.9308,28.1188,26.8308,25.9148,26.2868,26.6278,25.5768,23.8448,22.1458,20.5108,18.9448,17.8838,17.6988,16.9848,14.3578,11.4048,9.71778,8.60478,7.41278,6.85178,7.70078,8.53978,7.99978,7.25178,7.53678,8.38578,9.16378,8.80378,6.30278
NOX_ICAD,2021-10-06,1400,False,-1,7.43966,7.96566,8.33466,8.53866,8.60066,8.92766,10.0817,12.6137,17.0537,21.0377,22.1327,21.2857,19.3247,16.8987,14.4017,11.7907,9.06766,7.15166,6.99066,7.16666,6.37466,5.65566,6.20466,7.61566,9.37166,10.1417,8.58466,6.10666,4.10866,3.08666,3.50866,4.63566,5.81766,6.74066,7.04966,6.35066,4.24866,2.41866,2.55966,3.86966,5.53366,6.81766,7.06266,6.78166,6.44166,6.10466,5.74966,5.25366,4.48266,3.64266
NOX_ICAD,2021-10-06,1419,False,1,3.67008,3.11408,2.70208,3.45208,6.20808,11.9881,18.9781,25.4401,30.4991,33.2011,34.0741,33.3841,31.9821,30.4741,28.8211,26.9331,25.3051,24.5591,24.9491,26.7081,28.0701,27.3061,25.7091,24.5281,23.4011,21.8321,20.0231,18.2651,17.1511,17.2871,17.7891,17.8581,17.9861,18.5771,18.1131,15.0731,11.9571,11.2531,11.5301,11.3031,10.7431,10.1461,9.58008,9.01408,7.96208,6.02408,4.72108,5.57808,6.91908,7.10708
NOX_ICAD,2021-10-06,1426,False,2,-2.89892,0.03108,6.41108,16.3061,30.0361,42.9461,50.3511,54.0321,55.5531,56.1721,56.4831,55.2411,50.9781,45.8361,41.8471,38.5291,35.3341,32.5051,30.3981,28.5181,26.4361,24.5071,23.1511,22.0911,21.1141,20.5131,20.5351,19.9231,17.3981,14.3251,12.0501,10.2361,8.52708,7.19108,6.58908,6.24608,5.73708,5.25108,5.04908,5.16508,5.65408,6.32208,6.91208,6.68908,5.05108,4.25208,6.44508,8.58608,7.62308,5.70608
NOX_ICAD,2021-10-06,1484,False,4,2.2355,7.0625,14.4945,21.4875,25.0585,26.5025,27.0155,27.1725,27.2855,27.3905,27.4255,27.0075,25.6475,23.4405,20.3975,17.1345,14.2165,11.7385,9.8785,8.9105,9.1735,9.5115,8.8145,7.5585,6.2705,5.2805,4.8655,4.5725,3.9955,3.5095,3.5755,4.1965,5.3765,6.4815,6.8135,6.1095,4.1385,2.5085,2.8255,4.1585,5.5505,6.4135,6.1895,5.2305,3.8515,2.7065,2.4065,2.4785,2.4815,2.5255
NOX_ICAD,2021-10-06,1538,False,0,22.0378,24.7918,28.1508,34.2208,40.2168,43.2328,44.6638,46.0698,48.8668,54.0318,57.2918,54.1488,47.8428,41.4358,35.5228,30.3768,25.7968,21.7788,18.8248,17.4798,15.9408,12.5888,9.64784,9.49684,10.8078,12.2008,12.7918,11.8418,10.6268,10.3158,9.97984,8.61084,6.85684,5.42784,4.50584,4.27084,4.43084,4.76284,5.16184,5.58084,6.10384,6.73584,6.70384,5.34384,4.74784,6.87584,8.60284,6.77984,4.00784,3.00284
NOX_ICAD,2021-10-06,1609,False,0,9.02066,14.2777,19.9287,29.5387,46.7997,64.0357,73.5497,78.9467,83.7537,87.9567,90.7237,91.0777,87.8857,84.0567,82.3047,81.3787,79.9037,78.0417,76.0307,73.7937,71.1557,68.1327,64.6867,61.0397,57.2587,52.5957,46.2427,39.5927,34.0487,29.4877,25.7947,22.4867,19.2027,15.9417,12.8687,10.7217,10.3457,10.7887,11.2077,11.5577,11.9077,12.3277,12.7277,11.9487,8.82766,5.63966,4.60166,4.25466,3.18466,2.50166
NOX_ICAD,2021-10-06,1617,False,-1,5.23118,5.48918,5.96318,6.84518,7.76518,8.43318,9.55918,11.8872,14.4742,16.2502,16.5492,14.7762,13.3052,14.3912,15.9732,15.9182,14.9582,13.9032,13.0082,12.4542,12.2632,12.5372,13.3442,14.7202,15.5172,14.5552,12.8152,11.2542,10.0932,9.44818,8.74518,7.41918,5.76518,4.25518,4.22318,6.96018,9.67018,9.57518,8.15618,6.93418,6.07918,5.61218,5.29318,4.96518,4.93118,5.49018,5.85218,5.20318,4.02818,2.83118
NOX_ICAD,2021-10-06,1746,False,-1,3.9639,3.9219,3.0789,2.4619,3.2569,5.7769,10.5959,17.3239,25.5559,31.9649,33.1799,32.1609,31.6399,31.1379,29.8479,28.1709,26.5169,24.9009,23.3249,22.0419,21.3549,21.0719,20.9949,20.5789,19.2679,17.4509,15.4359,13.1259,10.3939,7.8889,6.2869,5.1499,4.2269,4.5449,7.1499,9.4349,8.8379,7.3829,7.2029,8.2229,10.0399,10.0909,5.9289,1.5079,0.8119,2.1189,3.5839,4.2999,3.6199,3.0029
NOX_ICAD,2021-10-06,1760,False,5,6.91058,8.25658,9.12558,10.6106,12.0346,12.6666,13.3666,15.0716,17.4776,20.1046,21.2816,19.2216,15.5316,11.8646,9.99958,11.5416,13.2976,12.1106,9.41958,6.79058,4.96958,4.75758,6.50958,10.5536,13.5996,12.4346,9.91758,8.89258,8.75258,8.78458,9.30958,10.7726,12.3386,13.1456,13.2496,12.7286,12.2686,12.4226,12.1956,10.6036,9.03458,8.92758,9.59858,10.3316,10.7846,10.6786,10.2916,9.88658,9.61058,9.57358
NOX_ICAD,2021-10-06,1823,False,2,6.2682,10.5542,17.2022,27.4832,38.1912,46.1052,51.5332,54.7032,56.8352,58.7272,59.7402,59.0102,57.5452,56.2062,54.5822,52.0692,48.7322,44.6522,40.9752,38.7652,36.7142,33.5532,30.3242,28.1612,26.5712,25.0442,23.4522,21.7402,20.0332,18.4422,16.8012,14.9092,12.7262,10.1832,7.4682,4.9572,4.2552,6.9882,10.0722,10.4662,9.4022,8.1582,6.9292,5.7162,4.4052,2.9432,1.9732,2.1582,2.5912,2.3982
NOX_ICAD,2021-10-06,1843,False,-2,4.25454,4.90954,6.09954,8.24854,10.0205,10.2735,11.5155,16.2755,21.5835,24.3305,24.9975,24.0625,22.5625,21.3105,20.3505,19.6695,19.1195,18.5695,17.8955,16.9745,15.9295,14.9315,14.4345,14.8075,14.6425,12.6435,11.0515,12.0845,13.4655,12.8955,11.7555,11.4035,10.5225,7.70354,4.69654,3.29554,2.76354,2.40854,2.59754,3.80754,5.02054,5.17054,4.38654,2.90254,2.25554,3.93654,6.17654,7.16354,6.96154,5.64254
NOX_ICAD,2021-10-06,1908,False,-1,40.2654,39.8884,40.7004,42.7274,46.3294,52.0294,60.5734,69.6604,76.9614,81.9454,83.8694,83.5424,81.3834,78.3964,75.4154,73.3154,72.8324,72.0774,69.1924,65.6644,62.9904,60.6994,58.1184,54.5824,49.5934,45.5154,44.7584,45.3154,45.2404,44.7404,44.0304,42.0704,37.6684,32.4844,28.0614,23.9494,19.6774,15.9954,13.8474,12.9154,13.0104,13.5094,13.9354,14.2964,14.5814,14.3274,12.9454,10.6344,7.67644,5.93944
NOX_ICAD,2021-10-06,1938,False,1,8.5405,9.4535,10.2435,10.5425,9.9565,9.6525,10.8685,13.1875,16.1795,18.8135,20.0045,19.6845,17.7475,15.8635,15.5605,15.6455,14.9085,13.9795,13.5745,13.4615,13.3785,13.2445,12.9465,12.1075,10.3885,9.0505,9.4075,10.7365,12.2875,13.2575,12.8515,11.5735,9.9445,9.0385,9.9355,11.7455,13.5985,14.8815,15.0345,14.6825,14.3885,14.1425,13.8425,13.3145,12.4025,11.5795,11.3735,11.8295,13.0205,14.3155
NOX_ICAD,2021-10-06,2002,False,3,60.1584,73.9304,90.9754,109.725,128.664,146.377,161.265,172.988,180.82,186.788,191.9,192.025,182.131,166.859,150.184,133.15,116.382,101.616,90.7894,81.9294,73.3344,64.8804,56.7574,49.1414,42.4364,37.3834,34.9504,33.8034,32.7194,30.8574,27.5734,24.5894,23.5914,23.0744,21.5154,19.5184,17.7304,15.8084,13.3944,11.3084,10.4324,10.1804,9.94936,9.26136,7.72736,6.27136,5.77136,5.34736,4.21636,3.76936
NOX_ICAD,2021-10-06,2017,False,1,31.4415,33.9795,35.7065,37.4255,39.0855,40.5215,41.8415,43.1665,44.6475,46.3275,47.2485,46.4185,45.1535,44.4945,42.3905,36.6915,30.6455,27.5155,25.9635,24.6415,23.5705,23.0055,22.7055,22.2425,20.0065,14.5445,10.0885,10.9195,13.9305,15.9215,16.1515,14.0885,11.5095,10.0725,9.43348,9.20648,9.14748,9.00748,8.05648,5.63148,3.58248,3.81948,5.34748,7.13948,8.29748,8.00548,7.09448,6.35748,5.96148,6.02148
NOX_ICAD,2021-10-06,2149,False,1,13.1612,13.7942,15.1732,17.9502,22.7542,27.0432,28.4682,30.0312,34.7222,39.8232,42.2902,42.0022,38.8342,35.1892,33.2482,32.2482,31.4082,30.9092,31.0292,30.9632,29.8562,27.9702,25.6512,24.1662,24.7142,25.4672,24.6062,22.9752,21.5242,20.7152,20.9792,21.7652,22.6032,23.4342,24.1842,24.3022,23.1002,20.8312,17.7802,15.6322,16.0362,17.2272,17.3102,15.4452,10.9872,7.31324,7.75624,9.78024,10.8762,11.3712
NOX_ICAD,2021-10-06,2185,False,-3,19.124,22.009,20.963,19.675,21.801,25.764,29.966,34.251,38.55,41.735,42.542,42.154,41.515,40.07,37.221,35.257,36.306,36.891,33.574,29.672,28.622,28.983,29.184,28.942,28.117,27.01,25.904,25.08,24.773,24.364,23.202,21.513,19.565,18.043,17.752,18.945,21.741,23.062,19.925,16.054,15.196,15.995,17.024,18.237,19.562,18.997,14.539,9.88204,8.74404,9.68504
NOX_ICAD,2021-10-06,2203,False,1,34.6408,34.5418,37.3138,41.2918,44.7768,47.8138,50.5278,52.6638,53.8288,54.3368,54.4018,54.2748,53.9878,52.6048,49.2268,46.3228,46.2418,46.3038,43.8948,41.5128,41.7368,42.4528,41.3648,38.8198,35.2528,31.9208,29.9888,28.7868,27.7008,26.8118,26.1348,24.1848,19.4918,14.7048,12.5288,12.0728,12.3518,12.0058,9.87078,7.62178,6.96578,7.16478,7.45278,7.58878,7.43378,7.22278,7.19778,7.37278,7.73678,7.94378
NOX_ICAD,2021-10-06,2272,False,1,15.0551,16.5601,20.5111,25.6371,31.3631,40.7121,57.0861,75.3011,89.9351,99.0051,100.313,98.0521,95.8321,94.5151,94.5201,94.5331,93.2851,91.4801,89.8381,88.3181,86.7781,84.9421,82.4881,79.5231,76.0241,71.7841,66.5231,61.1841,56.6981,52.8351,49.4681,47.0261,46.0241,45.1011,42.9291,40.0851,37.1281,33.9411,30.2601,26.0751,21.3701,16.8351,13.2701,11.1031,10.8091,10.7221,9.26106,7.05206,4.86706,3.62006
NOX_ICAD,2021-10-06,2285,False,1,0.54794,3.78294,11.9879,28.6969,54.2989,90.1399,128.683,162.66,189.932,207.521,215.702,213.309,206.079,198.6,191.31,184.025,176.587,168.991,162.434,157.912,151.967,141.028,128.162,116.26,104.395,91.3739,78.1199,65.8449,55.8019,49.4449,44.9039,40.6619,36.9959,34.4899,32.6209,30.9499,29.3639,27.8409,26.3819,24.8419,22.0139,16.6519,10.8949,6.99994,5.33794,6.38994,8.73994,11.0649,11.8889,9.79594
NOX_ICAD,2021-10-06,2334,False,1,12.5769,19.6889,32.3159,47.4159,62.0969,75.1789,85.5529,94.0229,100.911,105.542,106.766,106.091,104.707,103.072,101.286,98.5439,93.8199,87.5839,80.2199,73.1059,67.5709,63.1259,59.2679,55.0179,49.5979,44.6899,42.0839,40.7369,39.6779,38.6899,37.6719,36.3549,34.4829,32.6719,31.5419,30.7729,30.1249,30.0929,31.1429,31.6009,29.7739,27.1519,25.2429,24.0919,23.6979,23.7559,24.0669,24.4839,24.8449,24.6529
NOX_ICAD,2021-10-06,2337,False,0,0.44542,0.22942,-0.19958,-0.30458,2.40342,11.3094,27.6224,53.3794,82.9474,110.304,127.126,124.188,110.207,92.6734,75.8704,63.2204,54.7264,50.7474,48.8984,47.1394,43.9664,38.1104,32.0074,28.0754,25.4054,23.0264,20.4124,17.2494,14.5564,13.3224,12.0814,9.42542,6.75942,5.58542,5.20742,4.96442,4.99842,5.48942,5.47742,4.09642,3.19042,4.55542,6.00542,5.32542,3.89842,3.13242,2.47042,1.27342,0.16242,-0.18058
NOX_ICAD,2021-10-06,2347,False,0,8.00394,5.13094,3.36194,3.19394,5.42194,10.8299,20.7849,33.7909,48.2739,58.9569,60.4109,57.5779,54.9789,52.7899,50.5799,47.7859,44.0019,41.0439,40.8639,42.3529,44.4399,46.0109,46.0569,45.2679,44.2279,42.8629,41.0199,39.4179,38.7999,38.6899,38.5929,38.0939,36.7549,34.7229,32.1029,29.5319,27.5879,25.8679,23.9279,21.6329,18.9579,16.9559,16.6849,16.8019,15.9779,14.6279,13.2109,11.7919,10.4529,9.79194
NOX_ICAD,2021-10-06,2348,False,5,17.0266,20.5996,26.3586,32.8786,39.3866,45.2076,49.5946,51.6526,52.5656,53.2906,53.6566,53.1866,51.4066,47.8136,44.3306,42.8176,42.1056,41.0436,40.0386,39.6406,39.5906,39.5906,39.1916,37.9136,36.0346,33.7646,31.3266,28.9806,27.5496,27.8116,27.8836,25.8546,22.6446,19.2556,16.7026,15.9046,15.5226,14.2866,12.7926,11.7536,11.2346,11.3066,11.6596,11.9746,11.7166,10.5146,10.3586,13.2856,17.1606,19.7576
NOX_ICAD,2021-10-06,2394,False,1,21.3215,45.4645,75.7945,107.488,143.903,188.928,231.995,262.291,285.908,306.861,313.188,290.865,258.757,234.505,215.096,196.103,175.603,152.368,129.865,111.776,96.9015,84.5425,75.4475,70.8595,67.0265,60.4685,52.7985,45.9595,41.0005,39.0155,38.4925,38.1225,37.5235,36.4035,34.5665,31.8555,29.6885,29.3885,29.0175,26.5865,23.1835,20.0455,18.1425,18.4075,19.3155,19.4375,19.0995,18.7275,18.5515,18.7305
NOX_ICAD,2021-10-06,2400,False,1,7.62762,23.1616,105.102,306.976,528.371,671.816,772.387,864.668,933.5,955.435,953.922,948.285,933.107,898.194,848.515,787.032,719.051,648.792,584.653,535.083,492.436,449.922,408.137,369.272,336.247,312.653,293.698,274.924,252.943,224.831,195.745,170.981,150.524,134.478,120.334,106.244,93.1346,82.3596,73.0996,64.8536,58.1426,53.8246,50.6826,47.6016,43.8456,38.8716,34.2756,31.7306,30.4346,29.6356
NOX_ICAD,2021-10-06,2401,False,-1,3.1416,1.9546,0.8826,0.5966,2.5016,8.5316,18.6796,33.2536,48.1786,59.2416,65.1146,64.2656,61.4316,60.8686,61.6486,62.4836,62.4076,60.4296,56.8916,52.0726,47.6666,45.3506,44.4516,44.3596,44.3516,44.0296,44.8706,48.3816,52.0316,53.2756,53.2266,53.0706,53.3486,54.3036,54.1576,51.0706,47.0576,43.9126,40.1006,33.9976,28.1146,25.0266,23.1196,20.8416,18.8166,17.8896,17.5316,17.1486,16.0006,13.3986
NOX_ICAD,2021-10-06,2402,False,-1,2.45358,3.31658,5.56458,11.3846,18.7046,25.4946,31.2386,35.5156,39.0806,42.3216,43.6866,41.4266,38.3146,36.9736,36.3386,35.2536,34.3206,34.3176,35.0356,36.2296,37.0016,36.4606,35.2696,34.0416,32.8366,31.6346,30.4336,29.2366,28.0786,27.0166,26.1356,25.5646,25.3076,25.3706,25.2636,24.6026,24.4806,25.9466,27.2316,26.5156,24.8476,23.2656,21.7926,20.4236,19.7706,20.4506,21.0536,20.2166,19.0566,18.6356
NOX_ICAD,2021-10-06,2408,False,5,12.4021,12.9281,13.2891,13.8631,14.9591,16.0671,16.6691,17.0011,17.3101,17.7091,18.1971,18.0301,16.4021,14.2031,12.3311,11.2081,11.2461,11.7561,12.0731,11.8321,10.6691,9.05108,7.40708,6.01808,5.18108,4.94808,5.42908,6.11408,6.54708,6.83308,7.08508,7.20608,7.05008,6.61708,5.88508,5.09608,4.47808,4.05508,3.83808,3.59008,3.07908,2.43108,1.86108,2.05708,3.70908,5.51308,6.11208,5.50308,3.73008,2.16708
NOX_ICAD,2021-10-06,2410,False,-3,50.1469,53.0519,54.7059,55.7119,57.0749,61.9509,73.9119,89.8469,106.642,119.874,124.969,124.867,121.891,117.532,112.552,106.928,100.543,94.7709,91.0399,88.3559,85.9549,84.7699,85.8739,87.0639,86.2019,84.6729,83.9939,84.3139,85.5019,85.1379,80.7679,75.1169,70.9169,68.3209,67.4209,67.3189,67.2359,66.5089,64.5069,61.9729,59.5609,57.0959,54.3839,52.0879,50.9069,50.0639,48.8199,47.4469,46.1819,44.2989
NOX_ICAD,2021-10-06,2493,False,-3,8.16516,6.87316,6.90716,8.12416,10.4652,13.3292,16.2562,19.1692,21.9342,23.7322,23.5922,22.2882,20.4342,18.3142,16.1492,14.6762,14.6912,15.4522,16.2682,16.7672,16.5062,14.8932,11.3182,7.87416,6.59916,6.22216,5.45816,4.42716,3.39816,2.64916,2.36416,1.58916,-0.51484,-1.98184,-0.83284,0.91216,1.21016,0.69616,0.11416,-0.20384,0.00416,0.47616,0.97616,1.44116,1.86316,2.47516,3.62916,5.75216,9.22516,12.1292
NOX_ICAD,2021-10-07,0,False,0,22.27,23.685,26.506,28.801,28.95,30.802,38.445,48.539,57.59,63.744,65.155,64.232,62.914,60.776,57.181,54.228,53.941,53.853,51.395,47.445,42.942,38.694,35.45,33.233,32.162,31.635,31.074,29.704,26.792,23.67,21.746,21.246,22.545,25.242,29.05,32.362,33.61,33.79,33.806,33.572,32.814,31.605,30.015,28.651,28.163,28.501,29.53,29.669,27.277,23.596
NOX_ICAD,2021-10-07,3,False,5,18.0934,21.6704,23.4104,24.0564,24.2414,24.3424,24.2354,23.7814,23.6724,24.5464,25.1804,24.3084,22.7244,21.2044,19.7644,18.2754,16.3034,13.5124,11.4054,11.5584,12.7994,13.9934,14.8074,15.0114,14.9134,14.7604,14.4564,13.8694,13.2554,12.7374,11.2774,7.88942,4.90042,4.66742,5.61242,6.17042,6.44042,6.66942,6.89442,7.06742,6.82342,5.79042,4.71842,4.32142,4.06242,3.45642,3.31342,4.48742,5.86042,6.30742
NOX_ICAD,2021-10-07,31,False,0,36.0978,66.2988,99.2158,127.186,142.781,152.106,160.521,167.927,173.27,177.258,180.137,180.325,175.891,170.032,165.764,162.739,160.471,158.524,156.525,153.792,149.551,144.248,138.299,132.814,128.886,125.868,123.188,120.628,118.05,115.221,112.066,110.068,110.546,109.935,104.729,98.8348,96.2118,95.0828,93.5478,91.6958,89.6388,86.2658,80.4508,74.8708,72.0098,68.9648,62.8308,56.4708,52.9128,50.8648
NOX_ICAD,2021-10-07,43,False,0,4.57192,5.25192,6.88492,10.6039,16.6919,25.7519,36.4059,47.5919,58.9559,69.6559,74.8599,69.4569,61.6379,59.2339,59.4819,59.2609,58.6129,57.7609,55.7009,51.2179,45.4869,39.6429,34.7009,31.6389,29.5189,27.5489,25.8339,24.5749,23.1229,20.8649,18.6439,17.3419,16.5259,15.8049,15.3639,15.3789,14.8409,12.8279,11.1969,11.8919,13.8009,15.7719,17.0299,16.7749,15.1319,12.1829,9.62192,9.09992,9.64092,10.2149
NOX_ICAD,2021-10-07,52,False,1,46.7953,61.4803,72.9713,82.7783,92.2153,100.372,105.971,110.291,114.314,117.242,117.903,116.827,114.253,110.399,105.046,97.9123,88.5663,79.2863,72.2793,66.4813,60.8203,55.0493,49.1303,43.6723,39.3003,35.1363,30.4813,26.7983,25.6663,25.2633,23.8933,22.5613,22.3843,22.3723,21.4803,20.1083,18.6763,17.2433,15.8943,15.2423,15.8813,16.3773,15.3653,14.1903,14.2663,15.0203,15.8813,16.9233,18.3273,19.9103
NOX_ICAD,2021-10-07,53,False,1,4.93658,4.19758,3.88158,4.07858,5.09958,7.54058,12.1696,17.6876,22.7786,26.2996,27.0456,26.4166,25.6586,25.2376,25.3546,24.7156,21.9906,18.6406,16.2266,15.3736,16.5366,16.9636,14.0236,10.4936,9.20958,9.14058,9.17758,9.19058,9.20058,9.20458,9.21758,9.40258,9.88758,10.0906,9.43658,8.63158,8.36358,8.20558,7.78258,7.93758,9.47358,10.6266,9.55458,7.32258,4.98058,2.91958,1.50558,1.04258,1.94358,3.41058
NOX_ICAD,2021-10-07,58,False,0,10.8887,12.0197,13.0857,14.8217,16.8607,18.8157,20.7057,22.5977,24.5657,26.5337,27.3707,25.8647,23.6667,22.3347,21.4167,20.4147,19.7567,20.0117,20.9557,22.3737,23.5007,23.5877,23.1397,22.6567,22.4257,22.6947,23.1927,23.6127,23.5197,22.3947,20.3527,17.5027,15.1057,14.4297,14.6997,15.2097,15.8017,16.4397,17.0947,17.7347,18.2247,18.4147,18.4487,18.3557,17.5017,15.3417,14.0397,15.8027,18.6997,20.7637
NOX_ICAD,2021-10-07,59,False,1,15.7147,18.3237,19.4887,20.0267,20.4097,20.9387,21.5567,22.2397,23.3617,25.1977,26.1677,24.6017,21.8957,19.3957,17.3897,16.0157,14.5767,12.4667,10.6047,10.0197,10.3827,11.3767,12.1997,12.1097,11.5437,10.9757,10.8687,11.6297,12.4297,12.3367,10.9617,7.98472,5.52672,5.62172,6.27272,5.52772,4.60972,4.89072,5.82372,6.86972,8.18072,9.91972,11.1327,10.7727,9.39172,7.56872,6.45972,7.25272,9.30672,11.9017
NOX_ICAD,2021-10-07,78,False,0,27.1341,32.6401,43.7181,65.4171,103.962,149.621,192.981,228.217,248.983,258.427,258.092,253.037,246.87,240.442,234.131,228.754,225.212,222.587,219.987,216.684,211.986,206.692,201.389,195.104,186.522,175.793,163.182,152.475,147.365,143.635,137.352,131.399,129.071,128.655,128.328,126.806,122.888,117.754,112.447,107.242,102.379,98.4241,95.8381,92.3261,85.6141,78.1541,72.4471,68.0301,64.4071,61.2481
NOX_ICAD,2021-10-07,115,False,1,9.6963,9.2543,8.8333,11.7723,22.0083,37.0073,54.4363,70.1433,79.9313,84.6093,84.5623,82.8413,81.9233,81.5453,81.2243,80.8103,80.2403,79.8233,79.6863,78.2233,73.6623,67.6313,61.7043,56.6333,53.1373,50.8193,49.4403,48.4843,47.6073,46.9353,46.5733,45.5933,43.0923,40.5713,39.4573,38.3993,36.1113,34.3923,35.1363,36.5773,36.9663,36.8823,37.0123,37.2873,37.4423,36.4943,33.4273,29.9563,27.9513,28.2753
NOX_ICAD,2021-10-07,130,False,2,6.06842,5.10942,4.59542,7.66942,18.8174,40.7514,76.6324,112.502,134.256,144.05,143.576,139.431,136.946,136.277,137.21,138.856,140.424,140.957,139.464,136.957,134.273,131.175,127.392,124.339,123.201,120.62,113.11,103.825,95.8324,88.5534,81.2074,73.9994,67.3774,61.9764,58.5714,56.1494,53.8354,51.4064,48.6304,44.8184,39.4214,35.2724,35.1844,35.9714,34.4334,31.5664,28.4484,25.1324,21.5854,18.7104
NOX_ICAD,2021-10-07,140,False,2,116.423,116.578,114.925,113.442,114.498,119.64,130.669,143.511,154.209,161.748,164.85,164.032,159.328,153.916,150.63,148.526,146.406,142.975,136.759,127.912,116.295,103.631,91.7116,82.9356,79.8676,79.1666,77.7316,75.0426,70.9576,67.5186,66.7836,67.4496,68.3676,69.9026,72.5286,74.6116,74.4826,73.4516,72.7856,72.3136,71.6406,70.1026,66.9786,63.2376,59.7956,56.7956,54.3366,52.1376,49.9596,47.6886
NOX_ICAD,2021-10-07,365,False,0,3.1698,3.6418,4.9188,7.7228,11.2878,14.8438,17.5738,18.6808,19.1878,19.9598,20.2878,19.3918,18.5128,18.6888,17.6788,13.4188,10.5618,13.7798,18.3718,19.5708,18.8688,17.9508,17.1998,16.7098,15.8078,13.7718,11.1818,8.5918,6.2178,4.3718,3.8608,5.5598,7.6008,8.1828,7.9638,7.5338,6.2188,3.3378,1.2208,2.1678,3.7768,3.7408,3.7178,5.5418,8.1028,10.1428,10.9688,9.8848,8.0468,6.4838
NOX_ICAD,2021-10-07,423,False,2,122.038,122.902,123.075,126.022,135.131,147.077,158.534,167.223,170.906,172.105,172.724,171.185,165.469,158.704,153.893,150.252,146.777,142.605,137.139,132.663,131.542,131.776,131.481,131.129,131.326,131.232,129.951,128.281,127.016,125.992,124.795,121.979,115.789,106.9,95.707,83.869,72.847,62.907,54.416,47.373,41.981,37.174,32.258,28.902,28.913,29.44,27.672,24.645,21.537,19.041
NOX_ICAD,2021-10-07,513,False,3,16.6,20.653,23.782,23.95,23.745,25.848,29.622,34.41,39.408,43.779,46.188,45.113,42.31,39.43,37.667,38.035,38.708,37.906,36.354,34.937,34.477,35.742,37.297,37.753,37.603,37.406,37.43,37.777,37.393,35.148,32.095,29.349,27.849,28.408,28.782,26.75,23.705,21.148,19.651,19.757,20.648,21.569,21.957,21.181,19.097,15.651,13.434,14.757,15.136,10.126
NOX_ICAD,2021-10-07,759,False,0,3.5972,5.6252,7.5902,9.4922,12.1302,20.7262,41.1322,66.6472,90.5002,107.811,113.525,112.716,109.433,104.505,97.8572,90.5342,83.5772,78.2522,75.9282,75.0962,74.3422,72.7232,69.4712,66.1462,64.0292,60.5362,53.1292,46.1602,44.0052,43.4342,41.0962,37.3622,32.8742,28.9612,26.9012,25.7912,24.7322,23.1392,20.5592,18.0872,16.8152,16.0312,15.0132,13.8122,12.5932,11.7862,11.8522,12.3562,12.8032,12.3532
NOX_ICAD,2021-10-07,778,False,1,20.1033,19.0543,17.9883,17.5903,18.6623,21.4593,26.6433,34.4133,44.9893,54.0283,57.0673,56.6033,54.8813,52.7233,50.4593,47.7873,44.2603,40.0313,35.3673,32.0473,32.0283,34.1253,37.1413,38.7293,36.6523,33.3263,31.1023,29.7963,29.1003,28.6673,28.2843,28.0373,27.9973,27.5853,26.2203,24.6843,23.7973,23.5733,23.9293,23.7123,21.7963,19.4103,17.7973,16.8223,16.3233,16.0333,15.7153,14.9553,13.3813,11.9123
NOX_ICAD,2021-10-07,787,False,0,88.1723,100.024,106.953,110.275,112.523,115.723,119.778,124.495,129.508,134.285,136.889,135.235,132.127,130.27,129.826,130.741,131.411,130.353,128.835,128.135,127.74,127.061,126.209,125.398,125.076,125.291,122.435,112.618,100.037,88.8053,79.9633,74.3303,69.6713,64.0823,58.7583,55.2043,53.1823,52.5663,52.5993,52.4983,50.6713,45.7003,41.4423,41.6123,42.3323,39.7293,36.4423,35.3323,35.4573,35.7353
NOX_ICAD,2021-10-07,798,False,-2,7.57426,8.04926,8.67126,9.70726,11.3843,13.4903,15.8263,17.8583,19.0483,19.8103,20.4143,20.1813,18.4223,16.9843,17.5973,18.0903,16.2763,14.0163,13.2223,12.9553,12.1853,11.1103,10.1153,10.0563,11.7853,13.7753,14.5183,14.4603,14.0443,13.3353,12.3613,11.9183,12.7823,13.8083,13.8493,13.3553,12.7553,11.8533,10.4723,9.80726,11.0283,12.3683,12.1023,11.4453,11.5793,11.3113,9.37826,7.28226,6.56526,6.59526
NOX_ICAD,2021-10-07,871,False,1,10.8712,20.8362,40.6062,65.2092,90.6232,117.684,147.99,179.518,209.426,231.117,236.538,229.085,210.491,186.814,162.682,140.004,120.544,105.049,94.8192,87.5982,81.6852,76.2692,70.8592,64.9992,58.1522,50.1462,40.9292,33.1052,29.3562,27.3962,25.0522,22.2342,19.1912,17.0652,17.0752,18.1632,19.1192,17.9512,12.8512,8.16516,8.16716,9.72116,9.67016,9.01616,8.97716,9.10316,8.84316,8.35316,7.80616,7.24516
NOX_ICAD,2021-10-07,873,False,0,4.38432,5.31332,7.07432,10.0633,17.3513,32.6053,51.8213,72.1613,97.5253,131.133,155.325,151.41,134.227,117.602,102.269,87.6353,75.6233,68.6293,64.1393,59.8803,54.9813,48.8283,42.2513,36.1363,31.0863,27.7463,25.1443,22.4923,20.2533,19.0493,18.3693,17.6873,16.4663,14.2013,11.6843,9.71132,8.31332,7.49732,6.74732,5.61332,4.43332,3.57232,2.87032,2.20132,1.86432,2.22232,2.92832,3.59632,3.61232,2.41232
NOX_ICAD,2021-10-07,885,False,-1,149.629,182.51,197.311,202.97,207.758,214.734,226.227,241.059,257.932,271.665,276.098,269.362,248.935,226.427,212.652,203.673,194.881,182.788,164.252,143.683,125.351,109.199,95.1098,82.5918,71.7388,63.4108,58.8958,56.2468,53.7248,50.3548,45.2918,39.3788,33.4858,28.6268,25.8768,24.4938,23.7738,22.3538,19.0158,15.5158,13.6278,12.6168,11.7248,10.8378,9.91184,8.67484,6.92584,5.75384,6.25384,7.10784
NOX_ICAD,2021-10-07,897,False,2,6.92792,7.81792,8.41592,12.4839,27.1449,69.0979,156.743,254.534,326.189,364.649,362.189,344.249,332.667,325.51,318.75,310.74,300.098,287.131,271.571,252.674,229.326,205.352,184.563,166.998,153.026,142.311,135.127,129.608,124.197,117.975,110.317,103.33,99.0299,94.8149,88.0859,80.7199,74.6599,69.0839,63.1499,57.6909,53.6959,50.4499,47.2669,43.8359,39.9919,36.5709,34.4319,32.7359,30.6989,28.6809
NOX_ICAD,2021-10-07,968,False,0,24.3614,33.5164,49.9804,80.6654,115.515,144.97,171.136,196.17,217.479,231.049,236.54,232.31,221.411,206,191.516,182.956,177.492,171.799,161.184,141.285,120.974,109.079,101.786,95.3994,90.3734,87.8314,86.0094,83.2504,79.9434,76.7284,74.7974,75.3404,76.4024,76.0804,74.8694,73.3134,71.6314,69.8454,67.3414,63.3784,58.4924,53.2154,48.6144,45.5994,42.2484,36.7044,31.0044,27.3684,25.5514,25.3184
NOX_ICAD,2021-10-07,1035,False,1,7.61652,9.24652,11.6155,18.3435,33.6015,52.9725,72.0985,87.3435,95.1205,99.1745,102.243,101.146,91.7735,78.6865,66.3075,56.9995,52.8435,50.1505,45.6025,40.9705,38.3355,36.7225,35.1535,33.6545,32.3905,31.2475,30.0995,28.7795,27.1305,25.4135,23.7905,21.5615,18.1745,16.0545,17.6185,19.7265,19.3145,18.2225,18.3925,18.8305,18.3955,17.4765,16.4495,15.0435,13.0185,11.7455,12.5195,13.0865,11.1905,8.53452
NOX_ICAD,2021-10-07,1048,False,-1,265.235,451.945,642.388,788.477,883.875,919.124,925.672,929.516,940.423,963.843,981.438,972.663,939.211,881.592,820.348,774.422,740.395,714.342,687.856,653.878,618.795,589.32,562.91,536.914,511.167,485.798,459.734,432.025,405.093,381.361,358.365,333.468,306.438,277.183,248.295,222.644,201.333,185.863,173.218,160.741,146.772,130.129,114.462,103.405,93.7236,82.3036,70.8686,61.5826,54.4426,49.5296
NOX_ICAD,2021-10-07,1058,False,1,2.4492,3.9912,7.8182,13.3852,26.8852,56.0472,95.1962,138.497,172.587,183.908,183.701,181.402,173.908,156.476,137.486,125.351,118.667,115.735,111.997,103.303,92.4442,82.2952,73.6402,67.2652,63.0742,61.3002,60.6712,60.0272,58.1252,53.6292,47.2762,39.7112,32.6992,27.9742,24.8872,22.8912,21.1632,19.2062,18.2042,19.3452,20.2602,18.6012,16.1402,14.6962,13.8482,13.0642,12.1972,11.0702,9.1192,5.8862
NOX_ICAD,2021-10-07,1065,False,1,2.4559,2.6149,5.8059,13.6819,28.9569,51.7159,82.8709,115.957,144.062,161.09,160.152,150.904,141.691,133.05,124.489,115.995,107.712,100.11,93.8859,89.4149,87.2519,85.8759,83.7369,79.6499,72.3219,63.3699,54.4149,47.4399,44.4759,43.5179,42.7059,41.0439,37.6149,32.7809,27.0089,22.9209,23.1179,24.5329,24.1879,22.8439,21.4659,20.4939,20.2909,20.4719,20.6439,20.3609,19.1689,17.5229,15.8439,14.3539
NOX_ICAD,2021-10-07,1067,False,0,1.83842,-0.26058,1.13642,10.8394,35.0964,70.3504,114.588,162.884,209.798,241.596,242.995,227.953,208.371,187.465,166.441,145.811,126.229,109.139,96.7574,90.1654,91.2634,96.4124,102.61,108.125,111.6,114.034,115.735,112.629,100.288,86.2054,77.4904,70.5564,61.5054,51.7234,43.0424,36.1524,31.7714,28.3494,24.5904,21.0854,18.6084,16.6624,14.9274,14.3464,15.7454,15.6924,10.8944,6.06242,5.99742,8.10442
NOX_ICAD,2021-10-07,1220,False,-1,2.28046,3.04946,2.07846,3.24946,11.1505,25.7775,47.9405,74.4945,102.369,124.134,131.824,130.85,125.653,118.781,111.701,104.62,97.6345,91.4085,86.6385,82.1195,76.6775,70.7455,64.8035,58.9945,53.5015,48.8175,45.6005,43.5415,42.5395,42.3695,42.9695,43.6895,43.9505,43.9595,43.8925,43.4725,42.3455,40.8655,39.3995,38.4005,38.2825,38.1875,37.2035,35.2885,32.4125,29.5665,27.7525,26.9315,27.1315,27.8095
NOX_ICAD,2021-10-07,1240,False,4,12.6683,19.4523,26.5943,33.7363,40.5133,46.3953,50.5873,52.0913,52.3343,52.5193,52.5733,52.2203,51.4613,50.2793,49.0463,48.1063,47.3263,46.5573,45.7243,44.7103,43.2213,40.9623,38.7733,37.4163,35.9103,33.2533,30.3523,28.2563,27.4473,28.4293,29.8133,30.3113,30.3093,30.2053,29.7793,28.9063,29.2723,32.4303,34.8543,33.0743,30.5123,30.4923,30.4083,27.5353,24.5073,24.0533,24.4463,23.8693,22.7183,21.5603
NOX_ICAD,2021-10-07,1282,False,2,3.5983,2.8653,6.6453,18.9933,36.4113,55.6573,72.3933,82.4973,89.2303,95.2753,99.1803,98.4443,92.6673,80.9503,67.3563,55.6153,46.2273,39.6383,34.4863,29.8193,26.0643,23.9323,22.6043,21.3783,20.1553,18.8763,17.0943,14.3573,11.5843,9.7723,9.1083,9.7693,10.4023,9.7483,8.6903,8.1573,7.9913,7.9913,8.0563,8.0593,7.5023,5.8613,3.9543,2.6123,1.9223,2.0293,2.8373,4.3193,5.6813,6.0973
NOX_ICAD,2021-10-07,1283,False,-3,14.4171,19.9381,29.6691,41.0671,51.6491,59.8471,64.1271,67.0221,70.6631,73.4841,73.5701,72.2521,70.7301,68.9721,66.8061,64.8991,63.9021,63.0031,61.3181,58.7801,55.2941,51.5041,47.8721,43.6301,38.2051,34.6431,36.0321,38.3641,37.6521,35.2541,32.5361,28.9341,23.7971,19.6121,18.8141,18.4591,15.7341,13.0861,13.1341,14.1011,14.1251,13.4131,12.3151,11.4641,11.4531,11.8741,12.2451,11.7901,9.74814,7.40314
NOX_ICAD,2021-10-07,1370,False,1,7.79794,6.75994,7.23094,8.50494,9.96994,11.7859,14.7779,22.3199,37.7629,52.7069,58.5539,58.2789,54.6229,49.5699,44.4479,40.1679,37.5529,35.6369,33.3829,29.7409,23.8789,19.0959,18.7379,20.1829,20.8789,21.0549,21.0789,20.4109,18.3869,15.9119,13.9049,12.7259,12.7229,13.1029,13.0779,12.2719,10.4019,8.90694,9.20094,10.1119,10.4719,10.4969,10.5239,10.9099,11.8819,12.1599,10.4589,8.33794,7.35694,7.04594
NOX_ICAD,2021-10-07,1478,False,2,182.538,220.285,282.224,345.792,388.634,420.313,451.155,486.478,529.72,569.141,590.927,591.694,566.011,527.797,488.367,449.125,410.715,378.781,360.243,351.737,350.67,349.277,340.172,324.026,301.317,277.376,257.053,239.898,225.464,212.271,199.106,184.927,169.097,155.269,147.179,140.758,132.134,123.081,115.803,110.268,106.587,104.474,103.953,104.177,104.388,103.74,101.333,97.7124,93.2614,88.3824
NOX_ICAD,2021-10-07,1623,False,1,16.5968,19.7608,21.8428,23.6248,25.9608,28.1138,29.3248,30.6388,33.0258,34.9478,34.7458,33.4418,32.0378,30.9248,30.4228,30.4298,30.8298,30.8128,29.5538,27.6518,25.7008,24.1338,23.3538,22.9658,22.6498,22.5098,22.7598,23.4988,24.8118,25.8438,25.7288,25.0218,24.3078,24.0968,24.8308,25.6108,25.5878,25.4488,25.9298,26.7488,27.5008,27.3798,25.6278,23.9168,23.8568,24.1648,23.3828,21.1458,17.1578,13.3468
NOX_ICAD,2021-10-07,1697,False,0,3.202,4.728,7.152,11.056,14.698,16.34,17.146,18.276,19.634,20.923,21.433,20.345,18.154,15.332,13.089,12.501,11.933,9.837,7.841,7.673,8.274,8.57,8.652,8.722,8.908,9.278,9.372,8.734,7.985,7.78,8.124,8.945,9.259,8.134,6.862,6.715,6.928,6.684,6.172,5.589,4.714,3.398,2.969,4.711,6.442,6.033,5.2,5.62,5.762,3.98
NOX_ICAD,2021-10-07,1807,False,1,55.2529,59.4619,57.3259,53.3479,51.9979,52.1709,52.8769,56.3179,64.9899,74.4709,79.9769,79.8109,72.2629,63.7729,60.4229,59.8759,59.5179,57.8599,53.6499,48.5159,44.1009,41.1019,40.2819,40.8979,42.2469,42.4779,39.7519,35.6959,31.9089,29.0609,27.7489,27.1939,26.6779,25.7129,23.9189,22.2019,21.2909,19.3739,14.7189,10.6129,10.4189,11.8409,12.5719,12.6479,12.2599,11.4589,10.1899,8.69894,7.26194,6.47994
NOX_ICAD,2021-10-07,1947,False,1,2.13392,3.63092,6.28992,11.7139,36.0499,97.8529,177.767,258.718,339.014,415.197,459.126,438.019,380.414,311.514,248.156,204.217,173.076,149.306,129.536,112.467,99.1809,91.6089,86.8319,82.2459,76.3999,68.2149,60.2219,54.9739,51.1769,47.4449,42.7759,36.3019,29.4399,23.6709,19.3439,16.9209,15.7799,15.5269,15.6629,15.8089,15.6539,14.8639,13.5319,11.7899,10.6819,11.1519,11.4039,9.64992,7.34592,5.98892
NOX_ICAD,2021-10-07,2269,False,1,0.69192,0.52592,1.27192,3.67892,9.00992,18.0609,31.7799,45.0509,52.7159,56.3349,57.2669,57.0349,56.5589,55.2909,52.5759,50.1539,49.6829,49.3279,47.0749,43.1059,37.7179,33.1079,31.4479,31.3089,31.3529,31.3349,31.0609,29.6839,26.3169,22.7329,20.6379,19.1489,17.3289,15.2919,13.3019,11.9139,11.6749,11.6019,10.7829,9.91092,9.74892,10.0119,10.4099,10.8509,11.2239,10.9979,9.65392,8.31692,8.08792,8.22592
NOX_ICAD,2021-10-07,2473,False,-1,1.13278,2.23278,3.84878,5.46878,13.2708,34.8998,67.7598,109.589,147.902,169.867,177.817,173.159,164.592,159.318,156.061,152.743,146.911,136.277,124.931,116.843,110.318,103.509,96.1958,88.3758,80.7158,73.9698,68.4078,64.5188,62.2088,61.6348,61.8808,62.2218,62.4908,62.5958,62.4398,62.0548,62.7638,65.7138,67.5148,64.7498,60.7078,58.6808,57.8218,57.1168,56.3518,55.4508,54.4808,53.5318,52.8118,52.3768
NOX_ICAD,2021-10-07,2516,False,0,13.2542,13.1432,12.7692,12.7262,14.1842,18.2732,22.3402,23.8772,25.1062,28.1002,29.8982,27.3592,23.6412,21.8992,21.2882,20.8792,20.9492,21.8932,22.6472,22.2242,21.9712,23.2952,25.3142,27.0962,28.3132,28.6442,28.3332,27.5662,26.9052,26.8702,27.1622,27.4152,27.0262,25.4382,23.8792,23.5882,24.0282,24.6752,25.4092,26.1082,26.0562,24.4102,21.6742,18.4342,16.5842,17.9462,19.8222,19.5412,18.0752,16.5072
NOX_ICAD,2021-10-07,2518,False,-1,9.04578,13.4858,20.0918,25.7728,27.3878,26.8948,26.2088,26.0868,27.0308,28.0358,28.0498,27.1238,25.1708,22.0698,17.6828,14.1108,13.5078,14.4958,15.7328,16.4558,16.0268,15.0188,14.0148,13.6268,14.3538,14.7608,13.4778,12.0808,12.0928,11.9748,10.1758,8.40878,8.39878,8.63178,7.57378,6.32278,6.07878,6.37078,6.70678,7.02878,7.28978,7.07678,5.99478,5.06878,5.32578,6.06078,6.50278,6.27078,4.97278,3.09978
NOX_ICAD,2021-10-07,2594,False,-4,6.2828,7.1668,7.6518,9.8258,16.2918,27.1838,43.1598,61.6138,79.9118,93.5548,97.7118,96.7248,94.3018,91.4568,88.6568,86.6468,86.0678,85.0968,81.8718,77.5578,73.3908,70.2068,68.7218,67.3858,64.6708,61.1578,57.4868,54.1408,51.5518,49.3458,47.2218,45.3738,43.9868,42.1688,39.0548,35.8858,33.8878,32.1668,29.7468,26.7428,23.3808,20.6598,19.6578,19.8708,20.9228,22.3408,23.6648,23.8758,22.0588,20.7108
NOX_ICAD,2021-10-07,2600,False,-1,41.8163,45.3313,49.1363,51.6893,53.5563,55.3713,57.4543,60.0413,62.6273,64.6263,65.7143,65.4663,64.4023,62.8173,60.3363,56.4923,52.7113,50.4103,48.8943,47.4473,45.7693,43.6203,41.1723,38.6523,36.8053,36.3173,35.6523,33.1693,29.1633,23.9273,18.8573,15.3683,13.5333,13.4793,13.6723,12.7073,11.1073,9.42726,7.73726,6.18226,5.85326,7.76226,9.02526,6.81526,3.80626,2.77626,3.20126,4.46326,5.76526,6.44326
NOX_ICAD,2021-10-07,2641,False,3,13.4448,17.0248,23.3838,32.8568,42.3008,48.4918,51.2928,50.6298,50.5128,54.4648,57.9278,56.2078,52.8668,51.5718,51.5778,51.9518,52.4358,52.9128,53.2148,53.1988,53.2398,53.6168,53.4078,51.6108,49.1548,46.7778,43.4858,38.2588,33.4738,31.5838,31.2088,31.0848,31.4618,32.6298,32.6398,29.5768,26.3118,25.6308,25.4088,23.4848,21.4338,20.8558,20.0258,17.2058,14.4508,13.9328,14.6028,15.3928,15.9568,15.9278
NOX_ICAD,2021-10-07,2655,False,1,5.64588,5.51988,5.28388,4.63888,3.98888,9.43788,27.2939,47.1909,58.7529,64.1149,65.4529,65.0579,64.4139,63.5069,62.1099,60.7439,59.8579,58.6729,56.4329,54.3669,53.5969,52.2959,48.6039,44.4899,41.9799,40.4369,39.1809,38.0129,36.9049,36.1819,36.1819,36.1879,35.4119,33.6679,30.8029,28.1589,27.0509,26.6629,26.2279,25.9799,26.2789,26.8569,27.2919,26.3079,22.5809,18.2009,15.3189,14.3419,15.5539,16.4299
NOX_ICAD,2021-10-08,8,False,7,32.3654,42.2184,50.3884,56.1534,58.8334,60.3344,62.2424,64.0284,64.9584,65.4384,65.6254,63.9124,58.4194,51.1904,44.1864,38.4044,34.7914,32.5154,30.9334,29.6334,28.3274,26.6424,24.2294,21.6994,19.6464,17.8574,16.1074,14.4154,12.8294,11.2314,9.55336,8.21836,7.73536,7.95836,8.88236,10.5944,13.1234,14.5064,12.7544,10.0224,8.40536,7.44736,6.60536,6.03336,6.02536,6.50736,7.41136,8.11436,8.06236,8.06436
NOX_ICAD,2021-10-08,12,False,-1,28.8884,30.5594,30.8154,31.0054,32.0734,34.8954,38.5754,42.2764,45.5724,47.9754,48.9964,48.0254,46.4904,45.6614,44.9554,43.6884,42.1784,40.7664,39.4234,38.0734,36.5954,34.8904,33.2664,32.0004,30.5924,28.5414,26.4294,24.8404,23.4464,21.9614,20.8794,20.7814,21.1814,21.5954,21.6324,20.8694,19.3624,17.2594,16.2284,17.8704,19.7004,19.2474,17.8174,16.8274,16.5094,16.9634,17.3524,16.8604,15.9044,14.9714
NOX_ICAD,2021-10-08,16,False,2,26.994,29.169,32.062,36.651,41.069,43.399,44.628,45.831,47.935,51.486,53.104,49.207,42.821,36.728,30.617,23.998,18.407,15.554,14.092,12.735,10.824,7.85002,4.68602,2.29802,1.22602,2.02302,3.13502,3.09602,2.47002,1.83702,1.03302,-0.14798,-1.07298,-1.07098,-0.59298,0.00302,1.06402,2.93702,4.33002,3.93802,2.99502,2.76802,3.31302,4.59402,5.70702,5.76702,5.22002,4.48302,3.68602,3.05702
NOX_ICAD,2021-10-08,21,False,1,42.5459,45.0859,47.4239,50.4749,55.0209,60.8229,67.9079,76.3919,86.3879,95.1039,99.4189,99.7109,96.1549,92.2489,91.0859,90.7079,89.0169,86.5749,84.2629,83.7519,86.5759,89.0819,87.6229,84.4099,81.7489,80.1709,79.9399,79.3199,76.5679,72.6559,68.5919,65.2069,63.2429,61.7209,59.7109,57.4099,55.0449,52.4539,49.5319,47.3419,46.9409,46.6969,45.1079,43.8159,44.4849,45.1709,43.8829,41.9139,40.6069,39.6989
NOX_ICAD,2021-10-08,27,False,7,15.9497,16.7497,17.6377,17.7087,17.3527,17.0427,17.3297,18.7727,20.7257,22.5287,23.6197,23.4207,22.5797,21.6717,20.8657,20.2657,19.7667,19.2717,18.7007,18.0107,17.5147,17.5137,17.4867,16.8537,15.5487,13.6147,12.5507,13.7597,14.8447,13.3827,10.8357,8.74868,7.44968,7.19768,7.45068,7.79668,8.39368,9.46368,10.5857,11.3167,11.6177,11.3767,10.5187,8.91868,7.38868,6.72468,6.57568,6.60768,6.70068,6.80368
NOX_ICAD,2021-10-08,28,False,2,31.829,44.347,55.308,65.811,74.201,78.478,81.541,86.123,91.5,96.438,98.555,95.24,89.317,83.373,78.35,75.041,73.147,72.56,72.575,72.542,71.524,68.566,64.872,61.562,58.601,55.769,52.184,47.143,43.18,42.854,43.522,42.556,40.653,38.746,37.753,38.437,38.836,37.003,34.38,32.375,30.393,27.854,26.196,26.92,28.09,27.833,27.213,27.406,28.056,28.692
NOX_ICAD,2021-10-08,36,False,5,17.1358,20.8518,25.0498,28.0548,28.2438,27.4418,27.4768,28.7318,31.4348,33.8918,34.4328,33.9688,33.3248,32.2418,30.4008,29.0728,29.5168,30.3038,30.0008,29.1578,28.4278,28.1898,28.7858,29.6288,30.1758,30.5458,30.9318,31.6098,32.7378,33.0708,31.3308,29.0018,27.5568,26.7948,26.3568,25.2578,22.6288,20.2638,20.0128,20.8718,21.7678,21.8398,20.2848,18.0428,16.0398,14.7188,14.4478,14.2658,13.3488,12.8168
NOX_ICAD,2021-10-08,39,False,8,30.6929,32.9669,34.1709,33.9939,33.1499,32.2649,31.7129,31.8499,32.4969,33.4829,34.2119,34.0969,33.5629,33.0049,32.4619,31.8589,30.7489,28.7769,27.4869,28.2899,28.5129,25.4909,21.8549,20.3079,19.9159,19.7489,20.2349,21.7989,22.2229,19.3989,16.8039,17.9169,20.1919,21.0029,20.9559,20.8029,20.6619,20.4809,19.8019,18.2459,17.2969,18.3809,19.4969,18.5809,16.5799,14.4599,12.4799,10.8829,10.2679,11.2479
NOX_ICAD,2021-10-08,45,False,6,41.9082,99.7912,196.483,284.348,316.111,321.944,331.37,344.441,357.754,369.358,376.482,373.42,353.137,323.927,293.093,264.518,241.352,221.224,202.047,182.885,163.647,148.146,140.702,137.306,134.429,131.653,129.14,127.216,126.046,123.505,117.43,110.455,105.163,100.828,96.4022,90.2832,81.0472,72.2662,67.5682,65.0182,62.5502,58.5942,51.9022,45.6492,42.8702,40.4712,35.4182,30.4192,28.4102,27.8442
NOX_ICAD,2021-10-08,48,False,1,104.69,109.098,111.22,124.614,162.543,208.197,245.555,277.973,308.624,330.073,333.118,326.962,319.698,312.781,307.012,305.234,310.225,314.356,310.066,302.352,296.252,291.36,286.856,282.479,277.97,272.281,263.944,252.121,235.797,219.236,206.269,193.316,176.867,161.212,150.997,143.629,136.482,128.251,118.042,108.262,101.204,94.3145,85.2365,77.2765,73.8955,71.5725,66.9395,62.4115,60.7235,60.5435
NOX_ICAD,2021-10-08,51,False,1,21.1928,22.2108,21.2938,20.5178,22.8168,31.1738,41.8758,51.2828,58.1638,61.2288,61.4428,59.2608,55.5148,50.7288,46.3498,43.8528,43.1378,44.1768,45.3658,45.2368,44.3938,43.3218,41.1248,36.8288,32.6178,30.8408,31.4918,34.4508,36.3988,34.1678,30.7028,28.9508,28.2308,27.7138,27.2358,26.7018,25.6808,23.8098,22.4348,22.8698,23.5198,22.8558,22.2308,22.9558,23.1468,20.9578,19.0328,20.0068,21.4328,20.8208
NOX_ICAD,2021-10-08,54,False,1,2.67558,2.64658,3.77358,8.51058,18.4266,35.2456,52.1286,62.4476,69.2606,75.1276,76.9256,70.7306,61.6256,54.3266,48.1866,42.1486,35.7776,28.8916,22.8956,19.3796,17.6766,17.2336,16.7966,15.3256,13.7506,13.0596,12.8476,12.7216,12.8086,13.1876,12.7176,10.2826,7.83758,7.27958,7.11858,5.86958,4.65458,4.67358,4.92958,4.37558,3.37258,2.38958,2.01258,2.83358,4.14158,5.26958,6.12058,6.66658,7.27258,8.19358
NOX_ICAD,2021-10-08,65,False,-4,6.71714,5.19014,3.32614,2.82314,4.35014,8.66414,14.0251,18.8191,22.5841,24.7521,25.0441,22.9951,20.4861,19.2831,19.0251,19.3221,19.8511,20.3921,20.7841,20.8801,20.8291,20.7361,20.4621,19.7491,18.2461,15.6411,13.5201,13.4811,14.3231,14.8961,15.3801,16.0831,16.9071,17.5521,16.6391,12.9611,10.5341,13.3311,17.3371,18.4081,17.1691,14.4671,12.3031,12.4731,13.3241,13.2151,12.6691,12.3101,12.0791,11.8481
NOX_ICAD,2021-10-08,67,False,1,192.584,301.352,385.665,442.284,467.132,475.243,477.975,478.953,479.829,481.642,484.622,482.893,468.777,439.301,390.172,335.17,287.168,247.249,216.798,194.606,180.978,171.367,162.032,150.885,136.145,119.831,103.85,88.7792,75.3392,64.6492,58.2002,53.8312,49.7442,45.8352,42.4012,40.0942,39.7082,40.2722,41.0512,42.6062,45.5362,47.8352,47.3912,45.3262,42.7422,40.6162,39.6592,38.1712,34.4042,29.8132
NOX_ICAD,2021-10-08,71,False,-1,0.2099,4.4809,8.7859,11.1939,12.5899,14.1269,17.8089,25.6179,34.2709,40.2269,41.9989,38.1809,34.1749,34.9919,36.8629,35.7649,32.8069,29.1999,25.3719,21.6199,18.6949,17.4579,17.3229,17.6429,16.6539,12.7699,9.1709,9.0219,10.0549,9.9399,9.0539,7.9249,6.8219,5.9359,5.1619,4.4109,3.7239,3.2429,3.4399,4.8589,6.7979,8.5389,9.4629,8.8719,7.0819,4.4039,2.4849,2.9069,3.9939,4.0929
NOX_ICAD,2021-10-08,82,False,2,22.5443,52.6183,93.7213,139.897,177.511,192.896,196.997,199.712,202.627,205.784,207.87,207.225,203.597,196.446,188.047,180.43,173.794,168.191,162.65,156.292,149.721,143.576,137.673,131.694,124.865,116.332,106.909,97.3523,88.2123,80.0323,72.6963,66.1903,60.0663,54.2143,50.1983,49.7773,50.5413,50.1983,48.9873,47.2683,45.3373,43.3413,41.0363,38.3053,36.8013,38.0653,38.7583,35.6183,31.8563,30.9033
NOX_ICAD,2021-10-08,102,False,0,25.1063,29.4533,31.0773,31.3073,31.5173,32.9673,36.7823,40.9333,43.4383,45.0993,46.5723,46.5373,43.5393,40.2953,39.3583,38.6243,35.8903,32.6293,30.4153,28.7943,27.2793,26.0283,25.2783,24.5723,23.5183,22.6843,22.5863,22.0143,19.8853,18.5513,20.4243,23.2283,24.6253,24.7143,23.6433,22.0413,20.3493,18.4703,16.2593,14.2143,12.8693,12.0053,11.4503,11.0913,10.8773,10.6833,10.3473,9.50028,7.78928,6.16328
NOX_ICAD,2021-10-08,105,False,0,14.1923,26.9383,64.2233,114.94,168.162,211.941,234.681,246.832,257.33,265.206,266.981,259.278,237.57,209.249,180.703,153.603,129.236,108.432,92.7663,81.6183,75.0863,70.7153,66.5133,61.4983,54.9313,48.1203,42.3683,37.3543,32.8813,29.6273,28.3733,27.2293,24.4013,21.1323,18.7393,16.8433,15.1013,14.0943,14.4793,14.9813,14.4093,13.7503,14.0363,14.5463,14.5313,14.4063,14.5323,14.0053,11.9073,9.80332
NOX_ICAD,2021-10-08,110,False,8,116.39,143.37,160.308,166.496,166.962,165.58,165.024,167.445,171.398,175.203,176.296,172.173,167.005,164.67,162.692,158.135,150.913,140.881,130.035,120.247,112.139,106.377,101.754,97.4134,94.1894,93.2254,93.6084,94.6444,96.3594,98.8194,100.285,98.9984,96.8834,95.7914,95.0944,94.0334,92.7534,91.3734,89.4124,86.2794,82.4954,78.4274,73.7214,67.8514,61.2544,54.3604,48.0754,43.3894,40.0994,38.0184
NOX_ICAD,2021-10-08,251,False,-2,86.7775,113.619,135.919,150.917,159.924,163.752,168.142,178.137,188.544,193.77,195.237,194.288,192.303,189.854,184.734,174.592,164.315,158.71,155.112,150.819,146.366,142.58,139.091,135.504,131.844,128.141,124.157,119.594,114.597,109.293,104.104,99.4715,95.4095,92.0175,89.2195,87.1035,85.7515,85.3785,85.4765,85.5845,85.2925,84.2675,83.3565,83.3885,83.6875,83.4525,82.0805,78.8745,74.6225,69.9355
NOX_ICAD,2021-10-08,419,False,0,1.59472,1.83272,2.28972,2.94072,4.93972,9.81572,17.4957,27.9547,37.4207,42.0267,43.0507,41.3147,36.9437,29.6697,22.8327,19.6867,18.4797,17.5717,17.1107,17.4747,17.7207,16.8907,15.4797,14.0357,13.1667,13.4357,13.9697,13.9017,13.3367,12.4147,11.5077,10.9467,10.5697,10.1557,9.26472,7.61272,7.02172,9.22472,11.1957,9.90172,7.50272,6.28372,6.30272,7.43472,8.22472,7.25872,5.37872,3.43772,1.91372,1.25572
NOX_ICAD,2021-10-08,458,False,1,4.30378,4.74878,6.12978,13.7458,33.9738,62.9908,97.6708,131.695,158.603,175.612,179.071,176.246,173.205,170.468,167.444,161.825,151.298,140.458,133.975,130.691,129.622,130.249,132.19,132.036,126.617,121.419,122.054,125.785,129.732,132.314,132.428,133.257,138.013,144.358,149.984,155.121,160.027,163.584,164.375,163.27,160.903,157.999,154.969,151.328,146.45,140.953,135.025,126.275,112.065,96.5168
NOX_ICAD,2021-10-08,483,False,0,10.663,20.762,30.417,34.891,36.953,39.394,42.47,46.167,50.154,53.995,56.379,55.752,52.891,48.338,43.334,39.006,35.971,34.826,33.96,31.953,30.162,30.053,30.519,30.437,30.025,29.545,28.856,27.825,27.19,27.521,26.686,22.582,18.266,16.929,17.837,20.222,22.539,23.377,23.005,21.625,19.79,18.043,17.468,19.048,20.293,18.842,17.263,18.07,18.788,16.853
NOX_ICAD,2021-10-08,683,False,0,2.38224,2.18724,1.45624,1.44424,5.65624,28.4052,86.4592,163.411,242.376,298.975,308.22,293.701,276.211,258.721,241.09,222.331,201.368,179.678,158.83,139.809,123.756,109.681,97.0172,85.9192,76.8922,68.6972,60.4452,53.4102,49.1422,46.2712,43.6312,41.4552,40.1202,38.5812,35.7702,32.3382,28.9972,26.3412,24.9232,23.8002,22.1042,20.3092,18.9592,17.8522,16.8012,15.9542,15.5152,15.2802,15.0072,14.2312
NOX_ICAD,2021-10-08,1117,False,0,3.7616,2.2936,1.6486,4.0626,8.0536,13.6386,30.4106,68.9096,113.439,147.643,165.424,160.185,144.925,130.872,119.067,109.632,102.859,99.5236,97.8466,96.2616,93.7586,89.5236,85.2156,82.4856,80.6026,78.7096,75.8966,71.4106,67.3236,65.7676,65.6026,65.6066,64.5416,61.2666,57.3956,54.4726,52.0956,49.8396,48.0026,47.1026,47.4336,49.4386,52.2566,55.1016,57.3576,58.4066,58.6376,58.2446,56.9036,54.2156
NOX_ICAD,2021-10-08,1118,False,1,2.6243,1.6043,1.5773,7.7033,48.1623,180.736,549.127,1307.35,2113.78,2615.15,2787.56,2590.44,2211.67,1807.04,1474.5,1299.16,1202.85,1115.24,1018.25,904.037,792.994,706.399,636.435,576.133,519.459,462.573,406.615,353.794,305.906,265.664,231.841,204.623,183.793,170.372,160.479,150.985,141.163,130.577,118.799,105.478,93.1213,84.4613,78.8253,75.8613,74.5253,74.0303,72.5633,68.4273,63.5713,59.9093
NOX_ICAD,2021-10-08,1164,False,-2,62.2624,70.8034,79.6044,88.4084,96.9844,103.741,107.344,113.011,125.779,138.93,145.1,144.057,135.582,126.858,124.596,125.798,127.257,127.31,124.529,120.176,115.197,109.119,101.186,92.5634,84.4784,78.0234,74.3594,71.9494,69.4384,66.7914,64.2054,62.2524,61.5334,61.1754,60.3154,58.8834,56.9264,55.5684,55.9094,56.6474,56.4944,55.8564,55.1934,54.5484,53.8664,52.8684,51.2444,49.3474,47.5154,45.8924
NOX_ICAD,2021-10-08,1168,False,0,1.55234,0.52134,0.82534,2.52334,11.3993,65.6793,216.444,468.648,826.468,1132.64,1229.04,1217,1187.03,1122.05,989.144,837.942,717.612,628.636,570.971,527.441,486.595,460.234,464.11,485.49,512.423,531.144,528.739,515.613,499.888,474.088,428.155,372.296,316.066,264.714,223.174,189.067,161.127,137.226,116.577,99.2063,85.9453,75.0953,65.5663,57.6353,52.0183,47.5283,43.2083,39.1223,35.3583,30.6593
NOX_ICAD,2021-10-08,1370,False,0,9.53848,21.8235,42.4225,62.6995,74.0945,79.9825,83.6725,87.1645,91.6605,95.2955,95.9845,95.1595,94.1245,92.9085,91.1995,88.2405,83.1925,77.6505,73.1565,69.4735,66.2905,62.9805,59.0495,55.3725,52.8855,51.0165,49.0855,46.0415,40.9425,36.0945,33.7405,31.9975,29.0615,26.5175,26.0685,25.9505,24.3495,21.9355,19.5135,17.8455,17.6775,18.2305,18.8105,19.3575,19.8765,20.2045,20.0825,19.2285,17.3405,15.4915
NOX_ICAD,2021-10-08,1456,False,0,44.6658,37.5398,32.7718,35.3068,41.1598,46.5838,51.5578,56.3298,59.9338,61.2038,61.3158,61.2058,60.3188,57.8608,54.6158,51.2418,47.6178,43.6348,40.5348,39.7288,40.5328,42.2208,42.6938,39.8458,35.3068,30.7658,27.9048,28.3238,29.7938,30.1708,29.5548,28.2408,27.4038,28.1528,29.3448,29.9048,30.5508,32.1148,34.1618,36.2578,38.2468,40.0448,41.8878,43.9478,45.5848,46.0268,45.3718,43.6198,41.4998,39.6228
NOX_ICAD,2021-10-08,1473,False,-4,67.3682,64.7172,66.9872,77.2502,94.7992,119.377,142.64,156.543,165.543,173.263,175.649,167.365,153.725,139.873,129.999,128.001,129.017,128.841,129.907,135.297,142.863,150.215,154.367,152.213,146.909,140.651,129.913,110.753,91.4362,80.2932,74.1992,69.9522,65.2782,58.3522,49.9572,41.0132,33.5732,29.7392,27.7262,25.9862,24.6022,23.7602,21.9022,17.5952,13.9372,14.0082,14.9542,13.8602,11.6202,9.2682
NOX_ICAD,2021-10-08,1475,False,-1,89.3219,102.902,123.952,144.225,155.612,162.312,169.743,187.713,225.326,261.997,276.214,272.443,254.725,234.531,221.608,212.856,205.049,198.697,195.001,192.624,190.115,185.235,175.642,163.929,152.26,139.547,124.378,108.726,94.6299,82.0829,71.2489,62.2409,55.5759,50.6109,47.0089,44.0199,40.9039,36.1559,28.3769,20.8089,16.8019,15.2819,15.1369,14.4759,11.7029,8.79294,7.74394,7.36094,6.38594,5.04994
NOX_ICAD,2021-10-08,1498,False,0,3.0332,3.3122,3.5732,4.3692,6.3482,8.8782,11.4652,14.6442,18.8972,22.1992,22.3942,20.9562,19.2362,17.4732,15.6572,13.4572,10.6772,9.0352,10.2162,11.5322,10.3772,8.7642,8.7002,8.4492,6.1822,3.6522,2.6872,2.5572,2.4932,2.4082,2.2882,1.8992,1.0162,0.2232,0.0952,0.1692,0.0022,-0.1078,0.1932,0.7082,1.1672,0.9532,-0.4878,-1.6708,-1.1038,0.1822,1.1622,1.9312,2.6032,2.7112
NOX_ICAD,2021-10-08,1513,False,0,26.8126,26.6076,27.5956,31.6586,37.2816,43.6886,54.8006,75.1236,98.5336,118.315,128.659,123.345,111.647,101.836,93.4566,85.2356,76.8466,68.0526,58.5416,48.2766,40.3686,38.2286,39.2126,40.9026,42.0256,41.6016,40.3906,39.1226,38.1936,37.8916,37.5146,36.2646,33.8886,30.1546,26.6706,25.0216,24.2906,23.5136,22.1126,19.6646,17.5346,17.1246,17.6096,18.1996,18.7366,19.1826,19.7036,20.3916,20.5316,19.3966
NOX_ICAD,2021-10-08,1519,False,0,27.5655,47.5585,66.0115,75.8385,81.1675,85.9215,90.5755,95.1635,100.726,107.91,112.066,107.956,98.1735,84.8055,70.3905,57.1645,47.1785,42.6915,40.9225,39.4145,37.2825,33.8895,29.7935,25.5955,22.4055,21.3415,21.0835,20.4715,20.1335,20.7585,21.0445,19.6095,17.2805,14.9085,13.0925,12.3645,11.9975,11.2955,10.2795,9.12452,8.83452,10.4585,12.7335,14.4625,15.8585,17.1125,17.5675,16.4225,14.4775,12.5495
NOX_ICAD,2021-10-08,1585,False,1,97.2143,109.775,133.418,156.902,169.338,175.892,181.976,190.181,202.364,214.551,221.576,216.95,193.254,162.117,134.268,110.864,92.7613,79.6773,72.2203,67.4283,62.8503,57.3223,50.0873,43.4633,39.7473,36.8423,32.6823,28.1393,24.3453,21.7983,21.0143,20.7453,19.8563,18.6013,17.4263,17.2443,18.9633,20.9913,21.7203,21.3643,20.1223,18.4813,16.9023,16.2193,17.2623,18.6613,19.1063,19.1523,19.3183,18.8453
NOX_ICAD,2021-10-08,1626,False,1,7.81372,10.0647,13.1087,16.4977,19.8317,23.1527,26.6067,30.5437,35.1707,38.6327,38.9347,37.6297,36.0177,33.5637,29.5847,26.0507,24.8687,24.0557,21.6337,18.8207,16.8947,15.0737,12.6487,11.2097,12.4467,14.3977,15.1637,15.4207,15.9637,16.6927,17.4487,18.2407,19.1337,20.3007,22.0567,24.9237,29.3697,33.1197,33.8457,33.0197,32.1397,32.1257,33.7667,35.9137,37.4827,38.7097,39.7797,39.9267,38.2017,35.3317
NOX_ICAD,2021-10-08,1810,False,4,40.3707,41.8647,43.2827,44.8287,48.5567,56.5247,64.6107,68.7217,70.9087,73.0717,73.9147,71.8397,69.2617,68.5637,68.9007,69.3357,69.5167,69.1817,68.5437,67.8497,67.7107,68.5497,68.1777,64.2367,58.3917,52.2917,47.2777,44.5337,42.4487,39.4817,36.0017,32.5487,29.8317,28.5537,27.7437,26.4807,24.8797,23.1437,21.6727,20.8837,20.5707,20.5157,20.0867,18.6467,16.6917,14.7727,13.6567,14.0227,14.2027,12.5667
NOX_ICAD,2021-10-08,1966,False,0,30.2118,31.6758,33.9728,36.8778,43.8238,58.8978,78.4058,98.7208,115.536,124.334,127.038,124.87,120.599,116.345,113.011,111.337,110.488,109.635,107.931,104.822,103.237,106.075,109.514,109.628,107.418,104.005,100.936,99.4008,97.3008,92.5418,87.4808,84.5518,82.7778,80.9738,77.7738,71.8128,64.7168,58.0108,51.8878,46.5328,42.2328,39.4558,37.5388,35.9698,34.5268,33.1288,31.9528,31.0828,29.3198,25.4818
NOX_ICAD,2021-10-08,2004,False,0,33.5033,29.8053,28.6393,28.8103,29.3323,31.3133,36.2273,42.6943,49.2973,54.1143,54.9833,52.3373,46.3133,39.6733,34.9193,31.5723,29.1223,27.0583,25.0213,22.8173,20.4193,18.9593,19.4973,19.6243,16.9783,13.8003,12.4313,12.2883,12.6293,12.2273,9.9703,7.4143,6.1063,5.4823,4.8773,3.7343,1.6413,0.0093,0.2683,1.2173,1.6973,2.0673,2.8383,4.1313,6.1613,9.0153,12.7303,15.5243,15.5413,14.1373
NOX_ICAD,2021-10-08,2012,False,0,37.7588,39.6218,42.0168,44.5648,47.7928,52.3928,57.7388,63.2348,68.2718,72.0548,73.6018,71.6438,67.8438,63.6598,60.1018,58.0438,56.7428,55.4978,53.9288,51.8278,50.3018,50.4918,51.2768,51.5968,51.8338,52.4428,53.0428,53.1638,52.6618,51.3608,49.8038,48.4718,47.2768,46.1648,45.5818,45.9758,46.2678,45.4558,44.7548,45.4238,46.5588,47.1568,46.8438,45.3028,43.7408,43.3268,43.5258,43.7408,43.4648,42.2138
NOX_ICAD,2021-10-08,2209,False,1,29.107,37.316,44.351,46.897,47.181,47.288,47.452,47.73,48.865,51.462,52.887,50.519,47.377,46.392,45.842,43.875,41.612,40.308,39.63,39.221,38.913,38.584,37.98,36.776,34.905,32.337,30.375,30.238,30.12,28.362,27.194,28.995,31.995,34.328,35.28,34.162,32.032,29.818,27.937,26.726,25.848,25.193,25.981,29.337,31.575,28.928,24.182,20.231,18.259,19.411
NOX_ICAD,2021-10-08,2236,False,2,25.3806,34.7046,48.3216,66.4946,82.8526,90.9266,93.9286,94.8346,95.6676,97.7106,98.8806,96.8856,93.2606,89.4776,86.0566,83.2006,79.4396,73.2456,66.2336,60.0736,55.2576,52.2386,49.7366,46.5916,43.0686,39.5766,36.7146,35.0436,33.4626,30.9306,28.2416,26.2836,24.9666,24.3086,24.6746,26.4576,27.8236,26.9236,24.8726,22.7886,21.1356,20.2816,19.8236,19.4576,19.4286,19.8896,19.2306,15.8166,11.8516,9.48456
NOX_ICAD,2021-10-08,2438,False,2,33.3852,35.2032,37.9142,41.2112,44.1142,45.6622,46.5152,47.3282,48.5162,50.3442,51.6432,51.2222,50.2342,49.7202,48.8382,46.6832,44.5982,43.9872,44.2672,44.8252,45.1002,44.5942,43.6912,42.7782,42.1882,42.1902,42.0752,41.1262,39.7672,38.4732,37.6932,37.7512,37.2152,34.6812,31.8542,30.5452,30.6912,32.2512,34.2802,35.9912,37.5002,38.8292,38.9102,36.6372,34.2312,33.8612,34.3012,34.3622,34.8582,36.7162
NOX_ICAD,2021-10-08,2455,False,1,3.17124,3.01224,3.25524,6.19724,10.5532,15.5092,23.8442,38.5352,53.3722,61.9132,65.2122,64.0322,60.3512,55.5952,51.6402,50.0272,48.1992,43.5062,37.2492,30.9502,26.6622,26.4982,28.3982,30.3142,30.2862,26.5492,22.2912,20.6412,20.4642,20.5342,20.3972,19.7392,18.7102,17.4132,15.9092,14.2492,12.8612,12.1962,11.8972,11.6492,11.4412,11.2322,10.4142,8.40424,6.53424,6.20924,7.06924,8.70924,9.85124,9.25524
NOX_ICAD,2021-10-08,2457,False,0,15.8462,15.6072,14.3522,13.2532,13.5722,14.6362,16.0852,19.8672,28.0662,36.5932,41.1172,41.3622,36.9162,31.0522,26.6442,23.3192,20.5832,18.3052,16.5172,14.9592,13.4572,12.1692,11.3172,10.7682,10.4482,10.4102,10.6732,10.3252,8.46116,6.34816,5.21716,4.38616,3.13716,1.81316,0.81716,0.00216,-0.68384,-0.51084,1.22416,2.58716,1.74316,0.87116,2.07416,3.06416,1.53316,-0.10584,0.67516,2.60816,4.39216,6.01816
NOX_ICAD,2021-10-08,2468,False,2,58.6786,90.9676,120.166,143.639,158.904,170.374,181.44,190.012,193.208,193.848,194.185,192.478,186.394,178.112,169.723,162.678,158.3,155.098,151.56,146.534,138.836,129.697,120.257,111.579,104.656,98.6186,92.6006,85.8566,77.6956,69.1146,61.1636,54.3876,49.3196,44.6046,39.1206,34.3606,31.9576,30.3666,28.1846,26.4346,26.3496,27.1236,27.8816,27.6546,25.5016,22.7356,20.6856,19.7596,20.1776,19.6796
NOX_ICAD,2021-10-08,2469,False,0,23.3171,23.6321,28.5801,43.4061,62.2361,79.1091,90.6811,93.7311,93.7611,95.6141,97.4881,96.9771,94.6481,90.9961,86.7611,82.3661,77.2711,71.0861,66.6781,66.8991,67.7131,65.0491,60.3191,54.9821,49.3921,43.6941,38.3781,34.0261,30.6931,28.5931,27.3931,26.9291,26.7981,26.7971,27.5061,29.5371,31.5031,31.9881,31.5451,30.7361,30.0401,29.8271,29.6881,29.2651,29.1381,29.9551,31.2571,32.5001,32.7861,31.2651
NOX_ICAD,2021-10-08,2478,False,2,8.90612,17.2301,35.2041,59.4741,87.5111,116.708,144.627,167.58,181.204,188.268,190.542,189.79,186.835,182.908,178.335,169.573,152.769,134.476,121.043,110.155,99.3561,88.9091,79.4371,70.3051,61.0201,52.5111,46.0211,41.6811,39.8721,39.2691,38.6911,37.1051,33.5491,29.3421,25.8771,24.0131,24.5471,25.2451,23.9971,22.1361,21.0611,20.3451,19.4941,18.7011,18.2241,17.9121,17.6421,17.5321,17.7211,17.8821
NOX_ICAD,2021-10-08,2489,False,-1,21.6766,21.9786,22.5906,23.0906,22.3846,19.6416,18.6946,23.4496,29.9986,34.2986,35.7396,33.7596,30.3446,27.1916,24.5526,22.5376,20.8216,19.1656,17.6996,16.6116,15.7126,14.8796,14.3836,14.5666,15.0996,15.6706,16.0136,15.8456,15.1726,13.9816,12.8366,12.2906,12.1676,12.3086,12.5616,12.8206,13.0076,13.0396,12.8976,12.4656,11.3266,9.11562,7.48862,8.02262,8.60862,7.09962,4.69862,2.74662,1.83562,2.54862
NOX_ICAD,2021-10-08,2506,False,2,18.9748,26.7568,36.4978,47.1288,62.9318,88.8028,117.634,142.182,160.44,169.764,171.029,163.601,150.401,133.496,117.853,108.096,101.395,95.0938,88.9398,83.6298,82.8478,90.6628,101.382,109.528,114.873,117.522,119.961,124.334,128.777,131.272,132.723,133.723,132.153,125.577,117.487,111.104,105.114,98.1078,91.8508,88.3448,86.3528,84.7478,83.2468,81.5788,78.4718,72.6408,66.6218,63.0028,61.2588,60.8558
NOX_ICAD,2021-10-08,2530,False,-2,4.86894,4.57494,3.74694,2.86694,2.22594,2.40494,5.45394,13.6399,23.3209,30.6979,33.9449,31.2489,27.1809,25.9979,26.4439,26.9449,26.2509,23.2859,20.0689,18.4999,17.1719,14.6859,12.4909,12.1189,12.1699,11.2919,10.5189,11.0249,12.2039,13.3909,13.9619,13.3299,12.3029,11.6129,10.9179,9.83494,8.80794,8.27494,7.68394,6.47994,5.20194,4.41194,3.88694,3.46194,3.56994,4.64194,5.42194,4.73294,4.16394,5.34594
NOX_ICAD,2021-10-08,2560,False,1,0.70124,0.35624,-0.10976,-0.64576,0.10124,4.05824,12.7672,27.8932,42.7342,50.4362,52.1872,48.9652,44.3952,41.4762,39.5282,37.7022,35.8752,34.0942,32.6822,31.9002,30.6502,27.7962,24.2872,21.1682,19.2872,19.4412,19.8642,18.8382,16.9542,14.8912,13.2672,12.6602,12.5662,12.4962,12.1112,11.1402,10.2172,9.98724,10.1732,10.4312,10.1212,8.70724,7.71024,8.61824,9.85224,9.79124,9.01924,8.21324,7.85124,8.29724
NOX_ICAD,2021-10-08,2561,False,3,14.1919,22.0879,34.2529,51.1449,68.8549,83.9309,98.3749,113.959,126.87,132.668,134.066,133.339,131.771,130.063,128.077,125.241,119.769,109.75,98.9929,91.2399,85.5719,80.8709,75.3089,67.4459,60.6039,58.2949,58.3339,58.5059,57.3999,53.8539,49.9589,47.5899,44.7469,39.3929,34.0959,31.5579,30.5889,30.0329,29.7189,29.7189,30.1359,31.1349,32.4159,33.6969,34.6889,35.1849,36.0399,38.1019,40.4039,41.8709
NOX_ICAD,2021-10-08,2570,False,-1,36.8884,58.3214,73.8524,86.0814,97.8144,108.876,118.366,125.324,128.476,129.766,130.625,129.897,126.123,121.804,119.342,117.683,115.66,113.28,110.67,108.234,106.356,104.665,102.802,100.836,98.5874,94.1864,85.5774,75.5944,67.2804,62.8074,64.2214,66.0104,62.9104,57.9534,54.3694,51.9854,50.4694,49.5514,49.1384,48.9554,48.8544,49.1884,50.3154,51.2714,50.9974,49.5104,46.9044,45.0934,45.8334,46.5354
NOX_ICAD,2021-10-09,37,False,0,7.93406,7.47006,7.04406,6.83206,7.76706,11.6541,22.4801,44.6101,68.6041,84.8391,92.6861,91.1951,85.2841,78.9521,73.6791,70.4261,67.4591,63.0231,57.3491,50.7931,44.9381,41.4871,40.2431,41.2251,43.2481,45.4171,47.7111,50.2571,52.9431,55.3451,55.1371,49.9081,43.8451,41.0281,40.0001,39.1431,37.8671,35.7761,33.4511,31.3901,29.1131,26.0201,22.2391,18.0661,15.4311,16.2561,17.6741,16.8591,14.8141,12.6841
NOX_ICAD,2021-10-09,40,False,-2,3.80786,3.55086,4.09086,5.83886,9.04786,14.0669,19.0279,22.1189,24.2179,26.0069,26.3169,23.6959,19.8139,16.3439,14.3779,14.9379,16.1939,16.4289,16.0749,15.6789,15.5399,15.8619,16.0239,15.4309,14.8009,14.8239,14.7909,13.9349,12.6439,11.2849,9.82086,8.25986,7.50886,8.58186,10.6339,12.7339,13.3519,11.0359,8.38886,7.97986,8.78686,9.68186,10.0629,9.55286,9.60886,11.6589,13.9779,14.7479,14.2139,12.5969
NOX_ICAD,2021-10-09,74,False,2,4.69612,6.45212,7.60612,8.43612,9.29012,10.6501,13.0021,15.6991,18.0801,19.8251,20.5411,20.3111,19.1041,17.6321,16.4591,15.0391,12.8401,11.0271,10.8381,11.4911,12.1271,11.7881,9.61112,7.33612,6.64212,6.38912,5.45812,4.75012,5.32312,6.70812,8.43112,9.90812,10.5721,10.5731,9.99512,9.15312,8.35012,8.11712,8.99512,10.2091,10.9881,11.2541,10.9211,10.1771,9.27412,9.37212,11.6181,14.1621,15.1031,14.6351
NOX_ICAD,2021-10-09,77,False,0,23.2167,31.7297,42.5917,54.6847,74.2817,108.304,145.165,173.205,193.128,205.207,210.974,210.589,207.345,203.49,197.611,187.827,177.184,168.582,160.843,152.47,142.398,129.695,117.193,107.867,101.369,97.5327,94.9257,92.3147,88.4317,81.9197,73.4377,63.6107,54.7677,49.2617,45.9227,43.7977,42.3977,41.5397,40.9207,40.1427,37.8477,32.6357,26.8417,22.8167,20.4617,19.5937,18.6427,16.2497,13.8907,13.1347
NOX_ICAD,2021-10-09,79,False,1,7.53668,9.74268,13.9517,25.8597,51.6637,80.7057,102.801,120.976,137.991,149.659,150.518,145.132,137.514,130.857,127.568,124.251,117.434,109.035,101.101,94.2167,88.8637,84.2577,79.5707,73.4897,64.6617,54.7817,45.5717,37.9777,33.0007,29.5157,26.5517,23.1857,18.7517,14.8407,13.1367,12.5757,12.1547,11.7167,11.2857,11.1627,11.6877,12.5327,13.4637,14.8547,17.0297,18.4887,17.6437,15.6157,13.4847,11.7057
NOX_ICAD,2021-10-09,84,False,8,21.7397,35.6117,50.2927,59.4087,64.2027,65.8447,66.0937,66.3367,67.9157,71.8207,74.2657,71.4577,67.2467,65.4727,65.0917,64.8707,64.5367,64.0287,63.8387,64.4057,64.6867,63.5867,61.7707,59.9187,58.5057,57.8537,56.7387,53.9407,50.7657,48.5387,46.9257,45.5557,44.2737,43.0747,42.4467,42.9257,43.7007,43.9097,43.1487,40.9607,38.0767,35.1397,32.4737,30.4077,29.0787,28.7397,29.0367,29.7317,30.5957,31.3917
NOX_ICAD,2021-10-09,94,False,3,2.90056,3.69156,4.69156,7.71156,17.2726,37.9986,59.3296,70.8626,77.1296,82.4346,85.3026,83.3846,79.7246,77.1666,75.4546,74.1356,72.9706,71.8936,71.3776,71.8806,72.1476,70.7356,67.2726,61.2216,54.0696,47.2736,42.2886,40.6346,40.6386,40.9816,42.3816,45.7246,48.7446,49.0736,47.5396,44.8886,41.8876,39.0986,36.4936,34.0116,31.5836,29.1766,26.8956,24.9366,23.6906,23.6126,23.9366,23.9596,23.7946,23.4846
NOX_ICAD,2021-10-09,96,False,1,11.5735,12.8895,13.6245,12.2825,9.87252,7.62052,7.69752,12.2565,17.7195,20.5635,21.4845,21.2285,20.4635,19.6135,18.7525,17.9205,17.3415,17.2125,16.9145,15.8155,14.3665,13.0465,12.1505,11.9915,12.3505,13.0785,13.9695,14.8805,15.7915,16.6045,16.6345,15.1905,13.7065,13.5085,13.2265,11.4815,9.73552,9.54152,10.1755,10.9765,12.2975,14.4895,15.8685,14.6995,12.6205,11.2315,10.3465,9.67352,9.07952,8.43052
NOX_ICAD,2021-10-09,111,False,1,7.47442,7.27242,8.31042,19.2404,54.4414,135.442,285.348,437.992,527.033,568.885,578.55,574.196,567.74,558.497,543.76,526.89,511.31,499.007,492.026,487.666,483.646,479.726,475.727,469.612,458.676,442.298,418.792,388.874,352.781,318.282,292.944,272.386,252.136,229.573,202.659,175.622,152.883,133.976,118.863,107.272,99.6484,93.9054,88.4634,83.5434,79.6114,75.7394,71.1284,67.0284,64.7174,62.5784
NOX_ICAD,2021-10-09,113,False,5,107.444,119.077,125.038,129.74,134.177,138.639,143.132,147.522,151.047,152.747,152.797,150.858,145.676,135.759,125.598,119.558,115.732,112.001,106.816,98.8444,90.3934,83.6654,77.5694,71.0024,64.8484,60.0124,54.7284,47.3624,40.6254,37.4034,36.0144,34.8674,33.8184,32.8804,31.3404,28.4314,24.9894,21.7654,18.4784,14.8654,11.9274,10.7734,10.5244,10.3814,10.1724,9.83036,9.42136,8.96636,8.22636,6.96636
NOX_ICAD,2021-10-09,114,False,2,32.1005,60.6655,88.6155,105.262,115.92,126.149,138.929,156.303,172.17,179.841,180.292,173.911,164.369,154.602,146.204,140.55,136.322,132.55,130.204,130.643,132.746,135.404,136.739,134.878,131.4,127.52,122.044,113.203,101.376,86.9115,73.7895,65.9065,60.3825,54.4665,48.2635,42.2975,37.3255,34.1855,31.9545,29.8675,28.0185,26.6305,25.3615,23.7865,21.3065,17.4235,14.2395,13.9295,15.1035,16.3985
NOX_ICAD,2021-10-09,118,False,5,15.6832,19.0152,22.2362,25.3532,27.7432,28.6612,28.7102,28.5302,29.3842,32.3762,34.9802,34.6072,32.6932,30.6262,28.5802,26.5732,24.8502,23.7192,23.0532,22.8102,22.9472,23.4642,23.8532,23.6162,23.0532,22.5052,22.4032,23.0672,23.1762,21.4342,19.4482,18.8482,19.0052,19.2872,19.8192,20.7492,21.1472,20.0182,18.1642,16.3782,15.0632,14.5842,14.5192,14.4522,13.9642,12.6222,10.7622,8.79018,7.77118,8.75918
NOX_ICAD,2021-10-09,120,False,1,3.75188,3.79888,4.24988,5.55088,7.59188,10.2979,12.9009,14.6599,15.8949,16.8199,16.9859,15.8899,14.8979,15.3299,16.1619,16.3389,16.1399,15.8589,15.2989,14.1969,12.9359,11.9959,12.0889,13.8509,15.1269,13.8439,12.1599,12.2189,12.6589,11.9899,10.7039,9.40188,8.58788,8.75288,9.43288,10.1189,9.97888,8.25388,6.57988,6.54988,6.97588,6.65288,6.12588,6.00788,5.96388,5.61588,5.09888,4.58188,4.22688,4.24688
NOX_ICAD,2021-10-09,126,False,1,2.77858,2.91558,3.79358,5.03058,7.06758,15.1466,36.2036,70.4536,117.749,156.108,162.623,148.559,123.908,98.0296,78.4746,65.0386,57.7196,53.2556,49.1886,45.4396,42.3026,39.2866,35.8516,31.6966,26.6356,22.3866,20.7286,20.2726,19.7136,19.0116,18.2116,16.9226,14.7556,12.7746,12.0676,12.0256,12.0546,11.9756,11.6246,10.7116,8.97258,7.55558,7.68758,9.03858,11.2716,13.1346,13.4576,13.1886,13.2596,13.5506
NOX_ICAD,2021-10-09,127,False,4,19.5483,19.7453,19.7993,19.3973,18.2473,17.9453,20.0753,22.5713,23.3943,23.5743,24.0763,23.6893,21.0943,18.2973,17.3173,17.3193,17.3273,16.4073,13.7983,11.5893,11.8823,13.1943,14.0693,14.7403,15.5423,16.1223,16.0623,15.6753,15.1623,13.9693,11.5023,9.0523,7.9423,7.7903,8.2333,8.8343,9.1543,8.4753,6.1813,4.5403,5.7373,7.2773,6.5983,4.7123,2.8543,2.4233,4.6433,6.6733,5.6613,3.1553
NOX_ICAD,2021-10-09,133,False,0,7.06856,6.96156,7.93356,12.4306,21.7056,37.8536,59.6596,85.9256,107.57,115.329,115.99,115.531,113.213,107.177,99.2776,91.2366,83.9646,78.3306,74.2326,71.7986,70.4756,69.9216,69.5296,68.8116,67.9086,67.0976,67.2066,68.7606,68.0496,61.2916,53.0066,47.6646,44.1946,41.3406,38.5326,35.4866,32.8466,31.3456,30.4816,29.8146,29.2086,28.6946,28.8516,30.1786,30.8086,29.0816,28.3446,31.9226,36.0146,36.6316
NOX_ICAD,2021-10-09,143,False,2,6.7661,9.4121,17.9361,34.1831,60.2681,86.9571,105.43,119.479,132.709,143.8,149.714,146.277,128.503,106.356,89.5431,80.0251,79.5781,82.0241,82.1111,82.2901,85.5801,90.5231,95.6811,100.899,106.249,111.741,116.652,115.623,102.675,84.6321,68.0311,55.0851,47.7131,43.0681,38.8921,35.7281,34.6061,34.6161,34.9891,35.4811,35.8691,35.3121,32.7891,28.7251,23.5021,18.8851,16.6171,15.7211,15.3551,15.4551
NOX_ICAD,2021-10-09,190,False,1,2.02736,2.26336,2.40536,2.77136,5.02136,11.9054,27.5914,56.4954,85.5184,101.04,103.579,93.5704,82.7644,81.7584,84.5234,84.7274,83.3144,81.6464,79.5614,76.6924,73.8134,71.4654,67.6474,60.3364,52.8724,48.5354,45.1784,40.6744,36.4674,34.2544,33.0844,32.1154,31.7044,32.3554,33.1174,33.0534,32.5554,31.9464,30.6564,28.0104,24.9614,22.4694,20.7424,19.9474,19.2694,17.9394,16.2334,14.4414,12.6284,10.8624
NOX_ICAD,2021-10-09,206,False,1,22.0509,33.1579,45.7569,56.1209,60.4289,61.8029,63.0809,64.3309,65.2289,65.9409,66.5269,66.2809,64.2769,60.6719,55.4979,50.1459,45.8859,42.2379,38.5939,34.1049,28.0669,22.5509,19.6979,18.2299,16.9689,15.9799,15.4679,14.7129,13.2559,13.6219,18.2029,21.9509,19.9739,17.4039,19.3939,22.3489,22.3989,20.8369,19.1589,18.1709,18.5359,19.3959,19.8419,19.2149,16.9209,14.6499,14.0349,14.0269,13.5339,12.6959
NOX_ICAD,2021-10-09,217,False,-3,6.21894,7.67594,15.9259,28.3689,42.5309,55.0869,62.9149,68.1339,72.4899,75.4269,75.9149,75.1919,74.1809,72.0869,67.8149,62.3859,56.8599,52.7659,51.5259,50.5839,47.5119,44.0189,42.0219,41.3829,41.9149,42.4999,42.1249,41.2349,40.1819,38.3309,34.9419,31.1909,28.1829,25.4119,22.3489,19.4939,17.4729,16.2269,15.7709,15.6749,15.5919,15.3979,14.9979,14.4949,13.9279,12.9519,11.2379,9.75294,9.42594,9.21694
NOX_ICAD,2021-10-09,220,False,1,2.07812,2.58612,3.13512,3.43912,3.99212,10.1961,29.2451,62.8931,112.427,152.606,157.409,141.383,118.136,96.7221,84.1711,76.2251,68.9421,62.3651,57.0821,51.5431,44.3401,37.5421,33.3591,30.5571,27.8871,24.6641,20.5251,17.5641,17.9201,19.2141,19.1091,18.1961,17.1921,16.2731,15.5831,15.4681,16.3461,17.7171,19.0961,20.0171,20.0511,19.8781,20.1201,20.3461,20.0661,19.5171,18.9371,18.3731,17.9101,17.9991
NOX_ICAD,2021-10-09,315,False,0,6.38032,6.42932,5.14532,3.16632,1.54332,3.46132,12.8143,28.5163,49.5433,67.5483,73.8073,70.7343,60.0483,46.8503,35.4803,27.3683,23.9173,22.7333,21.8503,21.1043,20.6313,20.2953,19.8153,18.0403,13.9753,10.9783,12.2913,13.9243,11.9433,9.33932,9.26632,10.1643,10.3103,9.75732,8.70432,7.82832,7.77232,8.14132,8.56332,8.98532,9.35432,9.30332,8.46232,7.61832,7.47632,7.08732,5.53232,4.20432,4.52732,5.34732
NOX_ICAD,2021-10-09,318,False,0,4.8834,7.5974,12.3284,17.9894,23.7434,29.4834,35.3134,41.8644,49.5644,55.6374,57.0664,55.8574,53.6914,50.5384,46.0334,41.5094,38.4414,37.5024,39.3514,41.0934,39.9424,37.5574,35.6234,34.0114,32.3244,29.7114,25.4724,22.1044,22.0734,22.7244,21.3594,18.7984,16.0244,13.8914,13.2044,13.3524,13.8214,14.4054,14.8484,14.0424,10.8694,7.4854,6.0294,5.6944,5.6524,5.6854,5.7554,6.1244,7.0474,7.8224
NOX_ICAD,2021-10-09,327,False,0,39.7391,73.8511,108.835,134.59,152.752,164.714,173.845,182.362,189.262,192.79,193.127,190.171,186.531,184.532,183.453,182.455,181.177,179.064,174.46,165.634,156.492,151.206,150.525,155.293,161.154,164.038,164.616,163.61,161.912,160.057,157.629,154.057,149.913,145.629,140.804,135.158,131.077,131.028,132.171,131.631,129.223,124.917,120.625,118.145,116.632,115.327,114.721,115.388,115.747,114.281
NOX_ICAD,2021-10-09,352,False,5,34.5613,44.3813,53.6703,62.6553,70.4073,75.6783,78.9303,80.3673,80.9703,81.4183,81.4573,80.4603,77.3303,70.5923,61.2403,50.2163,40.8993,36.5093,33.4643,28.3663,23.0313,19.6233,17.6673,16.7123,16.1923,15.7283,15.2633,14.8233,14.5793,14.6973,14.7573,14.1973,12.2893,8.30234,4.36734,2.65534,2.62434,3.69734,4.43834,3.57034,2.31334,1.90134,1.96634,2.05234,1.82734,1.09034,0.93434,2.52534,5.02834,7.49434
NOX_ICAD,2021-10-09,371,False,-1,4.1684,3.3764,4.1264,5.7124,7.7104,12.1664,22.0314,38.2794,61.8754,82.9194,91.1024,89.6534,81.2054,70.5384,61.3464,53.0894,45.1804,39.1204,36.7154,35.7944,34.4324,33.1614,32.5934,31.1624,27.3274,23.5904,22.3794,21.4264,18.4534,15.3004,13.9594,13.5974,13.2664,12.2054,9.8324,7.9104,8.1564,8.7794,8.0314,7.1924,7.6824,8.8954,10.1764,11.1174,11.3584,11.2484,11.0064,10.0634,7.7814,5.3184
NOX_ICAD,2021-10-09,389,False,0,4.12402,2.90102,1.72102,1.65502,4.52602,14.2,35.623,64.545,96.71,121.989,129.639,124.843,111.794,97.677,88.456,81.918,75.766,70.024,65.136,60.936,57.347,54.057,50.937,48.608,47.8,47.579,47.125,46.783,47.007,47.526,47.915,46.969,43.506,39.94,38.764,39.568,41.823,43.214,41.499,38.364,35.448,33.026,31.23,29.735,28.285,26.892,25.587,24.114,22.281,20.893
NOX_ICAD,2021-10-09,417,False,1,3.27034,3.47134,3.39934,3.32634,3.51734,4.32934,6.17234,9.51834,13.1143,15.5863,16.0503,13.6023,10.7193,9.77534,9.98234,10.5113,11.1363,11.7823,12.5053,13.3153,13.6793,12.9683,11.4293,9.31334,7.71134,7.68934,8.33334,8.81334,9.46334,10.7443,12.3493,13.9073,14.7693,14.2433,13.0643,11.8903,10.8083,9.79334,8.53234,6.73334,5.01834,4.05534,3.74934,4.04934,4.62834,5.19834,5.41034,4.94134,4.40634,4.41634
NOX_ICAD,2021-10-09,432,False,3,13.4394,13.9714,14.5254,16.4004,20.7934,25.5144,28.5124,31.3004,35.3224,38.4764,38.3254,35.7104,31.4514,27.8654,27.1314,27.7404,28.2504,28.6164,28.9784,29.4464,30.1104,30.7574,31.0994,30.7494,29.1554,26.2644,22.0674,18.9394,19.1464,19.7964,18.0504,15.6454,14.4634,13.9774,13.5124,12.5164,10.5494,8.7614,8.3134,8.4704,8.5264,8.6164,9.0104,9.8604,11.2954,12.4924,12.5894,11.9104,10.7434,9.5194
NOX_ICAD,2021-10-09,538,False,2,21.1346,26.2606,29.8666,32.0776,33.4146,34.1826,34.7036,35.2266,35.9996,37.1446,37.5076,35.9216,33.9766,33.1796,32.4876,30.7516,28.5146,26.4426,25.2396,25.6476,26.8556,27.9826,27.6526,24.5666,21.2656,20.1466,19.3116,16.8306,14.3066,13.4606,13.3036,12.7566,11.5356,9.47362,7.66662,7.21362,7.46562,7.72862,7.36562,5.97362,5.70962,8.70962,12.1436,13.1406,12.6666,11.6936,10.3066,8.40062,6.42662,4.85962
NOX_ICAD,2021-10-09,545,False,-2,17.9129,18.2829,19.5869,21.1199,22.2259,23.2899,24.8149,27.0989,30.3569,33.0269,33.4589,32.4539,30.7869,29.4809,29.4639,30.1099,30.7149,30.3339,28.0409,25.2399,23.1499,20.5759,16.3829,13.1869,13.6829,15.2889,15.4389,14.7299,13.9489,13.5849,14.0709,14.9839,15.9569,16.9889,18.0989,18.9559,19.1639,18.8049,17.8569,16.3579,14.3379,12.8209,12.7509,12.6219,10.9969,9.41894,9.53294,10.5469,11.5679,11.7469
NOX_ICAD,2021-10-09,600,False,1,3.3563,5.9823,11.5403,21.9673,34.8533,47.9853,59.7583,68.4703,73.9473,75.6193,75.4773,74.8513,72.1643,65.5883,58.8363,55.4703,52.9773,48.8913,45.3493,44.8253,46.1323,48.0983,49.6533,49.8693,49.3993,48.8103,47.9573,46.7153,46.3513,48.0073,48.9653,46.3473,41.5523,35.8863,30.1773,25.1233,21.2023,19.0023,17.7213,16.7083,15.7773,14.9273,14.6543,15.4183,15.8543,14.5313,12.1363,9.4003,7.3293,6.9043
NOX_ICAD,2021-10-09,722,False,0,4.13258,6.64358,9.54158,11.9636,13.9116,15.3506,16.1066,15.9946,16.2486,17.9536,19.1646,17.8556,15.5626,13.8006,12.3886,11.1276,10.7196,12.0146,14.1176,16.1446,17.3876,17.1246,15.9216,14.3276,13.3786,14.0056,14.7396,14.1636,13.3576,13.4786,14.1096,14.7766,15.2186,15.2396,15.2816,15.6416,15.1106,12.4756,9.78558,9.09958,9.36658,9.51058,9.50758,9.44958,9.37258,9.21558,8.43858,6.50658,4.64458,4.11758
NOX_ICAD,2021-10-09,758,False,0,15.1201,41.9021,96.5591,190.477,287.753,353.106,395.529,423.725,446.242,467.789,481.585,479.12,468.5,456.744,444.057,429.511,414.035,398.629,384.712,373.373,360.326,341.083,318.744,296.628,277.978,266.418,260.992,261.357,263.212,262.856,261.223,259.063,253.967,242.496,224.056,197.68,171.227,152.098,136.286,119.748,103.016,87.3481,74.1861,65.3371,59.6121,56.2701,53.9901,51.7861,49.1201,45.5401
NOX_ICAD,2021-10-09,854,False,1,4.8984,4.5064,6.9984,21.8284,60.4804,114.863,178.243,240.113,289.535,319.75,322.111,310.899,296.784,273.023,230.706,184.614,149.496,123.762,105.855,92.0224,79.8144,68.6574,58.7564,51.0094,46.6454,43.8554,41.0894,38.2314,35.3164,32.0344,28.0594,24.0294,20.6174,17.8354,15.8164,14.8144,15.1564,15.4364,14.3484,13.0764,12.8654,13.2324,13.6674,14.0724,14.3194,13.7494,11.6724,9.3604,8.0784,7.5744
NOX_ICAD,2021-10-09,1024,False,1,32.9592,35.8672,36.3862,37.4972,42.1642,47.6162,50.9762,52.8962,54.0922,54.9972,55.5992,54.0592,48.1922,39.8172,30.7332,23.6042,21.0202,20.3352,18.9902,16.3802,12.2262,8.78418,8.32518,9.24418,10.0072,10.5942,11.1162,11.2942,10.8312,10.4192,10.7122,11.0562,10.7062,9.55818,7.55718,5.89118,5.73718,6.32218,6.87818,7.15918,6.98418,6.58618,6.15418,5.68418,5.12718,4.44418,3.57518,2.58418,1.53318,0.58618
NOX_ICAD,2021-10-09,1056,False,-2,18.7552,20.7692,22.8262,24.6892,26.4472,28.1592,29.6122,30.5862,31.5892,33.0032,33.6552,32.2472,29.8402,27.4092,25.0572,22.8432,21.2532,20.8572,21.0562,21.3052,21.3562,20.9642,19.9992,18.3282,16.8512,16.4052,16.0452,14.8062,13.1992,11.8522,11.3372,12.2692,13.9172,15.5542,16.3822,15.5922,13.9872,12.4122,12.0092,13.7902,15.3632,14.4772,13.5622,14.9882,16.1602,14.4252,12.2652,12.2792,13.4802,14.6962
NOX_ICAD,2021-10-09,1243,False,1,25.4765,30.6405,40.4655,50.2815,55.4705,58.6105,62.5455,68.6065,77.6325,84.7705,85.0215,81.9765,79.0255,76.3465,73.8045,72.0975,71.7795,70.0365,63.9835,56.5175,50.5945,46.5665,44.6645,43.2315,40.9125,39.1675,39.4965,39.6775,37.4655,34.4735,32.3595,30.7655,29.1925,27.2735,24.7045,22.1445,20.2565,18.7575,17.3785,16.1095,15.0085,14.0475,13.2775,12.9995,13.5665,14.3815,14.8885,15.2155,15.5895,16.5285
NOX_ICAD,2021-10-09,1263,False,1,4.01144,5.27844,7.66344,10.3514,13.1274,15.8924,18.4944,20.7024,22.2264,22.6944,22.6674,22.6164,22.5314,22.2754,21.5104,19.9014,18.3554,17.7624,17.5094,16.9744,16.2664,15.4834,14.2754,12.2674,10.2324,8.95144,8.15944,7.66844,7.82544,9.06444,10.5294,11.4354,12.2594,13.4674,14.3384,14.0694,13.2144,12.3154,11.6424,11.3604,10.8244,9.54644,9.30944,11.8434,14.2054,13.4494,11.6264,10.8674,10.9364,11.4544
NOX_ICAD,2021-10-09,1270,False,0,40.698,42.857,44.648,45.907,48.172,52.954,57.923,60.743,62.498,64.181,64.958,63.734,61.504,59.132,56.634,53.935,51.541,49.754,46.499,39.742,33.007,29.858,28.474,27.061,25.81,25.191,25.025,25.167,25.443,25.591,24.581,21.36,17.801,15.693,14.056,11.87,9.71098,8.27698,7.37598,6.91698,7.26898,8.87898,10.587,11.255,11.308,11.172,10.977,10.716,9.99598,8.46098
NOX_ICAD,2021-10-09,1283,False,-1,22.4869,22.7979,22.7729,22.4079,21.8109,22.2769,25.3249,30.4969,37.3079,42.8369,44.2189,43.9199,44.1709,43.8069,41.3139,37.7259,34.0109,30.3599,26.8959,23.9329,21.9919,21.6289,23.4369,25.0289,24.1609,22.8369,23.0689,23.5489,22.8729,21.8449,21.3399,21.1389,20.9609,20.6679,20.2379,20.4259,22.0079,23.8379,24.7239,24.5889,23.3869,22.1619,21.8829,22.0059,21.9729,21.8269,21.6599,21.4889,21.2349,20.3129
NOX_ICAD,2021-10-09,1303,False,0,224.027,214.059,201.909,196.572,206.147,223.22,241.11,258.038,272.842,285.09,293.242,293.478,280.87,261.939,241.871,219.031,191.067,163.679,142.963,128.2,119.054,112.394,105.649,97.4264,86.6604,76.0304,68.3454,63.1694,60.2164,58.2804,56.4134,54.0834,50.7644,46.4814,41.1484,35.3704,29.7374,24.9184,21.6274,19.1084,16.7804,15.0274,14.3984,14.3304,14.3114,14.1144,13.5854,13.0804,12.8544,12.0034
NOX_ICAD,2021-10-09,1317,False,3,7.2547,11.4687,15.9607,19.7547,21.8857,23.1747,24.4837,26.7917,30.8937,34.3687,34.7987,34.2457,34.6407,34.6337,32.6197,29.5627,26.5697,25.1427,26.6687,28.3337,27.3817,25.3007,23.6327,22.2597,20.8667,19.0047,16.2187,13.0707,10.1797,8.2587,7.9997,7.9697,6.8657,5.8407,6.1077,6.6167,6.3067,5.8547,6.0057,6.4887,6.9847,7.2517,7.1357,7.3777,8.6457,9.5297,8.5457,6.5927,4.6047,3.2687
NOX_ICAD,2021-10-09,1392,False,0,0.55464,0.64464,1.12664,3.98764,11.3346,19.8736,26.4736,31.9576,37.0956,40.5706,40.5306,37.2886,30.9096,24.2026,19.8066,17.2736,16.0786,14.6106,11.4706,8.14964,6.19564,4.98264,3.91164,3.22964,3.31564,3.73164,4.10864,4.68364,5.71364,6.60664,6.73964,6.45964,6.08764,5.68064,5.24164,4.78764,4.28564,3.42164,1.94864,1.04464,1.88064,3.03564,3.15764,3.23664,4.24664,4.81664,3.52964,1.92364,1.60264,2.23164
NOX_ICAD,2021-10-09,1433,False,1,-0.00784,1.15216,6.97316,21.6492,40.7352,62.7942,104.213,181.899,259.3,298.715,309.579,300.362,283.748,269.109,256.561,245.244,233.562,220.058,205.607,190.715,173.242,150.788,127.19,106.472,89.8082,78.4772,69.1222,58.8622,48.3422,38.7292,31.2762,27.4342,25.4252,23.7462,22.1222,20.5392,19.2262,18.3692,17.1112,14.5712,11.5932,9.00516,6.73116,4.73016,3.48616,3.55116,3.87416,3.49416,3.09916,3.46216
NOX_ICAD,2021-10-09,1516,False,0,1.0035,0.4095,0.0735,0.1285,3.0565,14.5685,51.6795,132.367,217.9,268.483,284.939,267.228,237.792,215.37,197.459,180.296,164.787,152.606,142.091,131.564,119.264,103.639,87.9785,75.7425,66.6395,60.5225,55.6085,50.6455,46.8155,45.5565,45.1615,44.0055,42.3845,40.7365,39.3245,38.2465,36.2755,32.2105,28.1125,25.9655,24.1155,20.8705,17.3535,14.8225,13.0975,11.9975,11.1775,10.3865,9.5555,8.6445
NOX_ICAD,2021-10-09,1657,False,0,-2.48064,5.43636,18.7344,36.8644,55.6544,71.4064,85.5464,99.4334,112.104,121.749,126.195,122.805,116.891,113.29,111.091,108.804,104.414,95.7354,84.2894,71.4234,59.2524,49.8634,43.0214,38.6454,34.8054,29.9634,25.7094,23.8654,23.3134,23.0214,22.7794,22.5234,22.1024,21.4314,21.2424,22.1954,22.7254,21.1914,18.5724,15.9804,14.8724,16.6344,18.9094,19.4034,18.9154,18.3594,18.2474,18.8934,18.9504,17.0794
NOX_ICAD,2021-10-09,1737,False,0,126.319,139.469,151.042,159.226,163.974,165.316,168.893,180.124,193.03,201.157,203.26,197.873,189.055,180.446,174.504,173.55,174.902,176.188,177.286,178.135,177.183,172.616,166.15,158.96,149.216,134.671,118.663,104.5,92.6433,83.6913,77.3033,73.6393,71.6723,70.7493,70.2693,69.6873,67.8503,63.4023,56.9073,48.8913,41.7963,38.0563,36.2813,35.2703,34.8663,35.0483,34.3413,31.3483,28.3283,27.5873
NOX_ICAD,2021-10-09,1794,False,3,48.2425,48.4015,48.5275,49.9565,55.0175,66.1065,77.7525,84.6145,88.8875,92.5605,94.0165,91.0925,86.3775,82.2795,78.9565,76.3845,74.1455,71.8915,69.4345,66.6465,64.0005,61.9845,60.2955,58.6735,57.2605,56.2275,55.1105,53.4835,51.9665,51.2045,50.7505,50.1875,49.7495,49.7455,50.0285,50.4255,50.4565,49.6225,48.3515,46.9815,45.2535,42.7385,39.2885,34.8375,31.3985,30.9225,30.9095,28.8945,26.1905,24.2185
NOX_ICAD,2021-10-09,2255,False,-1,42.9492,55.5062,66.1042,72.7852,77.5072,82.3982,90.5912,105.181,121.388,134.076,140.594,138.126,132.719,129.807,128.125,125.951,123.054,119.301,115.141,110.851,105.929,99.8862,94.3762,91.1172,89.0232,87.1962,86.3472,87.2382,87.3972,84.4402,81.2112,80.6612,81.7082,83.2552,84.9632,86.5342,86.8522,84.6992,81.5822,78.9662,77.2792,76.9062,77.1672,77.4852,77.6802,77.6502,77.5812,77.6612,77.8692,78.1852
NOX_ICAD,2021-10-09,2361,False,-1,25.9007,40.0207,57.2147,73.3537,87.6537,99.5697,110.336,120.947,131.458,141.155,145.834,140.377,127.7,110.101,92.5687,79.4967,68.8687,58.8287,50.0317,43.6907,39.3907,36.9797,35.4407,33.9807,32.2787,30.1407,28.1457,26.8397,25.5007,23.4307,21.4057,20.2127,19.1607,17.5807,16.1507,15.6367,15.7107,16.0747,16.5567,16.9927,16.9577,16.1167,15.8927,17.6197,19.0977,18.0027,15.2957,11.9117,8.57866,5.94566
NOX_ICAD,2021-10-09,2401,False,1,5.2271,5.5121,7.5521,13.7301,27.5411,49.5921,80.8171,110.503,127.788,135.627,136.238,132.512,126.229,120.504,118.131,117.508,116.671,112.366,101.344,88.5941,78.9761,71.7701,66.3171,63.0691,63.0651,65.3571,69.1761,72.2231,72.2921,70.8231,68.9951,65.8201,60.1171,54.3831,51.0341,48.3931,44.7461,40.8411,37.5861,34.8931,32.5881,29.8501,25.9991,22.7261,21.8161,22.1281,22.5341,22.4611,21.3911,19.5261
NOX_ICAD,2021-10-10,0,False,0,1.29936,1.41636,2.06936,3.20336,6.33436,21.9324,62.6494,120.348,186.524,237.293,248.374,239.315,226.926,208.031,176.728,143.75,119.699,101.119,84.8164,72.2884,65.9134,61.1264,53.8464,46.6704,42.6634,40.7804,40.0544,39.8014,39.4884,38.2124,35.0084,30.8404,26.6624,23.3624,21.8184,21.1494,20.5114,19.3084,17.0224,14.5094,12.6874,11.9134,12.5794,13.7154,14.4504,14.9414,15.3744,15.5824,15.4074,15.5434
NOX_ICAD,2021-10-10,5,False,1,-2.48536,1.57564,11.9686,27.8196,49.0366,72.7536,97.1206,124.203,155.585,180.673,187.753,183.168,172.532,162.353,158.152,157.714,158.82,159.428,157.826,155.077,152.062,148.05,142.102,135.583,129.924,125.741,123.481,120.424,113.676,104.053,92.3856,81.6006,74.4496,68.7396,62.3936,56.0806,50.7126,45.8476,41.0536,36.3266,31.7516,27.3826,23.3106,19.4636,15.9226,13.4276,12.8576,13.1756,13.4706,13.7116
NOX_ICAD,2021-10-10,30,False,-1,6.58252,6.71852,6.90952,8.11852,13.1375,32.8285,80.0635,142.378,207.053,255.054,266.414,255.252,233.435,210.297,192.744,178.256,163.929,147.82,128.472,109.931,96.3285,85.2055,74.3675,64.8755,58.1825,52.1615,44.9245,38.2745,34.2875,31.8385,29.8955,28.1205,26.3355,24.3095,21.8795,19.8565,19.0405,18.3745,16.7365,14.1545,10.7695,8.16052,7.85652,8.09352,7.20752,6.31052,6.66652,7.69052,8.77152,9.64252
NOX_ICAD,2021-10-10,55,False,-3,4.713,3.888,6.232,8.477,7.507,6.788,10.56,20.598,38.444,54.167,57.832,55.208,51.568,46.082,37.13,28.117,22.642,20.559,21.776,23.494,23.089,20.684,16.501,12.623,11.033,10.643,10.385,9.985,9.323,8.699,8.375,7.906,6.895,6.248,6.706,5.981,1.954,-1.062,1.251,4.798,5.403,4.357,3.189,2.705,3.608,5.35,7.339,8.253,6.818,4.886
NOX_ICAD,2021-10-10,91,False,-4,1.09532,1.57332,2.94732,4.24432,4.48032,4.11832,3.85632,5.53232,10.8483,15.6993,16.0063,14.5933,14.3173,14.7613,15.2533,15.4063,14.8633,13.8223,12.4633,11.2643,10.6713,10.3023,9.86632,10.0093,11.3343,12.0773,10.4343,7.90432,6.00032,4.83332,4.44632,4.42532,4.47432,4.70532,5.33432,6.40732,7.86732,8.31632,6.39832,4.39532,4.54132,5.30632,5.07932,4.24932,3.30832,2.54432,2.19632,2.05832,1.97132,2.07632
NOX_ICAD,2021-10-10,113,False,3,31.9245,38.6595,42.0505,43.8115,45.3965,47.2095,49.4915,52.1295,54.9295,56.8745,56.8245,55.4665,53.3415,50.8935,48.3695,45.5665,42.1695,38.2155,33.7525,29.6365,26.7295,24.4455,22.3215,20.8515,20.6395,20.6725,20.0015,19.1955,18.7525,17.4585,14.1125,11.0025,10.4535,11.0745,11.4525,11.4185,10.9245,10.2125,9.43352,8.33252,6.70052,5.62352,6.18552,7.01752,6.77552,6.19252,5.99752,5.51952,4.05952,2.70552
NOX_ICAD,2021-10-10,120,False,2,6.74638,6.48038,6.40338,6.46938,6.65238,7.62638,10.1124,12.8334,14.5554,15.8384,17.1184,17.2054,14.8334,12.3164,11.9664,12.7824,13.7204,14.4794,14.8604,14.9334,14.7054,14.1734,13.2754,12.2034,11.1404,10.3294,10.0894,10.6144,12.0754,13.0614,12.1374,10.2264,8.18438,6.09038,4.01238,2.84538,3.48438,4.18338,3.30038,2.34438,2.85238,3.51838,2.94138,1.69138,0.50038,0.45838,2.58538,4.82438,5.07438,3.80538
NOX_ICAD,2021-10-10,121,False,1,3.11308,4.70008,16.1811,47.0431,87.5841,129.339,171.095,211.894,245.032,262.001,264.525,252.355,232.037,208.498,186.441,170.025,157.426,147.254,139.078,133.071,128.088,123.29,118.947,115.4,111.396,105.705,99.7301,95.0171,91.9201,90.7571,89.6011,86.6531,83.1381,80.3351,77.9491,75.5971,73.0971,70.1871,66.2011,60.5241,55.3781,52.8931,50.7401,46.5181,41.2131,35.9931,31.8951,29.9561,29.0951,28.3261
NOX_ICAD,2021-10-10,142,False,1,8.22586,10.5769,13.8819,17.6259,21.4009,24.9789,28.2019,31.5189,35.2829,38.4469,39.7169,38.9089,35.6829,31.8199,28.9699,27.1509,26.3229,25.6859,24.5359,23.0989,21.4909,18.8069,14.2019,10.3679,10.0369,11.0949,11.4489,11.2049,10.5599,9.26586,7.04786,5.19386,5.02386,5.72686,6.47786,6.72886,6.14686,6.36886,8.92886,11.1239,10.2179,8.22086,7.10786,6.07486,4.18986,2.35786,1.58186,1.48186,1.70286,2.04986
NOX_ICAD,2021-10-10,143,False,1,3.16236,4.00936,4.72036,5.16636,5.53336,6.10636,7.62136,10.8164,14.1084,15.8814,16.4334,16.0414,15.3574,14.8994,14.5804,14.3194,14.3894,15.0334,15.3084,14.2454,12.6384,11.2434,9.89736,8.35836,6.71536,5.12436,4.01336,3.81336,3.71336,2.92036,1.74936,0.64836,0.47736,2.11236,4.23936,5.59436,6.41436,6.86436,6.23936,3.86436,2.23536,3.77436,5.77636,5.47336,3.90836,2.20236,0.62436,-0.51364,-0.04964,3.08936
NOX_ICAD,2021-10-10,183,False,-2,3.785,3.214,5.936,16.842,31.891,48.588,74.324,117.045,160.074,186.056,197.583,196.658,190.716,185.346,179.676,172.306,165.724,162.604,161.278,160.262,159.939,160.896,161.729,160.898,158.318,153.754,148.139,142.126,135.663,128.598,121.811,116.199,111.197,106.205,100.693,93.98,85.459,74.483,63.703,55.875,50.704,48.01,46.031,43.359,40.87,39.61,38.993,38.443,37.79,36.814
NOX_ICAD,2021-10-10,188,False,1,45.8442,44.1602,54.3562,71.5692,91.9192,113.476,135.029,155.342,172.827,186.275,193.36,192.757,182.001,166.147,149.217,131.698,113.641,97.2012,84.9272,76.3972,71.6122,68.5752,65.5462,60.8332,52.9292,44.7572,39.2482,35.4912,32.6232,30.3842,28.6632,26.3522,22.4472,18.7122,16.9742,16.3072,15.8082,15.3272,14.8902,14.7792,15.2352,15.3052,14.0422,12.4752,11.6382,11.2222,10.8662,10.3842,9.6492,8.9522
NOX_ICAD,2021-10-10,189,False,0,4.78556,8.25256,12.9536,21.0236,37.5646,68.3716,103.504,133.071,154.593,165.134,167.738,164.132,158.072,152.368,147.017,141.683,136.14,130.219,124.433,119.411,115.556,113.336,111.505,108.874,105.519,101.744,99.4046,100.343,101.883,101.386,99.7626,98.1706,97.9516,100.262,102.228,100.788,96.4916,89.8466,83.2046,78.6826,75.1196,71.1806,65.8306,58.2826,51.7526,49.5626,49.6186,49.8856,49.5956,48.1876
NOX_ICAD,2021-10-10,191,False,6,25.1669,31.8549,36.9539,38.5559,38.5329,38.5749,38.7609,39.0169,39.6919,41.0829,41.9009,40.6709,37.5149,32.5399,28.0329,26.1989,25.6539,25.0859,24.6349,24.6319,24.8589,25.0379,24.6029,22.9299,20.5949,18.1589,16.2449,15.4309,14.9179,14.0199,13.5169,14.2599,15.2949,15.6719,15.6769,15.7309,16.5379,18.7109,20.5019,20.3029,20.4799,23.4269,26.9489,28.6669,28.5109,26.4479,24.0739,22.7259,21.1789,18.1619
NOX_ICAD,2021-10-10,205,False,-2,10.1711,10.3981,11.0671,12.8031,16.4531,23.3951,34.1581,49.2731,62.4871,67.4731,68.0541,67.8021,67.4721,67.2261,66.6701,65.3531,63.6511,61.9281,60.4281,59.3151,57.9411,55.5611,52.1711,47.7381,43.3551,40.1001,37.7121,35.9861,34.6021,33.3571,32.1651,30.9841,29.8421,28.8351,28.2971,28.6661,29.7861,31.3591,31.3271,27.5811,22.6961,19.2351,17.3181,17.0161,17.4731,17.8631,16.9611,13.5501,9.4491,6.5241
NOX_ICAD,2021-10-10,217,False,0,47.5241,47.6341,49.6381,52.1531,56.8601,65.8971,76.6871,86.7051,94.9491,100.47,104.232,104.425,97.9531,89.1951,82.2541,76.5231,71.1191,65.8101,60.5011,55.0891,49.5141,44.1471,39.3641,34.6971,29.7571,25.2351,21.9571,19.6411,18.1521,17.4431,17.6401,18.2691,18.7741,17.8571,14.3101,11.0691,10.9901,11.6741,10.7371,9.5971,9.7821,10.0641,9.1801,8.2171,8.2931,8.5431,8.0411,7.1261,6.1561,5.1661
NOX_ICAD,2021-10-10,218,False,3,25.0219,28.7149,31.3499,33.5049,35.9389,41.0719,51.3989,62.7699,71.0289,76.5619,79.3569,77.9289,70.2279,60.7439,53.7859,49.5669,48.1749,47.5419,45.8679,43.5869,41.2749,39.3269,38.0859,37.0459,35.7849,34.8269,34.5629,33.0289,28.2479,23.0649,20.3319,18.9479,17.7609,16.5909,15.4139,14.1679,12.6999,10.4699,7.02888,4.36188,4.48588,5.59188,5.84788,5.14088,3.53888,2.40788,3.11088,4.75888,6.38088,6.83988
NOX_ICAD,2021-10-10,221,False,1,3.0487,3.6527,4.2417,4.2087,3.3337,5.0697,13.3047,25.6687,39.8637,52.0227,58.0327,57.9397,51.2337,42.1257,34.3097,28.4607,25.1027,22.9417,20.9347,18.9637,17.0667,15.2427,13.4937,11.7337,10.0127,9.3177,10.6657,12.2497,12.2987,11.5687,10.8547,10.2007,9.4407,7.7757,4.4957,1.8997,2.3017,3.7337,4.2647,4.3877,4.6977,4.7917,4.2647,4.1307,5.4037,6.8717,7.2857,6.9957,6.3597,5.5847
NOX_ICAD,2021-10-10,228,False,0,4.70442,2.66442,3.80542,19.2594,73.3634,233.19,572.573,951.753,1229.1,1385.78,1399.4,1344.77,1280.1,1203.35,1103.11,996.109,899.839,821.611,770.586,741.087,730.145,722.807,706.312,685.844,667.207,649.949,633.454,619.634,610.887,604.668,598.134,586.554,564.847,537.807,510.129,486.708,472.342,462.521,452.934,440.666,422.511,397.456,363.658,325.893,288.794,257.489,237.299,222.651,208.622,194.007
NOX_ICAD,2021-10-10,232,False,0,4.0627,5.1457,7.7347,11.0407,14.7237,20.6977,31.2487,44.0427,56.7137,66.8307,71.5777,70.9797,64.5427,56.4877,50.5367,45.9497,41.6247,36.0557,28.0287,21.0077,18.5987,18.5807,18.7597,18.1147,15.8997,13.4777,12.2247,11.8937,12.1747,12.1567,11.0417,9.9267,9.9277,10.3767,10.6077,10.8587,11.4497,12.2207,12.9277,12.9477,11.6727,10.3497,10.1657,10.1817,9.4407,8.6067,8.4077,8.5287,8.6417,8.7727
NOX_ICAD,2021-10-10,243,False,0,8.86602,10.515,12.971,17.545,25.607,34.123,40.154,44.828,49.148,51.996,51.935,50.709,49.859,48.85,46.992,45.076,43.829,42.234,39.327,36.886,36.687,36.847,35.433,33.155,30.696,27.653,23.466,18.875,14.808,12.802,14.404,16.483,16.094,15.138,15.599,16.261,15.758,14.621,13.439,12.535,12.127,11.529,10.092,8.69502,8.32702,9.01502,10.639,11.025,8.13202,5.25502
NOX_ICAD,2021-10-10,246,False,0,2.08842,2.16742,3.31142,6.71442,13.8434,22.8084,32.3954,45.1244,63.4064,79.0064,83.3284,81.6384,78.5994,73.4354,64.5554,55.1614,48.4344,43.6484,40.0774,37.0264,34.0854,31.5104,29.6664,28.1884,26.7964,25.7294,25.2704,24.7924,23.6154,21.6954,19.0244,16.6754,15.7424,15.7004,16.0854,16.6384,17.2364,18.0314,19.2464,20.8804,22.7894,23.3334,20.8584,17.8434,16.7444,16.8254,17.3114,17.9904,18.8044,19.6784
NOX_ICAD,2021-10-10,267,False,0,15.7543,19.7093,24.4673,29.5723,36.6543,47.6983,60.7923,74.0633,85.6583,93.2903,95.3903,89.8103,81.2893,74.1613,69.3533,67.6063,67.3393,67.1763,66.3653,64.4183,63.0783,64.1853,66.7033,69.6383,72.3143,74.1703,75.5263,76.4923,76.0573,73.0563,69.3263,66.6023,64.4643,62.3893,60.2373,57.8423,54.6663,50.1513,45.5533,42.0393,38.5833,34.2273,30.4833,28.9483,28.0333,26.2213,24.3823,23.5293,23.2033,22.9203
NOX_ICAD,2021-10-10,278,False,0,4.10822,6.19022,9.13122,12.4592,17.1202,32.0542,67.2092,110.05,148.116,176.519,189.523,188.028,170.712,145.281,118.25,96.2122,85.4512,80.3732,75.9042,70.6312,63.8182,56.7592,50.9112,47.1982,46.6692,47.4312,47.8672,48.4022,49.5302,49.9472,48.2232,45.4042,42.4912,39.9092,37.9932,36.4092,34.7532,32.1882,27.9502,23.9632,22.1312,21.0792,19.4802,18.0382,17.6002,17.5322,17.1992,16.7012,16.2012,15.8602
NOX_ICAD,2021-10-10,283,False,7,9.83266,14.3287,17.8527,20.0657,20.6577,20.4987,20.3267,20.4287,21.0327,21.8857,22.5247,21.2167,16.3197,11.9457,12.0907,13.2677,12.0157,10.4807,10.9287,11.3017,9.48366,7.46366,7.23666,7.14766,5.40566,2.77166,0.23566,-0.62034,1.73766,4.61966,5.40866,5.11666,4.88866,5.20066,6.43166,7.94766,9.12366,9.84166,9.95366,9.55966,8.67366,7.55966,6.46466,5.75866,5.77566,5.75266,5.01366,4.61766,5.62266,6.68566
NOX_ICAD,2021-10-10,286,False,1,6.47402,14.638,38.154,81.445,149.235,212.404,242.11,254.276,263.95,271.223,273.648,273.318,271.981,270.29,268.216,263.427,253.093,239.124,223.389,210.044,202.884,196.486,185.318,170.905,154.923,139.425,126.472,116.836,111.619,108.537,105.538,101.063,93.721,85.585,78.683,72.902,68.127,64.124,60.783,57.28,52.947,49.075,47.056,45.994,45.024,43.833,42.108,39.417,35.372,31.893
NOX_ICAD,2021-10-10,291,False,2,3.05498,2.80198,2.61998,5.45798,11.014,19.147,28.474,37.691,44.838,47.76,47.949,46.551,44.491,42.353,40.232,38.166,36.305,34.763,32.92,30.172,27.339,25.255,23.578,22.018,20.99,20.839,19.703,15.828,12.264,12.007,12.325,10.433,7.84698,6.24298,5.35398,4.84398,4.48898,4.19298,4.22198,4.83798,5.28598,4.80998,3.98898,3.48698,3.82698,5.37498,6.01798,3.70698,1.05498,0.73098
NOX_ICAD,2021-10-10,297,False,3,13.7982,13.7292,13.9442,14.0282,13.3612,12.3022,11.3122,11.2662,12.9922,14.7532,14.8122,13.9432,12.8952,11.5832,9.88718,8.82018,9.39918,10.2832,10.1362,9.41918,8.67418,8.27618,8.54218,8.94418,8.94218,8.52918,7.68818,6.64618,5.52118,3.93218,1.57218,0.00518,0.85418,2.65118,3.96518,4.79518,5.23118,5.49118,5.71218,5.80718,5.62918,5.18418,4.52018,4.32218,5.25018,6.24218,6.26918,6.10418,6.47218,6.39418
NOX_ICAD,2021-10-10,306,False,5,30.4976,35.8946,39.2646,41.6196,43.5696,45.8536,51.2216,62.3866,73.6656,79.1396,79.6146,75.7296,70.3716,66.0776,63.9446,64.9166,66.1256,64.7996,62.1066,59.1346,55.2976,49.7806,43.7916,38.4496,33.2406,27.6596,22.6076,19.2316,17.6456,17.9996,18.0786,15.8796,13.5756,13.4526,14.4996,15.6346,16.3086,16.0526,15.2836,14.3656,13.4796,12.6756,11.2946,8.77558,6.96758,7.71258,8.98458,8.73858,7.64758,6.60158
NOX_ICAD,2021-10-10,310,False,0,7.72698,6.59698,5.71298,5.53698,5.43598,5.65898,12.667,33.941,63.295,94.057,114.16,111.323,98.717,88.417,79.997,71.796,63.463,55.003,47.522,42.102,36.642,29.269,22.731,20.036,19.445,19.271,18.674,17.011,14.808,12.715,12.046,14.131,16.89,18.225,17.996,16.076,13.59,11.542,10.093,9.40698,9.33098,9.80498,10.455,10.97,11.403,11.77,11.688,10.78,9.99198,10.259
NOX_ICAD,2021-10-10,345,False,-1,15.5246,21.1266,26.4666,29.9866,33.5776,39.1396,45.0366,49.5436,53.2876,56.7506,58.7306,57.7016,54.8596,51.1756,47.1856,43.2966,40.1876,38.6636,38.4566,39.3646,40.0146,39.1016,37.3716,35.6436,34.7476,35.2596,34.5376,30.0236,25.3606,24.1906,24.2956,23.3626,21.8356,20.3166,18.8006,17.2396,15.9506,15.2866,14.9396,14.5356,13.3566,10.7096,7.91656,6.33056,5.73956,5.95156,6.47256,6.84256,6.52756,5.01656
NOX_ICAD,2021-10-10,360,False,1,2.99382,4.28282,7.45182,10.6838,13.6558,16.2568,18.6778,21.0948,23.6648,26.4018,28.1668,27.7168,26.2648,24.8308,22.8098,19.4648,16.0538,13.8468,12.2838,10.8528,9.81982,9.55382,9.44982,8.92082,8.15382,7.46082,7.59382,9.17982,9.98382,7.76282,4.65582,2.82582,1.96982,1.73982,2.02982,2.87882,3.92182,4.85082,5.70582,6.61882,8.07282,10.3378,10.9838,7.70182,4.86082,6.73582,9.46682,9.03082,6.87182,4.63382
NOX_ICAD,2021-10-10,392,False,1,5.6686,5.8916,6.5256,10.8366,22.3336,35.9016,46.6806,55.8346,64.4236,70.1226,69.8236,64.9056,56.3096,47.1036,39.9826,34.4606,30.0616,26.3226,23.0506,20.3386,18.4066,16.8536,15.4416,14.7736,15.6366,17.5946,20.1586,21.5796,20.2706,19.1536,21.0446,23.2356,22.9356,21.7706,21.4696,21.6866,22.0256,22.8166,24.3996,25.5466,25.0616,24.3806,24.8406,24.9126,22.9536,20.2866,18.2066,16.2996,14.1426,12.5936
NOX_ICAD,2021-10-10,473,False,0,1.59664,1.96364,1.63364,0.81264,-0.16136,0.24064,3.75764,9.42264,16.3346,22.3996,25.3796,25.0616,21.0586,16.4736,14.1576,13.0896,12.1946,11.4366,10.9586,10.6806,10.5336,10.3336,9.80464,8.36164,5.50564,3.38564,4.17364,6.02164,7.11364,7.73364,8.21264,8.04964,6.66464,5.14664,4.56964,4.53364,4.65964,5.10664,6.03864,6.48664,5.47964,4.16864,3.70364,3.71064,3.78664,3.95164,4.25264,4.32264,3.74364,2.65364
NOX_ICAD,2021-10-10,576,False,0,9.11624,9.14024,9.68324,12.9442,16.4302,17.7122,18.9792,22.5252,26.6692,29.5482,30.9952,30.8222,29.8812,28.8702,28.0772,27.7142,27.5182,27.3442,27.8942,29.8152,31.1432,29.8612,27.4542,25.4302,24.1952,24.0852,24.5222,24.9832,25.0982,24.5692,24.0912,24.3372,24.7602,24.6802,23.4912,20.6752,18.4002,18.8162,20.2322,20.9712,21.2812,21.5172,21.5782,21.2472,20.3902,18.8672,17.4582,16.9852,17.3672,18.5462
NOX_ICAD,2021-10-10,587,False,-2,3.32404,3.93904,4.56404,4.33004,5.29704,9.74604,15.972,22.329,27.951,31.864,33.112,30.542,27.134,25.644,25.04,24.057,22.065,18.543,15.001,12.924,11.628,10.559,10.525,12.324,13.26,10.735,7.95004,8.00004,8.06204,5.30704,2.77304,3.68004,6.00004,7.59904,8.11304,7.27104,5.78004,4.28604,3.42604,3.83404,4.87604,5.92204,6.36704,5.66704,4.83704,4.86904,5.35304,5.80704,5.86204,5.13204
NOX_ICAD,2021-10-10,612,False,0,30.8891,31.5691,33.1321,34.6871,36.1791,37.8611,41.1211,47.4111,54.2441,58.9471,60.5461,57.7501,51.8661,43.9071,36.7161,32.8821,30.1041,26.2221,22.7111,21.3151,21.0231,20.7421,19.4541,16.3131,13.4901,13.1621,13.9281,14.2231,12.8851,9.00314,6.00214,7.22914,9.45314,9.39014,8.04214,6.53714,5.03414,3.67114,3.43014,5.31714,7.40014,7.72414,6.75214,4.96114,3.09214,1.77514,0.84914,0.24914,0.47314,2.07214
NOX_ICAD,2021-10-10,613,False,0,6.8882,5.6782,7.0912,11.2392,18.3972,26.4492,33.5552,40.0972,46.3592,50.9602,52.2352,51.8482,51.0342,48.4772,42.6522,36.8412,34.3082,33.3452,32.1142,29.8192,25.7952,21.2442,17.3792,14.6952,13.7222,13.5832,13.4812,12.8312,11.1632,9.5652,9.0922,8.8792,7.9922,6.4642,4.5322,3.9692,6.5262,9.5382,10.3602,9.9862,9.4222,8.5452,7.0432,5.2452,3.4892,2.1422,1.5642,1.2342,0.6602,-0.0588
NOX_ICAD,2021-10-10,614,False,3,10.9383,14.4053,19.4713,26.9243,37.9453,50.8153,63.7703,73.9373,78.3143,79.7893,80.7733,80.7323,78.6243,75.3473,71.5833,67.1213,61.5543,55.6023,49.9543,44.7303,40.0293,35.5043,31.0323,27.9313,27.7193,28.9573,30.4093,32.1253,34.2883,36.0893,36.7243,37.1383,38.1333,38.3423,36.3313,33.9863,33.1653,32.8903,32.1033,31.0063,29.8503,28.5333,26.8383,24.5303,21.2663,17.2923,12.9623,10.1303,10.6203,11.5943
NOX_ICAD,2021-10-10,636,False,7,1.66138,2.95138,5.43338,8.24238,10.5694,12.4314,13.8624,15.0954,16.3024,17.5094,18.5944,18.6994,16.8964,14.5354,12.8924,11.6364,10.4384,9.79138,10.3344,11.6374,13.2334,13.9874,12.7274,10.4504,8.15538,6.73038,7.10938,8.86238,11.5784,13.5544,13.0914,11.2824,9.19938,7.68938,7.51438,7.98138,8.46638,8.91838,9.33238,9.48038,9.13238,8.79938,8.99438,9.46938,9.99038,10.5974,11.3174,11.6634,11.0664,9.71538
NOX_ICAD,2021-10-10,796,False,4,31.8736,33.3606,35.3406,38.2636,41.3206,43.6336,44.8946,44.8346,44.9726,46.5876,47.3716,45.0226,42.5476,43.0026,44.6496,45.6846,46.3146,46.8356,46.8996,46.0486,44.7286,43.3806,42.4436,42.3236,42.3966,42.0426,41.2706,40.0946,38.7316,37.3506,36.0236,34.8026,33.6356,32.3466,30.0376,25.7746,21.1856,17.9686,16.3336,16.4856,16.9166,16.2576,15.1076,14.2036,14.1046,15.2816,16.2616,15.5586,13.9706,12.3136
NOX_ICAD,2021-10-10,797,False,0,5.88308,7.46608,11.6681,19.0731,30.4611,42.5371,52.0311,58.4871,61.3191,62.4221,63.0451,61.5631,55.9511,48.8991,43.2171,40.6031,42.7161,45.9571,46.9201,46.3531,44.9981,42.4671,38.2101,34.1901,32.3681,31.7031,31.0441,29.2761,25.3281,20.5701,16.3491,13.0411,10.9651,9.20308,7.05408,5.72108,6.50308,7.73608,7.77808,7.15408,6.44708,5.73908,5.08108,4.81208,5.24708,5.44808,4.50508,3.36408,2.98708,2.95508
NOX_ICAD,2021-10-10,807,False,-4,-0.10332,3.64368,9.27768,15.3477,22.8537,32.9107,41.9997,46.4877,48.5847,50.2857,51.2107,50.5837,49.1797,47.7687,47.0717,47.7267,48.4927,48.0957,46.7597,44.5677,41.1357,36.0037,31.1987,28.7467,27.5267,26.3717,24.5017,21.2127,17.3047,13.6737,11.5667,12.1927,13.1507,12.1367,10.3577,9.17668,8.91568,9.80268,10.6847,10.4517,9.62368,8.69568,7.56368,6.04168,4.48268,3.27268,2.54168,2.45068,2.62668,2.76568
NOX_ICAD,2021-10-10,832,False,0,8.31996,6.03396,4.93596,9.84096,28.385,70.56,146.991,222.466,262.362,283.347,299.942,300.332,268.648,223.461,182.154,147.555,121.66,102.615,89.699,79.175,68.308,58.616,52.2,48.066,45.45,43.492,41.53,38.874,34.846,30.237,26.057,24.315,27.016,30.261,30.245,28.573,27.013,26.233,26.776,27.971,29.204,30.09,30.279,30.121,29.814,28.672,25.899,22.599,19.94,18.616
NOX_ICAD,2021-10-10,862,False,0,0.876,0.424,0.455,1.419,2.59,4.391,14.888,42.662,74.326,96.028,105.322,99.33,86.013,72.192,61.66,57.67,56.689,55.559,54.148,52.539,49.625,44.234,38.606,34.871,31.578,27.253,23.01,20.172,18.581,18.065,17.35,15.225,12.36,9.539,7.794,8.144,9.085,9.147,8.387,6.968,5.794,5.703,5.913,5.602,4.718,3.192,1.209,-0.929,-1.551,1.009
NOX_ICAD,2021-10-10,907,False,-3,-3.39796,-2.70196,-3.21296,-3.23296,-0.92796,2.46904,5.81404,9.41504,13.597,16.855,17.549,16.938,16.243,16.181,17.232,17.681,15.858,13.747,13.341,13.64,13.563,13.152,12.53,11.861,11.311,11.097,11.471,12.136,12.693,12.103,9.38004,6.79504,6.52004,6.60304,4.97304,2.25704,-0.62296,-1.48396,1.77604,5.44504,5.84704,4.47804,2.89404,1.35404,0.07904,0.26604,3.07904,5.60104,4.98504,3.44604
NOX_ICAD,2021-10-10,917,False,-1,6.1716,7.2076,8.9636,10.7416,11.8406,12.5746,13.3886,15.2066,18.9266,22.8136,24.9726,24.8596,21.9286,18.7836,17.8676,17.9246,17.6366,17.0896,16.4836,15.8646,15.2476,14.6646,14.1776,13.9616,14.1836,14.3296,13.8816,13.1596,12.4936,11.9806,11.6966,11.4806,11.1976,10.9456,10.8446,10.8206,10.7106,9.8336,7.4906,4.9426,3.4286,2.5246,1.8716,1.9516,3.3086,4.5556,4.3476,3.7016,3.6576,3.9076
NOX_ICAD,2021-10-10,955,False,0,7.1366,7.7916,9.5256,12.7106,18.0586,25.4086,34.6406,42.7446,46.6946,48.5046,49.8666,49.7876,46.8356,42.5136,38.1786,34.1296,30.6596,28.5286,28.6306,29.5046,29.7686,29.3266,28.1576,26.8386,25.8846,25.1346,24.3446,23.0256,20.7566,18.8076,18.4506,18.6196,18.2576,17.6646,17.1236,15.9526,13.4106,10.6516,8.8656,8.0156,8.0946,8.6066,8.9996,8.0166,4.5726,2.0916,3.9306,6.6156,6.5976,5.0246
NOX_ICAD,2021-10-10,1047,False,1,12.2574,12.3734,15.8674,23.4064,36.2124,52.4164,70.5424,87.7484,101.012,109.395,111.463,110.488,109.071,107.157,104.257,100.919,97.4464,92.4954,84.5264,75.4164,66.9394,59.1384,52.0754,46.3544,42.7944,40.2964,37.9344,35.5724,33.3034,31.7764,31.6364,31.4734,30.0064,28.8124,29.4834,30.2544,29.2274,26.8464,23.5824,20.4544,18.4054,17.1234,16.3394,15.7694,15.1724,14.1454,12.3344,10.6894,10.0954,9.4064
NOX_ICAD,2021-10-10,1147,False,0,2.22708,3.64408,4.51408,5.32108,6.17308,7.63708,13.3361,27.1681,43.1691,55.1611,61.2031,59.0871,52.6981,45.3101,38.9691,35.3601,33.1391,31.0851,28.9751,26.8291,25.2371,24.7701,24.1911,22.1941,19.0901,15.2191,11.6921,9.57308,8.18208,6.93908,6.15008,6.23508,6.49208,6.20508,5.36208,3.93608,2.23708,0.59208,-0.34092,0.13208,1.16908,2.06008,3.29508,5.38608,7.08508,7.00308,5.45408,2.78208,0.75608,1.03108
NOX_ICAD,2021-10-10,1182,False,1,13.3775,14.0875,14.3445,14.4925,14.9575,16.1585,17.7315,19.3685,21.1545,23.0645,23.7415,21.6395,17.8555,13.4375,9.81848,8.37648,8.12648,8.17148,8.08148,7.54948,6.79048,6.04648,5.65548,5.96148,6.57548,7.04748,6.68248,4.85648,3.27848,3.74048,5.71048,8.58148,10.6215,10.1235,8.32848,6.40648,4.77048,3.82148,4.07048,6.08448,8.23448,8.94948,8.94448,8.92248,8.67548,7.85448,6.61048,5.13148,4.16848,4.49848
NOX_ICAD,2021-10-10,1228,False,2,7.37332,7.87032,12.5543,20.3933,30.6723,42.0413,53.2263,61.8413,65.3153,66.2193,66.5143,64.5013,57.9053,49.2393,40.8643,33.5773,28.0623,23.7023,20.1033,17.2263,15.2753,14.1143,13.7533,13.8233,14.0593,14.3553,14.7243,15.6153,17.5223,19.7353,21.3743,21.1713,17.7993,13.6783,11.0563,8.88132,6.10432,4.06932,4.24932,4.98632,4.68532,4.12432,4.19832,4.62832,5.02832,4.84132,3.62532,2.98132,4.40232,5.51432
NOX_ICAD,2021-10-10,1274,False,1,23.4027,30.9127,38.7467,48.0907,60.3297,73.0837,84.1787,95.3907,108.197,118.056,119.905,117.458,114.18,111.889,112.016,113.367,114.4,111.671,101.519,88.4257,76.5167,65.5157,54.9767,46.0227,40.1607,36.4467,34.1657,32.1277,29.4267,26.8557,25.3057,24.2907,23.3427,22.3947,21.4057,20.0867,18.1107,15.8127,13.5477,11.7317,10.7437,9.73968,7.91768,5.95368,4.54868,3.33268,1.99068,1.19568,1.72768,2.93168
NOX_ICAD,2021-10-10,1500,False,2,40.6585,69.6325,110.976,154.709,191.709,224.957,257.717,290.318,321.409,342.815,344.81,334.555,317.595,297.364,275.711,253.625,231.835,211.22,193.005,177.979,167.346,158.843,150.384,140.151,126.702,114.144,106.697,101.915,97.3155,91.5005,83.3005,74.2295,65.7825,58.3655,52.4115,47.5175,43.5625,40.7815,39.5685,38.5255,36.3255,33.4975,30.7005,28.7775,28.5195,28.4905,27.2295,24.9335,21.9085,19.5675
NOX_ICAD,2021-10-10,1736,False,7,24.546,28.322,32.007,35.114,37.064,38.435,39.695,40.644,40.979,41.078,41.261,41.285,40.811,39.786,37.993,35.012,30.45,26.649,25.93,26.238,25.535,24.225,22.953,22.59,23.923,25.197,24.7,23.663,23.446,24.317,26.38,27.643,26.152,23.856,22.694,22.239,21.968,21.749,21.557,21.537,21.863,22.386,22.929,23.08,22.464,21.94,22.364,23.146,23.573,22.929
NOX_ICAD,2021-10-10,1803,False,1,9.9018,9.5338,10.1608,12.5728,17.8068,24.4258,31.1048,36.8788,40.7308,42.7938,42.9798,42.2828,41.4448,40.3518,38.6518,35.8918,31.5958,27.3788,24.8588,23.4408,22.5928,22.1748,22.2108,22.4618,22.7968,23.6008,25.1408,25.5338,22.9718,20.5298,21.1618,21.9928,20.0498,17.2278,15.4878,14.0828,12.1728,10.4008,9.5048,9.0678,8.7488,8.9058,9.9578,11.0158,11.1888,10.8918,10.6248,11.0768,12.7458,13.3478
NOX_ICAD,2021-10-10,1845,False,-3,2.02928,2.74228,3.80728,4.94428,6.09428,7.42028,10.1323,15.5333,21.6673,26.4553,28.8973,27.9553,25.9733,25.0823,24.8013,24.5183,24.1923,23.8863,23.7823,24.0243,23.9933,23.0623,21.8403,21.0203,21.1653,22.7183,23.6003,21.7973,19.5123,18.9483,19.0243,18.5603,17.7653,16.9653,16.4573,16.5593,17.1753,18.1773,18.6643,17.7173,16.1323,14.7063,13.8123,13.6933,13.1613,11.0553,8.62628,7.14328,6.18628,5.31328
NOX_ICAD,2021-10-10,1846,False,2,10.7108,13.1648,15.2418,17.2888,19.4698,21.7378,22.6968,21.0138,19.7058,21.6288,23.5588,22.2488,20.3758,20.6768,21.4188,20.6968,19.1648,17.5278,15.8638,14.2558,13.5168,14.5478,16.3238,17.7458,17.6828,15.0938,12.4428,12.1258,12.7288,12.7948,12.5888,12.4998,12.4928,12.6008,13.5438,15.8828,16.8498,13.7638,10.5308,11.1178,13.5698,15.8358,17.5008,18.2348,17.8078,15.9078,13.9568,13.3028,13.2228,12.9678
NOX_ICAD,2021-10-10,1867,False,2,24.2228,26.6388,28.8248,31.2018,34.0708,37.7118,41.4438,44.5428,46.8148,47.9848,48.4068,48.3008,47.9628,47.4928,46.1898,43.3328,40.5208,39.2498,37.9838,35.0788,31.2778,27.4008,24.1728,22.2578,20.7938,19.0348,17.5758,17.1338,17.2128,17.2838,16.7688,15.1188,13.1588,11.6958,10.6788,10.0618,9.81778,10.0128,10.4998,11.2898,12.9498,15.9308,17.6808,15.6398,12.6618,11.5808,11.5748,11.7118,11.9288,12.1288
NOX_ICAD,2021-10-10,1870,False,3,320.605,352.138,387.421,414.855,435.587,451.11,465.652,482.788,501.373,519.036,527.885,518.577,496.247,465.122,435.582,417.247,405.852,397.708,392.546,391.019,389.921,386.238,381.149,375.652,368.301,356.625,338.151,309.58,276.22,242.707,210.596,181.21,154.755,132.017,112.504,96.5659,84.4349,77.0299,71.8919,66.9719,61.5239,55.1149,48.9099,44.0259,39.2509,33.3919,27.4949,22.8709,20.2509,20.4819
NOX_ICAD,2021-10-10,1875,False,1,64.3789,64.5979,65.6849,68.9179,73.9639,80.5359,86.5819,90.1149,92.3419,94.2489,94.8959,92.9789,89.4489,85.1549,81.2979,78.9469,77.1609,75.1419,73.8559,74.2749,74.1939,71.5069,68.8669,68.9459,69.6319,68.7079,66.8869,64.8769,62.2579,58.6279,56.0459,56.6619,58.6159,59.9769,59.7119,56.9009,53.6399,51.9719,51.4849,51.6749,51.5639,50.2409,48.2929,46.3209,44.7909,44.1419,43.9339,43.6719,42.5309,39.6889
NOX_ICAD,2021-10-10,1893,False,6,44.888,50.539,56.99,63.387,68.559,71.258,72.542,73.354,74.479,76.481,78.12,77.92,75.499,70.445,65.511,63.356,62.676,62.247,62.351,63.447,64.487,64.442,64.02,63.832,62.925,60.382,58.508,59.561,60.952,60.021,57.828,55.597,54.313,54.892,56.16,56.911,56.476,54.279,52.175,51.978,52.648,53.068,52.808,51.477,49.622,47.729,46.061,44.968,45.099,47.118
NOX_ICAD,2021-10-10,1894,False,0,50.2781,55.1261,64.0711,81.3221,103.584,128.704,158.894,196.565,230.825,249.685,254.676,246.312,233.214,222.466,213.287,204.021,192.495,176.592,159.581,144.706,131.914,121.179,111.805,103.37,95.0521,86.2541,77.8851,71.0811,65.9491,62.7701,60.5201,58.2831,55.2141,50.6271,46.3801,44.2341,42.1541,38.1321,33.9891,31.6511,30.0781,28.2311,26.5491,25.6171,25.0731,24.6271,24.5681,25.2161,25.6951,25.1651
NOX_ICAD,2021-10-10,1913,False,6,15.4974,16.2374,16.4574,17.0454,17.6604,17.9194,18.3404,19.4954,21.0284,22.4654,22.7424,20.7164,17.6494,14.7774,12.8564,12.5554,12.5904,11.7984,11.0074,11.1354,11.6404,11.9684,12.1764,12.3844,12.7064,13.1844,13.1824,12.1154,11.3264,11.9494,11.3564,6.99544,2.97544,3.43344,5.34244,5.61044,5.02544,4.57444,4.25144,4.00444,4.24344,5.38444,6.46744,6.47644,5.58444,3.96944,2.45044,1.87944,2.46544,4.33244
NOX_ICAD,2021-10-10,1914,False,1,1.58062,1.00662,3.09062,6.58462,10.3326,14.1906,18.1966,22.2746,26.1896,28.7286,28.5696,27.4376,26.8336,25.7876,23.1896,20.4586,19.0176,18.0436,16.7906,16.2996,17.6716,19.0846,18.6896,17.3276,15.8216,14.1296,12.1686,10.8316,11.0056,11.2876,10.4396,10.2656,12.5546,14.6196,13.8266,12.8146,14.1986,15.6316,14.6686,13.1446,12.9176,12.8356,11.5986,9.73562,7.92062,7.11662,8.25062,9.72462,9.93262,9.04162
NOX_ICAD,2021-10-10,1916,False,1,3.14716,3.81316,4.90716,6.08516,7.50816,9.46816,12.0382,15.3012,18.3792,20.2922,20.7602,19.4652,18.0252,17.9512,18.4412,18.6232,18.3782,17.6242,16.6272,15.6632,15.1922,15.5712,15.3372,13.0612,10.5682,9.79116,10.4652,12.2072,13.1942,11.7082,9.57716,8.64616,8.58916,9.02716,9.67116,10.3402,11.0092,11.5912,11.4812,10.0932,8.87716,9.20116,9.57916,8.58016,7.83916,9.02916,10.5062,10.4952,9.20416,6.93616
NOX_ICAD,2021-10-10,1935,False,0,12.3825,26.3425,56.5945,93.3435,127.754,160.484,193.298,228.467,266.982,296.93,305.333,302.814,298.755,293.283,285.193,277.33,272.402,267.788,260.842,253.49,247.812,243.053,238.286,232.522,224.817,216.526,209.076,203.225,199.846,197.997,196.898,195.492,192.773,188.953,184.149,178.895,173.534,167.779,161.21,154.056,146.475,138.705,130.812,122.128,111.967,101.869,93.3215,85.1195,76.3165,69.4905
NOX_ICAD,2021-10-10,1953,False,-2,36.1206,41.1546,48.2576,57.2086,65.6756,71.2696,74.3396,75.1406,75.6696,77.5376,78.8396,77.5346,75.4276,74.3246,73.8106,73.2136,71.3526,67.1566,63.2236,62.1946,62.7776,63.6346,63.8386,62.4016,58.8656,52.6626,46.2356,41.9066,38.7126,35.6846,32.8546,30.4276,28.2616,26.2416,24.2556,22.2536,20.5186,19.4796,19.5796,21.2646,22.6866,22.0706,20.8866,20.6376,20.9236,21.2026,20.8826,19.5036,18.6506,19.8216
NOX_ICAD,2021-10-10,1957,False,-1,8.97126,8.37526,8.05126,8.52826,10.2033,11.5923,11.3993,11.9163,15.3983,18.8833,19.2903,18.0553,16.6273,15.3003,14.2253,13.6603,13.8993,14.3043,14.2743,14.0003,13.6413,12.8433,11.2393,9.77826,9.42426,9.65126,9.95826,10.3273,10.7513,10.7163,9.69226,8.49426,7.92826,7.70926,7.54126,7.43226,7.50426,8.14526,9.69026,10.7303,9.87426,8.56726,8.26226,8.52826,8.88026,9.24026,9.63526,10.3033,11.3953,11.7863
NOX_ICAD,2021-10-10,1970,False,1,32.6175,39.3985,47.8055,55.8135,61.2235,65.2755,69.1045,72.5135,75.0965,77.3855,79.5845,79.5985,75.2205,70.2625,68.2495,66.1545,60.8935,55.7445,54.2175,54.6145,55.3425,56.7955,59.5775,62.1115,62.5755,60.3475,54.6625,48.0775,42.9505,38.9035,35.5425,32.9255,31.2965,30.0525,28.6705,27.1905,25.7295,24.5255,23.7705,22.7625,20.8965,19.5405,20.0995,21.1885,21.2995,19.9435,16.7255,13.7325,12.9585,12.9135
NOX_ICAD,2021-10-10,1971,False,8,10.0239,12.3469,15.0539,17.7989,20.4639,22.8519,24.2279,23.8309,23.2969,24.1619,25.1999,25.0529,23.9749,22.2539,20.6459,19.8449,19.4679,19.1659,19.0419,19.1879,18.8059,17.0269,14.4599,11.8089,10.4309,11.6409,13.2889,13.2669,12.3119,11.2029,9.99794,8.66194,7.51194,6.88494,6.52394,6.23694,6.27694,6.92694,7.56794,7.57994,7.24994,6.83894,6.23394,5.28894,4.41794,4.04294,3.90094,3.78394,3.99994,4.93294
NOX_ICAD,2021-10-10,1989,False,2,14.0338,20.4588,26.9048,33.2578,38.4018,41.0658,42.4878,43.7938,45.4198,47.4988,48.4158,46.3358,42.1868,36.8518,32.2968,30.4728,30.5978,32.0588,34.1038,36.1218,37.3388,36.9548,35.8788,35.5658,36.8478,37.9448,37.0748,35.3458,33.8598,32.5628,31.2608,29.7388,27.8578,26.4358,26.3318,26.8128,27.1418,27.0088,26.1288,24.8808,23.6678,23.1038,23.7858,24.7208,25.0138,25.4508,26.9778,29.5298,32.9768,35.7738
NOX_ICAD,2021-10-10,1996,False,-1,6.41926,8.27326,12.0883,16.6953,20.8913,23.7903,24.5163,24.5553,25.2823,26.4233,27.4953,27.6083,25.8593,23.5953,22.1673,21.7053,22.3103,23.1823,23.5133,22.7923,20.5263,18.1103,16.8883,16.3153,15.7473,14.5783,12.3383,10.5383,10.7273,11.8483,12.8623,13.6433,14.1453,14.3863,14.3373,14.1513,13.9003,13.2563,11.8853,10.5673,10.0823,9.97626,9.83126,9.92226,10.5833,11.3303,11.6813,11.8163,11.9153,11.9483
