channel,source_day,pass_index,normalized:,pollutant_offsets,t_-5.000,t_-4.500,t_-4.000,t_-3.500,t_-3.000,t_-2.500,t_-2.000,t_-1.500,t_-1.000,t_-0.500,t_0.000,t_0.500,t_1.000,t_1.500,t_2.000,t_2.500,t_3.000,t_3.500,t_4.000,t_4.500,t_5.000,t_5.500,t_6.000,t_6.500,t_7.000,t_7.500,t_8.000,t_8.500,t_9.000,t_9.500,t_10.000,t_10.500,t_11.000,t_11.500,t_12.000,t_12.500,t_13.000,t_13.500,t_14.000,t_14.500,t_15.000,t_15.500,t_16.000,t_16.500,t_17.000,t_17.500,t_18.000,t_18.500,t_19.000,t_19.500
PN_TUG_DC,2021-09-26,8,False,2,385.717,418.517,1803.34,7840.09,13988.5,15898.6,17699.9,23397.9,30256.2,37123.2,41135.7,35356.3,28611.8,28289.2,28367.6,23341.4,16965.5,11116.1,6894.52,7715.82,9379.01,8917.62,8098.08,8200.86,8503.67,8556.76,8431.68,7949.19,7420.11,7087.54,6885.96,6938.88,7113.2,7447.88,7597.1,6949.06,6140.24,5575.22,5106.57,4720.35,4324.78,3817.83,3339.65,3076.04,3006.46,3387.32,3727.95,3481.38,3088.15,2781.32
PN_TUG_DC,2021-09-26,14,False,3,449.042,314.83,265.062,449.898,655.588,700.37,749.153,974.219,1245.37,1495.48,1630.76,1393.51,1118.73,1085.83,1088.44,968.931,806.482,621.209,493.717,587,715.924,747.345,763.61,826.607,902.135,972.471,1000.26,887.329,760.813,727.643,704.83,624.002,549.241,554.17,583.647,617.305,632.56,581.495,544.484,621.735,707.003,705.589,693.611,732.895,796.524,892.018,983.744,1030.65,1051.51,1028.02
PN_TUG_DC,2021-09-26,42,False,3,5454.04,5826.9,6127.16,6393.12,6614.24,6842.99,7142.38,7460.63,7771.24,8006.14,7988.14,7914.46,7898.17,7775.02,7223.45,6542.81,5849.65,5330.61,5421.08,5637.78,5679.3,5607.26,5323.45,5011.25,4809.54,4561.75,4043.34,3464.89,2952.96,2557.04,2493.03,2511.8,2483.57,2382.69,2081.44,1766.76,1605.8,1492.26,1387.01,1270.57,1110.03,1004.61,1133.03,1303.54,1384.83,1424.32,1410.49,1385.34,1374.31,1388.89
PN_TUG_DC,2021-09-26,52,False,3,446.019,469.695,552.809,1191.9,3687.34,6563.41,8891.2,10778.9,11708.9,12376.3,13075.8,13177.2,11176.6,8686.97,6620.67,5079.38,4912.01,5110.66,5203.09,5278.62,5411.82,5558.1,5688.42,5707.94,5361.04,4900.62,4416.28,3999.67,3837.96,3741.3,3613.62,3454,3217.95,2999.79,2919.23,2863.43,2754.7,2617.85,2438.96,2291.94,2296.1,2322.34,2273.68,2216.28,2204.4,2193.48,2139.05,2042.73,1845.85,1632.26
PN_TUG_DC,2021-09-26,62,False,3,571.591,607.451,1327.77,32711.2,169038,324936,443121,535749,578624,608876,644239,650325,549970,424415,318665,233087,196531,171447,137252,106068,94709,87562.4,75161.8,64799.7,66866.6,72202.4,76327.3,78782.8,76771.4,73358,69572.1,66160.5,64379.5,63002.1,61374.5,59249.4,55671.2,51792.2,48325.5,44961.7,41531.3,38113.5,34813.2,31738.3,29323.5,27084.6,24793.2,22446.5,19966,17436.6
PN_TUG_DC,2021-09-26,70,False,5,1799.06,736.303,546.36,5082.3,11073.3,17320.6,22405,23271.8,23728.1,26946.6,29372.5,26264.6,21368.9,15874.1,11038.6,9039.17,7858.1,6667.52,5641.62,5216.38,5039.85,5120.12,5222.61,5149.49,5029.87,4927.19,4833.39,4750.87,4623.28,4328.26,3960.51,3508.32,3000.45,2385,1798.23,1419.08,1164.7,1133.3,1183.59,1295.07,1442.85,1655.69,1858.53,1961.41,2004.33,1940.59,1847.74,1760.72,1693.98,1690.2
PN_TUG_DC,2021-09-26,77,False,7,317.362,467.771,688.269,1075.99,1461.45,1673.01,1858.89,2130.51,2398.85,2567.34,2646.43,2517.7,2348.56,2246.14,2132.67,1912.91,1666.88,1436.95,1214.72,1003.07,831.068,786.066,798.646,882.551,962.13,956.814,944.869,994.405,1020.63,904.232,745.683,585.759,471.051,512.44,583.121,598.91,600.05,606.854,624.777,674.601,716.464,698.773,655.467,583.757,514.823,483.972,485.13,558.126,634.892,653.827
PN_TUG_DC,2021-09-26,106,False,6,257.387,856.671,2090.03,4954.44,8234.35,11320.2,14263,16924.2,19747.6,23382.9,26100.6,24841.6,22683.9,21401.9,20252.5,18653.3,16767.4,14356.8,12147,11147.8,10362.4,9107.73,8016.27,7965.48,8184.66,8289.91,8271.36,7947.07,7545.78,7184.07,6857.55,6611,6396.33,6213.05,6074.75,6060.19,6049.17,5926.62,5760.53,5557.12,5366.51,5256.3,5157.62,5019.75,4935.99,5076.34,5180.05,4933.44,4609.62,4371.26
PN_TUG_DC,2021-09-26,109,False,-1,5635.14,6118.21,6570.44,6842.95,7097.55,7468.51,7790.1,7828.14,7967.55,8731.28,9269.92,8407.18,7233.5,6392.04,5659.4,4956.33,4108.76,2743.18,1550.79,1473.14,1653.51,1606.76,1503.27,1439.18,1394.13,1374.07,1374.27,1419.16,1454.34,1412.28,1379.7,1457.4,1567.09,1675.19,1735.16,1631.63,1493.18,1396.82,1281.83,1060.02,841.348,741.005,689.999,690.439,711.775,754.775,807.43,872.07,937.863,994.884
PN_TUG_DC,2021-09-26,115,False,8,755.02,744.422,748.553,848.014,983.629,1148.01,1302.32,1393.95,1472.76,1569.41,1639.62,1599.76,1510.09,1359.16,1213.57,1146.9,1103.42,1060.67,1017.57,973.569,948.611,990.189,1046.78,1088.28,1109.96,1078.17,1008.68,862.203,687.938,495.504,345.889,361.502,414.397,431.531,471.394,626.219,794.621,893.657,931.188,826.447,678.184,521.175,353.999,160.457,0.36034,-17.6567,15.9933,85.8243,166.637,249.704
PN_TUG_DC,2021-09-26,124,False,5,-570.837,-1060.5,-815.275,-312.692,338.616,948.806,1276.85,1652.74,2471.94,3213.94,3242.9,3019.78,2644.21,2300,2211.07,2186.49,2127.75,2057.64,1983.98,1895.75,1761.67,1659.23,1710.99,1772.37,1712.48,1619.33,1534.56,1486.42,1554.21,1603.8,1474.88,1303.2,1163.87,1058.7,1037.2,1014.31,903.716,787.873,743.249,760.625,919.508,1088.76,1152.6,1175.68,1164.45,1143.07,1120.06,1093.11,1053.95,1011.85
PN_TUG_DC,2021-09-26,141,False,4,662.662,1509.4,5108.12,9493.23,13841.1,18120.4,22231.1,26726.9,32687.5,37737.8,38162.1,36577.4,32696.1,28362.5,24718.8,20861.8,15570.8,10249,6273.46,3261.44,2219.04,1701.27,1039.09,471.52,388.688,420.72,363.854,291.849,260.411,258.295,316.106,387.117,444.3,506.167,598.731,710.712,858.754,1009,1130.64,1229.43,1277.83,1297.49,1267.64,1203.63,1071.26,935.906,859.395,845.427,987.68,1157.37
PN_TUG_DC,2021-09-26,183,False,4,122.418,60.8607,65.2347,263.191,499.83,676.832,840.46,1019.15,1210.83,1429.72,1569.26,1408.33,1188.41,1065.58,977.026,907.348,832.165,720.115,609.391,539.798,464.418,328.469,207.776,200.514,221.102,223.947,219.095,206.299,194.088,191.477,182.513,142.336,108.355,127.046,160.737,193.14,217.466,215.839,217.672,257.063,294.053,285.059,264.774,252.356,266.389,362.866,454.925,449.248,411.407,360.946
PN_TUG_DC,2021-09-26,185,False,2,43.3916,11.0446,65.2386,245.199,773.624,1409.82,2068.12,2641.63,2902.34,3058.2,3161.96,3136.05,2712.41,2186.18,1704.31,1289.58,1059.41,881.217,698.753,533.262,432.242,359.938,322.248,292.514,256.305,226.146,224.093,249.626,341.421,418.18,377.155,309.928,270.371,234.91,185.269,139.296,120.743,124.762,179.594,264.39,401.515,532,587.313,609.615,593.557,570.573,561.216,545.303,493.286,448.539
PN_TUG_DC,2021-09-26,212,False,6,413.686,561.463,881.674,1685.82,2570.09,3248.17,3874.2,4528.51,5126.84,5499.33,5697.24,5518.41,5235.74,4969.05,4687.53,4337.53,4022.62,3896.62,3789.08,3556.22,3299.91,3090.9,2959.68,3047.6,3148.75,3075.83,2914.23,2622.23,2299.62,2000.44,1709.09,1420.87,1152.04,947.962,791.819,736.724,719.641,732.997,744.451,718.995,657.63,510.391,379.021,387.759,424.862,418.382,366.244,202.248,55.1778,77.8178
PN_TUG_DC,2021-09-26,262,False,4,3107.63,3130.95,3160.24,3294.65,3446.74,3554.62,3667.73,3844.5,4066.97,4379.68,4574.37,4267,3628.05,2349.33,992.221,5.4412,-677.797,-687.441,-494.383,-266.619,191.551,1411.51,2688.66,3396.91,3746.35,3433.18,3014.64,2890.56,2848.6,2791.37,2743.31,2744.93,2786.95,2919.81,3124.22,3484.24,3848.47,4072.76,4275.39,4543.76,4810.21,5003.53,5183.97,5393.59,5613.74,5840.88,6084.34,6377.73,6698.31,7059.22
PN_TUG_DC,2021-09-26,264,False,7,701.327,560.185,747.316,1021.95,1270.28,1490.59,1642.3,1754.99,1801.36,1833.81,1882.79,1890.18,1737.27,1553.43,1423.74,1332.77,1319.14,1283.68,1097.05,914.813,899.795,945.824,1034.31,1132.47,1222.65,1305.8,1372.79,1428.88,1463.15,1478.06,1448.13,1418.52,1434.38,1453.47,1438.24,1426.64,1462.5,1523.38,1622.12,1697.17,1653.27,1590.6,1582.05,1578.62,1537.71,1478.24,1392.32,1290.34,1159.27,1029.39
PN_TUG_DC,2021-09-26,298,False,4,440.89,529.037,2901.11,13027.4,23872.1,29435,33093.5,35523.8,38047.1,42017.9,43890.2,37102.3,29537.2,27958.8,28127.6,28270.4,27941.5,26062.3,24092.7,23363.3,23096.4,23162.3,22788.8,20581.5,18134.7,16693.7,15415.6,13676.6,11635.5,9040.35,7102.56,7975.1,9232.72,9005.8,8337.53,7654.9,7171.65,7374.43,7536.04,6870.86,6022.01,5372.7,4868,4655.61,4463.68,4051.43,3568.83,3066.19,2578.88,2164.57
PN_TUG_DC,2021-09-26,330,False,6,-26.1637,-2710.28,-3246.92,5790.43,16615.5,24017.5,30121.5,35249.8,40703.4,48152.1,53039.8,47101.5,38875.2,33581.6,28936.8,23527.2,18137.5,13624.9,10238.4,9843.8,9715.74,7532.34,5131.28,4055.05,3352.35,2601.2,1889.55,1373.08,938.707,594.994,384.786,544.084,717,568.986,363.167,281.032,224.375,130.049,39.3533,0.17032,-8.34568,37.3333,101.533,175.136,221.618,166.035,105.468,129.651,172.019,191.888
PN_TUG_DC,2021-09-26,331,False,5,757.606,777.032,863.085,1179.18,1534.6,1795.16,2002.36,2122.18,2231.72,2390.33,2478.35,2274.23,2037.7,1981.31,1958.78,1871.14,1772.03,1699.73,1636.61,1576.89,1480.57,1255.4,1025.75,909.498,824.304,732.558,658.499,652.964,669.615,693.229,675.359,509.359,364.822,442.012,560.644,600.25,642.537,775.07,948.056,1168.5,1345.69,1326.5,1244.88,1144.09,1028.82,881.722,744.661,674.142,631.337,617.343
PN_TUG_DC,2021-09-26,351,False,3,608.158,556.326,544.645,731.674,969.74,1185.08,1399.94,1637.63,1896.12,2201.33,2436.88,2385.82,2273.24,2234.5,2193.18,2066.69,1901.13,1687.3,1497.83,1439.59,1398.39,1284.77,1163.09,1087.12,1032.69,1006.91,1011.91,1094.44,1182.12,1210.54,1233.21,1295.57,1358.65,1383.46,1371.31,1270.5,1161.33,1112.08,1095.94,1133.4,1177.55,1191.84,1206.65,1253.28,1302.51,1328.23,1331.82,1282.68,1217.25,1148.14
PN_TUG_DC,2021-09-26,720,False,4,699.666,701.873,721.933,804.233,912.977,1050.61,1188.95,1301.55,1417.33,1568.55,1670.27,1565.58,1409.58,1283.07,1167.99,1061.21,949.319,811.816,673.79,559.213,434.927,254.383,93.7204,58.7644,84.9344,195.717,315.541,383.25,450.082,565.889,667.252,668.974,625.682,528.164,464.43,570.065,692.433,703.101,691.712,717.139,756.165,803.773,823.77,740.236,631.989,541.798,449.616,332.136,222.751,166.94
PN_TUG_DC,2021-09-26,769,False,6,465.364,571.678,726.797,986.853,1258.06,1463.89,1675.1,1970.67,2278.55,2542.23,2718.58,2638.74,2511.29,2475.07,2460.48,2427.15,2374.14,2272.86,2169.54,2107.43,2063.8,2042.11,2013.73,1941.3,1884.75,1926.97,1986.11,2003.68,1972.47,1815.53,1639.17,1520.79,1403.5,1231.77,1073.15,1015.45,1019.71,1138.75,1375.35,1904,2522.75,3159.31,3716.31,3981.95,4127.49,4147.78,4054.57,3692.07,3232.47,2708.2
PN_TUG_DC,2021-09-26,820,False,5,918.188,936.864,1062.81,1287.59,1745.28,2217.98,2509.89,2728.24,2874.33,2971.34,2967.64,2848.92,2434.64,1993.82,1756.97,1611.21,1573.79,1561.3,1528.23,1496.15,1488.77,1487.08,1480.05,1467.83,1442.83,1400.69,1312.08,1210.95,1113.07,1020.42,941.94,854.263,721.111,591.77,522.446,521.698,697.901,943.995,1253.65,1529.66,1627.46,1684.99,1780.66,1830.06,1679.86,1455.91,1178.52,941.003,893.014,895.155
PN_TUG_DC,2021-09-26,839,False,3,568.812,706.48,1160.97,2030.52,4011.29,6089.46,7394,8429.38,9315.91,10124.7,10797.3,10997.2,9706.04,8228.43,7599.57,7327.11,7424.67,7575.99,7548.71,7450.43,7288.79,7133.78,7063.13,6992.27,6836.22,6670.38,6558.33,6533.13,6751.08,6941.89,6792.19,6380.28,5408.26,4400.64,3826.06,3310.57,2564.35,1841.8,1436.76,1200.4,1225.94,1270.06,1118.97,918.592,745.293,587.757,456.538,348.064,291.732,238.452
PN_TUG_DC,2021-09-26,850,False,6,7567.43,12417.6,9563.89,5656.69,5858.87,7752.11,11315.6,15166.2,18361.1,21074.4,22764.6,23077.5,19660.7,15518.3,12595.8,10184.3,8282.57,6187.78,2945.61,163.692,117.855,688.796,646.73,473.037,477.531,531.525,573.49,603.052,603.336,603.61,633.037,671.149,709.685,740.111,743.125,770.771,911.522,1110.03,1396.89,1795.55,2490.95,3196.32,3639.76,3997.27,4321.48,4612.18,4815.15,4858.3,4438.52,3945.99
PN_TUG_DC,2021-09-26,855,False,4,1516.7,1588.85,1665.18,1820.82,1992.35,2138.45,2253.73,2289.06,2321.66,2422.96,2480.32,2317.18,2114.4,1995.02,1873.81,1661.91,1447.33,1315.16,1223.53,1188.43,1154.28,1068.22,996.184,1023.95,1043.51,935.22,817.543,795.713,789.229,739.072,680.206,635.561,592.179,538.742,487.356,453.609,440.791,481.952,514.974,466.156,398.125,346.029,301.131,264.421,224.518,165.931,118.379,127.614,150.638,164.464
PN_TUG_DC,2021-09-26,863,False,8,34320.2,37223.5,40464.9,45452.3,50728.9,55234.6,58725.9,59524.1,60611.7,65299,67517.3,57627.8,45763.8,39211,34083,28458.7,21937.4,12907.6,5296.32,5073.36,6363.22,5477.63,4198.51,3786.06,3498.11,2759.62,1978.18,1506.61,1175.99,1019.57,936.659,934.652,915.493,760.944,707.359,1136.35,1621.95,1819.65,1937.57,2071.59,2217.71,2385.79,2494.36,2377.86,2287.14,2517.24,3105.63,4603.56,6148.3,6950.15
PN_TUG_DC,2021-09-26,920,False,5,700.165,637.388,627.821,889.719,1206.59,1440.14,1604.96,1619.1,1644.7,1857.18,2011.92,1779.77,1455.31,1201.82,1032.41,1077.92,1118.93,932.506,779.453,970.376,1250.93,1493.83,1661.39,1610.37,1553.06,1690.82,1826.79,1759.96,1636.36,1521.66,1438.94,1455.71,1478.72,1423.85,1347.29,1274.91,1222.2,1232.66,1261.66,1291.4,1316.18,1323.52,1326.22,1330.05,1324.11,1282.74,1212.2,1077.23,955.99,946.047
PN_TUG_DC,2021-09-26,927,False,6,561.478,628.193,675.407,776.987,907.665,1082.77,1237.72,1279.8,1322.1,1476.42,1587.64,1437.69,1235.04,1112.67,1028.2,992.399,968.262,936.723,919.304,957.989,996.568,978.318,931.502,843.114,736.674,609.59,498.226,461.681,454.144,471.827,496.751,521.561,528.488,474.209,412.839,388.246,376.971,374.795,388.353,447.557,525.399,621.28,692.174,659.267,604.195,576.581,560.317,554.905,547.382,522.725
PN_TUG_DC,2021-09-26,986,False,0,724.91,667.01,630.682,696.756,780.38,823.357,908.289,1179.07,1486.17,1730.92,1891.38,1825.35,1729.12,1753.35,1761.68,1592.85,1364.83,1112.18,924.373,982.318,1051.01,911.686,743.805,687.85,695.654,809.502,925.562,945.353,989.722,1214.17,1417.4,1366.57,1241.54,1115.81,997.751,904.911,813.583,702.697,603.375,563.976,551.714,573.204,608.189,656.044,690.836,668.207,641.822,659.476,670.114,612.812
PN_TUG_DC,2021-09-26,1017,False,6,3435.05,13935.2,22927.9,18731.8,15147.5,26823.9,38977.1,37576.1,38449.2,60609.6,79696,66804.3,45583.4,27813.5,14474.6,12719.3,12896.1,8221.82,3472.29,3391.25,4430.53,4631.14,4433.67,3732.56,2828.48,1733.79,1107.98,2282.52,3739.21,4364.93,4597.05,4318.18,4066.47,4405.82,4611.02,3760.23,2682.85,1889.71,1440.5,1883.87,2450.51,2552.51,2520.34,2496.22,2487.92,2521.33,2507.64,2290.56,2048.69,1925.04
PN_TUG_DC,2021-09-26,1688,False,-3,2369.63,10861,20593.7,27605.3,34353.9,42949.8,51453.4,57780.6,63892.9,71366.6,75794.4,68351.3,58507.7,52270.8,47763,45528.4,43731.3,41202.2,38621.9,36588.2,33736.3,27536.4,21582.2,19823.3,19090.5,17684.5,16201.7,15157.4,14252.1,13389,12784.1,13031.1,13502.5,13889.5,13946.5,12957.1,11759.8,10890.4,10130.6,9410.25,8569.18,7279.51,6075.99,5618.13,5346.78,4980.46,4977.25,6324.14,7888.78,8853.51
PN_TUG_DC,2021-09-26,1699,False,2,268.843,390.098,488.101,658.24,1100.59,1569.43,1857.34,2088.93,2308.53,2507.12,2641.73,2674.91,2423.04,2143.32,2052.1,2018.89,1995.72,1983.86,2002.97,2053.22,2179.28,2294.24,2295.3,2261.26,2220.94,2198.14,2240.2,2258.31,2129.7,1995.56,1988.91,1993.87,1910.7,1812.03,1749.18,1708.14,1705.82,1709.99,1697.77,1665.54,1580.96,1483.94,1396.49,1323.97,1293.1,1272.89,1248.35,1236.91,1274.9,1309.25
PN_TUG_DC,2021-09-26,1759,False,4,419.871,247.347,171.735,607.232,1107.75,1320.14,1436.93,1517.04,1655.66,2026.45,2284.9,1925.5,1486.61,1392.45,1389.35,1350.23,1248.23,969.443,713.735,713.877,773.466,780.976,762.449,708.415,663.253,683.084,691.176,593.765,477.084,400.477,361.592,411.798,473.915,488.581,497.73,535.637,570.816,566.826,525.975,397.913,273.199,247.068,253.346,272.751,311.968,406.966,508.602,576.85,610.255,556.932
PN_TUG_DC,2021-09-26,1791,False,4,4648.72,5412.87,6395.25,9387.85,12591.1,14491.1,15552.1,15056.7,15029,18125.2,20597.3,17795.5,14135.8,12809.8,12176.4,11553,10500.3,7986.42,5624.79,5250.3,5464.9,5709.84,5700.56,4798.39,3674.8,2685.93,1994.12,2182.07,2425.88,1987.46,1494.24,1499.73,1626.89,1670.15,1672.11,1619.35,1566.1,1564.48,1549.91,1438.46,1294.55,1136.29,991.325,906.183,847.233,818.963,805.058,810.711,829.488,874.149
PN_TUG_DC,2021-09-26,1818,False,0,139.864,-338.863,244.11,4814.88,10070.8,13703.4,16873.9,20103.3,23443.2,27054.3,29171.3,25870.6,21533.8,19035.7,16984.4,14602.3,12278.1,10506.2,9211.92,9008.63,8977.73,8456.84,7859.87,7496.41,7138,6562.63,6032.26,5874.8,5776.78,5508.3,5141.53,4608.7,4038.21,3506.33,3141,3310.66,3620.85,3880.18,4065.76,4052.43,4022.39,4128.92,4108.45,3513.54,2841.63,2480.68,2271.5,2270,2275.56,2100.82
PN_TUG_DC,2021-09-26,1819,False,4,178.531,81.5787,30.3617,269.254,611.447,1017.4,1363.44,1441.88,1480.91,1650.43,1802.89,1763.39,1643.59,1440.64,1263.7,1257.75,1277.88,1216.28,1122.38,1001.13,922.405,1016.11,1113.48,1051.26,957.767,917.408,902.857,922.88,942.378,925.853,897.638,865.2,826.792,771.815,715.72,672.053,622.054,538.712,488.542,585.764,701.404,733.383,755.303,826.814,897.135,912.786,898.133,834.382,777.626,792.73
PN_TUG_DC,2021-09-26,1850,False,0,687.124,721.441,1038.77,2346.57,3822.94,4893.25,5936.85,7299.7,8687.1,9829.31,10589.6,10280.3,9744.07,9490.33,9271.9,8886.47,8504.28,8300.81,8086.05,7652.98,7180.04,6787.7,6365.7,5758.93,5090.02,4394.29,3785.94,3504.75,3313.45,3105.6,2905.6,2752.37,2640.55,2623.25,2567.34,2284.64,1964.76,1744.27,1567.17,1438.97,1326.98,1223.52,1148.6,1163.81,1196.09,1196.5,1158.52,1020.97,874.665,797.276
PN_TUG_DC,2021-09-26,1865,False,1,213.301,0.01006,498.13,1178.71,1774.88,2282.73,2579.89,3008.61,4094.41,5079.45,5059.17,4795.61,4701.09,4622.12,4418.11,4081.51,3415.37,2737.12,2345.39,2025.79,1668.81,1398.69,1467.66,1621.5,1727.94,1776.23,1673.17,1510.45,1294.03,1114.95,1117.57,1176.44,1247.29,1312.33,1346.94,1383.52,1457.03,1524.36,1533.75,1546.19,1627,1712.64,1745.89,1754,1727.74,1674.55,1562.28,1430.97,1293.74,1195.72
PN_TUG_DC,2021-09-26,1866,False,3,657.828,742.067,842.132,917.47,994.656,1103.81,1233.18,1399.73,1555.98,1639.27,1684.88,1673.65,1647.92,1628.29,1604.24,1558.35,1503.41,1439.54,1388.61,1390.74,1391.22,1333.51,1285.67,1330.23,1393.14,1426.43,1443.63,1435.26,1407.9,1339.64,1232.02,1029.36,805.216,602.122,425.94,321.424,255.802,253.149,274.496,316.308,365.152,417.786,452.173,419.978,371.802,335.358,314.983,337.718,365.863,369.967
PN_TUG_DC,2021-09-26,1921,False,2,-12.2814,0.25064,108.3,497.68,918.23,1165.13,1348.71,1490.75,1677.28,2054.39,2351.17,2181.68,1957.52,2011.63,2122.04,2144.42,2107.48,1956.65,1811.15,1796.94,1808.23,1774.77,1700.37,1530.82,1353.41,1243.22,1135.48,968.784,806.615,719.548,656.304,599.68,539.944,464.116,412.838,461.778,511.579,464.605,412.933,442.273,484.973,492.517,506.909,580.411,659.729,699.372,711.817,670.348,609.966,538.399
PN_TUG_DC,2021-09-26,1922,False,5,1897.07,2060.91,2161.9,2217.57,2273.02,2370.94,2445.57,2398.32,2369.7,2525.37,2647.25,2468.09,2234.51,2114.17,1978.5,1674.65,1328.42,1005.17,702.372,446.66,231.754,112.528,87.481,290.45,483.265,414.242,291.024,244.507,236.169,280.628,322.414,302.991,275.862,283.92,310.905,367.608,432.364,495.234,547.829,567.123,580.136,604.782,634.412,669.205,698.36,703.113,706.671,729.953,735.325,659.261
PN_TUG_DC,2021-09-27,4,False,3,2662.25,2277.09,2159.45,3197.81,4486.19,5474.01,6119.09,5895.49,5662.31,6252.28,6673.28,5683.71,4380.19,3414.54,2771.62,2892.35,3120.24,2958.43,2734.26,2690.1,2703.72,2734.18,2774.61,2832.97,2856.62,2743.27,2616.54,2580.22,2549.16,2445.23,2332.97,2266.09,2237.42,2293.9,2342.22,2277.63,2183.78,2102.99,2050.08,2079.14,2115.35,2095.07,2084.07,2161.78,2249.74,2283.98,2304.01,2329.01,2345.83,2329.23
PN_TUG_DC,2021-09-27,26,False,0,1916.06,2536.85,3121.24,3437.05,3653.05,3794.22,3926.81,4102.92,4304.74,4549,4714.86,4568.84,4372.07,4309.36,4170.07,3631.36,3030.19,2613.47,2241.66,1838.03,1442.41,1109.58,873.689,907.602,940.081,699.886,445.08,414.33,444.913,460.821,454.112,385.751,305.456,246.165,220.556,289.365,367.31,382.565,380.175,380.109,376.454,357.373,323.732,255.294,178.388,107.11,45.1611,9.91908,-2.89492,35.1231
PN_TUG_DC,2021-09-27,33,False,1,6557.58,7266.18,7958.18,8582.13,9136.93,9524.28,9991.73,10903.1,11954.7,13037.4,13807.9,13474.7,12924.8,12724,12384.2,11207.9,9815.05,8514.31,7269.21,6118.06,4989.06,3846.19,2812.5,2171.34,1681.02,1319.92,1032.54,874.508,799.302,881.594,1004.77,1112.84,1225.63,1369.97,1482.41,1452.57,1363.6,1213.45,1065.74,986.09,905.965,756.549,621.514,606.107,632.35,682.267,737.472,787.907,827.852,836.259
PN_TUG_DC,2021-09-27,39,False,4,0.4951,-76.3449,34.2201,253.16,657.225,1068.45,1321.45,1560.91,1911.7,2237.09,2360.04,2335.12,2003.83,1626.66,1395.88,1203.88,997.993,817.274,739.122,718.06,790.975,870.127,877.334,853.578,795.632,733.073,688.737,669.356,717.407,773.776,791.642,801.014,820.061,842.823,868.139,881.221,850.091,827.117,876.557,947.711,1020.62,1073.32,1054.83,1006.98,928.904,842.104,754.971,672.032,604.082,555.778
PN_TUG_DC,2021-09-27,40,False,3,738.11,960.502,1153.93,1394.5,1826.48,2276.29,2594.98,2829.52,2906,2937.11,2967.07,2934.27,2685.26,2392.84,2168.09,2018.24,2057.16,2127.03,2115.61,2083.77,2064.27,2057.11,2078.88,2079.01,1976.19,1867.47,1841.04,1820.11,1735.18,1631.57,1527.51,1402.98,1207.19,971.316,669.389,393.398,272.729,205.612,167.932,150.14,173.066,221.57,317.571,414.166,465.501,499.076,516.83,526.278,522.358,507.554
PN_TUG_DC,2021-09-27,49,False,1,-271.771,-1497.44,-2196.03,-210.958,2162.68,3194.66,4088.64,5875.37,8254.49,11748.7,14432.4,13223.1,11474.6,11756,12288.7,11633.4,10701.2,10019.4,9558.01,9593.67,9578.4,8894.14,8100.74,7600.99,7107.87,6342.94,5651.28,5486.14,5454.44,5352.69,5133.32,4582.26,3958.81,3417.29,2930.52,2548.24,2185.29,1787.33,1462.49,1425.48,1452.17,1411.65,1385.72,1479.12,1591.43,1649.59,1705.87,1809.75,1893.45,1858.08
PN_TUG_DC,2021-09-27,64,False,5,2149.98,2670.89,3507.66,4410.15,5235.71,6182.5,7622.16,9005.68,9699.58,10102.6,10193.8,10186.2,10145,10111.3,10131.1,9996.39,9274.98,8413.05,7653.73,6960.9,6392.45,5925.07,5682.47,5476.04,5169.09,4770.74,4159.05,3491.78,2844.02,2157.57,1320.26,591.307,387.759,344.909,330.403,317.231,284.425,257.722,271.607,285.357,258.239,232.229,251.583,299.018,397.213,487.654,501.181,504.237,548.348,602.133
PN_TUG_DC,2021-09-27,74,False,5,8759.94,9718.3,10356.4,10835.6,11087,11288.3,11541.1,11782.3,11930.2,12030.5,12056.8,11940,11401.9,10749.3,10119.7,9426.22,8488.12,7554.06,6881.27,6385.43,6239.12,6251.91,6469.06,6845.36,7568.25,8344.23,8957.54,9485.44,9882.41,10195.4,10346.6,10393,10237.9,10019.4,9783.6,9593.75,9577.71,9579.33,9467.68,9307.75,9095.78,8873.89,8667.92,8423.72,8031.88,7626.93,7325.01,7076.82,6910.21,6771.46
PN_TUG_DC,2021-09-27,75,False,3,3084.32,2212.29,1666.77,2375.3,7101.51,13343.9,20829.1,29540.4,41223.4,51800.6,55553.1,55634.1,49891.6,42894.3,37324.4,31674.7,24287.9,16710.3,10252.8,5372.65,4799.99,5161.93,4458.78,3694.64,3813.96,4107.06,4108.77,4015.83,3894.36,3787.81,3759.49,3769.32,3831.88,3884.91,3852.31,3770.81,3606.39,3415.8,3217.1,3014.5,2806.15,2603.63,2427.08,2263.77,2120.67,2002.22,1948.93,1916.5,1891.29,1877.11
PN_TUG_DC,2021-09-27,108,False,5,2379.36,2758.57,2923.79,3457.04,5474.61,7828.65,9851.59,11483.1,12106.5,12522.8,13216.5,13486.8,12013.6,10164.1,8769.75,7877.73,8250.26,8886.1,9169.71,9331.49,9433.56,9507.46,9540.66,9542.93,9479.4,9424.58,9463.74,9464.76,9240.75,8995.03,8897.96,8761.56,8339.14,7836.75,7353.16,7188.8,8104.09,9254,10139.4,11135.5,12784.1,14547.6,16047.5,17252.8,17709.9,17992.6,18409.8,18477,17198.5,15654.3
PN_TUG_DC,2021-09-27,127,False,-4,63.9944,0.25544,390.901,2234.84,4309.7,5726.46,6822.09,7477.34,8007.09,8532.62,8804.57,8205.52,7503.35,7316.66,7307.8,7390.15,7452.54,7357.77,7185.08,6900.48,6557.49,6129.02,5892.63,6404.35,7136.33,7873.11,8323.22,7789.21,7181.17,7294.98,7355.76,6505.88,5447.85,4592.48,4022.79,4225.73,4463.03,4053.56,3683.35,4099.3,4673.62,5007.88,5425.02,6371.27,7352.24,7923.51,8425.09,9100.28,9857.1,10710.3
PN_TUG_DC,2021-09-27,161,False,8,3164.2,3373.2,3578.57,3798.44,4070.13,4291.79,4289.37,4244.37,4278.13,4390.66,4688.67,4792.04,4042.59,3215.83,2974.89,2850.7,2536.66,2124.45,1572.47,1185.46,1504.1,1927.85,2009.08,2034.2,2213.22,2438.53,2666.62,2868.39,2976.91,3031.37,2992.79,2943.78,2951.86,3003.7,3148.32,3293.52,3349.24,3411.76,3584.62,3657.78,3276.4,2792.9,2412.24,2068.79,1748.15,1449.49,1206.02,1029.59,1028.09,1016.56
PN_TUG_DC,2021-09-27,368,False,-1,2287.07,2159.11,2164.43,2708.68,3341.1,3739.56,4111.82,4631.43,5195.42,5758.24,6106.68,5719.23,5210.36,5015.36,4804.67,4221.57,3568.52,3050.55,2650.43,2518.1,2409.03,2115.11,1832.98,1777.92,1770.7,1700.58,1620.77,1572.56,1554.51,1609.37,1719.17,1945.3,2177.62,2314.23,2372.96,2259.16,2093.21,1918.69,1729.65,1498.27,1273.62,1116.13,1045.26,1205.55,1410.31,1537.67,1629.35,1676.98,1717.19,1774.41
PN_TUG_DC,2021-09-27,485,False,2,5404.51,5524.85,5631.88,6274.61,8789.47,12190.6,16767.6,21160.1,23742.7,25364.5,25484.6,25078.5,24320.4,22513.7,17439.3,11908.2,8080.94,5378.44,4830.89,4815.01,4495.72,4196.78,4285.78,4437.93,4417.81,4342.69,4252.79,4161.09,4076.2,3973.16,3800.84,3618.99,3474.1,3359.34,3310.55,3253.26,3100.25,2890.52,2581.32,2254.34,1964.05,1657.55,1259.07,891.838,725.081,627.462,567.72,528.103,522.228,552.507
PN_TUG_DC,2021-09-27,598,False,4,841.561,888.209,1082.35,1263.87,1258.05,1316.97,1787.51,2363.65,2888.39,3274.23,3235.88,3120.32,3158.04,3086.08,2480.18,1769.34,1234.43,884.383,991.96,1189.33,1241.8,1304.32,1548.92,1814.22,1967.01,2052.74,2021.05,1970.33,1970.29,1978,1961.02,1939.98,1929.86,1919.69,1898.72,1892.57,1949.5,2063.01,2308.24,2569.48,2754.86,2922.6,3105.61,3267.67,3340.31,3339.26,3174.01,2990.44,2908.04,2889.75
PN_TUG_DC,2021-09-27,623,False,3,1619.51,1690.54,5180.63,20358.4,35921.5,41162,44757.3,53105.7,63955.3,78440.6,86997.1,71580.7,53365.8,49424.2,47239.2,36677.6,23822.3,11596.4,2345.85,2654.81,4719.78,3307.74,1388.14,1259.69,1576.1,1612.73,1592.6,1668.54,1740.1,1698.23,1616.39,1511.65,1442.39,1517.17,1610.14,1622.04,1622.05,1663.56,1734.82,1865.87,1979.12,1971.83,1944.09,1967.08,2019.12,2118.34,2169.03,2005.96,1806.22,1694.12
PN_TUG_DC,2021-09-27,646,False,1,3137.39,3118.85,3278.66,4119.5,5109.15,5929.04,6610.63,6990.58,7335.32,7853.73,8220.14,7887.99,7442.81,7305.19,7181.58,6793.97,6340.12,5925.13,5577.59,5421.17,5278.85,4997.96,4819.83,5135.93,5571.81,5924.22,6178.26,6179.87,6120.34,6100.79,6064.92,5930.7,5760.09,5562.44,5355.4,5142.53,4941.1,4785.23,4660.74,4598.67,4541.45,4439.9,4365.84,4430.88,4511.05,4503.4,4443.09,4290.85,4156.42,4174.12
PN_TUG_DC,2021-09-27,674,False,0,2149.24,2225.39,2546.49,3925.81,5517.09,6774.51,7686.67,7751.22,7702.36,8098.53,8290.26,7326.74,6108.68,5173.25,4449.59,4165.12,3961.86,3601.5,3176.98,2691.57,2205.71,1779.1,1412.45,1193.08,1011.03,812.492,666.271,717.517,794.849,765.474,736.36,815.727,904.307,914.938,882.503,781.05,698.804,750.551,809.713,760.359,693.791,677.634,691.134,755.318,812.702,796.368,761.789,738.288,718.367,699.674
PN_TUG_DC,2021-09-27,734,False,4,1081.81,1018.81,948.409,1022.84,1186.16,1508.92,1818.72,1926.61,2024.12,2286.75,2516.15,2464.21,2330.14,2195.67,2089.49,2078.97,2079.66,2023.64,1961.22,1933.96,1912.22,1871.47,1725.94,1238.84,693.249,288.583,-14.3002,-108.641,-126.277,-85.7872,0.29184,187.014,395.758,579.459,720.881,740.758,673.354,427.664,202.302,223.89,290.801,266.377,229.783,244.546,284.657,359.704,421.757,404.145,354.071,272.484
PN_TUG_DC,2021-09-27,860,False,2,1131.63,1505.68,2634.3,3559.6,3082.2,4335.26,12980.9,24091.5,36243,45897,45962.6,44219.4,45757.5,45548.3,35970.1,24309.1,14878.2,7320.08,3940.5,2114.25,1491.93,1260.04,1203.34,1220.5,1324.99,1410.59,1345.39,1256.29,1235.84,1224.96,1177.11,1106.32,994.303,891.3,860.181,841.581,794.407,753.819,764.876,783.208,774.964,765.367,778.325,809.183,878.957,953.99,1008.28,1050.2,1069.81,1057.83
PN_TUG_DC,2021-09-27,1155,False,8,811.366,896.081,996.525,1387.83,1858.71,2308.57,2621.12,2485.4,2332.2,2562.23,2722.71,2258.13,1675.9,1315.61,1037.84,817.697,579.301,224.575,-55.3932,38.4508,196.532,202.376,186.341,248.707,294.686,205.581,118.341,172.669,246.994,247.896,229.887,221.439,232.722,301.264,354.933,300.315,224.799,185.551,146.594,72.3638,19.0068,73.0288,148.274,188.713,200.268,148.386,107.514,167.306,234.627,226.796
PN_TUG_DC,2021-09-27,1189,False,5,584.732,954.675,1321.91,1499.91,1657.78,1937.39,2283.05,2732.06,3145.43,3332.39,3418.72,3384.88,3326.26,3298.27,3187.59,2761.56,2311.39,2093.69,1956.64,1863.11,1773.09,1654,1549.65,1525.42,1515.19,1472.77,1411.68,1319.7,1253.31,1304.92,1350.57,1257.84,1143.35,1092.32,1036.03,897.923,771.022,764.603,774.315,718.479,635.986,528.654,446.264,473.009,476.882,293.704,106.157,91.4735,131.593,186.433
PN_TUG_DC,2021-09-27,1241,False,4,477.79,422.759,-548.458,-997.784,1269.81,4213.53,6755.43,8642.53,8696.17,8476.66,9127.45,9363.56,7286.62,4643.75,2377.01,670.17,502.433,712.595,692.296,629.474,661.291,717.963,763.842,796.582,795.155,772.637,711.393,640.313,573.977,518.53,495.991,495.86,540.315,600.423,669.528,712.55,657.663,608.315,675.377,748.782,727.176,685.883,673.049,692.443,793.084,881.307,845.838,783.765,754.42,747.984
PN_TUG_DC,2021-09-27,1461,False,5,706.502,856.003,1281.14,1882.93,2817.92,3802.95,4629.7,5413.9,6208.09,6856.66,6986.54,6780.61,5935.02,4958.82,4166.83,3406.72,2569.54,1777.25,1220.36,810.277,670.662,584.386,414.454,255.356,219.128,212.738,185.694,143.722,72.1618,8.90076,3.99176,26.5698,85.0228,134.149,115.702,81.1798,59.1348,47.4308,58.1698,63.3988,27.7008,-1.80124,31.3658,90.0288,173.27,243.08,242.92,243.847,318.494,407.71
PN_TUG_DC,2021-09-28,1373,False,6,563.589,481.197,355.086,7654.59,40546.6,77007.8,100129,116355,122344,127299,138584,142020,112081,77662.3,61234.4,51794,48200.8,44203.3,33148.5,22236.6,18902.9,17237.8,13716,10053.9,7817.09,5907.7,3703.81,1955.4,2080.18,2555.35,2366.71,2038.97,1907.79,1818.26,1671.38,1518.58,1403.22,1261.03,989.379,720.13,588.399,475.555,290.603,129.285,122.58,155.999,172.654,176.219,152.416,118.825
PN_TUG_DC,2021-09-28,1498,False,3,1440.08,1481.59,1526.24,1636.26,1966.28,2292.53,2386.18,2427.85,2523.57,2609.28,2604.87,2581.57,2583.1,2573.11,2497.98,2406.7,2325.78,2279.45,2341.1,2409.51,2393.3,2348.97,2293.04,2237.06,2191.76,2144.74,2080.7,1999.37,1875.94,1760.09,1712.39,1682.44,1645.28,1602.87,1550.54,1518.32,1564.9,1614.48,1595.62,1559.79,1534.12,1502.95,1441.93,1363.57,1255.18,1135.42,1005.92,864.721,693.318,540.655
PN_TUG_DC,2021-09-28,1537,False,6,438.832,511.208,595.3,699.704,838.54,1075.88,1331.74,1553.22,1763.54,1969.07,2119.15,2081.41,1954.92,1710.23,1453.89,1273.88,1104.68,896.543,713.216,655.691,658.818,744.901,837.849,872.612,896.297,940.212,978.271,975.268,952.88,905.006,859.914,849.73,853.953,872.847,896.046,919.688,943.084,965.124,980.323,973.076,952.323,907.801,873.789,900.02,957.239,1060.94,1172.99,1267.37,1337.71,1342.33
PN_TUG_DC,2021-09-28,1579,False,7,1520.84,1639.94,1786.64,2135.65,2524.41,2846.52,3113.97,3261.25,3391.26,3579.08,3693.56,3496.7,3233.98,3055.87,2913.49,2807.47,2706.02,2584.65,2459.49,2341.74,2238.54,2178.73,2159.04,2233.9,2308.47,2288.27,2260.23,2299.98,2337.21,2296.33,2195.98,1969.73,1742.07,1634.91,1564.97,1502.34,1448.26,1416.88,1374.44,1271.51,1162.64,1094.5,1060.93,1105.08,1151.25,1127.47,1100.49,1132.76,1173.63,1184.41
PN_TUG_DC,2021-09-28,1767,False,5,1316.99,1290.59,1414.06,1607.32,1888.2,2116.46,2078.33,2039.23,2262.17,2494.31,2493.75,2404.8,2246.39,2114.74,2142.65,2190.75,2148.28,2067.13,1944.67,1829.75,1781.05,1731.23,1611.86,1504.38,1507.48,1520.06,1454.22,1363.74,1267.74,1185.33,1153.72,1094.61,890.81,689.996,644.375,637.35,607.2,563.061,494.991,425.07,372.945,343.27,372.048,373.128,221.39,71.9487,83.1647,120.531,86.8757,49.6247
PN_TUG_DC,2021-09-28,2353,False,8,869.129,329.505,-1704.22,-124.758,15392.3,33560.6,46869.4,56025.7,55831,54109.9,56371.4,57348.2,49821.5,39149.5,26207.7,15038.1,12200.9,11954.3,12312.9,13107.2,14862.6,16948.2,19211.1,21283.3,22526.3,23515.8,24452.7,25067.6,24615.7,23817.9,22896.4,22114.5,21932.5,21998.7,22320.2,22661.9,22820.3,22835.6,22551.6,22588.9,24034.9,25932.7,27974.6,29845.4,30992.9,31996.8,33218.9,34106.6,33615.9,32718.3
PN_TUG_DC,2021-09-28,2490,False,5,1303.61,1447.88,1628.63,2103.17,2607.07,2916.38,3130.03,3210.24,3260.57,3338.59,3379.22,3263.15,3144.73,3174.19,3208.93,3113.66,3011.74,3017.08,3018.86,2901.6,2805.92,2902.56,2975.16,2772.79,2540.29,2479.63,2449.52,2350.07,2187.52,1879.19,1589.64,1509.42,1460.03,1307.22,1145.54,1057.94,984.057,883.384,802.084,813.905,807.872,647.78,479.722,439.243,450.376,510.765,573.44,596.083,622.773,703.093
PN_TUG_DC,2021-09-28,2541,False,7,360.033,243.402,245.407,665.123,1169.86,1549.58,1858.07,2049.56,2246,2572.93,2831.46,2722.93,2528.96,2408.82,2346.12,2404.37,2461.38,2393.33,2273.14,2099.01,1916.81,1759.8,1612,1470.88,1350.13,1293.13,1248.24,1181.74,1116.22,1076.58,1061.09,1102.81,1155.77,1190.13,1203.66,1164.27,1110.72,1060.49,990.381,848.352,702.803,617.669,575.054,617.801,663.238,633.312,592.011,587.382,592.566,594.398
PN_TUG_DC,2021-09-29,0,False,7,63218,59812.8,64129.5,67146.4,57912.6,50813.4,63393.6,81671.9,99763.4,113866,114544,112129,112333,108528,88257.3,66989.3,58796.4,55721.5,57117.5,59377.9,60240.2,60359,59320.8,57176.5,52350,46407.2,39286.1,31966.5,25157.7,20001.8,20023,21045.8,20377.8,20145,23138.6,26868,29892.2,32398.3,33832.2,34475.1,33446.9,31672.5,28993.1,26415.5,25072.4,23679.3,20880,17963.9,16065,14668.5
PN_TUG_DC,2021-09-29,44,False,7,913.725,813.549,804.567,1551.22,2415.04,2933.13,3688.65,5610.85,7688.74,9123.74,9914.87,9137.57,8062.01,7511.83,6786.02,4923.86,3008.01,2051.83,1571.53,1765.39,2095.03,2227.28,2332.91,2546.88,2714.79,2616.35,2540.82,2810.29,3126,3252.34,3237.37,2928.05,2604.97,2525.53,2443.52,2107.61,1727.13,1449.82,1257.4,1252.55,1276.71,1215.2,1167.55,1254.78,1380.52,1502.55,1575.16,1482.25,1358.43,1293.18
PN_TUG_DC,2021-09-29,53,False,5,346.616,320.765,322.176,311.114,367.698,5960.8,30551.3,58397.7,78397.4,92309.6,93202.4,91143.2,91715,87636.2,64842.1,39466.4,23974.8,13999.9,13054.9,14578.1,15657.1,16129.8,15021.2,13587.1,12611.6,11986.5,12096,12223.6,11687.4,11166.4,11366.5,11757.5,12073.7,12029.3,10822.2,9396.06,8380.93,7696.44,7732.02,7877.09,7685.74,7495.34,7649.8,7905.42,8161.88,8369.65,8411.55,8431.25,8539.84,8662.35
PN_TUG_DC,2021-09-29,65,False,3,229.012,357.569,565.187,952.377,1350.01,1605.18,1832.7,2107.7,2363.04,2500.94,2562.43,2478.54,2379.38,2371.48,2368.15,2288.27,2187.25,2090.25,1987.76,1861.97,1740.38,1657.03,1602.03,1606.11,1610.79,1558.99,1500.48,1475.51,1452.04,1399.63,1329.9,1230,1138.01,1102.77,1062.74,949.343,822.009,720.405,630.992,557.444,489.649,426.275,373.376,352.478,346.222,358.671,380.573,416.578,453.951,481.873
PN_TUG_DC,2021-09-29,66,False,4,151.676,181.982,210.505,238.078,202.083,34.2801,3303.74,18540.8,35835,48195.8,56311.3,54808.1,51453.7,51221.5,49242.3,38078.8,25900.3,19428.4,14807.3,10824.2,7766.47,7302.28,7348.76,6573.78,5720.74,5434.9,5179.52,4459.18,3730.34,3440.55,3250.69,2964.33,2682.95,2518.43,2388.63,2260.67,2116.03,1913.01,1705.04,1538.54,1392.84,1277.31,1180.28,1117.03,1055.13,964.521,872.802,805.991,737.591,638.714
PN_TUG_DC,2021-09-29,159,False,6,469.332,354.625,301.258,534.302,782.214,796.65,828.342,1155.25,1570.9,1992.28,2261.35,2003.38,1697.16,1749.43,1827.89,1634.31,1354.89,1055.45,822.318,836.118,918.589,990.264,1022.68,932.939,842.372,870.857,928.154,964.428,970.609,895.192,813.99,793.038,741.223,523.713,327.632,371.051,458.444,457.06,431.516,413.944,434.439,576.525,703.786,658.681,578.027,548.226,548.774,601.976,668.18,726.473
PN_TUG_DC,2021-09-29,191,False,7,3.235,-30.879,-89.696,42.395,856.476,1787.99,2440.43,2911.3,3040.3,3120.1,3364.19,3432.21,2727.55,1886.11,1348.4,989.843,940.338,965.228,940.681,918.966,958.561,1011.02,1046.01,1066.95,1057.06,1027.27,959.633,885.61,826.988,765.663,679.764,604.243,588.788,572.248,491.987,403.806,352.647,320.999,319.492,336.454,387.478,454.249,541.498,632.253,714.439,776.304,776.757,761.726,754.463,745.549
PN_TUG_DC,2021-09-29,383,False,7,3031.7,3052.53,3226.49,3389.19,3360.08,3327.96,3478.98,3706.11,4009.72,4263.09,4266.85,4160.34,3923.23,3652.88,3396.24,3130.4,2818.82,2520.84,2316.35,2165.06,2104.23,2090.24,2147.74,2206.23,2197.52,2176.16,2178.89,2188.94,2199.11,2188.06,2103.89,2003.29,1918.87,1829.46,1705.71,1556.03,1351.7,1150.4,1014.27,909.294,846.357,797.998,758.696,733.145,745.931,753.854,706.524,635.708,539.618,448.748
PN_TUG_DC,2021-09-29,392,False,7,4317.89,5130.85,5542.45,5794.42,5897.49,5936.28,5900.1,5885.06,6016.39,6169.51,6246.99,6143.2,5492.31,4773.92,4366.04,3933.19,3100.42,2182.66,1377.77,772.44,739.475,828.102,765.797,684.969,694.643,707.02,637.569,562.734,551.704,555.907,548.011,524.418,459.795,407.973,441.049,488.549,500.851,509.901,543.486,582.245,613.622,624.631,573.053,511.312,476.878,445.362,396.315,348.192,321.441,318.902
PN_TUG_DC,2021-09-29,404,False,4,979.005,1256.71,1715.84,2449.91,3229.74,3897.2,4612.46,5604.08,6555.99,7090.15,7366.4,7173.26,6908.33,6860.56,6825.47,6615.13,6412.59,6411.52,6375.08,6013.99,5569.45,5162.24,4743.86,4248.8,3794.63,3559.62,3426.52,3425.08,3437.41,3368.63,3333.46,3495.55,3682.48,3756.55,3766.57,3670.21,3564.74,3533.63,3537.8,3588.07,3627.24,3581.78,3482.59,3283.16,3071.29,2915.92,2773.6,2619.21,2465.54,2327.7
PN_TUG_DC,2021-09-29,539,False,4,-42.6568,-8.1438,66.6752,423.399,1709.85,3111.7,3981.7,4657.53,5200.76,5684.77,6086.48,6207.97,5447.16,4596.44,4317.01,4209.87,4120.41,4048.53,4024.69,4046.21,4175.39,4291.92,4257.42,4177.36,4091.93,4011.61,3949.78,3756.59,3093.44,2381.07,1968.87,1647.16,1334.36,1022.43,709.193,491.728,604.784,750.286,678.627,595.753,693.661,842.712,984.79,1075.02,995.131,892.061,878.247,861.017,741.168,577.852
PN_TUG_DC,2021-09-29,603,False,5,211.707,227.406,289.228,469.9,638.03,647.638,745.628,1307.01,1953.86,2428.39,2732.08,2623.28,2467.31,2556.46,2588.92,2178.63,1687.07,1361.21,1158.6,1211.69,1296.98,1239.34,1153.36,1112.69,1021.53,714.127,522.925,945.215,1368.82,1183.64,890.933,840.632,884.675,1004.34,1010.97,557.295,127.402,239.025,450.18,460.487,421.819,418.026,393.617,262.456,132.605,114.482,136.33,183.904,245.88,333.148
PN_TUG_DC,2021-09-29,749,False,5,852.143,804.321,869.002,1427.61,2063.48,2471.19,2799.04,3083.06,3365.2,3679.53,3865.17,3575.71,3220.39,3112.02,3039.65,2841.7,2627.6,2485.29,2368.98,2269.63,2170.53,2056.66,1968.39,1983.1,2014.38,1999.87,1973.23,1951.22,1929.96,1906.48,1886.79,1882.47,1881.87,1878.06,1846.12,1720.77,1586.49,1514.47,1448.27,1339.31,1223.19,1125.64,1038.34,966.853,871.966,681.631,505.729,475.115,482.144,473.423
PN_TUG_DC,2021-09-29,920,False,5,1308.82,1395.94,1480.53,1693.99,2353.31,3057.34,3470.1,3807.12,4176.46,4533.4,4808.18,4865.6,4256.82,3539.01,3110.75,2785.66,2521.12,2218.63,1730.19,1330.21,1421.85,1646.39,1836.34,1988.59,2050.18,2139.13,2410.63,2642.18,2552.65,2373.9,2210.17,2080.63,2050.84,2011.9,1843.55,1709.94,1825.83,1991.17,2075.84,2096.12,1977.51,1860.31,1885.1,1903.22,1755.79,1580.09,1474.47,1435.84,1556.78,1706.51
PN_TUG_DC,2021-09-29,986,False,3,4006.29,3170.35,2330.71,2307.35,2537.03,2817.48,3078.06,3228.83,3494.8,4262.24,4916,4675.5,4198.59,3806.27,3567.94,3768.33,4013.17,3973.81,3861.69,3785.12,3696.41,3528.25,3342.85,3177.42,3010.59,2821.86,2767.19,3194.89,3655.77,3750.94,3828.89,4216.89,4708.61,5242.67,5659.4,5632.88,5560.49,5770.75,5968,5834.5,5607.62,5392.83,5252.41,5353.69,5498.54,5552.05,5569.89,5557.97,5550.97,5588.71
PN_TUG_DC,2021-09-29,1311,False,2,2108.94,2104.8,2091.13,2339.1,3508.27,5254.08,8060.87,10802.7,12261,13160.4,13417.2,13350.9,12790.7,11646.5,8984.69,6273.76,4913.23,4179.3,4245.42,4433.92,4259.88,4182.59,4806.2,5575.15,6141.04,6590.52,6844.63,6982.26,6907.55,6614.18,5778.78,4873.58,4267.23,3722.72,3091.06,2515.35,2222.02,2002.97,1756.92,1481.57,1135.04,806.922,613.6,467.881,351.912,270.392,279.345,325.393,409.754,523.629
PN_TUG_DC,2021-09-29,1519,False,6,116.45,0.3454,-27.8626,339.464,828.8,1340.66,1752.55,1801.49,1823.43,2110.68,2293.69,1849.76,1263.32,815.656,495.082,469.569,509.178,480.02,444.538,458.077,484.732,506.699,509.175,449.263,366.575,268.416,199.312,245.064,303.615,291.901,279.422,335.105,398.811,421.557,432.41,443.763,459.813,490.595,497.861,409.712,314.846,292.522,300.117,337.33,364.08,326.151,291.402,332.324,387.089,413.194
PN_TUG_DC,2021-09-29,1562,False,4,1597.47,1361.59,1157.43,1310.17,1559.67,1783.3,1944.92,1922.54,1914.58,2138.25,2351.87,2298.11,2177.12,2093.24,2029.16,1993.89,1948.92,1841.94,1719.78,1607.51,1502.67,1414.19,1375.63,1492.58,1632.48,1696.31,1740.38,1793.21,1839.93,1855.97,1851.92,1809.63,1769.62,1775.47,1795.3,1817.62,1856.72,1949.84,1988.94,1787.57,1520.35,1266.97,1033.5,853.031,682.402,493.78,337.11,309.332,325.847,365.946
PN_TUG_DC,2021-09-29,1632,False,5,1959.96,2434.16,3324.68,4417.84,5792.54,7165.64,8255.15,9279.39,10358.6,11242.5,11390.8,11156.3,10336.8,9418.23,8735.78,8086.23,7312.32,6593.39,6192.36,5960.07,5989.86,6019.22,5787.3,5476.05,5154.52,4850,4612.96,4408.71,4250.15,4105.68,3963.85,3789.42,3500.75,3205.11,2998.7,2779.8,2429.12,2097.57,1965.73,1940.25,2080.09,2212.27,2154.07,2038.05,1913.62,1774.16,1589.38,1373.17,1094.88,844.239
PN_TUG_DC,2021-09-29,1747,False,1,592.801,2953.05,6192.75,10651.4,16203.9,24349.9,34080.6,46670.1,58887.1,66932.5,71938.1,70657,68322.8,68532.7,66462.8,53982.7,40577.7,34419.4,30857.7,28931.4,27060.6,23818.8,20961.4,20808.3,21230.1,20933.9,20871.9,22347.1,23906.8,24205.1,23695.7,21677.7,19552.3,18550.1,17667.7,16064.7,14247.8,12430.4,10984.1,10809.7,10821.9,10212.7,9684.62,10065.5,10632.6,10933.3,11307.6,12209.4,13265.8,14313.3
PN_TUG_DC,2021-09-29,1764,False,3,286.919,-112.148,-371.121,190.39,982.459,1750.68,2623.12,3885.53,5272.47,6686.51,7598.46,6756.09,5565.65,4923.19,4266.17,3000.62,1654.37,648.499,2.86922,253.302,633.349,568.114,398.258,318.882,268.758,226.286,200.781,226.462,249.438,211.892,154.888,91.8192,36.8202,15.5192,12.0952,36.2122,49.7862,0.59422,-29.1168,71.2202,201.713,305.138,372.053,341.5,307.259,357.033,410.601,392.415,347.736,284.415
PN_TUG_DC,2021-09-29,1797,False,4,294.196,252.455,187.94,307.841,1084.5,1927.2,2340.16,2589.86,2710.9,2822.83,3023.97,3058.05,2428.65,1748.84,1559.83,1546.3,1642.99,1763.82,1860.22,1902.98,1785.12,1598.86,1338.63,1129.73,1169.61,1230.16,1113.92,990.681,1022.94,1141.8,1399.9,1575,1326.27,991.357,784.041,632.069,539.882,437.67,243.73,92.3419,179.574,316.432,385.257,428.442,452.545,459.565,425.639,358.922,220.483,89.7839
PN_TUG_DC,2021-09-29,1866,False,-2,2543.7,2152.43,1966.32,2585.9,3306.74,3573.24,3801.1,4354.85,4972.45,5477.85,5812.13,5672.19,5482.04,5590.54,5734.68,5700.04,5622.64,5577.63,5507.66,5317.9,5098.67,4899.12,4762.29,4820.74,4904.07,4877.33,4781.68,4560.11,4325.59,4169.73,3967.05,3524.44,3065.25,2790.45,2615.25,2598.15,2634.25,2695.09,2673.29,2343.69,1970.4,1751.58,1470.98,820.568,73.2669,-631.701,-1083.17,-706.567,-186.587,3.8079
PN_TUG_DC,2021-09-29,1937,False,6,206.274,627.594,18080.6,93830,178942,237944,283223,307701,328584,357188,369164,315969,248839,199033,163133,157350,155540,137581,119448,117085,119607,123063,124778,119678,113197,108763,105036,101642,97959.9,93017.5,89551.3,92429.4,96484.9,98284.2,100674,107401,115171,122144,127131,126106,124264,125537,125050,115340,103666,94473.2,87019.3,83010.7,79580,74749.1
PN_TUG_DC,2021-09-29,2166,False,5,1909.34,2094.82,2204.83,2265.25,2230.43,2193.32,2243.16,2325.8,2433.95,2543.32,2630.37,2643.62,2425.27,2171.05,2024.59,1917.37,1836.49,1774.02,1750.24,1763.62,1866.39,1980.05,2041.99,2082.06,2098.37,2082.57,1979.38,1856.91,1755.33,1668.68,1611.54,1543.52,1408.96,1273.9,1203.91,1155.35,1115.34,1080.14,1053.8,1044,1082.58,1138.87,1207.59,1262.91,1259.81,1239.75,1219.43,1192.57,1143.16,1096.47
PN_TUG_DC,2021-09-29,2205,False,7,303.861,341.263,575.575,1035.41,2072.98,3127.38,3662.93,4018.05,4272.89,4491.66,4676.54,4616.25,3745.65,2767.4,2228.34,1854.04,1603.57,1381.37,1137.2,926.683,854.591,795.461,643.654,510.668,535.788,584.019,553.193,495.542,426.155,381.489,433.728,529.094,675.899,816.665,886.09,944.868,1038.04,1119.45,1124.22,1061.12,841.465,615.535,523.879,469.922,410.809,351.841,299.896,265.426,283.661,293.901
PN_TUG_DC,2021-09-29,2256,False,4,524.22,551.41,1060.66,3197.48,5277.19,5539.73,5572.37,6641.48,8075.73,9705.2,10744.5,9572.64,8351.15,9163.21,10267.8,10331.6,10025.6,9502.18,9073.47,9180.57,9390.37,9413.46,9218.26,8463.07,7676.59,7339.38,7081.13,6643.36,6195.25,5893.46,5604.09,5208.5,4722.76,4035.8,3402.53,3153.09,2931.77,2424.93,1941,1823.64,1781.31,1630.98,1509.95,1600.29,1730.19,1783.85,1784.97,1682.5,1555.52,1446.36
PN_TUG_DC,2021-09-29,2287,False,1,389.652,361.073,404.872,761.314,1176.75,1482.14,1727.65,1879,2015.55,2192.02,2285.71,2053.95,1768.24,1622.69,1545.43,1561.12,1586.1,1550.86,1481.4,1354.85,1217.65,1100.49,996.174,915.623,835.378,732.824,633.55,568.178,516.513,477.785,429.471,335.813,247.179,221.565,223.515,256.861,281.058,242.872,192.506,162.544,133.1,84.9167,44.5977,50.4607,75.0007,118.062,180.008,288.84,405.426,501.284
PN_TUG_DC,2021-09-29,2295,False,1,1659.8,1721.37,1916.68,2125.18,2245.12,2336.94,2422.6,2564.93,2906.21,3215.42,3215.38,3146.67,3150.72,3143.67,3022.95,2857.84,2653.98,2454.49,2308.63,2204.25,2188.82,2185.06,2133.35,2079.88,2068.48,2049.57,1961.87,1836.99,1653.24,1470.99,1351.95,1239.6,1086.91,928.43,790.6,652.945,496.743,406.929,564.482,769.137,889.31,998.574,1156.06,1312.76,1418.48,1532.12,1721.48,1812.3,1490.14,1182.59
PN_TUG_DC,2021-09-29,2318,False,7,586.572,430.269,384.568,815.325,1309.38,1543.46,1644.72,1552.34,1471.29,1618.41,1725.15,1463.63,1126.47,899.346,757.913,798.53,844.78,729.714,586.122,507.07,464.343,481.434,519.27,569.815,640.192,766.787,910.009,1054,1177.25,1228.8,1272.89,1362.5,1448.79,1476.4,1442.92,1258.53,1073.69,1037.22,1020.42,921.99,797.19,665.217,579.811,661.026,759.351,749.687,691.913,577.735,469.641,437.931
PN_TUG_DC,2021-09-29,2320,False,4,237.26,270.788,604.966,1884.87,3140.03,3371.32,3572.24,4698.19,6064.12,7312.73,7977.65,6763.03,5493.72,5904.68,6427.36,5641.93,4471.7,3300.6,2441.13,2644.95,2984.64,2732.38,2388.9,2331.45,2414.96,2692.21,2917.68,2772,2491.19,2117.82,1780.97,1659.26,1563.39,1342.93,1161.58,1240.32,1350.34,1307.71,1233.56,1205.25,1197.71,1214.54,1222.56,1176.07,1110.33,1032.35,934.853,782.044,623.443,500.768
PN_TUG_DC,2021-09-29,2327,False,6,1260.17,987.128,758.163,947.225,1249.61,1522.03,1729.32,1746.45,1779.19,2053.01,2289.6,2155.24,1918.15,1700.39,1544.95,1581.7,1634.8,1549.73,1320.96,738.668,181.255,61.4303,34.1683,-112.812,-265.6,-312.468,-205.208,324.473,853.712,959.679,938.285,903.021,851.047,752.171,640.581,532.212,436.909,383.775,366.749,431.67,495.734,475.413,439.239,432.923,420.669,357.896,299.051,304.75,339.051,406.643
PN_TUG_DC,2021-09-29,2344,False,-2,1344.51,1589.98,1854.09,2215.88,2602.84,2977.47,3292.94,3418.34,3537.9,3824.2,4035.06,3818.71,3533.32,3435.47,3292.37,2802.47,2218.13,1659.03,1237.91,1264.38,1372.89,1318.33,1256.25,1335.16,1479.35,1704.58,1863.47,1714.03,1506.64,1408.35,1356.54,1352.78,1315.38,1116.18,934.146,972.596,1037.58,973.637,914.909,1005.16,1155.59,1363.33,1561.61,1671.16,1762.99,1882.35,1994.3,2052.54,2095.72,2140.2
PN_TUG_DC,2021-09-29,2367,False,0,494.313,413.199,1573.65,7080.57,13327.6,17808.2,22744.6,31033.6,39502.5,45180,48154.6,44630.6,40021.4,38108.9,35643.8,28544.5,20833,15680.7,12069.6,11174.8,10515.2,7984.31,5452.13,4803.38,4586.49,3968.32,3405.71,3449.19,3635.79,3709.95,3843.15,4295.73,4787.34,5092.69,5311.17,5418.61,5510.02,5653.26,5713.6,5435.36,5073.21,4761.59,4520.18,4468.25,4470.37,4468.75,4414.01,4181.95,3940.37,3841.96
PN_TUG_DC,2021-09-29,2395,False,1,4603.36,4853.99,5201.03,5550.21,5881.82,6152.56,6390.02,6572.8,6713.42,6762.28,6769.58,6723.95,6633.75,6442.45,6244.02,6121.03,5992.79,5770.32,5521.5,5277.25,5065.45,4959.89,4860.16,4675.01,4490.51,4394.77,4340.15,4338.26,4357.33,4396.6,4436.88,4460.62,4470.44,4448.23,4390.76,4243.67,4080.44,3951.41,3854.37,3832.52,3815.72,3742.09,3677.97,3703.77,3743.23,3739.46,3720.9,3695.06,3663.86,3621.47
PN_TUG_DC,2021-09-29,2397,False,4,144.577,264.392,368.941,484.87,656.011,845.968,1044.96,1221.67,1312.49,1366.99,1381.7,1372.93,1322.17,1254.04,1167.51,1071.57,961.753,867.197,838.686,811.878,725.069,631.402,574.821,540.71,546.318,549.077,503.006,461.245,483.672,532.24,606.42,682.873,741.979,794.05,838.852,861.585,814.781,729.17,578.977,408.538,232.732,74.3427,-18.5063,-73.2453,-61.7763,-24.5733,35.5797,94.5637,127.047,151.995
PN_TUG_DC,2021-09-29,2400,False,3,1627.48,2206.61,3047.13,4071.29,5464.37,6815.75,7655.92,8340.96,9000.44,9506.51,9501.74,9234.24,8572.44,7895.26,7556.8,7369.67,7365.44,7486.35,7858.32,8273.34,8585.9,8813.98,8853.44,8791.4,8564.48,8200.6,7527.67,6784.23,6107.27,5537.23,5267.46,5073.1,4840.82,4651.5,4650.76,4708.64,4779.19,4816.97,4730.75,4628.41,4594.25,4570.84,4515.85,4466.07,4465.56,4447.63,4319.88,4155.27,3974.57,3829.77
PN_TUG_DC,2021-09-29,2407,False,1,2304.09,2306.6,2641.25,3055.92,3415.27,3781.86,4231.53,4718.96,5250.65,5687.98,5755.98,5726.04,5726.78,5706.54,5578.63,5346.48,4863.14,4345.64,3960.61,3616.33,3278.65,2947.47,2633.15,2323.91,2015.8,1723.57,1483.93,1211.36,774.016,349.553,135.423,9.07156,-25.4584,-26.0954,0.51956,54.2956,175.164,310.869,431.194,558.09,722.838,870.31,920.643,962.407,1071.76,1191.97,1280.8,1336.13,1307.74,1255.96
PN_TUG_DC,2021-09-29,2408,False,7,637.612,820.84,956.933,1083.75,1226.05,1365.15,1476.94,1562.82,1586.75,1594.35,1606.92,1603.96,1541.81,1455.71,1346.15,1230.15,1115.28,1015.48,966.345,929.197,883.306,855.29,898.011,956.979,1001.09,1033.96,1043.53,1052.54,1082.38,1101.08,1060.4,1005.28,960.008,924.608,913.131,913.259,929.145,930.613,866.869,791.06,738.936,694.813,653.98,606.791,535.265,486.001,537.799,611.63,660.776,721.14
PN_TUG_DC,2021-09-29,2411,False,-1,263.173,241.202,251.557,401.961,1004.73,1790.99,2756.05,3660.96,4181.49,4544.97,4748.4,4774.22,4342.21,3709.73,2844.49,2028.33,1612.36,1362.79,1285.98,1256.19,1218.83,1176,1123.14,1069.35,1022.63,988.705,992.1,1014.94,1067.63,1126.62,1177.35,1205.7,1165.05,1095.84,997.223,898.996,831.341,784.375,778.439,798.733,868.489,939.475,965.522,977.407,985.253,974.938,905.585,817.768,725.555,646.531
PN_TUG_DC,2021-09-29,2414,False,8,329.097,406.242,552.314,766.565,1147.01,1545.86,1843.02,2128,2472.46,2778.27,2889.19,2894,2728.14,2531.39,2397.31,2285.09,2183.99,2064.61,1871.57,1664.49,1483.01,1324.35,1218.09,1117.86,986.849,871.016,839.053,843.393,888.513,925.35,893.149,830.329,731.367,632.985,572.379,528.143,502.618,490.791,507.647,525.085,516.057,502.362,499.364,505.27,530.909,557.013,565.567,589.207,682.623,795.799
PN_TUG_DC,2021-09-29,2418,False,8,3942.47,4111.76,4241.51,4344.35,4398.87,4313.16,4208.49,4179.19,4205.05,4343.64,4457.82,4374.55,4196.69,3890.45,3550.63,3221.46,2882.93,2501.06,2127.2,1825.44,1585.19,1485.25,1437.11,1427.68,1414.2,1349.62,1294.33,1322.23,1361.95,1358.81,1338.06,1299.97,1257.99,1219.36,1173,1096.92,1029.84,1023.93,1048.26,1115.28,1179.1,1189.61,1185.73,1185.38,1171.59,1107.43,1028.73,951.115,910.613,996.409
PN_TUG_DC,2021-09-29,2424,False,6,77.8371,65.7721,93.0081,193.739,508.554,852.943,1085.21,1266.07,1382.92,1474.19,1538.69,1531.9,1306.27,1061.43,968.586,908.641,809.081,712.389,666.397,638.045,619.457,597.324,553.963,520.99,544.626,562.053,501.517,427.947,387.868,362.814,355.908,366.662,420.496,486.268,549.689,587.05,537.169,465.681,406.807,352.266,299.533,250.971,215.157,185.277,162.88,131.632,62.8441,0.04614,-4.57486,3.52014
PN_TUG_DC,2021-09-29,2428,False,3,17117.8,19315.1,21367.5,24170.9,27364.6,31163.2,35806.2,42765.5,50358.1,57760.8,62495.5,58248.9,52455.3,50259,47546,39407.7,30562.7,24766.4,21362.9,23115.8,25591.2,25431.9,24641.8,24346.5,24249,24315.5,24215.4,23379.6,22313.3,21183.3,19843.2,17837.6,15695,13746.3,11912.1,10275.5,8740.28,7365.09,6296.88,6132.08,6301.61,6731.71,7561.2,9512.4,11645.1,13288.6,14952,17176.9,19383,20953.7
PN_TUG_DC,2021-09-29,2443,False,8,477.874,500.081,531.64,650.098,787.874,904.971,1011.87,1105.29,1212.03,1376.33,1485.57,1347.32,1149.31,993.207,864.628,787.29,720.797,641.158,570.705,545.49,533.42,521.681,520.627,556.315,596.546,615.785,631.265,654.983,679.491,697.832,693.997,620.145,539.418,505.13,492.576,507.674,512.248,453.495,389.915,372.855,356.061,293.236,218.094,147.209,94.6866,100.729,113.352,90.4516,68.1476,84.0006
PN_TUG_DC,2021-09-29,2449,False,6,3786.85,9106.76,15600.8,22882.1,29599.3,33611.3,37116.6,41585.8,46447.7,51625.9,54625.7,49830.8,44308.4,44060.2,44930,44322.6,42934.8,40381.8,38042.5,37590.2,37477,36636,35447,33806.2,32361,32010.8,30903.3,26094.7,20709.6,17050.1,14198.8,12374.9,10386.2,6850.71,4350.82,6964.63,10392.5,11510.2,12071.4,13060.9,14300.6,15939,16874.7,14999.9,12780.7,12175.4,11637.4,9701,7490.38,5749.76
PN_TUG_DC,2021-09-29,2454,False,3,652.404,598.283,613.206,907.601,2162.94,6299.81,19405.2,34195.6,45784.6,54044.9,54093,52474.4,53202.7,51194.6,37359.9,21293.2,9421.15,1151.97,1028.02,2557.67,1693.01,479.708,513.072,821.947,818.734,755.183,804.291,879.048,927.235,960.773,970.73,958.169,891.703,828.79,831.275,828.16,740.32,643.686,601.962,579.577,568.353,555.942,528.96,509.085,528.302,554.631,566.222,569.399,558.259,531.724
PN_TUG_DC,2021-09-29,2469,False,7,11551.6,12702.4,13431.9,14388.9,15580.8,17328.6,18595.4,17662.6,16716.2,17906.9,18954.9,17371.8,15617.2,15900.6,16117,14048.3,11424.8,9192.21,7328.49,6319.38,5080.26,2215.13,-320.89,-94.336,687.329,612.934,332.158,215.669,185.101,280.228,394.716,451.062,468.484,410.722,339.457,295.906,244.068,135.874,32.064,0.29396,3.16096,53.123,113.429,162.952,211.911,270.024,330.094,387.228,425.212,400.34
PN_TUG_DC,2021-09-30,5,False,1,233.528,490.143,743.137,1014.36,1352.44,1660.63,1799.88,1937.31,2237.09,2553.57,2761.3,2820.67,2481.48,2181.17,2408.74,2622.56,2258.93,1760.46,1380.29,1143.78,1278.79,1435.21,1296.25,1124.86,1139.51,1206.49,1265.3,1295.39,1235.48,1138.51,1003.16,846.741,655.969,483.676,409.859,387.656,445.062,528.407,622.463,720.615,822.444,912.302,957.015,980.708,976.855,960.076,925.522,871.791,769.63,662.366
PN_TUG_DC,2021-09-30,8,False,1,676.762,633.496,616.933,617.874,857.795,2461.17,26675.9,127189,232636,278582,297109,281269,266820,290448,298882,216865,122474,76322.4,54127.2,65543.2,77464.8,58006.4,34634.3,29297,26458.5,14112,3988.52,11111.6,20396.2,19831.6,16454,13361.3,11403.4,12979.1,14438.8,11966.1,8324.82,4628.7,1866.54,2342.37,3205.95,2178.14,904.433,695.14,752.813,655.713,571.658,693.85,820.865,757.935
PN_TUG_DC,2021-09-30,10,False,2,475.501,531.695,637.167,767.837,936.342,1118.71,1311.03,1487.38,1598.64,1678.41,1714.07,1715.26,1641.04,1545.58,1452.38,1378.41,1367.26,1340.29,1196.15,1030.63,908.932,802.988,706.726,611.345,510.402,438.021,470.034,537.387,622.01,697.68,725.836,737.262,738.149,720.421,648.845,571.658,528.869,496.145,463.185,421.642,351.514,295.917,318.845,355.048,358.887,374.155,462.078,581.244,734.408,856.805
PN_TUG_DC,2021-09-30,11,False,5,2949.52,3264.75,3661.04,4017.21,4155.92,4250.84,4412.04,4574.09,4670.8,4731.87,4734.42,4671.46,4440.77,4179.35,3978.55,3772.13,3484.55,3177.84,2887.29,2627,2454.36,2302.28,2134.65,2002.13,2006.74,2038.41,2026.95,2030.83,2131.47,2248.05,2321.55,2339.11,2208.25,2073.63,2072.44,2044.09,1788.14,1496.17,1308.75,1168.97,1086.92,997.842,828.617,679.07,677.083,679.349,549.218,422.734,441.754,480.861
PN_TUG_DC,2021-09-30,20,False,6,855.081,908.246,972.533,992.86,1034.26,1193.05,1387.93,1589.12,1766.72,1856.97,1902.95,1883.17,1832.78,1741.91,1643.87,1560.91,1477.47,1377.29,1286.1,1242.7,1208.79,1159.69,1105.33,1048.55,1002.05,993.506,1004.44,1044.12,1069.37,1016.3,937.793,850.189,769.304,719.972,672.437,599.794,531.731,504.741,486.416,457.069,436.941,460.14,502.636,568.066,628.07,646.922,662.115,705.752,748.377,758.943
PN_TUG_DC,2021-09-30,31,False,6,873.044,993.908,1120.51,1257.92,1416.27,1635.66,1850.74,1989.64,2093.12,2150.57,2179.35,2154.13,2092.33,1958.19,1815,1712.78,1631.85,1583.17,1551.76,1547.87,1545.41,1520.46,1484.99,1436.28,1400.02,1419.57,1445.15,1435.5,1409.81,1364.56,1324.31,1320.44,1319.95,1294.61,1260.12,1219.56,1193.76,1224.69,1266.46,1288.67,1296.75,1276.77,1279.78,1390.21,1534.67,1688.5,1821.64,1874.66,1899.69,1907.63
PN_TUG_DC,2021-09-30,32,False,5,990.931,1397.31,1948.84,2872.04,3779.12,4259.87,4621.42,5000.6,5398.47,5836.13,6124.26,5858.27,5507.59,5419.68,5443.51,5585.33,5715.63,5690.58,5641.52,5665.78,5714.9,5775.01,5819.83,5801.05,5749.5,5649.25,5568.48,5602.88,5658.34,5668.97,5583.31,5211.73,4796.11,4513.39,4245.19,3892.43,3522.32,3178.99,2889.95,2760.61,2660.82,2503.07,2305.98,2033.23,1781.07,1675.47,1619.52,1587.65,1551.91,1480.24
PN_TUG_DC,2021-09-30,34,False,7,2384.71,2445.71,2573.86,2948.4,3379.17,3756.13,4057.85,4155.61,4206.29,4297.03,4362.94,4301.43,4196.08,4066.5,3910.49,3687.25,3474.41,3364.59,3287.27,3218.76,3154.33,3096.09,3043.8,3005.84,2969.26,2923,2866.41,2784.4,2712.52,2701.22,2717.26,2766.25,2796.48,2729.67,2643.32,2586.84,2540.55,2498.6,2447.16,2359.57,2291.75,2328.22,2387.02,2418.14,2432.46,2417.44,2402.35,2415.73,2420.09,2364.61
PN_TUG_DC,2021-09-30,37,False,7,112.117,113.269,191.098,482.037,816.157,1086.49,1331.19,1552.37,1755.36,1917.14,2010.23,1907.48,1762.75,1669.43,1623.33,1687.42,1780.03,1860.94,1922.51,1929.7,1915.25,1879.81,1817.16,1681.81,1554.6,1527.63,1512.94,1440.33,1366.02,1344.65,1345.31,1367.72,1357.17,1211.8,1043.47,930.863,836.428,747.946,656.022,547.151,452.482,424.924,459.799,642.157,830.841,896.112,995.076,1334.01,1707.79,1961.18
PN_TUG_DC,2021-09-30,39,False,5,461.267,447.324,521.842,833.96,1143.33,1206.36,1208.3,1248.07,1329.67,1513.73,1631.66,1420.85,1188.65,1212.28,1319.49,1455.89,1550.06,1471.59,1364.77,1332.77,1318.31,1287.76,1230.19,1096.53,964.5,913.954,881.337,829.044,788.281,807.8,852.668,924.007,976.995,940.916,892.681,891.325,888.097,830.651,748.392,635.535,535.315,508.612,490.128,426.556,360.275,330.665,328.1,381.635,439.127,454.459
PN_TUG_DC,2021-09-30,72,False,4,320.407,155.855,132.06,731.739,1431.03,1851.5,2254.78,2884.05,3658.1,4694.48,5421.52,4823.11,3982.51,3631.39,3367.23,2902.52,2305.68,1462.62,784.446,919.345,1243.7,1406.53,1481.37,1420.41,1347.22,1365.6,1380.9,1292.47,1150.78,930.954,744.547,750.721,804.178,827.74,840.004,844.984,865.659,946.822,1014.48,974.88,901.719,820.217,731.775,626.982,519.669,420.471,344.623,341.297,363.458,401.262
PN_TUG_DC,2021-09-30,73,False,5,39.7564,20.6554,7.22642,1448.73,7889.45,14977.9,19285.3,22019.4,22145.5,21863.4,22710.1,21931.2,14425.8,6391.72,3278.05,2055.04,2383.82,2801.96,2021.23,1223.54,1572.15,2057.39,1861.54,1549.37,1524.54,1568.8,1558.97,1518.59,1429.86,1364.26,1427.5,1568.99,1850.78,2143.73,2335.51,2484.6,2588.01,2661.92,2678.02,2643.13,2489.92,2314.39,2179.36,2045.21,1872.73,1688.31,1502.44,1361.41,1375.84,1412.3
PN_TUG_DC,2021-09-30,97,False,4,3911.78,4790.94,5870.78,7332.11,8805.81,9943.52,11005.6,12146.5,13373.7,14806.5,15877.1,15492.6,14745.1,14198.9,13667.5,12975.2,12238.8,11509.9,10670.7,9445.83,8276.06,7679.54,7137.98,6211.45,5223.34,4414.31,3765.29,3485.04,3236.42,2733.37,2309.71,2415.34,2598.12,2517.12,2397.59,2412.95,2483.94,2609.11,2708.01,2663.7,2607.93,2654.51,2664.96,2447.79,2188.23,2009.86,1824.99,1534.79,1213.04,890.342
PN_TUG_DC,2021-09-30,114,False,5,100.546,25.8664,6.27938,272.842,607.615,889.937,1109.46,1167.24,1202.5,1319.5,1385.51,1193.21,954.448,815.038,741.151,791.581,847.856,800.864,729.299,676.985,628.996,575.792,515.304,435.065,350.813,272.78,211.122,199.216,184.086,108.564,33.4254,20.4434,28.9374,49.1814,79.7494,134.903,206.305,308.732,396.911,405.668,416.706,514.347,600.245,558.733,493.178,472.685,467.702,469.865,456.638,383.751
PN_TUG_DC,2021-09-30,135,False,2,505.263,578.372,579.166,615.499,846.964,1111.24,1292.4,1417.81,1435.58,1438.49,1495.51,1506.45,1304.77,1098.3,1087.92,1121.12,1107.19,1078.24,1046.32,1027.89,1058.23,1086.27,1057.84,1023.16,1023.48,1026.41,1002.96,972.018,941.675,903.391,837.175,774.051,749.417,730.97,695.437,664.635,667.455,676.887,675.238,663.702,629.534,596.362,589.318,595.34,619.963,640.748,630.193,623.539,661.876,715.172
PN_TUG_DC,2021-09-30,162,False,2,291.458,324.487,401.854,614.714,841.064,979.016,1106.28,1285.7,1468.79,1609.97,1669,1487.49,1273.11,1185.15,1121.76,1015.4,909.242,847.804,803.523,773.476,747.989,724.242,697.088,656.434,608.38,548.936,512.491,566.335,628.993,632.034,629.995,670.434,713.013,719.665,699.442,623.215,553.896,563.971,588.857,585.341,583.199,614.451,642.252,624.348,585.846,522.109,449.265,369.747,283.313,179.661
PN_TUG_DC,2021-09-30,166,False,4,6985.53,10055.7,13334,19777.6,27373.9,35729.6,42764.2,44519.6,45512.8,49112.3,51609.4,47659.8,42039.3,37118.9,32618.7,28812.5,24805.9,19440.7,14554,12676.1,11364.3,8996.7,6623.28,5303.8,4151.71,2524.6,1103.02,871.154,873.975,499.583,232.933,723.416,1401.44,1965.59,2428.57,2663.26,2900.79,3369.02,3644.1,3021.74,2218.65,1692.37,1324.39,1219.6,1181.4,1112.98,1074.39,1169.78,1259.74,1200.05
PN_TUG_DC,2021-09-30,702,False,-3,2075.43,1818.3,1660.44,1882.4,2167.8,2292.33,2375.67,2481.75,2650.3,3006.72,3258.46,2962.35,2564.22,2363.58,2245.59,2210.61,2161.03,1980.52,1803.25,1768.22,1754.19,1669.89,1582.42,1555.33,1546.4,1539.66,1546.12,1596.4,1658.19,1715.05,1735.82,1637.87,1532.86,1521.7,1520.05,1456.82,1387.6,1360.78,1379.94,1514.37,1654.15,1697.55,1716.3,1747.04,1776.55,1788.65,1777.78,1705.15,1619.4,1549.77
PN_TUG_DC,2021-09-30,1006,False,6,630.4,595.652,897.968,2338.62,3922.96,4864.63,5588.48,6212.47,6869.13,7721.2,8126.78,6799.99,5198.74,4386.74,3937.96,3938.73,3943.21,3520.43,3120.59,3229.46,3449,3534.11,3387.81,2584.05,1736.58,1394.68,1200.83,1008.11,818.798,645.772,555.788,734.255,908.921,803.203,658.867,662.695,678.393,585.568,488.642,487.167,513.912,541.779,566.22,578.5,591.353,618.13,640.204,632.318,627.673,664.158
PN_TUG_DC,2021-09-30,1113,False,4,0.1231,-6.0319,102.563,927.733,2022.1,3325.7,4625.45,5711.35,6875.51,8512.76,9785.05,9324.66,8455.94,7909.29,7305.46,6169.26,4870.69,3551.93,2462.26,2179.08,2089.21,1861.48,1639.26,1580.22,1589.25,1667.76,1710.06,1559.57,1375.02,1265.56,1158.13,980.608,758.386,454.295,201.922,208.904,266.787,241.132,215.578,275.788,360.657,444.133,519.919,571.087,611.872,641.148,657.125,638.454,607.762,570.322
PN_TUG_DC,2021-09-30,1444,False,6,1637.52,1874.44,2048.06,2158.98,2119.25,2098.94,2294.3,2488.87,2465.37,2434.65,2594.73,2655.21,2181.3,1631.99,1357.98,1158.73,938.286,701.017,431.222,246.733,387.649,560.291,517.379,431.907,416.914,404.952,332.121,270.042,306.015,351.76,333.043,307.068,320.862,332.658,297.249,245.703,185.392,101.562,-53.4942,-165.914,-60.2332,96.4998,210.899,311.263,408.045,542.989,810.829,1030.43,951.947,843.21
PN_TUG_DC,2021-09-30,1595,False,7,352.878,305.683,286.225,446.041,662.598,894.375,1095.78,1178.92,1250.89,1400.97,1509.05,1393.13,1212.24,1032.12,875.899,799.547,735.972,637.295,553.054,554.058,567.898,540.473,497.035,440.358,387.018,358.559,354.115,407.368,466.52,488.634,504.159,533.958,550.907,508.218,419.613,233.185,58.816,23.398,24.823,13.857,0.12098,-9.06102,11.922,131.49,242.012,223.169,183.778,203.613,245.663,303.897
PN_TUG_DC,2021-09-30,1704,False,-2,638.257,859.601,1229.95,1469.69,1665.48,1846.21,2079.03,2504.05,2910.1,3057.78,3105.79,3068.93,2990.48,2851.63,2702.94,2580.01,2462.73,2339.27,2233.73,2195.89,2154.68,2033.82,1878.2,1683.03,1490.49,1345.85,1207.92,1045.53,896.662,819.693,779.777,795.243,806.123,746.399,669.895,606.39,544.906,476.969,410.394,355.485,320.467,342.367,378.099,404.712,426.488,440.58,432.251,354.321,265.162,206.893
PN_TUG_DC,2021-09-30,1824,False,-2,4044.17,3893.86,3829.71,4040.65,4246.16,4160.89,4105.72,4449.31,4991.65,5811.72,6400.74,5920.66,5277.84,5140.39,5003.05,4351.04,3472.72,2342.39,1590.65,2389.62,3437.87,3791.76,3833.05,3502.6,3158.18,3129.68,3095.97,2728.61,2382.77,2449.38,2723.16,3295.6,3873.56,4171.98,4268.81,3952.03,3551.06,3272.23,3082.5,3074.82,3097.82,3046.11,2992.06,3005.98,3039.54,3071.91,3083.91,3027.78,2975.21,3001.58
PN_TUG_DC,2021-09-30,2251,False,6,570.81,735.052,2052.14,7240.19,12660.3,15009.5,16380.1,17476,18755.5,20890.8,22086,19201,16115.5,16419.1,17513.2,17916.3,18032.3,17864.3,17294.6,15618.8,13713.9,12125.5,10769.3,9886.81,9004.57,7660.21,6518.95,6541.51,6773.92,6562.28,6153.92,5521.02,4918.41,4640.15,4396.24,3944.7,3420.05,2855.46,2382.22,2260.73,2154.42,1753,1448.1,1772.37,2206.6,2391.46,2590.44,3091.71,3665.25,4180.2
PN_TUG_DC,2021-09-30,2321,False,6,1462.48,1496.07,1558.91,1796.64,2064.41,2259.59,2397.57,2412.49,2414.68,2494.3,2552.11,2456.3,2315.71,2174.93,2044.86,1951.17,1883.12,1866.85,1851.46,1787.7,1715.12,1661.27,1630.53,1660.74,1716.02,1795.7,1826.54,1665.44,1479.04,1396.99,1331.29,1215.47,1049.97,765.455,513.639,493.236,533.574,552.313,600.028,770.874,968.529,1134.9,1269.02,1323.71,1346.78,1339.59,1314.6,1257.58,1181.41,1071.39
PN_TUG_DC,2021-09-30,2496,False,7,764.314,817.757,930.062,1084.52,1324.72,1552.35,1651.44,1722.27,1823.95,1907.39,1895.31,1824.77,1648.51,1458.52,1325.5,1184.15,956.952,733.592,610.148,532.707,512.923,482.48,358.559,217.772,112.964,32.0355,-3.01448,-22.3765,-32.9465,-32.1625,0.06152,68.7805,231.513,395.503,469.746,505.66,500.01,497.903,548.584,600.163,601.884,593.998,603.195,618.14,635.372,648.369,644.683,640.234,649.813,662.047
PN_TUG_DC,2021-09-30,2497,False,1,594.083,639.333,732.443,844.499,974.568,1101.83,1201.6,1288.97,1360.67,1411.2,1403.72,1363.29,1267.07,1158.31,1061.9,981.082,941.61,923.977,940.57,969.334,1006.26,1047.7,1096.19,1120.78,1055.92,968.333,891.703,818.317,744.476,668.757,587.36,515.333,481.215,453.245,409.129,383.418,437.498,507.287,551.165,577.202,567.925,541.204,489.621,441.181,412.529,336.175,252.719,202.803,181.907,227.402
PN_TUG_DC,2021-09-30,2554,False,4,76.3125,-498.994,1186.63,11061.5,21363.8,24967.7,27323.8,32147.3,38447,47231.3,52836.3,45057.4,35911.8,35414.3,36113.3,32188.4,26460,19227.2,13039.6,11919.6,11779.9,9961.61,8211.12,8407.23,9053,9291.57,9361.23,9268.24,9100.04,8830.87,8497.51,8042.64,7566.53,7136.38,6662.34,5991.07,5312.89,4810.49,4443.34,4363.52,4264.62,3816.99,3398.97,3431.74,3507.66,3280.49,3014.2,2920.89,2948.04,3213.28
PN_TUG_DC,2021-10-01,8,False,3,19.5081,1649.05,12196.9,26253.4,43524.2,62559.5,84553.4,107979,133273,153430,153983,148074,139456,129624,118209,107989,103461,100631,97951.6,95118.5,91612.6,86714.6,77680.6,67361.7,56757.5,46909.1,39918.1,33425.5,25839.9,19738,19869.6,21655,22897.7,23474.2,22336.5,20650.8,18774.1,16516.3,13120,9350.84,5447.82,2179.12,1227.41,974.839,820.165,736.854,817.317,882.532,733.083,568.434
PN_TUG_DC,2021-10-01,12,False,4,551.691,642.799,3433.86,15555.9,32278.7,55496.9,78062.6,91939.3,102981,112874,118790,112002,99404.2,79494.1,59776.4,47949,38606.5,29935.1,22701,19819.2,18277.4,17021.7,16081.4,15975.2,16082.9,16092.1,15871.2,14960.2,13842.3,12696.7,11431.4,9776.05,8023.13,6329.17,4893.56,4288.49,3926.69,3575.11,3230.02,2903.07,2576.94,2236.01,1906.59,1632.03,1380.09,1152.61,984.516,997.413,1061.48,1121.6
PN_TUG_DC,2021-10-01,52,False,5,3506.28,17620.7,53061.7,150715,247696,280076,287842,276078,275844,333585,371880,285470,185259,162439,159342,145874,121533,70843.2,23062.5,11581.1,9990.94,6095.09,2398.88,1955.65,2217.37,1645.77,974.517,815.151,769.746,601.007,442.739,446.774,460.274,344.176,227.626,240.515,300.222,390.413,456.32,409.419,353.728,380.216,411.567,376.405,309.549,201.089,110.586,123.063,159.353,174.473
PN_TUG_DC,2021-10-01,54,False,5,507.128,437.998,388.946,573.19,1539.39,2604,3225.06,3651.24,3854.32,4023.08,4287.13,4335.29,3544,2631.89,2145.27,1889.59,1999.11,2181.14,2250.88,2261.85,2185.14,2097.23,2056.71,1999.22,1835.23,1647.16,1483.46,1352.76,1310.49,1275,1175.19,1075.1,1039.05,1024.8,1020.97,1007.38,950.779,907.927,955.104,1006.91,984.453,943.073,912.206,921.612,1057.91,1185.37,1156.04,1104.22,1132.05,1169.01
PN_TUG_DC,2021-10-01,56,False,1,313.884,650.358,1400.2,3381.57,5619.91,7518.75,9443.27,11805.1,14301.1,16803.7,18626.7,18104.5,17115.1,16846.8,16363.5,14412.1,12546.2,12442.5,12595.9,11866.3,10963.4,10354.5,9712.45,8656.35,7524.9,6549.33,5617.42,4674.86,3626.35,2233.17,1118.65,1305.19,1631.79,1142.63,579.606,585.401,707.533,656.487,547.437,415.664,288.382,198.345,131.014,105.182,110.335,180.967,258.267,293.153,305.161,280.966
PN_TUG_DC,2021-10-01,66,False,7,214.387,-113.245,-336.179,37.5171,607.537,1253.69,1778.12,1813.53,1834.73,2290.94,2656.3,2269.83,1683.18,1162.59,760.386,694.255,676.622,491.975,300.512,254.371,227.581,121.963,28.8291,58.7211,125.295,194.453,244.08,224.769,193.499,189.59,182.269,135.732,94.9901,113.661,149.064,182.732,222.848,287.553,365.513,463.745,531.524,474.614,404.568,413.495,425.487,368.145,288.648,202.99,133.433,124.749
PN_TUG_DC,2021-10-01,70,False,7,-293.78,-690.42,-859.673,-314.096,445.053,1224.59,1893.06,2166.82,2489.83,3369.61,4084.31,3669.81,2947.99,2300.94,1790.44,1667.69,1620.86,1450.02,1280.78,1243.44,1224.8,1137.95,1031.01,923.492,800.906,627.289,476.356,454.382,453.455,396.403,343.354,360.968,390.324,389.29,384.656,398.25,407.32,382.263,345.312,301.777,265.691,261.549,261.843,245.496,225.308,208.958,202.911,227.93,239.551,174.266
PN_TUG_DC,2021-10-01,71,False,6,550.129,596.91,730.087,1248.95,1846.52,2327.22,2679.19,2707.51,2693.8,2854.48,2939.29,2586.6,2156.53,1897.74,1680.46,1432.47,1190.56,1001.94,841.398,723.837,600.751,417.924,295.236,438.938,605.769,586.495,546.363,621.605,705.362,701.639,666.247,610.32,568.986,597.251,617.747,542.455,470.752,507.561,568.842,605.451,635.161,666.583,701.624,746.751,774.269,730.572,653.039,530.422,414.226,365.003
PN_TUG_DC,2021-10-01,76,False,7,53.8871,-895.619,-1435.38,168.361,2255.01,3852.07,4960.35,4892.29,4748.56,5502.6,5976.08,4577.33,2751.84,1338.4,329.724,292.144,490.103,533.538,531.522,534.267,546.938,588.207,647.658,741.37,845.874,952.523,1016.92,933.864,823.881,768.001,714.303,613.555,522.176,510.773,529.462,571.461,608.051,603.611,602.333,652.549,693.065,648.535,589.258,564.585,554.686,560.181,553.848,491.671,419.008,366.689
PN_TUG_DC,2021-10-01,113,False,7,236.106,509.047,856.244,1337.87,1877.04,2479.54,3027.03,3322.11,3542.75,3755.87,3835.98,3463.14,2989.15,2619.83,2325.77,2183.62,2081.48,1966.77,1861.41,1801.68,1742.4,1638.82,1518.28,1383.86,1249,1126.46,1016.76,938.963,866.945,783.369,708.091,673.256,650.057,626.988,622.785,684.097,772.347,887.905,1002.74,1088.01,1155.3,1190.01,1205.89,1189.03,1157.33,1106.97,1054.56,1013.64,982.871,975.468
PN_TUG_DC,2021-10-01,419,False,7,863.58,703.529,642.012,1072.48,1607.8,2011.58,2355.24,2628.14,2951.1,3511.23,3921.89,3579.85,3065.97,2713.04,2408.24,2102.87,1780.62,1404.56,1121.15,1211.07,1392.19,1514.08,1598.63,1616.43,1624.59,1664.65,1669.66,1521.81,1353.53,1268.64,1242.26,1332.76,1432.53,1447.39,1413.8,1298.97,1174.92,1099.59,1037.59,971.926,891.947,767.435,666.35,690.006,723.181,664.004,571.236,456.365,361.243,355.474
PN_TUG_DC,2021-10-01,904,False,6,223.035,231.843,354.879,792.605,1229.15,1349.1,1442.18,1760.9,2128.52,2433.42,2572.55,2206.1,1796.45,1742.11,1767.61,1709.4,1608.18,1446.25,1327.72,1418.71,1551.25,1616.57,1630.11,1533.86,1418.26,1345.16,1285.89,1231.12,1178.77,1130.5,1079.64,1016.23,967.938,984.259,1010.65,1007.01,989.953,956.987,916.166,863.678,798.63,701.362,579.054,403.119,240.444,177.204,152.778,162.32,171.181,144.925
PN_TUG_DC,2021-10-01,1166,False,4,991.689,1278.76,13454.1,66165.3,123182,154508,177264,196523,219607,258923,291331,283406,254836,195626,135914,104747,79266,44970.6,20443.5,38459,60166.6,52124.2,39657.8,41910.1,46050.9,41791.4,35603.6,31269,27639.7,24523.9,21237.5,16869.4,12456.6,8988.95,6371.11,5732.35,5560.45,5030.88,4481.72,4233.25,3928.43,3128.23,2287.53,1803.47,1379.5,806.415,331.653,347.547,480.131,523.949
PN_TUG_DC,2021-10-01,1390,False,-1,163.274,142.714,126.256,176.352,292.422,568.484,853.419,1009.35,1121.81,1213.65,1273.07,1239.26,1141.36,915.892,681.843,545.497,455.06,424.467,407.503,379.344,382.473,504.89,646.095,732.234,779.082,746.093,687.425,619.4,544.775,456.263,368.81,299.225,250.507,255.736,270.425,263.996,252.587,245.512,240.783,239.386,227.71,177.534,128.092,119.773,126.048,141.158,152.426,142.179,137.473,173.363
PN_TUG_DC,2021-10-01,1471,False,6,928.072,1035.05,1164.26,1311.35,1497.7,1674.57,1779.22,1848.16,1866.31,1871.43,1880.76,1850.22,1678.45,1508.23,1483.7,1466.95,1330.85,1180.3,1101.17,1078.02,1175.1,1272.71,1253.48,1241.11,1369.74,1520.6,1606.29,1667.89,1711.79,1724.67,1647.76,1549,1464.73,1394.12,1355.29,1313.66,1231.77,1180.24,1274.3,1421.12,1603.53,1765.98,1825.28,1866.02,1945.8,2026.75,2071.11,2071.46,1957.75,1855.27
PN_TUG_DC,2021-10-01,1646,False,1,184.686,190.083,205.978,225.175,245.659,282.153,374.836,567.967,1048.59,1483.2,1472.32,1354.07,1312.46,1289.52,1249.1,1119.7,703.895,317.867,320.258,407.233,395.973,361.007,345.652,352.86,417.506,492.786,547.966,615.816,747.667,887.406,989.861,1066.42,1091.53,1110.03,1155.99,1172.22,1058.73,937.181,917.71,928.583,940.919,941.054,899.129,876.871,963.732,1047.38,1010.7,947.128,912.239,903.119
PN_TUG_DC,2021-10-01,1748,False,1,244.183,280.993,378.564,557.722,731.168,804.814,872.931,1021.87,1175.61,1263.83,1309.57,1275.19,1235.34,1255.84,1274.97,1228.49,1163.33,1099.62,1032.24,950.301,865.033,782.454,685.238,534.91,378.647,255.283,152.283,86.5552,40.4452,25.1012,20.2702,21.3222,26.7882,41.7152,54.3442,49.7432,45.1152,57.9612,86.9232,153.986,233.627,318.689,403.297,481.056,551.492,603.658,656.032,727.033,790.908,810.906
PN_TUG_DC,2021-10-01,1981,False,8,2533.71,2701.39,3106.41,3603.37,4174.76,4633.54,4633.63,4618.6,5007.86,5406.64,5430.44,5335.39,5207.66,5065.65,4902.97,4682.15,4282.14,3875.76,3625.98,3402.69,3114.15,2851.44,2744.31,2684.66,2633.82,2622.26,2738.31,2875.38,2957.68,3031.94,3133.74,3230.19,3279.19,3273.16,3125.78,2979.7,2978.53,2996.96,2937.47,2866.9,2837.79,2852.55,2976.22,3109.73,3168.04,3181.02,3113.83,3039.93,3022.09,3003.76
PN_TUG_DC,2021-10-01,1982,False,3,-18.9725,-17.6635,88.9945,459.709,826.304,917.812,1028.77,1482.73,1989.74,2332.46,2526.33,2374.82,2197.08,2271.6,2364.75,2267.94,2132.52,2055.6,1998.53,1950.09,1901.94,1846.5,1783.13,1699.96,1621.43,1578.95,1557.61,1572.98,1593.3,1593.86,1569.83,1481.21,1384.52,1324.81,1291.87,1313.83,1349.33,1376.97,1403.89,1436.19,1453.26,1412.3,1352.4,1285.07,1214.13,1137.76,1064.7,1008.15,947.296,855.261
PN_TUG_DC,2021-10-01,2171,False,6,8016.67,9941.6,13659.7,18442.9,25051.3,30235.8,28723,26556.6,28824,31614.9,31724.6,30765.9,28831.7,26617.4,24392.6,22196.8,20103.9,18020.7,15867.2,13655.1,11323,9424.97,9141.36,9169.52,8661.72,8099.45,7897.04,7813.89,7776.7,7669.81,7278.09,6774.93,6174.35,5638.51,5421.01,5272.56,5044.56,4834.48,4768,4737.2,4685.68,4638.6,4628.15,4609.41,4526.89,4490.32,4676.89,4944.76,5268.4,5551.09
PN_TUG_DC,2021-10-01,2178,False,4,46833.6,51531.4,55275.5,56396.8,56748.3,57068,57729.4,59599.8,62459.2,67467.9,70783.4,66095.3,58472.5,48746.5,38923.6,30809.2,23089.1,15034.5,7941.7,4525.71,2506.91,1635.91,1162.24,940.117,807.572,741.276,705.712,712.062,740.868,805.865,884.371,973.699,1068.16,1169.68,1269.15,1354.49,1432.67,1500.23,1559.45,1600.27,1628.01,1629.67,1653.42,1778.79,1908.49,1952.23,2006.68,2184.92,2403.44,2636.32
PN_TUG_DC,2021-10-01,2199,False,8,17569.7,18990.8,20975.8,23184,25597.6,28041.4,30390.8,32831.5,35668.7,38030.8,38352.4,37970.2,37205,36468.3,36197.3,36014.3,35666,35227.7,34647.1,34024.3,33392.7,32592.8,31219.5,29681.4,28150.3,26732.5,25694.7,24763.6,23822.8,22945.1,22299.5,21780.6,21464.8,21138.7,20574.8,19924.8,19217.2,18505,17830.2,17073,15999.3,15075,14984.8,15193.8,15601.9,16132.4,16893.2,17723.5,18558.3,19137.2
PN_TUG_DC,2021-10-01,2269,False,-4,250.95,257.459,617.248,1058.17,1426.42,1782.56,2171.54,2550.49,2859.67,3079.67,3061.84,2980.38,2916.6,2863.4,2827.46,2801.41,2791.99,2771.24,2695.6,2630.95,2659.09,2705.07,2719.44,2723.21,2722.58,2718.08,2704.32,2686.48,2664.16,2655.74,2699.42,2744.69,2743.86,2749.48,2823.33,2896.3,2897.75,2881.84,2877.88,2874.33,2857.96,2767.64,2435.46,2058.21,1766.69,1486.08,1156.33,839.098,616.271,474.568
PN_TUG_DC,2021-10-01,2287,False,7,2617.1,2685.19,2806.54,3579.68,4452.89,5014.43,5399.13,5492.02,5602.17,6055.06,6353.16,5773.71,5015.44,4519.71,4103.91,3695.63,3304.73,2969.91,2715.97,2685.23,2716.03,2736.94,2770.72,2861.11,2993.3,3212.88,3445.56,3635.52,3773.72,3777.38,3774.92,3884.85,3999.4,4013.84,3892.69,3405.77,2877.2,2568.53,2271.36,1792.56,1310.16,999.694,786.504,735.908,729,711.572,688.291,656.59,626.813,611.647
PN_TUG_DC,2021-10-01,2334,False,8,1167.05,1178.46,1213.36,1258.53,1314.97,1358.75,1347.99,1331.49,1349.6,1371,1368.44,1347.47,1286.58,1192.25,1022.96,864.121,816.053,801.025,788.745,774.96,754.512,751.212,813.36,876.515,877.282,845.123,762.285,671.685,604.744,554.053,535.312,519.817,484.018,452.896,458.227,465.111,441.329,431.717,501.788,587.503,647.102,689.478,699.742,727.803,848.196,953.417,913.642,830.434,743.382,675.077
PN_TUG_DC,2021-10-01,2525,False,-2,303.648,246.95,263.503,472.686,730.316,962.343,1157.5,1253.03,1349.34,1545.17,1665.66,1426.53,1114.34,910.998,774.845,758.219,734.527,568.95,411.632,425.411,482.434,516.833,550.711,606.733,672.153,746.988,795.54,744.488,681.497,676.789,683.102,668.026,628.994,529.359,424.775,363.44,310.349,241.953,165.252,75.9214,0.28844,-14.1336,44.4854,292.652,539.291,591.807,598.158,641.423,730.405,936.585
PN_TUG_DC,2021-10-01,2554,False,-2,35952.8,27443,20067.7,20814,24269.1,28954.6,35068.4,44904.1,54229,58062.2,59737.1,59456.5,57802.1,53357,49637.6,51161,52614.2,48558.6,42762,36504.1,30293.8,24664.9,19039.1,12854.7,7109.03,3457.98,1066.54,930.53,1600.84,2804.8,3725.97,3156.5,2290.84,1894.81,1567.43,1000.45,514.399,549.815,694.559,694.545,687.275,803.221,944.677,1049.43,1123.01,1127.35,1145.56,1279.26,1392.05,1317.44
PN_TUG_DC,2021-10-01,2674,False,1,475.995,466.509,597.177,750.419,843.61,1004.03,1456.41,1941.63,2246.39,2438.36,2423.85,2367.11,2367.48,2296.5,1921.96,1519.22,1323.76,1215.98,1201.68,1217.47,1244.39,1238.94,1111.43,954.543,818.961,714.982,697.357,680.723,582.2,495.085,529.353,577.756,552.968,505.44,453.617,407.409,384.709,383.191,431.113,486.295,517.182,536.986,543.304,551.302,578.064,596.456,567.269,531.928,522.838,513.165
PN_TUG_DC,2021-10-01,2731,False,5,421.144,335.464,303.653,649.144,1093.66,1499.69,1823.13,1904.87,2010.46,2435.38,2775.45,2502.2,2082.2,1772.04,1535.33,1437.14,1344.72,1136.18,959.762,1011.19,1119.98,1197.97,1260.46,1301.14,1307.4,1216.79,1114.04,1066.19,1038.56,1024.83,1003.74,944.585,910.306,999.478,1098.74,1109.34,1103.41,1129.24,1136.24,1045.38,907.826,708.091,529.639,485.085,436.364,240.13,49.6169,27.5209,61.4009,119.233
PN_TUG_DC,2021-10-01,2734,False,-1,510.882,474.609,938.949,3128.7,5457.34,6550.47,7691.52,10239.7,12938.5,14726.3,15630.6,14417.3,13097.2,13503.9,13813.6,12053.5,9986.69,8948.4,8435.71,8687.74,8882.47,8129.61,7399.52,7702.1,8344.55,9114.48,9647.67,9247.2,8731.76,8751.44,8833.63,8589.6,8240.44,7860.17,7545.17,7483.75,7471.66,7377.93,7328.94,7516.46,7713.93,7702.35,7379.01,6194.65,4959.04,4402.99,3926.68,3039.77,2024.75,990.843
PN_TUG_DC,2021-10-01,2735,False,2,2928.7,2638.84,2366.15,1961.97,1529.33,1136.05,943.507,1402.85,2006.65,2454.95,2743.53,2642.2,2489.51,2546.26,2589.27,2373.41,2114.55,1966.79,1817.87,1551.67,1236.81,873.222,542.47,372.8,241.5,82.3203,-44.1337,-28.9947,7.79928,-21.8677,-48.9707,0.44628,79.2113,182.607,304.292,464.856,628.176,761.413,850.088,815.484,755.327,729.932,712.969,688.994,643.706,533.006,440.364,474.949,526.495,508.391
PN_TUG_DC,2021-10-01,2739,False,4,2490.19,2602.24,2688.49,2629.59,2544.81,2517.44,2555.2,2759.15,2999.64,3199.31,3337.59,3306.53,3250.51,3276.08,3275.13,3099.53,2862.28,2588.46,2346.51,2249.52,2177.1,2044.47,1901.5,1784.67,1700.6,1702.84,1719.88,1701.26,1644.12,1491.05,1344.1,1313.81,1312.09,1291.32,1250.86,1162.99,1091.37,1122.66,1164.49,1139.83,1109.37,1125.39,1125.93,1026.53,917.996,878.718,881.955,961.29,1032.25,999.598
PN_TUG_DC,2021-10-01,2741,False,3,25.9295,7.0105,963.427,5270.11,9913.89,12370.3,14131.8,15711.5,17486.6,20065.6,21385.4,17570.8,13047.2,11214.1,10116.2,8825.19,7284.18,5104.04,3200.5,2884.71,2826.93,2072.45,1297.56,1158.99,1148.68,942.092,764.603,888.066,1081.1,1211.67,1309.4,1358.28,1391.04,1415.59,1403.24,1272.15,1140.39,1123.93,1098.75,927.701,732.891,604.379,562.086,748.744,943.23,936.887,895.946,937.895,999.996,1046.75
PN_TUG_DC,2021-10-01,2751,False,3,526.4,558.675,2284.18,9724.61,18270.6,24906.4,30416.6,33996.1,37235.8,41163,43077,37355.8,30179.3,25630.7,22399.8,21030.3,19946.9,18013.8,15996.7,14551.5,13215.9,11680.7,10068.4,8393.08,6698.17,5006.38,3692.04,3673.52,3864.77,3486.34,3004.75,2745.84,2547.93,2333.51,2102.06,1830.65,1577.49,1431.62,1495.01,2167.84,2789.7,2629,2327.24,2324.8,2392.07,2390.51,2185.98,1357.99,610.653,762.366
PN_TUG_DC,2021-10-02,10,False,1,147.823,260.039,638.408,1879.64,3206.3,3965.4,4552.79,5122.19,5736.35,6511.03,7015.45,6430.11,5696.31,5538.23,5449.34,5015.77,4480.54,3943.47,3421.57,2951.46,2502.43,2075.98,1720.42,1586.67,1485.31,1274.87,1061.21,947.769,889.952,922.943,970.592,978.342,956.361,873.108,806.351,856.306,890.802,755.67,607.682,585.907,606.59,645.527,652.138,530.663,407.543,406.694,431.243,420.763,418.115,478.21
PN_TUG_DC,2021-10-02,20,False,1,531.97,447.044,409.597,565.203,775.918,983.755,1192.62,1409.56,1639.14,1902.04,2085.75,1963.31,1774.97,1665.32,1573.11,1460.51,1353.26,1285.34,1223.08,1141.03,1057.59,989.502,930.756,888.477,839.832,753.54,683.99,709.665,748.641,738.057,713.044,688.694,674.388,693.275,702.907,647.764,588.752,580.925,569.277,493.175,414.329,390.886,385.833,388.07,378.394,321.316,275.532,315.994,372.901,400.062
PN_TUG_DC,2021-10-02,64,False,2,1260.76,1280.67,1349.7,1523.79,1715.12,1862.39,2037.44,2352.32,2671.53,2863.69,2945.7,2776.53,2583.03,2554.63,2529.3,2348.4,2150.89,2052.14,1954.73,1762.13,1543.23,1330.09,1146.15,1056.09,973.031,821.408,694.265,720.7,783.641,817.99,820.414,743.13,676.721,726.981,795.975,812.535,818.31,841.125,909.376,1115.89,1313.34,1341.52,1325.75,1328.84,1353.59,1431.43,1459.98,1266.24,1044.2,947.226
PN_TUG_DC,2021-10-02,71,False,6,1391.9,1413.66,1490.96,2206.67,3134.47,4150.29,5076.83,5614.27,6143.71,7027.01,7685.42,7211.08,6435.13,5753.7,5137.23,4642.18,4173.69,3679.96,3324.47,3470.47,3679.32,3603.55,3444.26,3285.67,3164.06,3166.23,3157.38,2986.96,2779.07,2604.95,2469.82,2434.02,2412.28,2340.82,2287.83,2348.97,2439.75,2517.72,2565.69,2524.34,2482.03,2524.33,2538.82,2372.92,2193.35,2147.12,2123.75,2044.45,1940.34,1808
PN_TUG_DC,2021-10-02,79,False,3,291.123,350.21,317.723,434.982,1155.3,1795.07,1556.76,1213.67,1389.73,1659.19,1721.94,1574.28,916.421,350.235,605.514,946.219,758.511,484.321,445.094,444.928,341.959,253.643,319.73,401.509,382.538,342.643,332.428,333.931,345.626,365.805,404.954,435.201,415.994,389.777,389.113,402.819,439.639,458.896,395.171,331.221,349.322,378.71,364.656,347.33,362.369,372.031,330.902,293.487,319.576,350.201
PN_TUG_DC,2021-10-02,92,False,7,112074,166936,211988,224079,226846,230240,228982,211192,204788,253770,299747,280158,254332,272469,285121,234571,172931,136656,113548,109909,104459,73618.4,40926.8,27399.7,20520.9,17264.8,15470.9,15240.5,15309.6,14884.1,14696.4,15827.7,17028.2,17139.7,16714.1,15535.7,14295.2,13582.6,12920.8,11903.2,10871.9,10152.4,9500.4,8766.31,7985.7,7132.6,6412.02,6216.97,6013.11,5260.82
PN_TUG_DC,2021-10-02,98,False,6,2722.11,3990.32,1541.3,106.776,5862.87,12076.5,12700.4,13594.1,21006.4,28111.7,27584.8,24328.4,19335.9,14302.6,10821.6,8311.74,7588.95,7263.13,6530.71,5600.71,4411.96,3314.79,2789.82,2436.89,2104.81,1804.36,1597.07,1441.86,1373.54,1332.79,1300.56,1250.51,1131.05,991.358,851.573,723.726,637.171,581.619,591.783,618.403,636.824,668.25,752.839,835.693,859.548,875.123,921.212,965.453,972.265,964.134
PN_TUG_DC,2021-10-02,106,False,1,406.827,535.991,794.858,1108.87,1483.67,1873.84,2257.76,2660.73,3134.22,3551.39,3702.05,3718.09,3536.5,3308.74,3116.1,2887.19,2497.96,2120.41,1944.47,1854.21,1856.33,1852.86,1739.65,1611.25,1540.55,1475.94,1374.2,1271.73,1204.55,1159.07,1152.31,1132.98,1032.25,927.998,892.85,861.339,772.889,675.372,604.461,560.151,580.554,614.103,628.32,628.262,598.868,567.69,559.476,555.096,540.485,510.918
PN_TUG_DC,2021-10-02,107,False,5,397.489,345.164,317.742,457.061,639.783,804.773,952.165,1058.17,1170.47,1344.37,1480.89,1426.26,1310.77,1177.1,1054.71,988.338,949.129,947.458,951.52,937.967,908.102,839.696,756.667,661.721,570.279,502.688,446.432,405.308,365.294,314.603,278.537,303.262,325.517,279.029,238.79,289.213,361.685,419.014,466.663,496.578,517.257,523.056,500.37,394.364,276.06,198.4,128.48,44.3674,-31.2676,-62.6526
PN_TUG_DC,2021-10-02,110,False,3,168.07,238.057,691.832,1421.59,2717.04,4027.61,4825.76,5403.92,5738.88,6007.55,6279.75,6274.39,5309.45,4239.63,3768.3,3516.44,3415.39,3287.76,2921.84,2484.52,2041.29,1649.42,1439.07,1280.18,1117.63,960.794,829.603,741.584,776.414,823.8,792.345,756.22,783.235,810.345,774.16,723.334,685.508,643.878,575.918,511.224,484.192,466.413,442.769,418.522,398.329,379.057,358.552,324.802,247.239,183.363
PN_TUG_DC,2021-10-02,120,False,5,2398.04,7254.33,14581.5,26995.5,40366.6,51953.9,61932.4,68190.8,74029.4,82012,86113.2,74690.1,60836.7,54142.9,50057,47697.7,45474.6,42039.3,37893.6,32515,26613.7,20148.5,14211.5,10653.8,7800.83,5019.15,3078,3974.85,5258.36,5047.16,4697.71,5385.34,6348.35,7209.69,7851.72,7846.77,7702.68,7722.76,7732.13,7536.2,7301.36,7138.87,7004.08,6891.31,6791.18,6710.62,6533.66,6005.07,5404.57,4908.62
PN_TUG_DC,2021-10-02,123,False,8,1022,1075.16,1115.45,1161.56,1240.19,1310.47,1319.77,1329.52,1401.59,1473.12,1479.85,1460.06,1413.98,1361.69,1313.87,1269.76,1233.55,1187.73,1101.14,1014.33,967.335,923.741,851.782,772.223,695.736,646.913,690.186,753.327,792.826,817.754,816.729,810.661,813.029,820.814,838.364,846.031,810.446,785.698,841.351,906.345,922.75,919.555,898.052,879.816,890.422,893.597,842.104,773.232,699.721,645.3
PN_TUG_DC,2021-10-02,126,False,6,0.7995,-862.463,-1384.93,182.225,2520.74,5414.51,7964.51,8793.88,9393.86,10908,11960.9,10497.6,8418.5,6740.85,5385.51,4725.08,4321.91,4119.77,4151.76,4791.69,5422.97,5418.22,5244.68,5128.96,5045.46,5011.29,5010.38,5074.78,5128.19,5079.97,5054.82,5210.46,5378.93,5409.57,5376.37,5261.48,5107.86,4901.88,4707.45,4605.01,4541.5,4518.73,4453.33,4203.26,4004.26,4163.93,4321.14,4110.26,3806.95,3555.57
PN_TUG_DC,2021-10-02,129,False,7,11496,12190.4,12723.5,13628.4,15930.4,17477.9,15068.2,13386.9,18147.6,23161.3,22573.9,20176,17181.1,14316.6,12447.2,10413.5,6833.32,3591.56,3068.07,3156.44,2630.77,2015.63,1724.81,1508.94,1224.96,998.189,1038.7,1123.44,1093.69,1053.29,1092,1133.1,1102.46,1047.08,978.736,912.95,868.488,832.682,805.522,787.542,793.104,818.8,889.957,950.41,928.965,897.706,914.38,928.994,887.733,821.202
PN_TUG_DC,2021-10-02,136,False,5,849.664,796.572,895.212,1689.69,2669.46,3587.42,4298.7,4365.64,4347.7,4674.56,4864.29,4231.61,3385.01,2628.08,2038.53,1930.22,1915.33,1743.06,1545.55,1422.01,1330.92,1276.37,1217.94,1109.89,978.855,819.321,690.098,693.068,709.199,638.837,561.378,546.933,554.144,571.993,572.638,503.593,410.414,304.427,226.006,254.902,307.365,333.874,355.005,384.31,416.515,449.799,460.392,391.919,313.325,278.813
PN_TUG_DC,2021-10-02,139,False,4,910.153,1175.2,1264.95,1337.64,1525.18,1688.54,1653.03,1588.35,1622.43,1676.68,1700.05,1699.68,1647.89,1540.42,1292.48,1032.21,870.204,767.257,767.954,756.893,603.2,444.169,409.697,396.348,330.457,253.194,190.405,143.755,137.869,139.212,125.047,113.73,127.904,143.538,139.16,150.967,238.491,332.976,375.176,383.661,328.908,270.721,263.167,255.837,198.985,159.405,229.696,345.085,505.443,656.533
PN_TUG_DC,2021-10-02,140,False,-4,482.34,16.0815,-1839.13,4610.24,41030.3,82171.9,109524,128230,131115,130923,135612,133273,101776,66143.9,45484.6,31658.5,26243.2,23056.5,19284.1,16067,15408.5,15288.4,14461.3,13278.4,11590.8,9713.81,7690.32,5963.32,5401.93,5128.96,4685.62,4196.47,3727.6,3252.83,2738.41,2306.08,2196.81,2169.32,2102.25,2074.16,2221,2354.74,2269.17,2164.98,2216.84,2304.49,2356.83,2348.97,2170.96,1995.96
PN_TUG_DC,2021-10-02,200,False,3,926.679,1004.32,1046.78,1109.6,1169.43,1197.32,1206.44,1183.74,1188.03,1315.66,1419.7,1319.18,1178.66,1105.64,1058.79,1032.96,996.933,905.788,825.715,838.693,860.556,819.831,767.918,740.845,729.568,747.807,784.947,857.766,930.1,964.425,952.851,821.288,665.316,544.815,436.88,336.523,258.952,253.326,291.367,407.727,522.819,555.406,550.834,501.089,442.329,397.437,374.086,411.233,477.793,585.105
PN_TUG_DC,2021-10-02,215,False,-1,446.648,420.679,516.035,640.173,742.11,838.365,938.792,1069.08,1296.85,1500.1,1521.38,1495.2,1487.29,1466.28,1379.86,1251.9,1046.97,856.428,791.888,757.654,701.96,657.114,672.418,717.627,804.911,868.405,808.383,723.829,678.058,631.146,540.792,444.652,372.795,329.526,360.187,403.99,419.343,422.867,413.975,379.656,270.911,188.159,269.209,385.675,459.927,514.243,543.633,586.597,699.601,774.701
PN_TUG_DC,2021-10-02,227,False,4,636.745,654.784,702.535,862.577,1062.73,1288.06,1480.7,1536.77,1581.61,1722.66,1822.29,1682.01,1487.12,1344.62,1233.81,1177.83,1117.64,989.475,881.002,908.327,952.786,919.667,845.413,708.186,573.745,511.275,467.461,415.792,366.959,336.994,340.382,439.595,549.205,598.436,605.902,530.647,449.542,430.378,423.97,398.861,359.584,290.992,232.481,237.555,244.964,197.04,149.046,156.454,174.002,171.098
PN_TUG_DC,2021-10-02,228,False,0,-18.2927,-28.6327,112.437,814.538,1604.36,2141.31,2824.99,4270.4,5859.63,7172.81,8035.29,7625.98,6974.7,6749.39,6323.84,4775.93,3076,1980.21,1207.43,937.436,794.615,594.391,447.728,545.41,648.049,524.477,393.247,462.784,560.205,551.731,520.838,520.17,540.182,599.95,644.523,597.599,544.524,561.47,578.132,523.567,465.783,468.961,503.749,585.409,647.985,598.727,536.957,543.989,564.791,563.552
PN_TUG_DC,2021-10-02,294,False,2,524.899,481.582,392.493,694.377,2386.26,4264.24,5391.33,6165.45,6483.63,6753.88,7296.74,7425.59,5854.77,4032.8,3048.94,2463.04,2398.89,2396.41,2093.88,1807.39,1879.1,2018.33,2030.31,2002.51,1967.62,1947.97,1986.27,2010,1925.54,1814.13,1718.7,1643.49,1621.2,1609.06,1579.68,1566.23,1625.14,1692.76,1717.52,1712.33,1647.31,1576.99,1547.81,1531.51,1517.99,1502.25,1476.39,1449.41,1428.55,1405.8
PN_TUG_DC,2021-10-02,385,False,1,317.569,378.547,468.119,450.14,46.4982,105.145,2147.52,4816.93,7648.7,9854.66,9757.15,9224.62,9478.91,9350.46,7100.87,4401.43,2284.49,707.034,394.552,434.842,432.508,402.783,330.002,236.68,115.76,13.5262,2.6582,0.1012,-64.3338,-107.647,-15.4278,117.924,256.734,372.422,403.834,412.935,428.737,424.4,343.339,245.637,167.687,113.542,121.469,154.054,209.975,276.494,356.166,417.264,401.196,361.714
PN_TUG_DC,2021-10-02,680,False,-2,508.065,503.017,527.949,591.601,758.062,928.68,1012.14,1113.24,1362.41,1623,1772.34,1809.5,1572.81,1307.71,1216.38,1130.99,891.435,649.303,554.642,540.323,654.362,784.445,842.406,869.206,860.921,822.262,713.758,604.995,564.788,538.645,492.563,462.418,507.45,562.249,574.934,554.573,462.97,360.083,289.11,225.637,156.031,100.333,99.4192,129.946,214.057,306.774,376.042,439.164,504.734,564.762
PN_TUG_DC,2021-10-02,792,False,6,3497.68,3713.4,3882.81,3995.45,4126.57,4376.43,4617.54,4709.83,4779.93,4921.33,5012.69,4860.45,4699,4747.01,4740.33,4334.9,3866.18,3579.09,3339.79,3080.05,2772.99,2327.26,1959.01,1995.01,2074.05,1898.26,1721.1,1796.37,1921.89,1965.76,1951.56,1821.28,1695.97,1702.54,1718.13,1632.32,1523.18,1437.16,1410.57,1564.9,1753.44,1878.79,1960.08,1954.45,1952.15,2046.34,2110.3,1973.29,1800.34,1705.54
PN_TUG_DC,2021-10-02,931,False,4,617.505,1512.22,3615.46,9209.43,16372.3,25431.5,33579.5,36726.3,39120.4,43879.1,47340.1,43918.5,38527.8,33259.4,28982.6,27955.4,27771.2,27243.9,26362.5,24628.2,22767.9,21327.8,20192.6,19684.9,19384.3,19168.7,18755.8,17581.6,16204.7,14888.1,13533.2,11980.2,10368.8,8761.75,7448.73,7151.45,7384.81,8429.72,9493.71,9817.66,9858.25,9663.99,9318.22,8670.7,7616.21,5466.23,3395.51,2691.9,2387.49,2088.72
PN_TUG_DC,2021-10-02,1048,False,8,1003.12,1006.52,1084.91,1282.2,1516.45,1760.25,1997.56,2203.32,2381.92,2497.66,2568.72,2546.93,2450.13,2187.88,1924.11,1819.84,1759.81,1691.62,1612.11,1504.01,1434.2,1524.37,1627.42,1613.92,1533.47,1339.94,1131.52,984.039,859.59,753.258,665.602,625.337,621.416,695.456,780.316,824.867,855.472,878.584,891.504,876.889,872.934,933.376,1016.59,1113.41,1196.83,1220.74,1225.14,1221.14,1192.25,1085.44
PN_TUG_DC,2021-10-02,1058,False,2,136.124,150.033,244.824,549.589,1495.55,2489.16,3006.25,3364.33,3654.81,3943.78,4284.72,4364.83,3496.14,2531.03,2182.02,2009.51,1823.07,1611.12,1330.94,1088.62,1044.8,1045.04,998.427,937.932,877.764,817.584,756.516,688.236,596.012,499.523,412.644,344.579,331.2,313.354,226.168,147.045,165.381,207.262,232.496,252.715,273.361,309.838,400.508,509.748,628.346,726.095,742.977,740.622,752.53,759.671
PN_TUG_DC,2021-10-02,1133,False,1,361.83,385.843,431.266,514.329,704.794,879.743,894.954,907.59,1071.01,1244.84,1301.92,1294.55,1183.24,1075.05,1080.29,1100.59,1059.16,1015.83,1028.52,1060.87,1104.44,1143.17,1153.9,1137.01,1053.06,962.072,913.563,875.48,830.321,778.354,710.604,652.23,641.8,638.704,612.653,570.91,498.825,440.059,457.149,483.814,467.591,443.597,436.532,447.704,504.244,559.17,563.255,551.339,535.188,512.073
PN_TUG_DC,2021-10-02,1800,False,3,1106.75,1203.17,1308.52,1440.05,1652.98,1887.25,2113.03,2302.79,2377.08,2409.34,2411.07,2370.51,2214.14,2047.1,1958.93,1896.43,1842.64,1778.65,1671.83,1573.37,1546.21,1521.46,1433.68,1337.83,1278.15,1249.41,1290.39,1330.83,1300.62,1274.68,1333.66,1376.62,1278.51,1124.29,918.484,716.644,578.716,446.63,271.104,109.588,40.8643,19.0913,66.0763,121.72,139.37,153.209,192.762,255.014,369.272,482.489
PN_TUG_DC,2021-10-02,1836,False,5,1441.23,1453.77,1516.43,1646.61,1959.64,2342.24,2783.06,3259.98,3802.07,4258.81,4354.27,4274.84,3953.44,3572.9,3227.66,2902.51,2610.09,2343.96,2136.2,1948.72,1773.5,1616.57,1511.76,1452.37,1498.36,1596.44,1769.43,1963.73,2156.52,2308.49,2320.15,2236.09,1962.53,1667.06,1484.53,1343.07,1229.79,1151.19,1165.63,1229.76,1372.69,1539.17,1708.32,1855.06,1922.09,1958.56,1969.23,1974.85,1987.94,1993.41
PN_TUG_DC,2021-10-02,2089,False,2,152.452,11.6963,-81.0707,8.69532,678.05,1438.45,1932.31,2278.36,2384.75,2424.74,2470.52,2413.46,1994.98,1523.19,1230.26,1050.94,1082.66,1179.69,1291.39,1357.83,1254.87,1102.96,952.65,849.631,906.309,977.589,939.676,872.099,812.552,760.876,727.395,692.828,636.637,584.472,568.459,582.579,663.987,746.004,762.807,748.961,695.81,665.351,751.546,849.798,872.64,868.775,849.236,837.302,866.1,880.294
PN_TUG_DC,2021-10-02,2417,False,8,582.245,688.603,830.909,1097.17,1384.02,1617.36,1807.98,1905.61,1980.87,2070.12,2109.94,1965.48,1811.29,1806.71,1798.18,1625.16,1408.48,1207.21,1037.33,959.156,904.986,842.792,805.652,863.202,927.455,920.226,897.051,890.605,874.253,806.755,737.215,712.008,704.418,713.062,730.013,759.464,781.364,765.316,758.762,823.142,912.542,1016.61,1103.17,1115.38,1115.69,1149.04,1178.1,1158.61,1119.44,1061.17
PN_TUG_DC,2021-10-02,2431,False,1,883.201,1269.09,1603.32,2246.14,4001.76,5838.56,6839.17,7461.11,7623.16,7800.18,8469.39,8752.48,7214.03,5444.98,4705.16,4288.05,3940.31,3501.9,2693.77,1988.11,2004.77,2161.8,2080.64,2009.78,2216.97,2466.33,2581.66,2664.21,2769.26,2864.62,2902.83,2917.85,2910.35,2906.44,2936.49,2953.98,2895.28,2865.52,3008.89,3071.46,2683.07,2235.08,2032.98,1882.05,1658.01,1387.19,1031.76,735.831,728.458,766.85
PN_TUG_DC,2021-10-02,2443,False,4,7224.8,7129.79,7315.05,9393.83,11857.9,13752.3,15481.7,17229.4,19193.9,21862,23852.1,22805.5,21210.4,20756.2,20365,19030.3,17479.8,16145.6,15274.9,15776.7,16493.5,16582.1,16521.9,16587.1,16759.1,17157.5,17128.1,15401.7,13410.5,12201.5,11123.4,9703.33,8195.86,6740.75,5556.26,5246.32,4984.94,4030.01,3390.87,4538.03,6034.91,6942.77,7456.25,7213.29,6896.35,7067.29,7033.28,5800.17,4300.6,3093.63
PN_TUG_DC,2021-10-02,2481,False,2,213.253,367.79,500.861,937.601,2440.03,4025.92,4830.8,5270.52,5240.43,5180,5468.54,5445.86,4002.39,2401.96,1685.99,1358.08,1473.28,1622.11,1451.73,1240.98,1212.47,1211.17,1119.71,1021.97,993.244,954.037,810.029,678.109,692.769,731.217,704.189,646.333,549.156,464.944,464.238,483.246,486.845,497.525,548.269,594.168,583.455,568.135,593.32,610.679,560.496,506.749,508.41,521.412,517.656,507.923
PN_TUG_DC,2021-10-02,2504,False,-1,-113.696,3699.17,23425.8,44582.9,54775.4,62255.9,71453.6,81307.2,91586.3,100277,103031,102545,96792.7,88957.3,79213.9,71490.4,72584.1,75094.6,73676.6,71494.4,70631.2,68818.3,62352,53532.9,41294.7,29811.9,24305.5,19806.5,12833.4,7032.38,7794.56,10366.6,12592.5,14096,13492.4,12038.1,9781.12,8559.58,11703,16183.7,20884.9,24544.3,24430.7,23753.7,24876.8,25371.7,21871.5,17281,12955.4,9598.15
PN_TUG_DC,2021-10-02,2505,False,2,1074.13,1139.48,1013.16,1120.96,2228.48,3571.98,4726.5,5709,6293.71,6764.75,7232.14,7400.09,6538.34,5524.09,5012.05,4616.55,4115.56,3650.61,3420.7,3316.35,3408.18,3490.07,3344.83,3197.63,3272.14,3408.72,3534.26,3574.31,3331.04,2975.06,2515.49,2123.21,2064.55,2088.24,2061.94,2017.61,1963.7,1917.23,1904.76,1868.04,1713.23,1514,1280.38,1065.35,948.478,877.374,865.998,874.361,891.818,909.289
PN_TUG_DC,2021-10-02,2527,False,2,494.572,617.296,1100.46,1730.75,2507.79,3299.68,4000.24,4734.01,5669.02,6427.78,6375.1,6053.77,5616.98,5126.37,4558.78,3942.1,3234.36,2591.31,2262.27,2028.6,1809.54,1592.97,1372.79,1156.53,958.2,792.835,722.972,666.025,559.021,465.699,470.501,508.948,565.207,630.953,712.101,787.378,826.716,840.433,801.828,752.983,721.306,713.559,771.065,853.276,957.073,1122.59,1479.81,1878.51,2228.89,2562.64
PN_TUG_DC,2021-10-03,0,False,2,618.42,692.042,768.158,1224.76,2989.74,5011,6604.19,7879.06,8493.08,8957.65,9553.04,9761.1,8499.56,6960.14,5935.05,5201.67,4950.08,4810.17,4578.16,4326.08,4099.23,3840.88,3448.25,3033.51,2676.79,2335.49,1988.87,1658.67,1391.29,1156.22,970.734,834.146,817.482,843.194,895.318,940.044,933.813,918.209,921.236,924.477,908.778,860.69,720.515,581.492,538.422,524.223,513.168,505.004,505.021,533.066
PN_TUG_DC,2021-10-03,8,False,3,270.05,348.583,465.835,611.657,819.03,1090.86,1521.96,1916.99,2028.47,2052.3,2057.45,2031.42,1913.36,1731.3,1421.21,1119.83,975.695,870.815,743.939,634.701,609.532,609.016,609.469,612.672,625.654,667.19,797.044,931.641,993.781,1010.95,942.656,719.339,51.4227,-511.036,-268.396,84.5537,11.2027,-145.71,-155.924,2.97368,592.081,1144.69,1142.18,981.084,831.508,727.763,765.798,807.132,719.116,630.286
PN_TUG_DC,2021-10-03,16,False,3,321.661,1058.44,3907.37,7176.74,9788.18,12253.8,14888.8,17562.7,20185.1,22305,22736.8,22435.2,21288.3,19871.7,18357.3,16820.3,15295,13692.1,11812.5,9993.94,8663.86,7495.34,6393.27,5267.68,4000.47,2793.88,1940.15,1244.87,744.422,359.504,182.387,108.486,184.499,297.889,392.283,494.361,642.395,777.448,821.225,824.603,780.18,726.389,687.433,654.577,628.177,626.178,701.851,790.003,843.155,867.42
PN_TUG_DC,2021-10-03,25,False,3,496.823,556.054,605.844,669.04,788.708,941.128,1149.55,1351.57,1475.47,1559.6,1584.36,1568.22,1469.12,1325.6,1111.88,904.787,790.464,713.938,674.666,645.483,614.719,589.741,586.156,571.49,497.228,408.918,332.395,281.415,306.579,359.464,432.067,511.575,595.856,685.36,788.05,885.663,952.131,991.179,966.167,898.456,747.199,575.293,415.437,270.531,165.485,107.152,170.614,278.547,417.941,541.409
PN_TUG_DC,2021-10-03,41,False,2,473.256,612.798,842.116,1102.38,1333.41,1435.41,1534.79,1754.22,2003.23,2231.34,2370.93,2228.13,2067.32,2124.43,2161.66,1911.03,1607.36,1409.94,1243.63,1076.08,893.047,659.799,461.337,432.571,427.379,334.337,247.195,269.062,304.864,279.385,245.592,245.402,264.614,317.334,401.83,562.338,726.136,825.267,895.209,929.572,954.28,979.986,975.254,865.166,765.348,806.079,876.361,906.851,904.076,827.738
PN_TUG_DC,2021-10-03,44,False,-1,-11.3317,-20.6927,105.36,321.385,709.224,1043.07,1020.87,946.45,1048.4,1181.36,1241.69,1248.74,1146.48,1043.37,1045.31,1045.38,933.983,820.983,814.66,838.256,857.572,870.619,866.949,853.653,822.994,755.472,578.54,396.226,304.49,234.394,148.029,71.3643,45.6163,54.0593,129.582,225.813,326.768,425.503,512.223,591.276,656.026,721.888,805.7,890.418,959.861,1010.88,1013.43,993.054,941.951,886.526
PN_TUG_DC,2021-10-03,89,False,-1,787.476,711.234,680.203,1031.81,1472.72,1839.57,2255.05,2916.03,3674.5,4516.67,5103.79,4730.79,4184.93,4000.27,3821.29,3295.54,2739.6,2430.04,2241.29,2220.49,2234.98,2203.91,2110.55,1847.96,1503.18,1047.17,709.747,890.415,1164.39,1241.41,1248.91,1217.51,1193.93,1234.07,1263.97,1194.5,1095.63,995.423,908.688,869.359,853.623,871.285,871.665,779.681,675.865,624.241,605.811,648.884,698.858,711.698
PN_TUG_DC,2021-10-03,116,False,3,380.66,393.635,664.901,1055.43,1598.24,2149.83,2581.4,2980.19,3384.59,3700.71,3704.52,3580.52,3327.1,3021.21,2661.09,2278.86,1874.64,1507.67,1290.6,1101.98,862.947,662.79,648.792,704.529,813.807,907.462,895.016,853.289,816.883,780.977,741.018,712.459,727.454,758.397,800.591,836.286,838.723,836.482,850.776,844.074,748.273,634.21,546.323,467.238,391.937,326.012,289.193,273.189,299.873,333.986
PN_TUG_DC,2021-10-03,119,False,5,-57.4232,81.0138,288.78,565.369,826.636,967.56,1080.27,1215.86,1337.37,1386.1,1397.9,1355.03,1294.47,1226.81,1152.16,1059.92,954.472,820.536,661.228,443.55,244.84,170.35,153.833,212.695,285.48,332.328,389.958,510.937,635.857,710.47,755.286,747.911,723.712,692.977,650.312,572.857,495.225,451.726,417.833,382.843,352.045,337.367,339.462,383.072,427.1,431.234,426.106,428.83,419.54,360.477
PN_TUG_DC,2021-10-03,203,False,1,2242.16,4386.53,6884.33,9064.33,10947.6,12134.2,13094.9,13973,14970.2,16443.4,17549.4,16919.8,16143.7,16593.8,17126.1,16702.4,15945.9,14996.6,13672.9,11241.9,8499.07,5797.82,3605.46,3117.02,2961.48,2256.71,1574.69,1532.03,1644.75,1650.17,1603.19,1487.2,1351.14,1214.57,1099.22,1056.29,999.275,822.224,650.846,619.793,636.585,677.128,712.61,707.241,664.448,534.282,413.366,410.904,420.474,352.989
PN_TUG_DC,2021-10-03,224,False,0,1144.58,1108.65,1100.83,1210.66,1343.81,1440.07,1541.65,1699.07,1864.06,1997.45,2056.92,1893.5,1679.68,1514.14,1349.67,1139.36,930.085,771.219,654.116,630.198,621.12,570.649,514.866,483.184,473.681,515.913,554.573,529.803,505.083,544.243,598.108,638.159,663.883,654.652,645.099,669.204,699.788,718.881,736.535,760.61,773.03,738.788,695.117,663.844,566.336,229.46,-92.1532,-121.598,-66.3132,-12.7312
PN_TUG_DC,2021-10-03,248,False,-2,4337.79,7014.7,8858.65,10520.6,12392.1,14162.6,15364.8,16239.1,16549.6,16665.1,16663.9,16524.5,16018.9,15343.2,14441.7,13352.9,11847.4,10520.7,10227.5,10295.4,10570.4,10778.7,10555.4,10135.2,9467.73,8729.52,7989.59,7197.29,6226.3,5292.14,4665.01,4173.99,3845.61,3600.28,3482.73,3456.73,3619.31,3794.21,3824.17,3817.21,3828.01,3803.94,3640.33,3423.93,3166.29,2952.15,2927.93,2936.34,2868.07,2810.42
PN_TUG_DC,2021-10-03,269,False,0,1732.18,2175.8,3497.68,5072.01,6640.38,8240.58,9960.94,11633.7,13013.6,13989.1,13861,13410.5,12941.3,12208.8,10579.7,8775.06,7262.12,5882.72,4667.71,3553.17,2626.24,1868.66,1509.68,1271.28,1054.5,939.467,1156.54,1449.01,1669.96,1870.85,2076.04,2269.7,2418.23,2535.95,2591.86,2607.82,2547.33,2464.27,2379.16,2287.97,2177.63,2075.14,2019,1978.69,1946.6,1919.5,1901.71,1885.74,1866.77,1844.51
PN_TUG_DC,2021-10-03,287,False,2,71.5679,187.412,872.148,1693.24,2417.15,3160.71,4073.77,5049.64,6066.32,6859.92,6844.16,6619.31,6480.23,6297.63,5873.25,5385.44,4921.83,4497.79,4184.95,3924.78,3735.55,3570.17,3417.08,3269.02,3127.1,3007.93,2960.61,2906.9,2759.84,2607.01,2527.94,2464.35,2379.61,2281.79,2161.19,2063.62,2068.32,2106.96,2159.87,2196.81,2165.28,2124.12,2117.69,2100.36,2010.47,1911.75,1855.25,1807.21,1746.02,1694.19
PN_TUG_DC,2021-10-03,306,False,5,0.68712,-541.185,-672.512,-562.096,-33.6689,496.366,619.807,739.471,1252.83,1766.34,1881.18,1776.44,1317.45,859.535,756.515,750.879,723.986,684.411,624.397,539.264,388.669,260.138,272.504,300.85,243.479,179.684,180.576,205.71,249.244,297.506,344.506,404.362,509.13,591.633,552.543,487.012,452.264,433.856,439.877,439.311,392.502,360.307,424.655,503.245,534.263,556.34,596.075,651.651,742.99,807.099
PN_TUG_DC,2021-10-03,492,False,0,931.619,464.826,-295.669,40368.8,223765,423398,535912,604323,608902,608148,650923,656452,490001,299293,197391,133027,108189,92151,67708.4,43948.3,31242.2,22208.6,14779.3,9290.8,8973.2,9827.13,9572.89,9216.06,9651.85,10375.8,11286.6,11963,11653.9,11287.5,11698.2,11863.5,10400,8590.37,7221.93,6072.06,5220.29,4302.4,2869.36,1609.32,1462.84,1591.81,1555.89,1517.58,1643.78,1811.73
PN_TUG_DC,2021-10-03,1023,False,6,1109.05,1253.62,1441.14,1801.98,2167.77,2376.74,2524.37,2618.6,2710.67,2846.02,2932.04,2804.88,2649.85,2612.61,2628.99,2710.21,2768.33,2683.09,2572.95,2520.47,2478.56,2413.39,2297.59,2031.5,1753.94,1586.76,1446.38,1287.35,1133.33,1016.92,948.465,1007.56,1093.07,1142.62,1182.75,1227.09,1265.58,1278.83,1261.67,1165.04,1057.42,991.165,938.6,891.393,847.082,808.091,785.549,814.557,859.717,909.159
PN_TUG_DC,2021-10-03,1179,False,7,358.507,337.707,352.378,590.417,838.843,900.386,961.319,1209.08,1528.39,1902.9,2143.79,1872.13,1563.88,1639.94,1739.65,1533.45,1254.62,1035.59,910.877,1048.27,1199.6,1137.36,1012.59,888.013,792.449,795.216,822.383,836.046,867.679,975.022,1081.77,1109.92,1086.7,965.665,835.627,771.357,711.094,598.843,497.074,483.948,495.419,502.835,509.416,517.329,506.233,428.919,364.364,409.822,476.144,503.625
PN_TUG_DC,2021-10-03,1244,False,6,330.155,265.845,265.188,546.111,882.153,1125.27,1290.73,1284.48,1288.78,1497.35,1637.39,1336.52,960.026,765.096,636.695,553.188,477.886,388.253,330.124,394.109,440.141,303.492,175.513,260.286,376.546,387.246,357.858,297.693,251.187,281.698,328.188,352.771,376.312,418.461,455.604,457.073,463.609,522.463,556.795,454.26,327.958,256.923,206.419,170.073,118.168,0.03112,-87.2269,-2.12088,108.599,135.142
PN_TUG_DC,2021-10-03,1411,False,4,0.26428,-55.8317,-50.2977,149.897,402.607,642.015,871.611,1081.81,1277.72,1442.3,1545.75,1469.38,1345.15,1235.34,1135.61,1055.07,984.209,928.068,891.923,910.035,935.202,930.385,909.131,861.628,812.385,782.829,745.954,664.209,581.009,538.122,520.179,547.532,579.573,582.755,575.61,561.75,536.572,478.732,408.235,326.994,256.88,235.993,240.874,285.528,344.826,415.278,488.804,561.932,628.984,675.064
PN_TUG_DC,2021-10-03,1532,False,6,464.634,493.296,582.501,716.578,944.205,1162.86,1257.97,1339.03,1494.92,1637.56,1657.59,1598.71,1391.84,1199.41,1203.6,1252.13,1256.39,1258.25,1297.74,1354.58,1432.9,1495.1,1480.23,1433.99,1356.56,1268.06,1171.86,1069.71,954.656,841.152,746.422,679.618,690.346,721.502,745.671,761.999,758.803,750.46,743.486,723.804,658.907,588.3,543.415,514.847,516.863,538.873,599.26,659.602,681.516,687.716
PN_TUG_DC,2021-10-03,1641,False,7,245.525,159.699,144.759,408.189,734.917,1000.68,1209.95,1287.84,1357.51,1527.39,1634.16,1422.68,1154.79,1011.83,935.936,963.83,996.547,943.751,893.547,937.534,968.078,858.136,737.363,720.481,738.844,773.251,781.193,683.813,610.466,724.783,862.921,894.677,886.297,847.766,829.367,909.302,995.282,1003.32,977.742,915.09,856.981,851.163,864.521,890.963,897.538,823.471,753.118,775.882,807.952,778.864
PN_TUG_DC,2021-10-03,1966,False,2,321.338,366.345,479.503,752.346,1058.19,1318.77,1561.43,1788.48,2005.28,2200.06,2312.21,2161.19,1945.68,1770.42,1603.14,1421.36,1236.87,1058.29,900.719,809.789,743.394,695.391,662.904,666.091,679.448,692.615,714.991,769.447,826.343,859.523,883.293,898.557,913.161,933.422,939.279,889.788,828.697,783.279,756.17,775.857,794.61,763.723,729.149,731.825,745.73,760.23,751.875,664.641,569.716,527.436
PN_TUG_DC,2021-10-03,2046,False,5,685.779,669.982,748.265,878.548,1093.93,1329.71,1551.57,1771.58,1999.06,2201.95,2310.96,2338.1,2176.77,1973.49,1813.6,1688.95,1641.55,1628.65,1658.16,1707.11,1781.47,1870.08,1982.1,2071.62,2060.03,2010.13,1929.21,1839.01,1746.59,1635.74,1463.39,1280.5,1123.25,997.072,952.055,927.226,891.013,845.9,782.303,724.98,707.559,695.363,660.939,610.478,527.792,461.523,483.853,525.692,545.951,554.9
PN_TUG_DC,2021-10-03,2052,False,7,444.154,-111.322,-486.823,194.276,1141.61,1946.32,2614.46,2966.73,3447.54,4674.89,5633.45,4917.41,3816.83,3071.7,2574.86,2563.5,2517.66,1874.68,1248.65,1279.73,1420.82,1279.61,1022.3,653.327,339.329,324.79,397.116,469.701,562.076,723.657,862.921,856.286,823.071,843.924,859.496,801.718,723.436,648.019,570.789,483.752,387.661,270.672,169.336,142.767,133.334,108.632,98.4001,153.707,218.279,248.778
PN_TUG_DC,2021-10-03,2055,False,0,35296.5,34817.9,35433,41021.1,48453.7,57222.1,64263.2,64079.5,63410.5,68247.6,72607.3,69767.5,65118.6,61483.2,59009.4,59472,60400.5,60008.5,59203,58318.9,57727.1,58190.3,58010.8,54567.8,50626.6,48227.6,45937.6,42459.2,38675.3,35038.3,31544,28382.1,25139.1,21310.1,18331.8,18871.1,20100.4,20189.6,19902.2,19478.1,18957.3,18222.3,17103.6,14873.6,12360.3,9984.5,7882.36,6579.32,5482.66,4306.7
PN_TUG_DC,2021-10-03,2066,False,6,1098.77,1157.33,1281.55,1501.84,1722.43,1848.45,1929.84,1952.74,1977.23,2064.01,2129.69,2060.36,1973.25,1960.34,1972.95,1998.21,2013.63,1983.06,1944.01,1921.1,1878.01,1749.59,1629.51,1622.8,1615.66,1493.66,1363.91,1322.51,1285.47,1174.3,1042.7,915.326,787.949,655.739,519.026,372.111,241.532,177.485,130.743,77.5703,39.0573,57.8093,81.9363,67.6983,57.7763,100.71,125.861,37.1263,-58.0527,-61.2497
PN_TUG_DC,2021-10-04,14,False,5,929.069,909.404,908.173,989.413,1097.58,1216.39,1349.05,1519.27,1693.55,1843.21,1941.99,1890.52,1818.73,1826.51,1841.71,1801.57,1732.66,1620.72,1513.62,1465.68,1428.57,1369.34,1300.81,1223.04,1155.09,1130.04,1114.2,1087.12,1055.59,1020.44,994.468,1003.56,1015.41,1002.26,1003.59,1079.91,1167.67,1219.86,1266.48,1329.71,1387.31,1408.16,1400.01,1328.81,1248.68,1200.21,1150.31,1064.02,995.78,1026.44
PN_TUG_DC,2021-10-04,41,False,6,581.265,593.538,662.1,955.299,1274,1455.16,1565.14,1569.68,1591.69,1776.17,1914.44,1731.12,1501.34,1433.65,1403.88,1340.79,1271.31,1214.96,1189,1254.39,1335.67,1380.39,1404.95,1396.8,1367.12,1295.2,1196.49,1047.32,885.751,732.311,611.783,596.809,627.428,709.568,788.435,804.836,786.812,713.041,635.703,600.998,564.917,481.483,401.408,380.811,386.203,421.202,451.511,436.011,389.648,283.189
PN_TUG_DC,2021-10-04,45,False,3,1328.47,1403.53,1980.43,2813.91,4035.27,5651.58,8243.66,10954.8,13094.1,14670.3,14880.4,14683.4,14431.7,13737.3,11567.1,9305.82,8210.39,7636.89,7687.1,7821.84,7634.51,7402.18,7339.95,7286.08,7085.01,6697.83,5820.19,4954.44,4615.66,4291.43,3487.12,2549.03,1638,943.202,961.817,1073.47,795.312,484.989,458.249,501.83,502.099,499.667,533.891,602.742,752.869,873.502,811.615,710.704,657.896,610.05
PN_TUG_DC,2021-10-04,58,False,-1,501.225,439.351,523.614,647.02,758.82,854.262,906.35,964.929,1088.43,1200.07,1205.7,1187.41,1192.68,1194.07,1157.68,1107.85,1049.52,988.539,926.558,862.55,792.436,718.894,639.566,557.003,469.107,383.721,312.602,257.891,245.292,234.56,188.902,158.34,214.847,284.921,314.29,322.584,299.782,282.148,312.805,343.261,324.702,299.533,300.788,304.925,292.649,291.888,347.038,399.626,387.685,371.023
PN_TUG_DC,2021-10-04,73,False,6,437.359,346.536,410.825,986.899,1691.31,2326.06,2887.64,3269.79,3595.9,3903.14,4036.07,3585.69,3012.33,2597.96,2254.98,1995.67,1774.21,1602.11,1487.57,1522.25,1567.02,1498.24,1416.37,1404.15,1422.29,1474.09,1509.16,1453.29,1369.57,1281.2,1206.39,1182,1156.59,1077.35,988.234,919.302,859.783,812.474,779.855,785.973,805.815,834.466,868.169,910.981,963.993,1042.46,1099.33,1056.27,987.614,930.88
PN_TUG_DC,2021-10-04,114,False,8,377.244,327.852,292.966,448.904,653.512,833.539,972.956,998.758,1018.38,1128.34,1194.83,1020.49,795.254,636.868,543.187,603.97,693.072,726.219,751.172,804.411,846.486,820.988,763.035,660.53,535.616,378.032,237.579,188.8,172.963,178.65,176.801,128.458,82.0824,89.0474,107.682,113.085,120.586,149.313,198.63,297.445,398.823,459.26,489.698,457.728,403.718,336.058,278.867,270.944,273.566,263.335
PN_TUG_DC,2021-10-04,115,False,5,568.058,526.851,465.192,418.289,443.03,494.819,569.34,694.824,972.443,1227.77,1253.84,1202.57,1114.76,1027.4,975.021,875.682,580.414,287.064,196.689,172.305,171.068,161.674,103.288,64.7829,143.568,235.834,257.112,261.567,279.93,309.085,360.608,399.565,373.531,355.343,428.754,502.871,487.809,465.197,506.119,556.228,573.629,571.375,534.221,479.443,398.623,317.09,258.674,198.479,109.211,26.4299
PN_TUG_DC,2021-10-04,278,False,6,242.879,304.066,271.688,291.945,587.922,942.131,1219.67,1419.36,1429.79,1421.23,1532.91,1563.42,1193.57,769.733,561.364,444.327,423.74,406.612,307.818,235.625,336.716,450.596,434.836,384.158,343.915,312.394,299.691,295.686,302.469,291.873,211.37,141.449,177.616,227.103,215.913,183.441,139.341,108.869,136.37,169.771,166.005,171.612,247.027,336.47,403.921,450.435,447.629,450.022,518.808,577.961
PN_TUG_DC,2021-10-04,374,False,8,893.823,884.446,929.261,1268.33,1631.67,1783.75,1872.74,1958.19,2082.88,2342.76,2550.47,2444.24,2302.14,2350.22,2416.88,2354.81,2236.86,2057.47,1916.63,1968.84,2052.31,2049.65,1996.53,1857.04,1709.47,1618.51,1496.53,1210.86,903.416,686.36,556.111,633.355,741.461,750.19,764.6,898.411,1023.25,996.622,911.881,779.084,645.083,553.768,470.443,372.528,303.854,350.961,427.334,488.65,535.762,549.694
PN_TUG_DC,2021-10-04,390,False,4,346.587,312.334,289.51,785.41,3054.29,5552.81,7066.2,8076.96,8352.46,8525.48,9058.18,9120.56,7201.01,5001.64,3824.26,3098.59,2894.41,2748.54,2291.82,1812.59,1569.94,1386.11,1168.02,995.175,1014.33,1078.72,1106.78,1112.74,1079.87,1024.85,932.474,851.257,845.455,853.67,834.291,793.9,709.991,649.837,714.053,775.081,700.711,598.703,537.464,485.194,422.285,361.86,321.103,291.923,282.834,273.67
PN_TUG_DC,2021-10-04,724,False,5,486.04,553.389,656.682,744.866,746.349,759.991,902.79,1091.23,1306.07,1471.43,1440.82,1369.76,1354.21,1317.56,1151.04,944.402,730.459,553.574,510.912,502.181,476.239,439.833,385.596,331.258,294.753,282.639,335.953,374.188,296.41,239.523,370.106,508.696,486.91,429.663,412.339,433.014,542.957,643.799,624.923,598.622,666.392,735.778,715.998,677.96,666.227,642.524,550.822,451.019,391.525,347.359
PN_TUG_DC,2021-10-04,758,False,-2,857.19,1032.1,1240.61,1651.23,2090.02,2421.8,2662.64,2698.78,2714.17,2859.85,2967.55,2813.23,2620.85,2559.37,2511.64,2378.61,2221.99,2070.56,1938.13,1865.31,1800.19,1702.59,1616.37,1601.98,1595.97,1546.36,1467.59,1332.72,1202.98,1146.87,1117.63,1107.02,1094.17,1056.01,1030.17,1072.15,1126.71,1156.84,1185.1,1231.85,1283.72,1334.01,1361.41,1311.27,1230.27,1120.1,998.205,865.165,758.347,753.278
PN_TUG_DC,2021-10-04,829,False,7,5644.71,6052.14,7852.44,10006,11974.8,13570.8,14076.3,14343.1,14870.4,15321.3,15239.7,14991.4,14704.4,14500.2,14617.3,14837.5,15080.7,14877,13116,11190.8,10254.1,9538.64,8586.88,7554.92,6502.65,5974.15,7266.45,8818.61,9448.42,9850.2,10399.1,10957.3,11390.2,11631.6,11340.4,10981.7,10918.6,10817.8,10288.8,9678.42,9220.77,8961.19,9228.45,9593.03,9768.49,9906.46,10109.2,10383.7,10835.1,11147.8
PN_TUG_DC,2021-10-04,974,False,5,-34.8419,38.5201,153.266,302.133,469.412,666.818,867.722,1050.39,1210.31,1309.45,1362.7,1317.92,1236.87,1128.43,1020.46,940.259,846.13,676.43,504.73,401.922,320.27,242.193,162.949,77.1831,12.9481,29.8411,79.1371,159,240.843,299.704,358.102,438.431,538.331,682.607,795.058,753.697,680.431,651.267,641.661,653.9,653.035,586.051,525.969,555.933,609.376,652.812,670.252,609.142,548.072,565.663
PN_TUG_DC,2021-10-04,989,False,6,9979.75,12196.8,15158.4,18086.4,20154.6,22031.6,24106.6,25981.7,26959.1,27557.6,27743.2,27659.2,27047.6,26170.7,24903.1,23560.1,22343.2,21152.5,19926.9,18821.2,18166.4,17681,17329.8,17026,16758.7,16639.4,16994.5,17443.9,17745.3,18018.8,18348.8,18745,19310.3,19843.4,20093.3,20127.7,19703.3,19186.3,18804.3,18382.3,17682.5,16847.8,15828.7,14885.1,14382.4,13934.7,13235.8,12499.6,11890.3,11350
PN_TUG_DC,2021-10-04,1077,False,7,-10.4356,-802.455,-1161.05,580.351,2959.01,5436.18,8019.43,10881.5,13654.1,15825.5,17258.6,16745.9,15691.5,14705.9,13646.7,12255.2,10966.2,10368.4,10148.3,10536.7,11004.1,11141.6,11221.3,11434.7,11652.8,11747,11648.4,11010.9,10288.2,9809.01,9362.12,8780.32,8187.52,7693.68,7239.42,6821.9,6415.15,6011.45,5684.25,5617.71,5598.27,5480.49,5319.66,5110.3,4884.56,4649.4,4384.22,4024.27,3631.06,3218.12
PN_TUG_DC,2021-10-04,1091,False,5,537.645,538.5,604.926,788.702,1310.67,1882.42,2286.48,2565.27,2582.39,2557.29,2643.58,2630.75,2164.5,1652.73,1438.51,1331.57,1293.89,1260.06,1172.82,1085.82,1052.67,999.41,823.512,651.948,618.518,630.771,661.734,696.271,725.212,742.943,727.551,697.289,648.467,582.98,478.476,371.41,294.561,233.885,198.756,178.594,184.904,203.273,236.776,265.685,263.661,247.752,215.485,200.542,261.119,325.676
PN_TUG_DC,2021-10-04,1274,False,5,1246.45,1322.04,1460.95,1797.48,2173.87,2489.31,2741.01,2835.5,2907.84,3058.92,3170.94,3068.56,2917.81,2814.78,2719.35,2601.25,2491.67,2434.04,2370.96,2237.09,2087.3,1953.82,1829.24,1718.43,1604.47,1466.71,1349.32,1325.98,1321.79,1289.88,1265.84,1297.66,1354.13,1438.88,1500.14,1452.15,1363.08,1241.57,1109.65,973.354,832.374,679.823,542.707,471.049,442.879,499.348,579.713,657.649,702.878,638.928
PN_TUG_DC,2021-10-04,1689,False,2,398.33,247.766,241.314,938.045,1745.81,2233,2652.44,3165.08,3767.03,4573.72,5114.47,4537.38,3825.56,3764.72,3774.43,3368.91,2849.31,2357.62,1952.74,1814.89,1683.43,1309.53,959.112,933.774,988.167,991.388,991.707,1035.2,1077.8,1073.5,1046.5,988.19,918.208,838.829,755.839,669.965,599.818,587.026,599.44,641.499,690.583,734.686,776.899,817.533,848.162,845.334,815.206,724.345,620.193,530.697
PN_TUG_DC,2021-10-04,1830,False,4,548.481,574.628,607.716,593.034,572.312,580.46,654.519,925.965,1213.69,1359.66,1432.32,1395.03,1327.35,1263.22,1181.3,1033.9,878.643,762.487,685.786,705.182,728.383,669.237,599.168,574.517,567.559,575.242,569.191,501.796,432.316,416.865,408.548,370.443,325.763,288.741,261.551,260.14,254.338,207.975,162.821,162.203,158.941,101.929,37.7005,2.8465,-14.2835,0.2915,34.3035,103.819,178.158,233.6
PN_TUG_DC,2021-10-04,1835,False,3,6007.38,9381.15,11063.5,12503.6,14808.5,17217.1,19104.2,20757.6,22123.5,23110.7,23066.6,22465.5,20969,19207.7,17415.9,15461.9,12981,10707.1,9682.71,9357.01,10185.2,11121.6,11285.7,11185.9,10954.6,10653.6,10235.5,9678.73,8760.94,7799.31,7048.82,6454.53,6185.46,5988.47,5716.48,5409.6,5060.33,4730.81,4511.97,4350.46,4276.77,4258.39,4345.99,4541.46,5002.26,5463.1,5657.45,5690,5432.64,5112.96
PN_TUG_DC,2021-10-04,2173,False,3,572.826,589.279,632.998,798.604,992.926,1163.55,1295.4,1318.66,1339.05,1456.45,1542.59,1423.84,1278.28,1245.22,1224.1,1130.25,1013.87,893.339,772.744,655.654,542.616,440.635,365.656,372.722,396.379,395.253,382.048,352.553,320.356,295.157,281.126,298.482,322.239,336.871,353.094,383.72,400.717,356.469,306.222,296.812,307.401,345.995,401.145,485.404,563.358,590.566,600.655,602.274,589.615,535.675
PN_TUG_DC,2021-10-04,2296,False,4,881.621,1120.98,1166.79,1237.24,1589.24,2006.38,2363.7,2630.94,2649.83,2631.97,2732,2742.9,2327.76,1847.42,1569.11,1363.31,1202.02,1022.27,737.734,502.334,541.196,638.846,664.14,653.265,592.482,543.747,585.281,624.505,564.9,467.496,339.895,238.16,254.764,287.008,255.087,219.392,235.83,273.38,330.947,382.586,394.064,391.544,381.074,371.794,373.935,365.211,307.468,234.574,158.387,78.5671
PN_TUG_DC,2021-10-04,2316,False,6,341.265,330.265,359.622,518.925,678.145,707.722,720.874,808.29,933.892,1114.37,1238.69,1115.24,941.253,840.792,759.963,670.955,553.254,346.843,181.211,244.822,365.497,452.624,500.133,447.2,412.342,538.7,656.18,581.805,481.423,484.669,535.269,643.107,716.1,613.41,505.4,554.36,619.216,580.922,520.333,487.46,479.395,527.964,569.793,532.765,506.728,597.333,698.41,718.093,700.156,634.415
PN_TUG_DC,2021-10-04,2346,False,5,1343.75,1392.14,1518.63,1745.16,1979.07,2139.86,2285.07,2451.05,2651.25,2945.05,3135.64,2877.88,2552.01,2440,2391.26,2343.33,2270.83,2115.7,1994.65,2072.94,2169.27,2128.13,2052.01,1994.11,1946.96,1917.29,1874.7,1770.28,1652.3,1549.75,1463.67,1418.61,1386.17,1356.22,1317.89,1248.87,1188.6,1188.25,1163.8,996.469,809.638,699.527,642.965,692.802,741.926,683.151,609.031,590.495,585.223,569.136
PN_TUG_DC,2021-10-04,2347,False,-3,604.434,589.579,562.078,594.056,660.192,783.696,908.538,981.904,1073.76,1279.69,1451.09,1389.45,1285.9,1270.85,1254.34,1142.52,999.009,842.432,699.921,618.06,541.799,425.376,346.875,439.328,556.705,588.856,593.623,590.388,589.144,601.51,591.993,493.516,380.423,306.44,265.293,297.443,336.888,328.558,307.995,293.818,294.983,342.131,391.897,405.049,418.738,471.025,526.489,553.87,565.278,549.917
PN_TUG_DC,2021-10-04,2355,False,5,78.1706,94.7506,354.497,600.625,561.336,623.065,1321.27,2221.69,3176.55,3932,3950.36,3812.59,3869.37,3835.3,3286.77,2557.1,1721.89,1022.52,892.986,884.945,726.81,559.687,515.576,500.77,463.398,433.452,452.733,490.899,544.728,596.604,626.098,635.864,599.9,547.234,482.66,423.136,392.604,369.34,342.318,322.686,332.526,350.187,365.326,378.384,387.072,397.74,419.526,441.629,453.534,456.734
PN_TUG_DC,2021-10-05,1,False,5,195.873,195.311,255.375,462.902,1122.96,2063.03,3512.68,4891.54,5518.47,5880.6,6080.75,6114.23,5726.53,5133,4252.29,3431.78,3105.66,3015.21,3240.8,3500.05,3561.94,3520.1,3320.02,3089.37,2909.54,2728.49,2492.06,2270.48,2156.11,2081.2,2034.74,1989.76,1922.62,1866.87,1872.22,1872.39,1793.27,1685.41,1558.39,1441.39,1377.02,1306.74,1163.15,994.54,813.946,660.067,609.753,583.446,536.484,486.53
PN_TUG_DC,2021-10-05,41,False,7,1345.7,1394.83,1442.61,1700.24,2022.81,2356.23,2612.09,2592.87,2579.63,2859.27,3107.5,2953.33,2719.37,2614.04,2531.71,2398.91,2317.25,2461.07,2568.3,2323.54,1986.44,1685.19,1441.69,1357.46,1251.18,912.483,614.864,692.069,854.445,934.152,976.989,977.693,958.936,914.966,883.152,917.693,950.052,908.009,831.048,708.933,596.026,559.258,533.637,470.565,416.903,433.691,468.999,497.356,516.084,508.54
PN_TUG_DC,2021-10-05,45,False,7,497.355,307.057,567.976,2536.28,4887.04,6840.61,8292.31,8440.64,9024.13,12379.5,15282.4,13846.1,11352.2,9573.57,8361.51,8353.97,8483.28,7888.52,7177.57,6797.15,6475.82,6023.89,5581.1,5302.95,5073.78,4849.51,4680.05,4695.88,4755.58,4778.29,4662.18,4105.99,3463.91,2966.63,2577.37,2412.52,2284.05,2060.5,1911.2,2113.33,2349.92,2354.89,2350.29,2546.46,2785.21,2966.16,3035.08,2778.41,2512.33,2536.67
PN_TUG_DC,2021-10-05,54,False,2,128736,142031,156555,173923,199959,229047,259930,288066,304953,317563,326510,328147,308093,280573,248929,215946,182301,148371,114183,83687.7,66220.4,53438,43830.1,36100.5,31780,28533.5,25619.7,23212.8,22247.4,21657,20916.1,19874,17954.9,15852.2,13994.2,12326.1,11064.8,9989.04,9154.08,8565.24,8588.73,8794,9015.88,9216.94,9334.67,9458.6,9686.22,9898.23,9951.88,9952.28
PN_TUG_DC,2021-10-05,72,False,4,71.5216,143.511,305.302,717.967,1306.24,2247.01,3147.28,3556.47,3802.27,3975.78,4063.59,3920.91,3583.09,2804.51,2025.19,1683.3,1502.65,1438.13,1400.9,1345.67,1312.94,1376.72,1467.99,1557.26,1634.91,1675.48,1721.95,1825.46,1930.98,1986.13,2026.49,2066.12,2086.76,2041.9,1967.52,1856.75,1738.22,1629.33,1543.09,1525.47,1540.81,1601.15,1665.53,1699.38,1726.02,1758.72,1796.27,1843.69,1870.63,1817.07
PN_TUG_DC,2021-10-05,73,False,0,181.124,241.212,330.631,464.227,595.768,676.981,764.84,925.772,1087.05,1175.56,1222.58,1199.74,1162.04,1141.96,1110.46,1021.71,925.55,861.767,827.964,864.93,922.71,981.698,1034.91,1067.51,1095.69,1128.91,1152.38,1136.77,1102.34,1042.64,999.619,1038.64,1077.67,1033.9,942.138,768.919,608.839,574.595,561.361,494.364,415.471,351.367,339.572,492.012,642.487,622.573,573.811,597.009,641.933,688.318
PN_TUG_DC,2021-10-05,74,False,2,1366.12,1447.89,1608.72,1945.22,2300.01,2544.34,2809.62,3257.39,3695.19,3913.61,4003.3,3870.13,3712.74,3691.76,3663.36,3472.82,3294.08,3319.49,3412.04,3530.74,3640.19,3693.28,3742.15,3832.17,3902.52,3863.97,3816.14,3845.01,3876.74,3840.02,3752.42,3558.92,3370.3,3303.64,3260.73,3177.14,3079.79,2976.31,2863.84,2726.58,2598.36,2525.86,2458.77,2354.8,2253.89,2201.35,2182.89,2232.25,2250.98,2097.57
PN_TUG_DC,2021-10-05,103,False,5,241.72,208.007,221.628,420.669,639.652,741.916,809.628,876.468,959.382,1096.31,1188.31,1071.43,904.686,775.543,676.58,642.355,611.477,528.18,448.562,434.575,441.223,452.789,452.133,404.816,343.665,281.521,222.968,177.85,151.708,177.906,228.907,313.029,394.716,435.082,456.522,453.708,425.875,336.025,245.84,216.653,217.881,262.481,310.459,327.407,344.39,392.468,435.011,426.727,388.118,296.792
PN_TUG_DC,2021-10-05,298,False,3,655.296,630.368,619.343,713.044,826.193,901.592,974.948,1079.69,1191.21,1293.76,1365.66,1340.46,1267.33,1125.59,960.162,781.445,623.19,548.925,520.034,563.544,619.038,644.457,674.183,748.845,815.148,807.358,775.434,735.19,717.242,783.438,848.363,825.209,796.826,839.184,906.7,988.57,1028.3,909.402,774.892,745.08,741.907,724.8,699.864,663.444,658.034,770.74,903.265,985.732,1041.33,1054.82
PN_TUG_DC,2021-10-05,358,False,4,1791.68,1849.42,1924.15,2260.44,2656.02,2991.61,3239.07,3245.33,3232.96,3394.12,3490.92,3191.43,2828.05,2640.99,2481.47,2238.06,1978.33,1749.4,1608.84,1741.34,1922.55,1998.58,2022.64,1974.33,1904.76,1832.18,1712.82,1434.51,1116.54,822.318,607.42,640.977,723.257,726.303,736.533,852.339,988.076,1086.1,1157.72,1176.63,1180.32,1184.11,1198.71,1250.1,1310.67,1365.79,1406.51,1403.81,1413.37,1507.75
PN_TUG_DC,2021-10-05,369,False,2,3275.7,3477.93,3830.4,4825.26,6023.87,7277.78,8340.52,8694.36,8920.78,9408.17,9642.77,8739.26,7546.89,6499.88,5616.18,5142.05,4752.11,4247.86,3847.01,3919.48,4089.52,4123,4141.95,4250.62,4380.86,4494.62,4594.1,4661.76,4734.26,4853.69,4927.78,4798.27,4615.61,4453.79,4315.21,4234.03,4146.86,3983.35,3860.67,3955.28,4094.5,4169.74,4217.9,4238.98,4287.91,4456.77,4548.1,4252.99,3903.95,3755.19
PN_TUG_DC,2021-10-05,455,False,-2,942.169,982.841,1182.97,1859.98,2737.81,3829.18,4834.14,5330.35,5668.6,5968.34,6127.06,5832.38,5358.33,4720.56,4140.67,3920.88,3795.12,3632.03,3424.04,3099.45,2682.05,2062.74,1476.78,1207.68,1056.93,996.858,973.645,990.057,1046.64,1202.11,1351.27,1380.55,1396.48,1487.04,1604.69,1739.8,1854.74,1883.17,1887.53,1894.79,1878.82,1778.86,1643.79,1472.19,1317.38,1256.25,1212.72,1136.51,1067.48,1056.43
PN_TUG_DC,2021-10-05,468,False,4,-10.6068,-389.258,-298.223,1696.38,4130.16,6169.22,7854.4,8728.97,9491.72,10666.1,11567.9,11105.5,10034.4,8236.7,6554.06,5986.48,5777.03,5682.86,5566.93,5268.73,4920.68,4584.25,4281.49,4082.22,3918.85,3776.31,3648.07,3550.3,3508,3625.93,3748.8,3728.7,3665.51,3597.61,3525.14,3439.65,3311.67,3049.34,2722.6,2307.3,1853.2,1354.58,918.062,739.934,638.291,542.308,456.385,401.742,369.204,381.572
PN_TUG_DC,2021-10-05,937,False,6,618.015,684.275,805.379,935.223,1040.96,1166.52,1384.29,1598.66,1708.62,1776.21,1802.24,1805.14,1768.1,1683.19,1474.03,1283.7,1281.95,1318.7,1299.46,1285.26,1345.31,1407.64,1402.84,1364.72,1279.36,1186.74,1115.4,1033.5,894.251,767.722,742.36,736.071,694.295,651.173,640.181,661.041,758.896,854.554,865.965,857.092,862.856,868.606,858.688,829.509,749.837,665.569,615.942,582.075,567.738,563.496
PN_TUG_DC,2021-10-05,982,False,1,1443.82,1152.92,1047.76,1014.46,1044.52,1139.43,1397.05,1732.19,2170.58,2549.37,2619.59,2575.91,2447.44,2266.06,1983.99,1651.97,1249.51,904.866,829.812,840.388,875.906,890.394,808.986,688.787,531.049,377.603,276.054,198.963,154.202,119.605,88.3454,65.5134,68.8334,85.5634,122.464,164.662,205.173,245.393,286.104,313.598,295.077,268.59,260.665,260.371,267.623,280.641,306.199,337.118,373.75,399.536
PN_TUG_DC,2021-10-05,1182,False,7,221.709,54.5892,173.234,1422.58,2871.03,3871.29,4577.01,4725.69,4868.72,5535.21,5925.11,4836.44,3484.6,2709.57,2236.73,2218.15,2254.76,2033.25,1784.42,1701.95,1639.97,1480.9,1309.62,1193.98,1076.43,896.98,743.147,740.025,778.493,809.065,822.201,784.608,752.491,789.186,815.54,736.913,624.308,500.749,410.813,446.647,497.095,473.189,468.172,602.76,742.057,758.038,760.877,842.527,941.938,1022.09
PN_TUG_DC,2021-10-05,1286,False,2,3204.66,3495.2,3797.16,4100.88,4400.72,4687.94,4934.5,5128.65,5182.36,5192.98,5192.51,5090.35,4649.28,4197.33,4045.27,3925.99,3617.72,3260.1,2924.89,2662.86,2628.47,2609.32,2415.64,2184.35,1999.77,1847.6,1759.47,1693.17,1638.75,1596.5,1585.29,1602.73,1687.69,1774.9,1803.02,1831.76,1921.63,2004.55,2001.83,1971.47,1931.56,1883.34,1815.77,1760.02,1764.15,1774.07,1743.95,1702.61,1663.4,1641.9
PN_TUG_DC,2021-10-05,1302,False,5,721.543,2909.15,10366.6,34316.7,60478.9,77764.1,91004.6,99354.7,109591,130912,145149,123896,96021.3,80899.1,71437.7,68467.5,65341.4,55320.7,44927.8,40182,36782.3,32337.7,27735.6,23678.5,19889.2,16490.5,13965.3,14054.2,14262,12285.6,10341.5,10705.3,11504.4,11494.8,11735.5,13674.7,16441.1,20330.2,23358.8,22315.1,20505.5,20116.2,19566.7,17014,13866.5,10693.1,8079.23,7403.61,7063.52,5955.69
PN_TUG_DC,2021-10-05,1403,False,6,24.9768,-157.108,189.888,714.464,1321.07,1922.12,2427.87,2990.46,3840.58,4587.62,4689.71,4574.14,4352.84,4060.92,3625.69,3132.05,2579.84,2033.76,1566.89,1143.6,792.956,534.921,524.087,562.678,525.313,466.792,412.87,357.278,290.768,221.405,153.716,109.55,144.973,207.516,283.837,351.642,377.012,397.305,442.444,488.842,514.219,524.669,505.031,487.011,504.533,533.123,564.094,592.335,608.946,619.134
PN_TUG_DC,2021-10-05,1482,False,5,352.79,2729.49,13182.4,27875.3,49100.4,70797.5,87669.7,103899,122707,139410,146115,145628,130370,112839,102136,92499.6,79636.7,66679.8,56678.9,47667.5,39132.4,32257.1,30682.3,31550.7,35558.7,40427.8,45177.3,50213.3,56355.9,61851.8,63990.3,64510.2,62795.9,60041.6,55887.3,50611.5,42853.9,34672.4,27507.1,20952.7,15482.8,10682.4,7140.24,4889.14,5842.09,7551.27,8678.09,9667.78,10785.7,11799.4
PN_TUG_DC,2021-10-05,1526,False,2,24.2976,67.1816,130.153,210.384,886.577,3781.07,14397.3,49339.2,86357.2,106133,116748,113220,108488,113453,114739,93621.8,69942.2,59902.1,54350.5,50476.7,46191.2,38906.3,30746.7,22602,15443.7,11676.5,9728.02,10654.8,11783.1,10747.8,8722.04,5470.81,2305.61,655.146,-237.789,-41.2614,336.656,263.521,95.5666,58.7676,51.6566,12.9116,-22.7714,-15.3194,3.01864,16.8546,80.1236,318.085,572.854,711.433
PN_TUG_DC,2021-10-05,1746,False,6,95.5094,-1345.26,-26.8246,11984.2,26397.9,38360.5,47696.2,50514.8,52526.2,58147,60755.8,49331.7,34836.1,23831.5,15413.5,12324.6,10328.3,6822.24,3690.28,3394.58,3775.03,3645.51,3457.05,3595.49,3825.99,4040.35,4116.63,3735.32,3250.86,2867.08,2494.73,2058.31,1622.85,1258.39,1028,1188.01,1415.84,1487.47,1493.21,1430.4,1349.72,1276.03,1259.15,1429.99,1615.18,1663.96,1741.82,2057.46,2426.16,2738.26
PN_TUG_DC,2021-10-05,1876,False,2,1974.01,2193.54,2382.55,2459.18,2525.93,2672.45,2898.97,3319.68,3733.22,3926.47,3978.79,3766.57,3497.25,3291.21,3006.17,2384.36,1712.9,1209.58,850.202,816.585,844.434,760.558,664.575,640.718,632.626,606.175,579.981,573.322,562.77,519.061,464.129,404.026,353.924,343.349,346.41,357.325,383.183,452.913,528.535,580.117,601.919,545.154,462.63,369.62,276.825,194.914,124.906,85.4243,69.7573,105.813
PN_TUG_DC,2021-10-05,1877,False,4,302.441,-10.3782,-1353.88,1504.93,19872.8,41327.9,57842.8,69463.4,69272.7,67235,70495.5,71428.4,58973.1,43980.9,33661.3,24999.9,17332.8,11453.9,10786.1,11413.8,11323.1,11486.1,13274.6,15256.2,16267.5,16746.8,16367.2,15594.4,14311.5,12722.3,10584.5,8473.81,7004.6,5832.69,5042.96,4397.26,3876.53,3593.03,4003.62,4494.19,4563.99,4359.84,3637.38,2846.53,2335.28,1927.53,1593.69,1272.25,923.928,654.221
PN_TUG_DC,2021-10-05,1900,False,7,9926.44,11664.6,14043.1,18120.5,22370.6,25518.1,28202.6,30399.7,32324.5,33778.2,34707.4,34293.9,33549.2,32993.8,32260.1,30713.5,29008,27568.6,26209.9,24861.7,23666.2,22983,22203.2,20580.6,18865.4,17675.8,16608.6,15425.5,13939.4,11540.3,9454.04,9359,9803.85,10111.4,10216.1,9775.88,9332.46,9418.7,9535.53,9222.23,8698.09,7889.64,7395.5,8263.62,9349.64,9822,10039.1,9997.36,9846.37,9564.64
PN_TUG_DC,2021-10-05,2063,False,5,0.48118,-57.1548,5.23218,489.777,1023.76,1306.5,1526.26,1782.81,2052.03,2322.85,2451.99,2092.59,1673.38,1535.63,1458.61,1306.55,1140.19,1001.91,884.19,808.831,744.373,675.686,616.937,596.476,564.316,454.266,354.935,370.429,404.987,390.11,365.405,357.031,353.749,359.574,396.266,443.996,498.819,548.909,575.829,597.722,625.538,657.692,698.555,734.633,746.141,775.493,889.786,975.93,881.193,791.979
PN_TUG_DC,2021-10-05,2124,False,5,192.118,76.2187,84.7927,614.016,1273.07,1857.58,2354.95,2630.91,2891.62,3315.48,3585.95,3164.23,2634.88,2427.22,2314.2,2201.38,2090.82,1990.74,1912.29,1896.77,1847.62,1620.65,1390.78,1329.02,1312.84,1285.05,1269.79,1310.22,1349.65,1329.67,1284.65,1213.35,1149.22,1135.33,1121.47,1057.72,995.559,988.967,990.845,965.844,924.996,856.725,781.506,709.805,650.657,631.173,624.179,620.503,610.351,575.163
PN_TUG_DC,2021-10-05,2247,False,3,156.243,3463.1,18320.3,33128.3,36298.1,39372.2,53871.1,73037.9,96666.6,115592,113950,108524,110561,112197,104813,93850.1,79615.8,64814.6,51283.2,38986,29669.1,21645.1,15115,9001.15,2900.87,-1245.75,1321.66,4624.2,3758.19,1934.59,1024.31,519.162,468.743,522.992,490.432,416.048,287.857,167.724,128.729,119.529,131.391,136.484,98.7913,91.0333,229.131,391.039,488.366,540.651,503.398,455.475
PN_TUG_DC,2021-10-05,2270,False,1,1044.18,1313.61,1592.53,1840.72,2101.65,2436.53,2740.88,2865.39,2927.85,2956.15,2964.79,2938.01,2885.19,2777.63,2656.04,2539.7,2396.24,2153.84,1899.13,1701.04,1525.45,1369.85,1203.97,983.664,774.362,658.042,585.768,572.315,578.992,597.061,618.879,642.458,657.633,641.879,608.131,542.606,444.925,268.342,92.8605,0.17852,-55.7315,-67.7495,-56.7165,-8.74748,74.5375,242.888,424.644,567.65,689.213,775.47
PN_TUG_DC,2021-10-05,2310,False,5,473.615,376.957,421.809,1099.82,1809.41,2000.5,2307.77,3537.11,4944.07,6030.06,6678.64,6150.09,5514.56,5677.95,5820.44,5085.25,4170.35,3522.21,3109.71,3234.61,3385.61,3093.34,2751.84,2687.89,2724.03,2825.86,2979.36,3247.35,3534.84,3773.49,3911.32,3750.85,3513.4,3306.63,3054.48,2613.65,2153.33,1815.75,1558.65,1455.25,1389.72,1303.66,1269.9,1437.74,1637.27,1744.27,1813.17,1843.98,1843.89,1774.5
PN_TUG_DC,2021-10-05,2312,False,4,939.358,110.57,114.206,4037.38,8762.7,12336.1,15768.4,19896.5,24358.5,29218.6,32171.7,28157.7,22592.5,18646.5,15436.6,13091.8,10672.8,7170.17,4392.78,5205.87,6906.55,8064.25,8654.47,7858.04,6826.78,6366.07,6033.32,5561.43,5028.78,4432.71,3942.64,3879.13,3860.89,3574.87,3324.89,3469.1,3683.19,3741.78,3725.71,3611.15,3506.76,3531.64,3468.19,2971.24,2409.43,2060.37,1867.89,1998.56,2151.71,2063.12
PN_TUG_DC,2021-10-05,2324,False,2,482.377,419.166,340.373,277.236,238.045,289.114,1315.53,5609.58,10422.4,13740.3,15842.3,15272,14275.7,14444.2,13934.9,9912.15,5316.24,2281.94,463.569,1249.6,2472.19,2608.81,2397.41,2089.92,1802.07,1669.65,1561.84,1382.5,1163.66,882.632,645.391,621.357,671.522,763.787,847.729,862.194,849.377,812.936,803.011,906.762,1002.55,957.786,904.858,963.59,995.279,821.441,610.226,477.564,420.256,541.729
PN_TUG_DC,2021-10-05,2333,False,2,585.503,493.459,449.114,737.685,1100.18,1383.33,1621.98,1789.16,1955.43,2186.95,2338.62,2149.58,1894.69,1753.08,1626.01,1433.81,1240.88,1111.81,1018.77,985.317,947.056,833.653,720.778,685.197,668.218,638.04,619.89,657.017,709.263,758.068,794.512,792.172,781.082,778.253,766.983,718.239,667.348,646.457,629.541,596.098,558.614,524.435,511.986,571.351,659.27,773.471,873.461,898.75,907.973,935.835
PN_TUG_DC,2021-10-05,2347,False,5,246.342,259.832,248.613,2579.49,13002.1,24906.9,33802.8,40372.6,41997.2,43012.6,46769,48182.3,38751.3,27149.3,18950.9,13249,12676.2,13145.5,12116.8,10933,10745.7,10730.1,10300.5,9785.2,9392.94,8947.52,8198.94,7623.55,7948.59,8464.56,8736.34,8897.33,8927.61,8969.7,9173.06,9086.93,7843.1,6434.04,5613.73,4988.32,4439.06,3917.69,3423.49,3047.25,3049.4,3068.74,2769.39,2382.11,2012.56,1649.16
PN_TUG_DC,2021-10-05,2358,False,5,408.593,270.317,264.534,861.305,1587.47,2155.87,2636.05,2974.73,3314.97,3795.42,4096.53,3638.97,3039.69,2710.27,2446.06,2131.57,1799.38,1459.51,1166.51,1041.98,937.943,737.301,553.648,525.62,508.027,370.715,221.505,152.5,124.804,158.494,201.848,218.368,250.373,362.833,486.587,568.512,630.883,667.784,683.449,651.164,614.211,608.53,596.943,532.931,437.314,285.987,150.111,122.344,102.48,2.05954
PN_TUG_DC,2021-10-05,2398,False,4,824.127,1111.52,1407.44,1703.03,1988.16,2233.23,2352.39,2513.22,2940.85,3327.11,3301.54,3103.87,2726.4,2331.29,2049.61,1705.79,1035.79,396.467,190.792,137.992,176.605,218.839,185.714,146.441,161.844,189.678,205.014,208.706,185.455,169.496,205.246,243.128,236.13,202.461,122.323,44.2562,19.4792,10.1432,0.34022,-16.6708,-57.2298,-84.9098,-44.7778,6.63322,29.0862,45.7732,72.0872,104.963,150.334,186.044
PN_TUG_DC,2021-10-06,7,False,7,1171.85,1946.91,2316.88,2675.63,3404.46,4229.66,5011.02,5631.28,5742.15,5725.03,5773.07,5767.53,5507.92,5164.46,4785.86,4390.8,3972.25,3549.74,3137.21,2744.14,2408.7,2114.41,1906.07,1779.89,1851.84,1976.63,2086.35,2186.86,2272.13,2353.21,2434.8,2507.64,2549.13,2560.29,2497.27,2381.9,2159.69,1906.8,1654.17,1397.09,1124.23,869.415,693.376,565.138,523.09,505.291,485.352,453.986,385.864,305.133
PN_TUG_DC,2021-10-06,37,False,0,24541.3,26214.5,28980,34676.6,40521,43941.9,46295.7,47423.3,48779.2,52103.2,54836.2,53570.6,51916.5,52918.3,54104.4,53251.3,52189.2,52435,51894.7,47340,42538.3,40889,39425.7,35423.8,30696.4,26049,22412.2,22148.4,22125.1,19570.3,16691.2,15247.8,14217.9,13160.8,12043.8,10755.6,9343.54,7683.8,6307.41,6149.48,6081.29,5108.82,4113.02,3947.81,3946.38,3675.88,3425.52,3519.49,3698.67,3825.32
PN_TUG_DC,2021-10-06,42,False,4,719.311,1003.32,1343,1977.99,2635.05,3070.31,3364.27,3395.84,3419.12,3671.55,3870.37,3654.98,3399.15,3417.86,3451.48,3259.28,3008.89,2784.44,2530.37,2147.26,1761.8,1497.85,1284.67,1124.05,963.405,751.704,554.018,455.964,379.156,276.445,195.208,213.918,228.072,127.006,18.5207,0.07266,-3.56034,-46.2263,-73.1243,-5.94734,85.5147,166.403,240.626,303.055,360.926,414.29,447.388,415.414,384.588,422.259
PN_TUG_DC,2021-10-06,45,False,2,163.339,143.741,289.442,522.379,891.635,1284.37,1622.64,1927.31,2170.75,2371.33,2482.76,2490.28,2228.21,1912.81,1682.47,1490.12,1342.07,1210.35,1092.82,1039.34,1192.61,1385.41,1507.85,1601.98,1670.38,1738.34,1828.66,1871.87,1730.87,1579.58,1576.94,1611.56,1624.62,1619.65,1575.81,1548.81,1617.71,1674.76,1595.55,1512.19,1550.96,1605.99,1593.68,1547.83,1455.29,1386.85,1446.71,1498.98,1397.22,1282.31
PN_TUG_DC,2021-10-06,50,False,2,512.331,466.984,831.766,2674.99,4802.19,6431.2,7911.52,9389.73,10967.9,12876.1,14331.2,13895.8,13092,12905.6,12770,12177.9,11409,10490.2,9508.22,8455.55,7415.49,6490.45,5673.54,5113.51,4587.42,3926.64,3391.76,3427.65,3604.03,3693.52,3740.67,3732.34,3694.24,3608.22,3510.83,3421.82,3339.3,3271.32,3240.14,3321.92,3450.41,3626.06,3765.96,3736.35,3669.6,3643.35,3585.99,3379.27,3121.36,2837.76
PN_TUG_DC,2021-10-06,52,False,7,1422.82,1467.82,1570.14,1694.62,1837.55,1951.12,1945.54,1918.72,1937.72,1965.76,1977.85,1964.38,1879.77,1807.17,1846.38,1890.31,1838.13,1755.15,1663.33,1593,1605.01,1640.27,1673.57,1713.53,1778.77,1840.81,1865.34,1833.42,1645.06,1444.34,1357.31,1310.6,1288.41,1276.79,1278.69,1312.13,1439.71,1537.76,1439.87,1290.39,1159.7,1046.92,976.355,938.782,972.751,1013.95,1008.84,989.499,967.7,941.989
PN_TUG_DC,2021-10-06,54,False,3,1096.73,1800.16,4724.69,9279.62,17205.3,24539.7,26490.1,27373.8,29967.7,32495.3,33022,32044.4,27905.4,23687.4,22328.5,21243.7,18235.8,15167.5,13845.2,13462.5,14554.5,15643.4,15257.9,14360.1,13177.5,11888.5,10503.2,8990.13,7136.27,5444.24,4651.62,4138.73,3691.53,3319.85,3149.57,3027.58,2872.4,2745.75,2752.23,2793.62,2822.18,2847.9,2877.58,2909.81,2945.89,2948.27,2830.88,2696.1,2620.56,2542.96
PN_TUG_DC,2021-10-06,74,False,-4,-34.7199,13.6531,115.84,379.777,733.595,1234.46,1705.6,1928.21,2077.3,2220.81,2313.35,2232.2,2044.38,1663.44,1292.3,1146.4,1045.44,873.738,708.274,636.666,589.365,531.832,479.115,454.245,449.403,485.711,529.985,560.725,583.504,592.151,578.34,501.222,414.783,359.081,301.299,205.292,104.427,25.7751,-24.5539,0.5011,49.8741,107.825,160.62,187.968,223.598,312.899,400.429,428.168,445.829,488.76
PN_TUG_DC,2021-10-06,89,False,4,13165.9,16253,20075.6,27769.9,36055.1,42476.8,47415.8,49138.7,50436.2,53439.4,55830,54393.9,52559.7,53166.6,53565.3,50780.5,47237.5,44272.8,41314.6,37776.6,34034.7,30173.8,26309.9,22555.7,19046.5,16267.3,13479.6,9937.98,6355.01,3406.22,1348.16,1716.4,2378.63,1640.53,734.622,665.878,797.609,773.903,688.58,552.103,404.216,268.555,202.411,363.467,578.576,752.588,887.557,930.475,948.556,971.741
PN_TUG_DC,2021-10-06,92,False,0,3101.14,3077.76,3239.57,3469.94,3750.63,4024.68,4226.88,4412.15,4610.23,4775.94,4814.5,4737.13,4388.06,4015.96,3835.46,3722.19,3646.85,3550.97,3348.87,3164.87,3149.64,3172.42,3156.09,3093.68,2913.85,2754.16,2780.58,2837.09,2810.93,2777.06,2801.26,2869.36,3029.52,3182.09,3217.23,3236.03,3315.73,3382.74,3343.34,3240.78,3027.67,2810.62,2690.2,2615.67,2601.87,2590.04,2525.88,2481.74,2559.48,2671.37
PN_TUG_DC,2021-10-06,140,False,8,3099.58,2895.43,2797.9,3245.95,3850.83,4447.53,4923,4994.17,5038.93,5390.29,5573.92,4870.97,3999.24,3434.27,2995.92,2682.3,2432.22,2280.39,2205.99,2300.18,2381.48,2251.61,2110.23,2140.62,2186.13,2111.42,2036.35,2081.87,2174.31,2306.61,2419.63,2427.38,2414.56,2435.44,2434.09,2321.59,2180.98,2054.96,1943.56,1868.16,1839.14,1934.17,2056.21,2147.1,2204.02,2175.93,2132.54,2120.35,2086.65,1947.68
PN_TUG_DC,2021-10-06,147,False,4,193.603,179.637,1139.67,5514.01,10201.6,12555.2,14184,15675.8,17409.7,20067.6,21701.1,18891.2,15571.4,14929.9,14644.5,12878.7,10673.8,8456.12,6390.3,4849.49,3407.3,1793.09,624.388,1163.82,1948.58,1873.93,1658.48,1827.73,2078.46,2218.88,2296.7,2271.45,2213.93,2147.6,2094.61,2095.66,2107.02,2100.88,2128.99,2293.15,2492.89,2678.45,2825.03,2853.74,2913.78,3199.95,3558.97,3936.24,4065.47,3335.42
PN_TUG_DC,2021-10-06,151,False,2,36319.9,49242.7,61389.9,74063.3,87063.8,100582,111730,114203,114858,117877,119967,116424,111298,106347,101019,94169.7,86863,79510.4,72484,66619.6,61083.2,55502.4,49319.7,41119.1,32639.4,25231.5,18855.2,14954.2,11709.3,8277.32,5355.22,4396.3,3892.56,3000.81,2179.11,2001.1,1991.22,1913.43,1735.9,1286.33,751.469,197.141,-219.323,-143.953,1.9811,-97.0739,-136.921,276.004,810.143,1305.41
PN_TUG_DC,2021-10-06,152,False,5,9100.58,7729.97,7708.69,7816.73,7031.36,6429.68,7365.28,8737.9,10068.3,11075.2,11020.2,10732.4,10698.5,10581.5,9915.83,9095.44,8293.57,7594.56,7228.88,6981.01,6807.04,6660.77,6539.3,6447.93,6435.16,6399.23,6203.87,5921.48,5502.28,5195.73,5412.73,5736.98,5905.63,5967.94,5824.62,5708.46,5885.64,5948.52,5323.91,4582.26,4126.63,3778.37,3509.02,3227.4,2827.63,2436.04,2190.04,1930.16,1477.76,1044.31
PN_TUG_DC,2021-10-06,225,False,6,702.118,443.806,302.041,897.46,1698.3,2467.13,3151.73,3586.29,4087.57,5060.76,5837.31,5462.27,4801.29,4308.65,3898.34,3595.93,3331.53,3092.61,2890.84,2792.36,2710.8,2584.22,2432.36,2238.19,2001.71,1663.11,1377.77,1377.24,1421.55,1335.34,1218.6,1129.81,1082.94,1151.99,1257.54,1373.05,1478.54,1541.04,1620.66,1801.81,1988.58,2091.83,2129.78,2027.49,1928.32,1979.09,2056.55,2075.07,2070.56,2046.17
PN_TUG_DC,2021-10-06,448,False,7,27326.2,43118.4,57916.7,67948.5,77893.5,92217,103866,101950,99539.4,108892,116829,108011,94165.5,79859.9,67995.9,64916.5,64944.5,66900.2,68716.3,68182.6,66811.6,64885.6,61736.3,54893.1,46688,37505.1,29475.3,26380.3,24771.2,23372.8,22859.3,25232.1,28648.6,32760.9,36137.2,36292.3,35331.1,33736.3,31778.9,29176.5,26269,22956.4,19824.8,17718.6,15884.4,13965,12177,10935.7,9874.04,8888.38
PN_TUG_DC,2021-10-06,490,False,5,453.319,1241.88,2101.69,2808.56,3550.34,4566.16,5565.04,6228.16,6710.07,6902.92,6976.06,6921.83,6808.53,6615.68,6368.36,6009.92,5553.55,4870.75,4170.63,3635.75,3125.69,2535.58,1965.46,1547.57,1249.08,1209.85,1233.44,1216.43,1211.53,1290.33,1369.54,1365.41,1307.63,1148.83,972.383,835.9,730.675,692.703,673.699,653.211,630.959,604.85,588.25,608.358,639.968,674.399,702.984,708.91,711.502,725.095
PN_TUG_DC,2021-10-06,609,False,6,2785.97,3039.12,3114.91,3260.24,3822.75,4502.35,5166.05,5752.5,6091.28,6366.95,6664.75,6673.93,5663.61,4407.52,3324.26,2369.05,1676.44,1082.28,570.16,214.006,315.52,515.702,599.641,652.35,716.513,774.808,800.341,809.223,793.645,778.724,790.508,818.623,875.673,917.503,878.133,819.479,775.527,731.756,673.493,617.852,586.116,571.272,590.489,608.826,590.328,564.775,551.728,533.908,486.789,429.514
PN_TUG_DC,2021-10-06,652,False,3,556.396,482.026,460.188,603.728,751.88,752.575,785.719,1078.92,1421.35,1670.99,1824.49,1742.04,1647.77,1745.82,1817.52,1604.95,1341.65,1189.19,1084.43,1030.89,968.065,824.012,704.153,748.842,817.124,802.058,774.874,790.495,823.266,871.476,909.175,895.626,874.409,877.675,872.435,813.512,760.854,784.011,841.951,943.576,1048.25,1120.2,1177.93,1219.57,1256.93,1294.62,1302.3,1206.64,1111.85,1123.7
PN_TUG_DC,2021-10-06,757,False,5,1817.18,1836.01,1851.32,1902,2078.58,2287.8,2483.49,2662.3,2796.66,2892.92,2901.44,2863.75,2753.77,2617.53,2463.19,2341.36,2349.17,2387.71,2402.79,2418.85,2463.1,2532.24,2656.6,2701.44,2417.32,2066.72,1814.83,1551.91,1149.99,716.684,316.574,0.41268,-60.1303,-50.5813,-53.3363,-20.2213,149.992,322.53,366.196,384.259,443.416,501.096,511.747,513.149,529.851,547.398,552.47,563.857,609.892,676.012
PN_TUG_DC,2021-10-06,789,False,3,185.21,181.492,1158.01,5556.22,10190.4,12222,13665.8,15710.8,18078.7,20910.3,22630.6,20079.1,17322.7,18119.5,19386.9,18694.7,17403.1,16025.7,14561,12862.1,10928.3,8425.67,6089.18,4891.54,3930.81,2653.35,1603.85,1663.63,1926.21,1779.25,1580.06,1617.57,1707.65,1738.43,1708.15,1528.88,1342.14,1278.06,1243.86,1189.17,1128.65,1069.82,1030.02,1054.01,1092.8,1118.67,1133.27,1122.2,1098.6,1057.8
PN_TUG_DC,2021-10-06,849,False,0,4384.01,4827.91,5362.52,8246,19115.4,30824.4,37436.5,42095.6,45162.8,47717,49995.7,49874.5,41773.1,33112.9,30487,29061.9,25700.8,22121.4,19772.1,17924.2,16546.6,14625,10395,6761.18,7489.22,9136.38,9586.92,9989.44,11454,13211.2,14897.8,16151.6,15993.5,15608.4,15842.5,15936.6,14921.3,13718.6,12985.3,12484,12305.2,12137.5,11691,11220,10943.8,10656.2,10134.6,9650.05,9529.3,9516.11
PN_TUG_DC,2021-10-06,1035,False,5,443.858,2746.27,11737.4,22323.1,31709.2,39951.2,45483.9,49996.8,53673.3,56498.1,57145.7,55027.9,45574.4,35721.5,31816.3,29946.3,29093.4,28088.6,25585.5,22643.5,19695,16900.2,14631.2,12472.6,10178.6,8199.68,7453.96,7303.39,7970.76,8744.87,9087.18,9645.72,11387.5,13421.5,15273.8,16887,17860.5,18485,18533.6,18049.5,16299.2,14279,12584.7,10816.9,8464.2,6086.37,4215.9,2765.58,2252.11,1904.11
PN_TUG_DC,2021-10-06,1374,False,1,-370.746,-260.808,1422.16,8452.12,15984.4,19911.2,23022.1,26967.9,31486,37073.8,41142.3,38925.6,35885.9,36278.2,36908.2,34875.6,31823,27933.8,23733.9,19279.6,14818.4,10593,6877.06,4684.58,3002.62,1579.16,914.794,2615.55,4642.77,5431.75,5763.43,5772.85,5761,5982.84,6033.53,5255.84,4185.63,2940.12,1841.2,1416.87,1148.68,746.5,405.17,412.129,490.559,467.726,462.84,623.624,828.699,1018.81
PN_TUG_DC,2021-10-06,1761,False,3,2161.46,2337.92,2547.1,2747.09,2881.95,2951.79,2863.73,2782.94,2883.84,3001.13,2989.6,2834.12,2316.63,1894.47,2158.4,2452.44,2165.29,1848.02,2011.83,2274.17,2389.45,2378.38,2083.33,1777.92,1718.17,1674.83,1440.76,1165.02,939.3,784.546,822.715,886.521,846.927,801.276,839.282,892.922,916.307,937.455,981.014,1002.03,922.914,828.159,780.033,758.371,780.748,815.539,850.139,909.939,1056.18,1183.57
PN_TUG_DC,2021-10-06,1843,False,6,735.213,862.37,984.588,1117.39,1254.51,1395.26,1518.03,1575.71,1634.69,1761.85,1849.04,1729.64,1554.81,1395.51,1237.77,1067.85,873.91,610.307,367.965,268.692,213.97,169.689,134.236,120.274,128.428,191.133,253.12,258.528,259.261,300.692,348.773,378.526,395.435,386.766,376.875,387.811,388.969,335.15,257.318,152.016,52.2784,-0.9996,-33.5646,-41.0666,-33.8216,0.0204,57.5024,170.041,291.91,390.882
PN_TUG_DC,2021-10-06,1908,False,-1,2080.15,2349.17,2625.98,2828.73,3026.74,3282.52,3528.93,3684.18,3794.75,3842.34,3860.94,3840.84,3775.58,3593.35,3410.38,3340.8,3273.33,3099.49,2917.83,2815.91,2719.77,2562.82,2378.79,2162.77,1946.84,1762.83,1593.05,1440.42,1298.77,1178.15,1064.45,954.215,863.435,836.178,812.345,737.342,667.81,668.695,685.959,688.692,674.749,618.359,553.743,502.865,448.504,368.585,301.917,306.372,319.673,292.568
PN_TUG_DC,2021-10-06,1915,False,2,7106.04,9741.21,10147.6,10713.5,14062.1,17803.4,20090.3,21487.7,21296.5,21030,22056.4,22482.7,19543.8,16066.6,14105.3,12591.6,11080.4,9459.83,7480.28,5807.32,5549.9,5614.28,5377.85,5291.57,6030.22,6821.77,6969.43,6952.16,7014.72,7084.83,7094.08,6989.2,6553,6078.77,5805.98,5671.03,5808.4,6030.11,6266.65,6284.04,5533.96,4651.18,4075.69,3509.61,2663.94,1766.14,974.035,368.758,299.777,337.412
PN_TUG_DC,2021-10-06,2030,False,3,244.601,431.954,650.594,866.628,1044.88,1239.18,1525.86,1796.8,1920.39,1987.35,2006.01,1983.42,1866.76,1771.61,1842.92,1899.34,1737.79,1538.15,1426.41,1353.68,1325.53,1284.33,1154.42,1011.38,911.609,808.8,652.331,510.944,475.357,459.871,407.965,359.082,358.028,379.007,427.529,466.019,442.417,391.012,305.967,214.973,136.838,71.1257,35.1887,6.69972,-25.2813,-39.7913,9.53772,69.1997,100.152,101.41
PN_TUG_DC,2021-10-06,2185,False,2,27.9585,-506.717,-866.137,-240.515,596.397,1174.98,1667.08,2131.33,2801.13,4194.76,5316.45,4779.64,3949.78,3770.2,3727.3,3492.75,3144.95,2606.14,2158,2210.19,2309.57,2071.19,1771.08,1599.16,1464.03,1325.77,1205.85,1153.65,1132.21,1149.22,1174.99,1193.17,1211.6,1238.93,1274.97,1331.73,1379.73,1376.7,1354.82,1319.06,1280.66,1246.81,1221.71,1222.04,1224.65,1210.41,1220.3,1329.8,1438.5,1444.27
PN_TUG_DC,2021-10-06,2203,False,3,3461.79,3750,4620.32,6595.62,8533.55,9249.24,9819.83,11120.2,12664.2,14294.3,15301.8,14083,12436.2,11539.1,10898.9,10380,9913.94,9510.64,8987.49,7990.88,6951.91,6239.49,5581.3,4780.03,3920.94,3012.66,2294.04,2276.13,2366.25,2129.13,1825.64,1624.72,1431.6,1161.26,899.894,747.496,627.359,509.8,420.467,426.643,452.98,453.469,446.993,443.246,450.051,490.571,548.611,633.128,711.981,744.739
PN_TUG_DC,2021-10-06,2400,False,2,711.651,792.975,1683.71,5318.07,8996.57,10078.8,10193.6,9596.71,9337.85,10911.9,11918.7,9154.33,6319.81,7019.6,8431.05,8731.34,8413.2,7101.88,5734.89,5159.26,4762.14,4185.6,3658.95,3488.02,3350.77,2973.63,2560.85,2267.06,1991.11,1657.53,1367.79,1286.47,1204.32,912.562,641.04,649.945,717.154,704.006,676.514,682.358,717.148,817.264,907.756,900.13,872.037,871.76,876.251,868.662,856.905,843.258
PN_TUG_DC,2021-10-06,2403,False,2,3420.31,3926.35,4393.71,4849.37,5207.8,5242.57,5236.12,5414.1,5775.49,6575.15,7166.8,6610.1,5999.09,6344.26,6657.09,5892.35,4760.05,3448.66,2320.05,1992.04,1818.74,1380.85,980.46,978.352,1028.09,859.54,742.63,1023.64,1355.69,1463.65,1472.11,1365.41,1283.59,1399.96,1522.98,1470.19,1376.27,1318.76,1318.87,1479.52,1654.11,1717.38,1780.06,1953.69,2179.13,2468.64,2649.91,2395.53,2072.82,1949.24
PN_TUG_DC,2021-10-06,2417,False,4,756.428,13552.5,69439.4,139893,217464,293078,354943,405598,431395,452409,481011,485818,400831,295896,212134,143342,104477,76327.4,55588.5,44100.1,57249.1,72901.3,72590.3,66665.8,57525.8,48703.7,44054.7,39680.3,32058.2,23466.4,14885.6,9601.02,15617.5,22987.1,23736,22836.5,22967.8,24267.3,28475.4,31646.5,28355.3,23967.8,22275.6,21287.5,19983.9,18385.4,16100.5,13497.6,10482.6,7438.83
PN_TUG_DC,2021-10-06,2418,False,-2,779.19,680.098,656.491,885.549,1146.39,1265.48,1386.53,1657.76,1967.19,2254.77,2433.75,2262.31,2057.38,2085.81,2132.81,2008.6,1857.61,1787.17,1745.81,1723.12,1707.55,1697.75,1657.36,1505.31,1304.06,1045.48,806.526,691.422,594.029,434.571,297.957,302.666,326.845,277.065,228.774,260.118,295.041,262.763,235.442,292.839,367.662,417.334,454.767,475.591,487.333,484.206,479.771,486.267,523.709,656.107
PN_TUG_DC,2021-10-07,24,False,3,460.534,479.314,522.74,593.382,733.229,880.374,983.617,1070.68,1146.07,1209.66,1243.32,1246.58,1175.07,1094.68,1058.03,1028.57,979.604,922.309,856.217,792.518,745.48,693.179,606.57,533.826,543.252,570.768,578.432,583.95,602.373,619.45,618.851,614.226,613.454,613.454,612.009,604.889,579.802,555.79,553.079,541.839,480.001,415.021,390.199,387.458,420.137,450.257,436.426,410.104,384.813,358.551
PN_TUG_DC,2021-10-07,39,False,3,110.482,98.9999,556.967,2564.17,4631.45,5357.78,5704.93,6098.79,6672.33,7792.96,8390.5,6646.69,4697.6,4383.36,4487.03,4378.37,4051.73,3203.28,2474.66,2678.12,3077.26,3215.54,3244.84,3165.86,3074.79,3047.17,2993.39,2785.74,2561.59,2434.58,2328.64,2196.83,2044.24,1846.69,1648.55,1493.19,1355,1233.02,1117.83,1010.54,920.373,881.352,849.634,791.568,706.653,556.588,421.817,404.611,413.059,392.091
PN_TUG_DC,2021-10-07,43,False,-1,736.367,777.859,1043.17,2047.09,3242.08,4359.3,5481.38,6700.08,7816.59,8475.62,8707.37,7927.23,7075.82,6980.76,6861.69,5902.39,4952.11,4876.61,4970.09,4762.66,4320.33,3377.95,2450.04,2068.74,1800.79,1375.83,973.059,808.39,730.831,715.613,748.246,884.268,999.879,942.319,845.292,785.516,722.321,609.579,513.107,522.506,556.64,569.965,576.751,582.747,597.272,641.867,694.308,743.635,786.311,808.901
PN_TUG_DC,2021-10-07,53,False,2,2321.86,5019.21,8957.33,15265.4,21790.2,26718.4,31600.8,37946.9,45034,53130.9,58579.1,53923.6,48076.9,48206.9,49291.4,47619.3,45014.8,42000.8,39288.3,37997.4,36762.6,34290.6,31210.3,27283.3,23408.7,20557,18177.6,16396.2,14635.9,12374,10601.8,11023.9,11960,12475.9,12976.8,13856.6,14646.3,14745.3,14741,15073.5,15507.9,15951.5,16341.8,16544.6,16795,17389.9,17754.4,16978,15890.2,14875.8
PN_TUG_DC,2021-10-07,64,False,4,36.2182,-141.861,227.039,2588.52,5275.83,7087.44,8336.46,8537.44,8628.82,9368.94,9726.62,8113.36,6175.18,5097.21,4539.83,4902.45,5393.44,5413.51,5272.7,5054.83,4857.46,4802.58,4714.49,4370.17,4011.81,3860.64,3704.95,3323.53,2834.21,2202.48,1651.9,1521.48,1477.64,1313.21,1175.25,1251.76,1367.89,1405.66,1427.11,1471.28,1488.97,1392.86,1299.75,1330.91,1397.32,1460.23,1516.42,1553.93,1589.18,1635.2
PN_TUG_DC,2021-10-07,67,False,-2,201.974,168.741,223.86,682.077,1212.19,1585.3,1852.65,1915.75,1963.61,2159.82,2316.21,2186.44,2023.22,2031.22,2068.81,2035.81,2001.83,2034.96,2034.56,1850.84,1620.53,1414.09,1252.75,1221.56,1212.73,1151.24,1078.93,1022.45,954.961,833.583,709.436,630.035,575.643,562.815,575.382,634.498,710.41,797.881,880.47,934.805,974.244,990.466,995.508,984.937,969.225,951.374,939.895,952.231,962.752,943.276
PN_TUG_DC,2021-10-07,82,False,2,379.246,370.908,969.889,3636.98,6704.98,9087.53,11184.2,12996.9,14834.4,17018.5,18561.8,17549.6,16042.9,15381.2,14758.2,13403.8,11755.7,9834.59,7994.99,6703.04,5510.62,4120.03,2977.49,2892.46,3060.82,3044.13,2923.21,2636.23,2347.43,2215.39,2062.9,1682.37,1256.37,904.308,645.3,631.413,662.028,602.008,525.267,483.145,449.852,412.458,401.764,487.61,600.098,708.492,834.224,1024.22,1216.84,1353.81
PN_TUG_DC,2021-10-07,88,False,2,466.775,442.877,659.648,1750.81,2957.99,3689.98,4238.37,4635.41,5040.31,5612.73,5936.53,5236.46,4375.5,3984.58,3754.31,3600.96,3452.25,3247.2,3068.74,3037.76,3000.89,2796.48,2571.27,2442.65,2335.62,2205.2,2065.03,1915.57,1774.32,1670.69,1581.44,1504.09,1424.99,1328.63,1243.1,1212.27,1195.96,1175.41,1173.21,1238.92,1321.15,1392.91,1479.37,1627.2,1779.99,1887.65,1949.81,1900.93,1839.85,1846.95
PN_TUG_DC,2021-10-07,89,False,3,93383.5,62813,38841.1,52950.8,74669.3,84440.7,89401,90013.5,91181.3,98444.5,104199,98672.1,91995.8,92636.5,93763.1,89156.2,82370.1,73879.3,66271,63379.8,62111,61705.7,61138.1,59182.9,56911,54910.8,51841.7,44793.1,36342.5,27065.7,18947.9,15626.4,13542.5,10939.5,8526.38,7317.55,6263.79,4546.2,2992.35,2675.08,2657.08,2435.84,2340.08,2889.28,3602.63,4234.63,4773.64,5079.05,5378.75,5886.41
PN_TUG_DC,2021-10-07,98,False,2,-20.0438,-61.6678,1.91922,461.071,999.437,1415.4,1788.15,2137.08,2486.75,2858.35,3096.31,2851.25,2491.32,2218.39,1995.73,1855.66,1719.68,1517.16,1345.64,1348.13,1393.86,1413.99,1409.02,1344.63,1277.63,1260.66,1250.29,1212.62,1182.27,1204.86,1241.95,1275.8,1302.15,1305.9,1289.09,1223.79,1141.53,1049.39,968.481,935.45,896.575,789.832,673.78,593.752,522.668,446.071,372.539,315.673,276.063,279.705
PN_TUG_DC,2021-10-07,126,False,4,33.2905,474.824,1007.83,1548.29,2151.71,2966.12,3791.62,4442.06,4946.55,5123,5180.81,5154.06,5039.32,4704.18,4354.83,4176.33,4050.89,3936.35,3826.41,3722.86,3627.7,3554.66,3466,3301.12,3105.28,2879.64,2676.04,2578.35,2534.37,2569.49,2616.38,2625.21,2609.06,2545.12,2463.49,2367.84,2250.84,2074.44,1907.29,1831.72,1795.15,1801.07,1813.66,1807.23,1785.76,1731.35,1652.22,1520.87,1389.58,1310.25
PN_TUG_DC,2021-10-07,127,False,1,282.131,359.769,495.081,647.938,804.31,974.916,1192.14,1445.11,1773.59,2069.63,2177.47,2192.32,2074.84,1922.2,1778.3,1604.81,1320.4,1043.97,906.425,823.584,789.714,758.624,689.184,609.168,531.472,460.451,410.274,381.846,407.648,446.744,477.575,502.009,512.857,514.008,495.318,475.95,474.139,483.741,514.936,547.551,563.492,569.982,560.453,538.041,486.878,421.307,335.12,263.106,260.238,268.687
PN_TUG_DC,2021-10-07,139,False,3,53.5635,50.9355,124.205,287.385,684.377,1110.2,1401.82,1633.86,1795.94,1935.69,2065.07,2103.72,1839.87,1528.57,1356.07,1235.06,1150.6,1067.26,952.248,827.519,701.644,595.557,558.79,544.803,540.157,537.973,535.437,532.199,526.75,512.362,469.522,426.688,412.248,403.332,384.929,365.252,350.886,338.931,329.827,317.713,292.598,272.18,281.005,298.688,317.447,329.448,317.269,298.93,283.52,269.8
PN_TUG_DC,2021-10-07,227,False,4,15587.5,14734.4,13544.2,18669.4,26190.8,35547,42559.9,39765.1,37083.8,44522.2,51179.2,44959.7,35490.2,27795.9,22585.8,24054.8,26197.1,24004.1,20765.8,18310.1,16466.7,15926.4,15871.8,16186,16160.9,14620.8,13322.3,14376.8,16171.6,18146.4,19642.3,19330.6,18853.7,19611.3,20600.1,21123.4,20868.5,18421.2,16158.9,16726,18153.4,19673.7,19891.9,15564.4,10856.9,9379.98,8703.01,7526.76,6265.62,5246.05
PN_TUG_DC,2021-10-07,315,False,4,390.325,279.017,177.547,297.862,479.44,648.601,779.506,793.276,811.313,959.213,1068.65,915.493,722.846,657.158,619.629,550.343,465.898,362.772,293.814,360.701,442.903,442.114,420.983,413.537,408.772,398.921,385.361,363.874,328.03,250.77,172.639,133.294,122.503,170.644,211.966,171.556,126.008,145.243,198.031,300.661,391.158,390.92,385.816,454.813,537.858,594.192,623.967,589.548,547.917,544.906
PN_TUG_DC,2021-10-07,360,False,3,253.954,157.3,134.049,523.571,996.549,1343.01,1619.8,1787.4,2000.72,2475.92,2856.58,2648.97,2305.15,2081.22,1896.64,1723.14,1523.88,1226.09,923.491,703.267,522.256,394.228,307.129,308.692,323.493,296.256,277.766,331.965,399.489,439.931,468.129,481.673,491.978,505.705,526.768,569.494,612.67,635.52,642.673,616.133,581.41,551.998,525.279,502.901,505.407,588.572,655.683,587.156,496.565,465.861
PN_TUG_DC,2021-10-07,873,False,3,-184.806,-1631.65,-2428.67,206.764,3649.39,6425.08,8457.36,8632.99,9031.77,12017.2,14329.1,11722.2,7982.96,5284.06,3426.22,3386.64,3459.03,2119.05,824.474,1107.35,1656.01,1535.54,1246.4,1056.18,927.126,903.5,831.307,489.705,190.043,303.564,464.204,373.212,239.267,211.404,206.143,171.232,136.033,131.073,167.261,314.273,460.311,492.412,492.454,496.408,497.57,484.05,454.273,383.067,299.989,217.771
PN_TUG_DC,2021-10-07,897,False,3,694.005,2854.74,10228.5,22174,44713.4,70916.6,99087.6,122633,128379,131620,143771,148340,117749,79476.8,50022,27883.8,21906.8,19167.8,11559.8,4283.65,3132.85,3516.21,3038.47,2375.53,1980.76,1752.31,1821.47,1894.84,1685.74,1337.82,798.282,331.207,302.971,363.055,287.984,173.955,64.1971,-25.0399,-48.4159,-42.2329,0.46806,63.7761,161.88,256.597,305.168,343.902,395.03,448.696,497.783,520.848
PN_TUG_DC,2021-10-07,898,False,1,469.448,508.111,537.245,538.308,454.729,424.661,663.4,957.632,1173.15,1327.62,1351.77,1334.79,1304.72,1241.77,1077.17,873.453,637.882,461.658,521.699,657.914,819.838,953.624,966.52,955.837,983.97,991.045,885.975,759.194,669.972,596.139,537.337,493.012,484.041,489.827,510.616,507.056,405.274,299.497,278.457,290.291,329.868,363.634,350.703,344.166,406.59,488.345,567.203,630.869,645.252,636.876
PN_TUG_DC,2021-10-07,1048,False,2,473.2,443.891,-20.7976,-331.245,327.568,1297.5,2375.43,3719.58,5871.73,7839.17,8359.46,8381.56,8135.71,7797.7,7397.12,6909.67,6184.06,5436.19,4849.59,4324.88,3851.02,3394.69,2949.77,2528.08,2176.58,1885.22,1731.22,1606.5,1446.4,1289.36,1179.01,1072.23,930.919,782.332,643.821,522.043,448.187,406.443,427.886,472.529,534.306,595.129,635.818,664.431,671.52,669.436,657.276,651.077,675.211,701.255
PN_TUG_DC,2021-10-07,1066,False,2,216.3,278.204,420.857,607.498,865.301,1132.32,1362.31,1650.64,2175.81,2681.22,2878.86,2889.58,2565.41,2191.82,1978.01,1722.9,1165.48,623.122,437.569,409.752,566.254,717.88,671.19,576.708,516.327,447.289,313.058,170.019,62.6484,-8.69958,8.83542,76.4504,227.734,376.525,433.415,453.058,436.797,419.391,432.858,438.785,388.394,355.629,439.864,541.3,584.575,604.251,601.514,595.628,600.433,591.736
PN_TUG_DC,2021-10-07,1152,False,2,421.679,387.222,397.412,569.005,1251.59,1997.18,2447.75,2736.02,2763.36,2752.29,2863.01,2834.27,2203.07,1507.91,1196.35,1041.39,1038.11,1031.21,863.911,688.476,646.353,640.027,623.327,622.393,686.986,759.799,795.111,808.437,783.565,738.052,659.228,572.744,493.363,436.968,452.354,477.979,467.61,461.557,506.841,563.535,607.869,641.62,651.627,657.393,671.968,681.124,663.01,653.761,702.054,750.798
PN_TUG_DC,2021-10-07,1194,False,0,797.705,732.128,695.038,841.686,1018.16,1114.49,1235.62,1523.14,1828.16,2024.96,2123.41,1993.25,1864.61,1966.61,2039.12,1779,1480.14,1382.33,1363.13,1410.9,1434.99,1313.4,1215.27,1343.84,1522.44,1644.77,1698.1,1572.06,1433.87,1431.72,1430.1,1293.24,1126.37,993.462,923.585,1035.08,1144.12,1064.09,950.001,908.626,887.624,862.749,831.169,781.431,750.045,799.804,858.389,866.007,851.726,813.371
PN_TUG_DC,2021-10-07,1478,False,3,14812.1,20507.3,26075,32383.1,39784.7,50174.3,59831.8,63982.3,66704.6,69972,71375.5,65748.4,57758.1,48672.4,40558.6,36832.7,33856.6,29117.3,25564.9,27892,31356.5,32833.1,32785.6,29508.5,25437.3,21842.8,18571,15911.7,13338.8,10465.9,7898.8,6692.24,5861.91,4974.05,4299.21,4426.27,4737.55,4883.3,5004.86,5213.23,5405.37,5453.02,5441.17,5369.45,5299.63,5293.01,5215.63,4830.75,4378.13,3999.74
PN_TUG_DC,2021-10-07,1504,False,-2,2793.39,3228.38,3657.86,4421.22,6340.92,8458.12,10106.2,11821.4,14232.8,16322.8,16600,16241.1,15503.7,14676.5,13904.7,13152.8,12413.4,11764.4,11416.3,11167.7,10963.6,10812.9,10804.6,10853.5,10956.5,11024.9,10921.9,10803.1,10801,10799.5,10681.2,10500.9,10224.8,9941.61,9728.55,9500.13,9148.55,8787.79,8519.58,8303.67,8174.19,8041.01,7809.39,7555.06,7322.4,7137.77,7096.64,7096.58,7095.07,7096.99
PN_TUG_DC,2021-10-07,1591,False,4,3957.98,4105.63,4079.71,4151.62,4733.63,5403.67,5864.58,6190.71,6265.45,6317.51,6535.43,6574.38,5829.87,4950.56,4392.61,4017.58,3945.21,3879.87,3539.86,3176.24,3007.81,2891.53,2757.82,2603.2,2395.6,2187.18,2029.44,1911.61,1880.4,1866.77,1828,1798.54,1826.95,1871.36,1913.25,1964.26,2049.36,2129.19,2156.63,2164.88,2159.38,2142.81,2101.42,2053.66,2008.61,1966.29,1930.49,1896.22,1860.84,1828.87
PN_TUG_DC,2021-10-07,2594,False,4,604.034,650.885,708.402,976.486,1262.07,1395.84,1467.96,1481.78,1528.01,1741.16,1913.59,1779.33,1603.83,1592.78,1586.15,1428.08,1223.29,1011.1,850.246,872.232,916.202,854.311,805.342,907.858,1041.4,1129.16,1176.41,1130.76,1063.59,1015,984.916,999.058,1007.66,953.894,917.214,1001.78,1104.39,1147.4,1162.42,1141.55,1120.26,1132.74,1144.76,1121.43,1099.71,1119.35,1160.15,1232.62,1321.67,1435.74
PN_TUG_DC,2021-10-07,2600,False,8,757.162,743.596,814.19,896.023,931.462,941.085,909.385,898.778,1001.5,1117.1,1162.93,1162.85,1074.97,969.049,887.899,806.383,698.449,592.996,523.523,496.795,581.233,686.412,751.804,785.022,747.904,698.013,674.032,656.868,636.645,607.861,552.831,492.839,441.653,381.98,284.097,178.818,86.6325,12.5415,-12.2735,-16.7155,0.25048,32.3785,95.6545,161.263,203.886,237.709,264.26,285.239,294.138,302.233
PN_TUG_DC,2021-10-07,2635,False,8,323.682,282.499,370.58,503.826,662.481,798.768,834.352,881.638,1068.76,1238.53,1207.4,1102.96,947.907,803.641,745.695,708.446,656.142,605.093,574.433,564.752,606.637,648.183,637.122,610.06,580.685,549.414,513.587,479.102,454.214,449.186,503.03,570.44,625.539,662.406,648.99,618.839,581.113,542.483,507.709,464.621,389.646,334.703,380.565,443.874,466.45,479.147,499.082,517.011,520.213,508.554
PN_TUG_DC,2021-10-07,2642,False,3,2171.21,2292.48,2433.78,2611.22,2798.94,2985.75,3150.96,3243.16,3331.19,3476.34,3579.76,3482.5,3370.34,3406.86,3446.28,3345.39,3195.08,3015.93,2844.58,2727.95,2624.17,2510.76,2431.11,2477.51,2538.56,2524.5,2505.43,2544.83,2590.62,2598.99,2577.42,2490.89,2405.93,2390.82,2383.69,2334.4,2298.25,2350.03,2421.67,2473.88,2528.26,2609.8,2684.11,2705.97,2704.63,2675.66,2631.23,2561.1,2502.01,2505.6
PN_TUG_DC,2021-10-08,8,False,4,721.292,751.98,708.129,1005.28,2554.25,4429.86,6175.27,7643.02,8290.44,8673.28,8955.31,8953.86,8064.22,6754.4,4887.63,3128.86,2295.03,1787.17,1476.2,1222.54,977.231,756.867,616.193,518.576,489.862,474.596,437.742,406.178,414.593,419.877,374.07,307.86,223.004,150.414,138.23,134.597,100.219,67.346,71.118,96.095,156.96,209.214,196.403,176.729,198.969,245.442,332.683,410.105,412.932,385.057
PN_TUG_DC,2021-10-08,16,False,7,1097.62,987.118,903.114,876.621,905.589,1069,1277.71,1510.37,1811.46,2320.38,2671.06,2270.03,1750.51,1574.21,1467.88,1254.67,1017.79,809.875,664.898,706.408,756.906,652.305,507.53,381.057,284.255,270.819,294.911,365.35,447.777,526.021,609.424,714.807,812.55,861.788,892.52,908.126,924.176,956.352,986.185,991.794,994.688,1012.32,1025.03,1006.05,984.644,986.759,997.748,1015.54,1031.51,1034.41
PN_TUG_DC,2021-10-08,18,False,4,255.478,268.391,319.066,424.402,526.38,564.106,641.789,921.293,1226.45,1416.73,1525.29,1468.69,1392.64,1412.41,1406.9,1217.85,1005.86,899.655,854.008,909.815,970.836,949.422,913.576,910.805,908.015,871.151,810.867,704.401,599.848,548.052,520.349,522.759,533.495,543.25,552.492,561.137,568.978,574.51,574.666,558.871,551.004,586.688,644.3,733.879,828.74,909.913,975.654,1001.79,1007.26,980.87
PN_TUG_DC,2021-10-08,43,False,4,-77.5554,-164.093,54.7726,370.236,713.053,1055.02,1369.55,1702.03,2121.9,2478.8,2530.51,2490.73,2440.44,2375.54,2268.49,2149.08,2029.16,1914.46,1817.92,1725.26,1627.96,1535.81,1466.63,1423.13,1444.72,1460.65,1392.08,1297.69,1199.66,1121.82,1116.56,1125.08,1108.54,1084,1057.48,1031.61,1009.3,969.779,867.369,752.145,655.917,578.714,547.701,527.355,497.855,467.832,445.259,415.599,354.352,300.257
PN_TUG_DC,2021-10-08,45,False,6,164.546,501.23,2038.33,3957.53,5998.36,8158.35,10616.8,13155,15659.5,17669.1,18002.2,17702.5,16891.2,15858.2,14554.2,12983,10760.8,8519.14,6862.25,5495.94,4543.73,3711.13,2885.3,2203.11,2012.8,1949.25,1834.83,1831.16,2262.21,2729.59,2886.39,2915.43,2817.25,2694.68,2611.49,2486.05,2175.19,1842.96,1622.89,1445.2,1300.23,1160.43,1007.22,875.464,831.382,808.505,771.071,728.593,684.087,646.983
PN_TUG_DC,2021-10-08,46,False,4,944.925,959.448,923.791,929.171,1129.13,1495.1,2237.57,3014.16,3531.66,3899.24,4009.87,4004.55,3851.58,3565.2,2964.07,2279.6,1624.1,1103.35,1016.01,1022.76,922.045,816.582,805.544,829.98,881.532,933.97,962.817,975.871,958.013,924.991,870.443,813.85,771.466,732.072,688.79,650.458,633.524,635.323,680.128,726.676,734.459,653.567,307.964,-15.6338,0.11122,71.4462,-5.44978,-84.1208,-17.1458,135.755
PN_TUG_DC,2021-10-08,48,False,2,22048.1,23819.5,26282.8,32897,40466.9,47227.4,55906.1,72016.5,88953.4,101190,107330,97261.4,86196.5,87804.9,90805.2,85835.7,79074.4,74213.6,70984.7,71434.4,73023,74828.8,74642.4,67399.2,58681.3,51947.6,46558.9,43781.6,41814.3,40046.5,38258.5,36220.4,34126.3,32093.5,30216.9,28806.2,27113.1,23990.6,20896.4,19323.7,17811.7,15008,13048,15288.7,18096.8,18660.7,18810.1,19782.8,20227.1,18021.1
PN_TUG_DC,2021-10-08,51,False,5,1059.37,1058.11,1098.66,1360.33,1696.09,2064.66,2389.66,2534.7,2696.19,3090.13,3369.77,3021.87,2530.77,2176.23,1939.72,1968.62,2030,1940.39,1856.52,1945.16,2074.18,2167.31,2180.16,1953.92,1700.2,1590.35,1521.91,1450.43,1361.12,1215.35,1093.52,1110.03,1137.25,1063.11,974.179,936.9,928.404,966.949,1019.93,1075.8,1120.38,1123.58,1121.64,1143.41,1173.89,1209.44,1206.46,1066.76,938.141,983.687
PN_TUG_DC,2021-10-08,67,False,4,81.817,-23.275,910.535,5663.75,10946.3,14228.8,16637,18057.7,19352.4,21160,22150,19804.3,16804.1,14892.8,13698.3,13865.1,14397,14825.7,14780.7,13215.9,11338.7,9901.78,8579.05,7197.79,5731.64,4041.52,2585.72,2162.35,2025.6,1844.92,1658.09,1501.06,1336,1114.11,919.573,876.481,875.836,870.134,870.912,900.243,938.521,979.325,1029.91,1112.06,1206.46,1311.14,1398.17,1414.32,1413.09,1422.36
PN_TUG_DC,2021-10-08,71,False,5,1099.38,4172.17,7720.54,10576.7,14442.2,22467.3,30265.4,33154.2,36177.7,44528.4,51332.7,47435.5,40496.6,33807,27761.3,23615.1,20106.4,16909.5,14082.7,12227.6,10303.7,7185.72,4229.09,3035.57,2542.13,2691.23,2883.78,2597.04,2186.88,1836.21,1580.33,1587.12,1601.91,1383.09,1135.47,1024.76,989.162,1073.57,1161.07,1140.76,1109.7,1150.05,1205.87,1242.2,1244.19,1148.37,1054.65,1065.98,1113.8,1181.82
PN_TUG_DC,2021-10-08,76,False,5,813.814,1213.58,1727.83,2580.95,4033.13,7202.36,10328.1,11598,12688.2,15003.9,16792.1,15514.3,13152.9,10141,7648.12,7575.4,8193.39,8768.87,9195.38,9171.78,9191.7,9805.47,10347.4,10042.6,9423.37,8571.33,7714.32,7066.94,6483.32,5907.27,5278.99,4464.38,3600.41,2755.12,2028.36,1689.87,1420.9,1006.43,649.904,641.407,716.592,732.075,745.235,812.439,888.908,942.888,990.511,1039.11,1089.8,1145.77
PN_TUG_DC,2021-10-08,82,False,4,15803.1,17040.2,19030.7,20944.4,21816.6,22072,21253.7,20511.2,21091.9,21878.1,22037,21753.2,20579.5,19234.7,18186.9,17320.9,16780.3,16349.4,15970.8,15446.5,14368.6,13117.7,11823.3,10515.3,9197.17,7781.33,6044.65,4495.46,3914.16,3598.7,3233.76,2956.6,3039.2,3229,3428.26,3606.51,3705.65,3793.64,3921.3,4024,4000.81,3962.06,3995.05,4020.2,3944.8,3805.61,3548.16,3295.41,3176.95,3118.3
PN_TUG_DC,2021-10-08,90,False,3,135.313,88.8817,184.595,352.07,624.561,909.543,1134.23,1363.62,1668.95,1944.82,2041.16,2029.64,1826.42,1597.38,1468.94,1345.79,1139.19,919.388,739.088,605.197,591.216,601.441,575.53,534.373,478.034,436.158,458.909,490.805,489.565,479.215,471.291,475.553,518.683,551.245,508.375,440.115,360.352,296.18,296.781,315.041,329.804,358.176,437.809,543.966,690.117,834.972,935.306,1006.03,1018.97,1002.71
PN_TUG_DC,2021-10-08,136,False,3,1411.58,1574.56,1807.74,2055.67,2285.33,2520.49,2792.97,3059.22,3266.09,3438.57,3549.42,3542.34,3191.52,2835.84,2806.77,2874.84,2948.35,2981.78,2874.14,2742.24,2666.94,2580.01,2395.18,2178.85,1952.85,1756.27,1669.99,1605.65,1507.06,1412.37,1365.59,1308.33,1166.74,1002.44,845.493,733.324,766.978,807.786,727.917,628.091,581.38,562.744,586.936,618.141,631.138,639.323,649.717,673.225,739.132,795.225
PN_TUG_DC,2021-10-08,258,False,2,218.146,253.477,334.007,511.095,682.538,739.407,805.283,1017.04,1251.77,1417.18,1485.39,1289.39,1061.82,988.504,944.281,844.209,721.248,577.202,466.698,492.53,550.813,584.224,591.623,535.228,467.546,424.704,397.579,399.641,418.421,465.754,514.269,538.484,554.115,563.839,540.983,412.047,280.651,246.587,232.47,189.281,143.079,116.838,119.843,202.666,267.953,193.416,94.4927,52.1277,41.5537,82.9217
PN_TUG_DC,2021-10-08,458,False,3,350.186,258.924,240.096,512.788,834.088,1031.76,1205.75,1424.64,1693.72,2087.04,2385.86,2235.6,2002.95,1934.58,1869.47,1648.29,1389.38,1158.66,983.475,970.214,982.215,920.534,868.492,924.143,993.272,1001.07,1005.31,1059.06,1116.94,1139.33,1163.13,1227.42,1293.84,1326.74,1343.38,1338.11,1344.45,1412.08,1479.53,1485.52,1497.02,1588.2,1650.3,1532.27,1375.62,1266.44,1175.33,1097.55,1012.25,888.977
PN_TUG_DC,2021-10-08,1118,False,4,320.925,1240.18,5364.84,18995,62066.9,106414,125715,136387,142511,147303,151605,145784,105639,62769.5,44830,35126.8,28682.1,22804.9,15847.3,10008.5,9127.87,9362.79,8485.25,7314.27,6279.09,5319.28,4474.4,3611.96,2578.56,1637.71,1190.41,969.89,1036.69,1140.86,1091.12,1025.85,1062.87,1127.37,1183.08,1224.69,1227.77,1244.88,1349.34,1495.94,1699.43,1879.08,1920.09,1918.39,1907.6,1868.88
PN_TUG_DC,2021-10-08,1165,False,4,825.292,1084.78,1553.9,2588.45,3652.68,4254.66,4704.48,5094.89,5459.76,5787.67,5911.74,5371.74,4773.04,4634.44,4590.89,4410.22,4168.33,3855.76,3532.82,3243.71,2962.63,2675.27,2398.87,2166.84,1947.45,1727.64,1522.47,1368.4,1221.6,1049.29,890.593,805.047,752.198,738.536,720.425,648.406,565.124,497.391,444.827,428.647,420.636,404.778,395.054,414.539,439.024,451.349,453.406,432.334,402.998,368.337
PN_TUG_DC,2021-10-08,1168,False,3,391.47,325.823,361.459,470.148,728.417,989.566,1111.72,1189.18,1252.28,1307.23,1345.41,1298.5,976.136,642.127,543.154,509.552,464.647,414.588,360.837,349.856,489.47,644.11,700.347,740.71,825.271,903.991,917.086,889.682,788.729,681.384,624.72,570.405,473.356,378.509,334.586,314.303,324.178,332.736,307.137,278.812,275.378,276.531,268.193,249.219,203.563,165.284,178.892,199.664,193.345,188.846
PN_TUG_DC,2021-10-08,1388,False,0,1282.14,948.134,728.095,1293.3,1972.02,2254.32,2404.92,2506.86,2757.75,3560.54,4191.88,3682.18,2974.67,2728.98,2618.52,2505.16,2396.56,2310.72,2232.03,2155.66,2095.31,2086.83,2040.56,1812.33,1546.63,1334.31,1156.83,1044.31,925.026,719.009,534.577,511.076,501.816,381.434,278.857,349.49,447.819,468.655,502.016,657.163,838.797,988.629,1092.17,1069.31,1041.24,1120.65,1206.24,1204.65,1176.14,1142.95
PN_TUG_DC,2021-10-08,1435,False,-1,268.244,304.45,264.52,382.779,1121.85,1953.33,2485.13,3031.38,3928.56,4801.31,5230.46,5285.64,4502.3,3750.18,3933.59,4084.96,3189.41,2203.97,1962.19,1952.71,1989.63,1854.43,1089.26,360.414,385.377,555.059,466.93,333.172,305.012,303.508,286.634,268.166,260.163,248.473,214.12,199.462,274.785,345.006,308.156,268.113,324.666,405.65,472.603,494.276,374.774,233.19,156.544,104.27,70.2144,41.5464
PN_TUG_DC,2021-10-08,1456,False,5,2211.72,1605.17,1266.77,1828.71,2529.92,2813.33,3029.67,3439.37,3934.64,4522.51,4877.5,4339.06,3621.54,3180.86,2869.88,2723.07,2603.46,2416.34,2235.94,2147.37,2082.13,2004.8,1911.38,1775.01,1621.83,1455.31,1359.29,1518.92,1717.77,1796.38,1842.38,1897.69,1947.02,1967.35,2049.66,2374.24,2733.03,2967.24,3157.21,3321.65,3516.73,3838.53,4047.32,3740.08,3329.7,3080.73,2909.01,2838.02,2761.7,2569.04
PN_TUG_DC,2021-10-08,1519,False,3,660.808,676.237,710.509,1048.89,1357.59,1264,1298.68,2177.69,3177.3,3742.7,4044.48,3878.4,3668.8,3768.62,3761.46,3071.98,2181.47,1285.73,567.992,463.676,472.22,258.39,29.9293,-21.7137,-0.40474,94.3473,208.359,316.338,406.628,442.459,465.49,497.974,503.319,405.456,292.259,229.288,177.202,111.869,47.9483,2.78126,-26.2317,-18.3117,0.00826,17.5473,38.7383,73.7133,117.684,178.903,243.912,304.63
PN_TUG_DC,2021-10-08,1585,False,-1,17338.1,15721.3,16562.4,19099.3,24990.2,31118.5,34742.2,38080.6,42947.1,47626.5,50061,49733.1,42180.5,34916.3,35825.1,37856.8,35543.5,32030.3,28774.3,25491.4,21803.6,17108.9,9385.76,2453.75,1274.18,1548.43,1072.77,507.19,421.976,446.681,366.614,323.592,516.001,745.074,864.125,933.618,944.172,957.049,1034.82,1080.96,952.719,781.665,638.535,542.079,577.288,636.854,649.386,659.8,710.117,741.358
PN_TUG_DC,2021-10-08,1626,False,2,360.583,243.975,204.896,557.481,973.976,1219.4,1445.75,1781,2183.34,2701.96,3042.37,2654.34,2154.15,1993.86,1852.58,1432.22,947.037,522.233,220.983,282.783,399.458,343.996,275.505,336.331,417.001,435.486,430.226,406.44,391.316,423.91,459.718,458.715,444.418,421.634,407.266,429.763,446.1,404.68,364.085,384.336,421.185,453.696,468.914,429.647,392.729,417.928,443.308,407.12,365.831,369.316
PN_TUG_DC,2021-10-08,2127,False,6,944.834,743.693,650.339,1129.39,1768.37,2384.88,2954.15,3388.85,3864.06,4605.4,5099.26,4473.33,3604.37,3017.82,2516.73,2020.3,1526.54,1043.42,724.246,958.834,1281.47,1354.75,1363.89,1404.87,1454.47,1501.28,1589.38,1822.24,2061.54,2181.17,2379.81,2970.66,3620.03,4077.75,4452.44,4735.52,5018.98,5389.48,5607.21,5211.51,4715.96,4488.02,4276.99,3852.83,3389.61,3007.31,2679.82,2459.04,2264.87,2056.42
PN_TUG_DC,2021-10-08,2169,False,3,996.925,1132.23,1192.9,1240.82,1320.09,1412.05,1515.45,1599.78,1607.24,1599.6,1615.77,1598.45,1441.83,1273.12,1201.82,1145.41,1041.91,920.791,787.531,685.463,702.338,730.545,679.318,623.055,630.365,682.849,826.239,957.657,957.405,923.701,907.01,904.425,931.687,931.555,807.865,678.923,655.566,661.253,660.739,657.33,651.059,650.573,672.798,698.316,712.263,714.308,686.986,651.114,615.261,590.013
PN_TUG_DC,2021-10-08,2347,False,4,541.235,373.549,262.709,463.934,780.173,1179.27,1543.27,1706.63,1857.79,2165.31,2412.03,2289.96,2022.51,1624.71,1260.46,1139.43,1075.54,965.456,866.064,851.219,847.847,799.342,743.199,706.608,683.121,684.878,688.628,674.158,654.32,634.443,618.645,616.944,623.448,644.175,668.14,689.601,727.817,826.053,923.636,958.634,963.621,928.247,891.922,891.641,878.901,786.966,678.587,592.962,517.342,452.621
PN_TUG_DC,2021-10-08,2446,False,2,8178.3,8966.13,9696.37,10380.2,11026,11584.7,12091,12504.5,12943.2,13553.4,13896.4,13148.2,12230.3,11817.4,11487.3,10931,10339.8,9857.98,9407.6,8955.18,8524.71,8170.62,7746.06,7002.36,6190.72,5466.24,4850.48,4518.75,4188.66,3584.91,3065.22,3110.56,3281.96,3321.58,3317.05,3296.81,3306.96,3433.71,3469.51,3075.55,2596.33,2252.76,1926.97,1523.95,1101.74,693.797,380.584,378.578,421.652,310.668
PN_TUG_DC,2021-10-08,2468,False,3,313.736,1577.1,5322.81,16570.7,27416.5,29406.5,29936.6,34366,41200.7,52254.6,59571.2,49896.7,39559.2,43893.4,50109,48016.1,43057.8,36641.7,30758.5,28096.4,25716.9,21103.2,16663,15069.4,13892.7,11305.2,8825.79,8149.03,7921.15,7428.58,6776.82,5854.27,4901.12,4113.59,3472.76,3167.31,2810.05,1945.48,1166.04,1187.18,1314.38,1006.01,666.938,662.925,745.264,787.546,816.451,841.492,858.832,852.953
PN_TUG_DC,2021-10-08,2476,False,7,387.401,11.5499,-266.102,117.435,723.581,1431.26,2016.52,2085.62,2139.46,2651.59,3064.83,2674.19,2039.49,1372.45,830.913,748.393,762.282,650.611,529.334,503.775,506.579,510.791,519.212,541.271,559.703,552.228,547.251,576.567,602.332,581.204,540.547,480.184,437.918,477.133,524.538,518.868,508.139,533.879,581.319,666.019,728.459,677.271,602.814,561.714,523.358,460.423,395.301,347.761,317.955,331.659
PN_TUG_DC,2021-10-08,2504,False,1,412.422,423.137,482.256,573.75,728.212,877.95,949.577,1031.31,1225.71,1421.77,1509.05,1513.37,1341.98,1168.22,1159.78,1141.92,925.855,685.71,562.206,487.677,464.414,464.17,492.911,525.841,544.558,556.723,560.72,564.113,572.942,561.582,475.571,390.852,385.121,395.617,383.032,379.553,430.763,481.25,474.268,445.785,401.43,373.244,415.56,446.526,368.273,281.747,276.173,286.093,267.417,226.085
PN_TUG_DC,2021-10-08,2507,False,-1,-23.2014,-107.901,-105.826,261.42,675.466,886.31,1070.56,1369.06,1711.39,2086.4,2352,2209.84,2026.53,2107.82,2217.51,2158.56,2083.54,2122.78,2162.75,2089.79,1985.13,1884.98,1795.92,1739.53,1679.18,1573.32,1488.35,1520.48,1554.71,1479.22,1390.52,1366.88,1366.92,1382.42,1383.67,1321.4,1269.16,1314.67,1366.71,1342.94,1292.62,1227.86,1188.96,1252.91,1333.5,1368.42,1384.06,1379.72,1377.38,1401.23
PN_TUG_DC,2021-10-08,2537,False,3,5589.53,5332.75,5343.88,6050.56,6872.9,7400.82,7845.45,8304.67,8879.85,9830.58,10562.8,10166.7,9517.21,9123.52,8798.62,8447.04,8076.67,7672.42,7356.07,7376.08,7458.08,7416.66,7302.49,7062.87,6784.98,6499.46,6212.71,5929.33,5684.99,5570.7,5439.76,5120.92,4731.27,4288.29,3924.74,3885.77,3871.62,3619.62,3351.52,3269.22,3286.28,3457.66,3620.21,3599.51,3533.27,3494.3,3471.39,3474.96,3468.54,3400.98
PN_TUG_DC,2021-10-08,2541,False,7,1574.34,1615.3,1712.01,2269.59,2938.16,3525.51,4018.24,4271.45,4562.79,5219.66,5778.35,5632.34,5345.34,5276.48,5182.17,4777.32,4306.49,3920.32,3574.31,3279.71,2988.73,2661.67,2414.12,2475.97,2562.81,2427.81,2290.89,2371.66,2527.64,2723.02,2887.39,2907.64,2916.55,3029.31,3117.48,3015.96,2864.89,2733.13,2605.52,2473.02,2398.15,2526.17,2665.26,2639.69,2566.09,2492.57,2412.04,2304.9,2144.86,1830.26
PN_TUG_DC,2021-10-09,10,False,2,857.134,851.4,837.88,913.031,1303.72,1837.68,2548.39,3209.61,3524.77,3711.5,3800.71,3810.99,3640.72,3299.49,2550.71,1804.11,1471.85,1281.51,1163.36,1039.63,828.488,631.734,572.59,552.776,530.899,522.041,560.809,597.231,578.209,555.142,573.863,603.504,628.358,639.492,608.556,574.227,570.392,582.644,619.348,650.831,640.404,631.612,670.561,723.649,777.242,819.571,823.058,823.759,853.438,881.871
PN_TUG_DC,2021-10-09,38,False,4,797.824,820.307,868.364,1017.87,1183.32,1303.51,1461.28,1794.21,2155.49,2437.35,2623.87,2562.84,2470.2,2514.7,2571.18,2530.16,2462.51,2401.46,2345.98,2302.28,2257.8,2198.21,2108.4,1929.77,1738.77,1594.43,1490.01,1476.11,1484.43,1480.12,1503.38,1634.95,1789.17,1912.61,2002.97,2010.71,1995.8,1984.27,1943.83,1800.09,1647.56,1568.2,1519.95,1505.09,1493.52,1460.27,1412.94,1338.67,1246.77,1121.25
PN_TUG_DC,2021-10-09,42,False,8,1180.23,1316.64,1500.31,1667.88,1732.97,1768.55,1805.09,1842.01,1878.44,1908.68,1917.75,1907.03,1849.35,1786.43,1751.83,1709.34,1611.08,1499.39,1397.57,1311.25,1267.67,1217.36,1101.91,996.847,992.908,1009.47,995.769,993.258,1059.94,1127.85,1131.13,1137.28,1218.31,1314.98,1389.61,1427.62,1362.19,1283.91,1263.94,1238.2,1133.55,1006.17,880.205,777.945,755.548,755.997,755.187,741.482,685.246,623.364
PN_TUG_DC,2021-10-09,77,False,2,1160.17,1160.11,1306.18,1973.15,2687.7,3047.49,3380.54,3980.63,4692.19,5511.4,6053.16,5534.75,4858.82,4698.79,4646.76,4444.17,4196.17,3947.49,3771.61,3846.13,3971.76,4021.45,3969.99,3647.75,3282.33,3039.03,2873.19,2849.83,2829.42,2678.2,2512.25,2426.73,2344.65,2193.42,2038.52,1940.72,1859.45,1777.67,1695.7,1614.49,1551.64,1550.72,1537.02,1417.42,1271.85,1143.37,1038.24,995.177,943.001,798.04
PN_TUG_DC,2021-10-09,111,False,6,326.58,257.95,224.372,411.112,623.716,704.676,750.182,807.161,894.583,1072.75,1198.94,1055.94,874.635,830.691,818.705,777.911,734.022,709.257,690.123,671.145,653.939,642.945,637.991,647.156,639.335,559.204,475.236,450.295,437.3,405.713,356.729,267.444,196.768,230.056,274.755,255.109,236.534,286.642,352.112,400.725,414.091,323.975,239.606,277.681,320.874,258.968,183.041,165.216,185.926,280.263
PN_TUG_DC,2021-10-09,113,False,5,458.194,291.605,185.643,469.714,856.845,1207.61,1508.85,1678.89,1836.08,2077.7,2259.53,2149.33,1946.87,1719.5,1526.56,1475.8,1482.41,1543.37,1560.63,1374.59,1168.48,1096.3,1048.26,948.035,828.259,694.786,584.137,565.187,555.139,484.42,411.186,390.297,372.665,314.062,266.352,297.08,329.065,286.979,236.137,230.016,249.915,313.785,365.169,330.21,287.026,301.754,319.688,289.992,239.763,167.18
PN_TUG_DC,2021-10-09,114,False,1,180.301,-178.472,-324.629,586.372,1695.34,2429.8,3105.89,3964.48,4954.97,6205.16,7106.76,6551.27,5780.97,5724.18,5734.33,5251.98,4643.68,4101.88,3729.43,3868.53,4024.94,3731.24,3353.31,3139.69,3032.15,3120.23,3137.69,2719.05,2259.52,2095.25,1976.39,1715.52,1395.07,1015,696.422,647.912,641.373,510.647,397.703,471.561,569.668,564.168,542.882,571.845,607.876,617.072,609.052,569.003,528.888,520.78
PN_TUG_DC,2021-10-09,118,False,8,8290.89,10295.1,11679.9,11956.7,12267.1,13781.1,15128.1,14698.6,14214,15313.9,16466.6,16205.1,15580.1,15118.9,14427.7,12770.5,10945.7,9516.84,8499.15,8493.87,8590.24,8032.93,7474.46,7571.23,7791.23,7775.47,7640.11,7333.47,7029.62,6902.39,6726.04,6204.03,5654.98,5359.51,5137.3,4910.85,4633.55,4188.61,3766.79,3592.14,3476.44,3315.62,3126.14,2885.16,2648.78,2480.2,2358.95,2332.78,2322.83,2273.76
PN_TUG_DC,2021-10-09,126,False,6,212.554,168.238,146.579,314.771,538.036,759.404,922.239,887.275,838.037,935.835,1019.02,902.992,717.793,494.98,301.246,244.107,226.502,208.567,189.755,169.407,155.751,166.955,194.357,252.571,309.326,330.634,350.427,400.461,451.428,475.037,487.301,487.827,479.704,453.194,419.166,377.658,341.125,329.232,328.758,342.811,352.208,331.305,306.826,300.648,310.006,354.325,401.975,426.266,442.321,453.517
PN_TUG_DC,2021-10-09,127,False,1,238.874,252.318,361.511,491.372,596.479,691.22,775.931,870.625,1008.71,1121.94,1106.18,1066.13,1071.29,1081.22,1061.38,1028.88,982.587,924.815,840.976,748.957,655.542,597.138,660.282,735.774,732.481,711.172,707.119,700.609,667.207,602.958,459.823,319.083,265.657,251.916,287.176,329.474,347.492,349.423,320.426,282.835,246.418,214.661,197.618,185.337,174.856,167.069,166.956,171.744,185.925,207.936
PN_TUG_DC,2021-10-09,154,False,4,345.472,349.935,396.403,566.996,744.414,821.599,876.366,954.865,1041.32,1129.43,1164.36,1014.85,840.713,765.908,717.223,657.832,585.311,479.567,392.006,399.859,414.53,357.032,275.944,186.536,106.626,67.4008,43.5478,32.2988,34.8908,72.9708,121.087,168.148,202.185,192.848,182.78,213.564,256.708,301.417,348.088,400.145,448.686,479.344,490.004,449.354,387.103,301.699,220.389,176.184,150.084,149.361
PN_TUG_DC,2021-10-09,155,False,4,164.692,133.309,119.64,180.04,290.797,500.87,722.075,882.54,1008.94,1078.74,1116.51,1099.33,1046.85,926.924,785.025,634.983,509.76,477.973,475.613,481.008,473.104,412.335,341.923,291.068,243.785,188.866,130.42,68.1285,26.8505,61.8205,114.301,151.175,191.128,257.794,329.168,389.605,432.348,425.477,418.921,462.773,512.811,533.103,531.108,482.002,409.007,300.52,186.487,88.5995,1.33354,-65.3435
PN_TUG_DC,2021-10-09,190,False,2,259.867,277.906,298.467,298.158,289.336,272.598,269.734,324.572,476.917,904.004,1240.39,991.308,655.826,609.309,643.163,658.724,562.466,105.138,-268.98,2.32108,345.836,291.583,155.218,137.859,161.113,202.21,228.35,186.344,143.409,165.273,195.497,189.275,171.549,151.229,138.965,156.765,179.914,191.38,196.454,191.226,177.853,146.788,119.229,121.073,118.495,71.3371,20.1601,0.32308,6.77308,71.4311
PN_TUG_DC,2021-10-09,206,False,5,1140.6,1477.44,2784.4,7448.61,12943,17930.8,22111.2,24046,25829.9,29291.6,31528.1,27860.9,23337.4,21770.6,20997.6,19974.6,19182.7,19442.3,19265.1,16525.5,13012.1,9412.31,6403.71,5495.77,4829.33,2908.72,1136.57,1141.64,1468.29,1124.76,809.132,1267.86,1748.85,1533.03,1340.7,1930.73,2703.17,3319.21,3931.69,4695.72,5572.75,6680.83,7597.03,7623.29,7499.87,7740.92,7679.55,6210.39,4635.94,4106.08
PN_TUG_DC,2021-10-09,327,False,5,1960.61,4532.54,9250.63,14510,19505,24554.8,30089.2,36372.4,44706.8,51708.4,52054,50259.2,47736.9,44779.4,41006.5,37346,34886.5,32892.4,31293.1,29598.8,27198.2,24908.2,23705.4,22674.6,21150.1,19683.3,18918.1,18403.8,18051.7,17770,17581.3,17674.5,18640.5,19508.9,19166.6,18419.5,17495.1,16654.9,16272.6,15955.7,15408.2,14909.8,14815.6,14861.7,14985.6,15070.9,14948.5,14779.5,14657.3,14536.9
PN_TUG_DC,2021-10-09,328,False,3,254.855,295.099,4822.73,24706.1,47004.6,62275.2,74931.3,85705.8,96270.7,107823,114881,105421,91152.7,76830.8,63340.9,52647.4,42303.7,30414.1,19759.7,14938.1,11873.1,9030.74,6263.16,3585.21,1394.74,799.666,671.28,559.709,441.674,296.421,158.956,75.6908,10.2788,-47.4932,-87.9242,-75.6092,-44.0912,0.89982,43.5758,65.3978,90.2038,146.257,210.887,273.644,331.935,376.793,413.423,435.134,455.854,487.68
PN_TUG_DC,2021-10-09,432,False,2,599.318,528.235,500.977,713.92,930.706,922.636,958.255,1371.25,1889.54,2388.46,2720.32,2500.04,2227.22,2321.9,2402.68,2065.44,1663.36,1459.93,1388.92,1572.24,1775.53,1795.66,1791.52,1888.26,2003.58,2079.95,2108.53,2012.1,1892.98,1819.3,1721,1491.54,1233.61,1009.31,813.765,682.897,569.898,454.875,366.854,374.231,395.316,368.702,342.957,368.494,404.658,425.714,435.36,421.056,398.862,373.52
PN_TUG_DC,2021-10-09,600,False,4,1278.62,1389.05,1632.7,2687.37,3855.97,4601.27,5096.77,5164.84,5354.38,6375.82,7159.53,6292.73,5164.88,4791.34,4610.97,4329.57,3940.95,3293.54,2770.83,2934.43,3202.76,3146.33,3063.8,3220.58,3434.13,3600.61,3694.64,3589.38,3509.96,3714.35,3827.36,3341.09,2740.94,2348.96,2021.07,1700.87,1335.43,811.626,402.023,543.679,783.451,809.652,772.188,732.814,709.369,740.651,762.792,698.758,614.571,547.587
PN_TUG_DC,2021-10-09,1003,False,5,181.294,154.124,229.382,628.423,1077.27,1372.94,1560.22,1530.64,1518.33,1777.24,1948.29,1544.44,1026.16,691.764,498.279,601.042,695.247,466.653,209.933,181.021,219.197,258.568,283.95,261.491,225.229,189.504,168.612,197.519,218.986,165.295,103.138,87.3375,88.0635,98.9075,110.295,113.774,114.472,113.489,109.762,98.1615,83.4375,65.8315,48.9745,37.5545,28.7155,23.6845,33.5745,90.6075,136.142,95.2665
PN_TUG_DC,2021-10-09,1069,False,6,78.5467,65.6867,430.449,2103.59,4139.54,6110.01,7657.89,7829.55,7935.64,9173.06,10023.2,8397.44,6166.13,4338.54,3065.46,3281.77,3767.07,3695.39,3474.21,3304.88,3169.35,3095.73,3085.83,3234.26,3419.68,3573.51,3658.44,3539.38,3410.4,3447.28,3389.53,2838.24,2169.62,1592.79,1132.47,977.559,844.521,484.715,154.446,154.941,242.995,300.268,317.497,230.233,137.385,129.462,144.431,152.493,146.947,102.514
PN_TUG_DC,2021-10-09,1215,False,3,2262.77,2766.88,3302.2,4167.64,4963.49,5185.67,5175.37,4945.1,4924.77,5834.37,6575.63,5809.36,4818.32,4563.05,4435.62,4000.48,3376.63,2417.66,1500.29,1060.25,792.121,638.748,547.686,561.75,654.299,911.947,1151.77,1166.44,1145.5,1227.15,1307.22,1277.2,1196.97,1056.43,989.514,1235.42,1535.81,1711.03,1845.8,1968.82,2110.42,2325.51,2502.34,2474.13,2413.83,2448.12,2504.09,2538.54,2554.34,2528.37
PN_TUG_DC,2021-10-09,1263,False,3,735.657,861.959,992.153,1111.24,1263.09,1538.65,1821.91,2007.56,2149.27,2237.19,2286.8,2256.95,2194.3,2097.14,1977.66,1815.2,1648.71,1511.73,1412.07,1411.23,1431.35,1425.51,1423.99,1464.41,1531.62,1648.7,1761.47,1809.98,1845.8,1902.1,1950.62,1951.7,1952.34,1998.64,2039.71,2016.54,1968.27,1898.19,1835.63,1820.23,1814.27,1793.71,1772.71,1765.21,1765.43,1778.66,1793.72,1801.85,1794.26,1739.47
PN_TUG_DC,2021-10-09,1433,False,2,380.979,598.063,1522.7,3896.73,10542.9,17390.1,20654.6,22468.5,22896,23308.9,24990,25358.5,19946.7,14075.8,12410.1,12015.4,11757.7,11321.4,10159,8679.64,6832.92,4910.65,3099.12,1703.72,1626.22,1695.34,959.71,228.42,323.883,560.853,454.755,282.373,229.987,206.155,158.558,109.671,81.4223,76.9743,133.657,198.051,228.371,259.845,329.08,379.691,328.096,251.552,192.313,177.896,299.47,430.138
PN_TUG_DC,2021-10-09,1694,False,5,1068.45,1171.32,1496.13,1872.57,2205.13,2523.81,2841.02,3194.67,3672.49,4073.27,4083.59,3970.78,3823.99,3664.94,3494.76,3324.54,3165.52,3027.77,2952.87,2921.89,2979.28,3038.5,3015.61,2947.79,2808.05,2669.23,2604.51,2545.29,2430.85,2317.7,2264.86,2235.96,2228.55,2210.55,2134.99,2045.85,1967.87,1907.03,1893.51,1883.07,1836.2,1785.84,1760.49,1753.39,1783.42,1799.28,1729.22,1634.78,1542.42,1456.91
PN_TUG_DC,2021-10-09,1714,False,4,3488.73,4081.25,5086.8,6332.24,7979.11,9405.58,9675.02,9711.6,10101.3,10494.1,10536.3,10483.3,10450.7,10243.3,9409.78,8405.93,7440.93,6518.46,5699.26,4901.04,4074.93,3343.14,2967.91,2782.94,2897.24,3055.65,3070.08,3058.73,3103.72,3133.84,3054.69,2919.72,2701.93,2472.6,2285.25,2103.65,1899.52,1695.39,1513.8,1326.58,1098.16,894.643,818.313,769.577,689.113,617.583,609.913,634.979,708.702,784.233
PN_TUG_DC,2021-10-09,2255,False,8,551.984,612.09,767.672,934.805,1045.77,1116.28,1104.44,1091.01,1153.55,1220.15,1224.12,1206.69,1178.65,1151.63,1137.59,1100.47,970.91,827.917,731.175,652.532,589.826,545.673,550.141,574.458,618.58,659.007,667.027,658.104,623.267,583.262,551.417,535.271,564.917,604.866,634.722,663.732,700.1,732.728,744.945,748.614,743.355,740.899,756.699,769.549,754.168,741.545,766.715,799.109,818.097,819.007
PN_TUG_DC,2021-10-09,2293,False,4,520.146,801.993,1137.24,1562.59,2026.74,2534.62,3021.91,3394.99,3732.56,4059.9,4298.81,4242.62,4134.44,4139.99,4107.99,3829.9,3459.46,3017.17,2560.59,2124.11,1670.13,1136.8,647.265,389.196,226.605,161.889,131.865,125.396,123.138,112.81,109.845,140.543,180.872,220.754,261.195,304.321,350.691,405.473,458.593,497.58,532.322,566.815,610.115,683.705,755.455,790.417,809.03,808.179,801.481,793.796
PN_TUG_DC,2021-10-09,2361,False,4,1856.33,2578.3,3312.02,4075.73,4929.61,5707.72,6134.05,6455.42,6764.8,6994.76,6956.05,6686.61,5890.14,4992.83,4270.66,3534.72,2574.3,1630.2,971.327,518.166,487.945,553.099,527.023,483.696,475.035,475.291,470.485,443.612,346.09,237.866,163.652,113.747,113.486,136.202,188.966,253.815,330.513,402.569,446.783,475.937,480.565,460.356,379.16,298.644,280.895,265.548,195.543,119.489,77.7434,49.3674
PN_TUG_DC,2021-10-09,2369,False,1,208.038,146.386,85.0749,60.4399,53.9459,76.0319,220.734,759.477,1367.84,1819.68,2099.97,1949.39,1763.67,1882.95,1957.42,1571.23,1139.78,1015.63,1011.58,1110.73,1204.58,1179.58,1139.58,1167.37,1216.28,1268.89,1296.97,1237.13,1150.99,1062.05,975.713,900.573,830.078,764.85,718.814,733.826,764.789,789.889,815.419,848.607,878.507,889.104,884.244,845.463,800.974,770.636,747.732,736.161,729.969,730.998
PN_TUG_DC,2021-10-10,0,False,4,338.566,304.793,1244.3,5578.44,11378.5,18825.4,25900.2,30052.6,32774.6,33487,33479.2,32927.7,30405.6,21644.1,12550.9,8557.37,6460.65,5760.61,5082.93,3134.14,1258.65,916.594,995.042,984.544,1004.73,1230.4,1491.85,1670.94,1836.25,2036.55,2197.45,2184.91,2051.57,1675.91,1275.63,1032,855.787,753.744,660.397,525.296,427.333,499.614,609.356,677.768,727.807,757.56,805.803,938.154,1105.61,1309.65
PN_TUG_DC,2021-10-10,46,False,8,801.31,743.263,658.864,744.572,886.957,1052.16,1186.64,1194.13,1194.78,1297.64,1378.23,1278.82,1126.97,975.482,853.344,830.702,829.819,804.711,776.894,764.446,747.631,700.426,654.123,641.559,643.758,662.747,677.206,659.925,651.281,703.514,740.97,666.083,550.54,408.267,294.207,303.122,332.708,310.898,289.089,319.345,356.08,362.603,354.648,327.249,292.992,254.443,221.367,211.659,221.284,274.01
PN_TUG_DC,2021-10-10,90,False,3,326.706,390.121,496.05,729.308,951.603,1008.76,1014.62,1010.56,1050.18,1247.09,1396.2,1224.66,1031.18,1082.71,1166.26,1112.7,1004.67,848.033,701.382,636.504,582.971,487.635,425.462,518.728,597.335,470.572,324.067,316.264,364.601,465.517,537.079,456.775,375.428,442.355,538.026,582.978,588.479,510.38,442.458,492.374,555.494,545.582,506.55,441.408,391.759,420.586,447.932,392.173,338.899,377.837
PN_TUG_DC,2021-10-10,91,False,5,1160.07,904.747,763.386,1528.06,2512.56,3340.83,3897.52,3683.09,3407.87,3687.75,3934.26,3506.54,2950.14,2629.41,2450.43,2520.76,2678.65,2889.45,3038.49,2922.08,2688.73,2318.91,1972.49,1840.46,1730.24,1480.49,1206.78,992.111,822.074,746.458,712.161,726.64,757.366,795.806,824.009,809.279,773.57,708.673,646.596,623.132,610.938,599.058,595.72,621.595,645.802,635.385,628.918,670.636,714.622,717.762
PN_TUG_DC,2021-10-10,113,False,2,2687.87,2906.29,3042.3,2968.38,2868.56,2889.33,2968.91,3130.06,3337.41,3620.61,3802.94,3562.42,3229.34,2998.9,2754.06,2353.87,1911.12,1479.52,1132.88,1066.98,1068.13,1020.39,965.624,937.471,915.986,890.982,882.406,933.87,986.058,981.078,975.162,1023.54,1084.85,1135.46,1157.28,1091.28,1019.43,1015.26,1034.91,1068.34,1097.29,1097.8,1101.16,1142.49,1177.6,1153.34,1122.8,1130.47,1160.65,1230.04
PN_TUG_DC,2021-10-10,121,False,5,387.228,314.059,72.2895,115.047,1307.11,2755.36,3932.22,4802.28,4894.87,4857.89,5141.14,5207.89,4202.96,2961.98,1983.78,1244.04,1057.04,1020.54,953.037,876.113,802.08,747.013,753.938,764.438,725.177,665.993,588.896,534.159,573.992,633.008,663.45,680.272,679.205,668.562,642.114,594.805,491.391,382.271,309.508,250.312,201.655,174.09,209.26,269.045,350.857,425.67,454.822,474.054,504.597,528.806
PN_TUG_DC,2021-10-10,143,False,2,276.702,303.366,418.059,820.819,1275.62,1623.36,1985.45,2504.95,3017.58,3345.04,3488.26,3182.92,2805.47,2624.2,2421.26,1946.13,1475.3,1293.18,1203.15,1140.4,1080.44,1004.65,913.027,782.98,649.908,545.308,473.299,484.662,502.71,461.526,436.772,527.396,603.718,515.04,386.329,286,226.154,275.528,316.171,218.341,107.925,93.3259,107.616,124.361,121.757,51.2469,-12.2481,16.5729,78.7989,163.52
PN_TUG_DC,2021-10-10,188,False,7,6060.74,7819.84,10136.8,13156.5,16835.5,22109.6,28326.1,36201.4,44350.9,51715.4,55459,47523.9,37405.3,31414.4,26476.5,20963,15269.9,9593.41,5139.65,4874.65,5290.13,3877.11,2325.91,2154.4,2311.54,2212.44,2111.28,2269.87,2524.33,2846.63,3121,3164.12,3147.56,3154.78,3095.51,2780.99,2384.18,1960.03,1586.14,1410.81,1272.68,1065.18,872.839,803.43,759.076,678.258,604.406,591.705,586.134,544.306
PN_TUG_DC,2021-10-10,189,False,4,146.15,184.964,259.987,401.731,537.423,587.048,657.133,884.055,1141.72,1346.8,1483.28,1437.21,1361.04,1362.16,1349,1208.47,1052.05,968.616,902.565,822.777,744.942,688.288,644.413,623.184,600.37,549.742,497.189,465.884,437.843,399.953,372.303,389.734,408.436,386.576,360.765,362.158,369.801,371.397,365.755,341.374,312.389,286.296,265.185,258.045,246.511,206.19,170.899,181.946,209.577,247.643
PN_TUG_DC,2021-10-10,191,False,8,394.838,458.017,521.154,660.784,812.63,929.192,1018.76,1051.39,1085.82,1182.31,1264.76,1236.25,1174.93,1111.52,1039.85,940.898,830.31,707.037,587.973,495.769,405.021,292.964,199.027,189.079,199.841,198.208,201.893,236.842,276.499,300.812,310.931,287.872,266.164,281.823,293.842,255.947,214.141,209.199,222.436,260.985,297.008,299.5,301.698,336.496,376.991,403.85,408.082,348.259,278.624,239.046
PN_TUG_DC,2021-10-10,207,False,8,784.981,582.281,457.625,982.019,1666.98,2250.37,2630.38,2419.4,2241.69,2761.95,3201.39,2661.1,1901.72,1373.53,1036.01,1116.43,1225.32,1018.55,807.987,901.669,1031.09,977.733,883.513,833.549,811.162,837.875,856.851,800.506,728.908,680.222,634.886,577.604,514.679,444.7,385.593,371.163,376.213,403.609,429.286,426.606,399.792,321.609,367.341,886.675,1322.73,1000.03,569.328,527.748,598.31,657.987
PN_TUG_DC,2021-10-10,221,False,5,2599.45,10932.9,22098.5,36839,53832.9,74926.2,91064.1,86161.8,81067.9,96124.7,106783,82025.7,50043.7,28768.2,14374.6,12743.6,13123.2,7798.53,2184.34,1359.69,1662.98,1034.07,278.987,56.749,48.859,240.164,438.448,465.895,457.248,496.26,552.019,615.295,624.158,439.554,263.646,310.089,373.119,270.771,163.707,206.695,267.127,237.919,237.48,427.795,699.832,1060.28,1349.43,1306.43,1212.57,1274.07
PN_TUG_DC,2021-10-10,233,False,6,178.757,-24.4109,-131.02,221.694,683.232,1059.4,1371.04,1549.63,1733.96,2067.42,2316.62,2125.25,1824.66,1589.65,1420.16,1407.68,1421,1368.07,1343.15,1482.32,1668.15,1849.75,1997.79,2035.4,2043.83,2060.9,2039.33,1875.19,1681.61,1529.66,1419.68,1412.13,1441.26,1494.64,1541.79,1543.98,1535.32,1534.49,1540.77,1563.57,1594.69,1638.66,1709.32,1858.92,2012.4,2100.05,2150.79,2140.64,2117.68,2110.44
PN_TUG_DC,2021-10-10,236,False,5,93.729,-775.289,-1170.58,727.218,3129.06,4974.19,6669.86,8428.39,10435,13212,15430.2,14953.3,13875.3,13420.6,13098.2,12590.1,12045.8,11569.9,11226.1,11266.8,11352.4,11210.9,11062.6,11120.5,11235.3,11334,11243.3,10518.4,9719.96,9297.8,8826.97,7807.61,6643.95,5536.62,4581.46,4089.42,3644.92,2906.51,2265.05,2254.72,2389.61,2393.86,2404.68,2572.47,2749.23,2799.63,2836.92,2955.72,3067.93,3075.25
PN_TUG_DC,2021-10-10,246,False,5,139.727,122.84,163.355,406.815,699.744,960.387,1205.05,1428.21,1643.04,1848.78,1989.69,1915.28,1765.8,1572.53,1375.8,1209.24,1047.6,872.834,708.402,593.292,504.17,455.421,419.667,388.899,364.243,356.128,357.817,376.642,391.732,377.207,366.106,396.453,434.258,455.718,454.777,393.569,332.856,333.734,342.095,314.491,285.117,286.147,299.956,326.993,348.103,335.779,315.427,300.818,285.817,263.735
PN_TUG_DC,2021-10-10,291,False,7,3475.36,3634.56,3959.69,6194.8,8813.5,10846.8,13087.5,16640.5,20445.5,23778.4,25939.5,24532.9,22000.9,19152.4,16464.5,14623,13048.8,11550.1,10089.4,8690.24,7289.76,5826.7,4466.23,3522.04,2658.17,1661.04,867.968,913.254,1095.52,913.098,687.768,684.617,731.98,728.594,696.481,618.16,551.927,573.209,617.635,654.216,691.101,737.581,789.33,849.089,889.743,857.104,828.136,885.021,959.71,1009.83
PN_TUG_DC,2021-10-10,292,False,6,56.7223,113.272,362.694,794.405,1659.75,2544.07,3060.89,3440.18,3714.19,3920.83,3992.53,3830.1,2995.32,2046.2,1377.08,928.316,954.169,1055.09,944.039,824.9,892.363,980.994,954.66,898.253,854.005,801.311,706.574,604.909,521.695,453.723,419.687,397.613,383.069,371.247,361.857,365.855,413.426,462.235,471.728,468.228,459.581,453.383,459.824,442.699,332.237,224.063,217.008,231.196,217.39,212.708
PN_TUG_DC,2021-10-10,305,False,7,316.527,317.953,334.622,439.554,551.863,601.264,638.113,695.351,766.378,863.028,920.934,820.252,701.078,676.362,661.399,584.433,486.349,378.729,296.652,311.52,340.131,319.427,293.59,299.799,305.482,277.007,241.015,213.53,191.557,179.693,163.905,125.001,98.7311,139.073,190.484,213,213.256,166.723,135.304,202.269,282.11,307.704,317.511,327.964,346.966,393.765,420.972,353.11,272.733,244.304
PN_TUG_DC,2021-10-10,359,False,6,599.867,521.531,576.561,1203.99,1912.91,2329.95,2656.4,2966.88,3309.2,3769.29,4022.25,3445.1,2753.51,2496.62,2326.41,2015.08,1669.02,1348.55,1084.09,985.652,904.741,719.953,562.191,601.787,656.401,565.641,467.671,491.177,532.799,514.273,470.993,403.955,357.81,407.07,481.221,545.901,613.347,699.738,760.853,715.846,647.548,604.767,557.338,467.949,381.317,346.937,351.034,434.857,517.552,517.386
PN_TUG_DC,2021-10-10,360,False,8,6448.12,8297.42,9632.32,10277.2,11263.1,14078.1,16204.7,14152.4,12188.9,14690.4,17137.5,14899.5,11220,7298.56,4074.43,3458.03,3264.63,1932.57,653.367,709.798,976.404,627.843,217.463,217.733,308.518,296.969,264.1,262.962,271.944,283.604,304.593,354.916,396.09,376.433,342.28,319.659,322.857,402.308,466.191,400.77,322.809,331.22,357.898,359.589,323.338,182.915,62.4776,114.017,174.302,93.1086
PN_TUG_DC,2021-10-10,558,False,1,412.369,715.184,1087.05,1521.9,1939.03,2233.2,2491.72,2749.52,2965.95,3039.09,3059.43,3040.46,2997.45,2909.13,2784.26,2577.6,2324.38,1991.41,1620.44,1198.41,802.125,545.578,344.26,194.451,94.1152,114.254,173.35,246.619,313.406,344.774,376.871,446.442,504.628,486.022,455.383,460.508,486.319,546.759,597.279,579.336,548.092,539.639,538.632,539.867,534.321,503.329,467.103,438.363,415.938,407.724
PN_TUG_DC,2021-10-10,588,False,3,657.326,633.76,632.14,662.042,779.018,916.962,1040.03,1143.33,1193.69,1220.19,1216.52,1180.26,1061.26,916.886,767.924,638.596,581.097,545.774,515.342,492.509,491.67,502.331,530.432,551.174,529.19,493.531,453.465,410.96,364.012,311.364,243.585,177.09,130.109,88.03,43.469,6.47004,-1.77696,-1.27596,0.60204,0.02604,-9.86496,-9.29996,36.547,89.409,121.185,148.197,180.127,211.668,236.574,250.82
PN_TUG_DC,2021-10-10,744,False,5,317.519,212.946,168.886,439.564,770.048,990.538,1137.46,1144.07,1170.79,1403.84,1591.58,1415.94,1154.08,960.704,842.008,908.851,978.559,874.033,754.498,758.572,793.602,810.405,811.323,776.677,738.435,722.347,678.612,517.693,350.972,281.236,226.699,127.231,31.195,-6.86098,-8.60198,55.961,107.219,47.311,-18.113,9.02902,62.291,111.994,144.704,123.27,98.71,117.18,136.897,117.252,76.321,2.31102
PN_TUG_DC,2021-10-10,796,False,5,983.575,1098.5,1307.31,1556.24,1849.3,2147.22,2419.3,2716.06,3121.56,3452.11,3415.09,3279.48,3171.63,3065.65,2935.27,2782.08,2575.56,2388.52,2322.21,2301.61,2317.45,2329.01,2290.79,2261.97,2315.35,2382.18,2412.67,2421.47,2392.3,2351.94,2310.57,2267.93,2221.18,2154.1,2021.29,1887.28,1814.13,1733.95,1568.05,1372.8,1163.42,992.31,966.72,976.073,960.732,947.638,968.136,1001.92,1047.55,1086.88
PN_TUG_DC,2021-10-10,809,False,7,8.53534,-159.191,-266.717,-11.8747,322.559,568.106,775.959,946.316,1152.6,1516.6,1797.8,1636.3,1393.11,1311.06,1250.58,1100.95,951.18,891.458,863.297,853.631,856.649,885.367,910.87,899.368,863.901,782.987,694.232,623.424,551.701,459.155,385,395.106,421.078,417.413,404.044,387.432,370.809,357.453,356.214,393.265,430.607,430.789,424.214,431.448,431.1,390.745,349,342.921,361.471,428.455
PN_TUG_DC,2021-10-10,830,False,4,782.741,867.082,986.187,1203.53,1423.11,1552.34,1657.74,1771.6,1877.58,1946.43,1971.15,1880.89,1765.11,1675.98,1596.06,1520.83,1460.76,1448.37,1441.84,1408.24,1379.68,1395.83,1420.71,1430.61,1428.91,1402.3,1365.12,1316.76,1287.91,1337.1,1394.43,1401.51,1384.25,1332.93,1236.73,1018.69,743.626,394.641,81.3045,-35.5315,-81.5205,-78.3215,0.29646,288.757,523.343,364.091,159.41,192.697,275.95,289.925
PN_TUG_DC,2021-10-10,872,False,4,399.004,417.84,437.659,558.654,706.541,844.669,949.953,952.872,949.121,1023.5,1075.59,972.368,845.497,792.554,751.302,674.999,573.607,421.799,280.742,226.903,195.463,154.272,128.998,169.248,235.382,325.138,414.809,480.534,519.247,488.739,436.539,378.869,335.752,347.727,370.016,372.605,361.64,324.143,286.305,273.676,268.335,262.547,247.852,203.915,187.009,291.925,401.336,403.97,364.618,288.552
PN_TUG_DC,2021-10-10,955,False,6,407.62,429.315,451.167,497.519,627.674,758.564,808.365,841.521,898.701,955.545,985.388,958.447,763.427,553.893,462.255,410.59,377.73,344.837,294.607,268.285,341.676,431.27,476.786,501.61,499.725,488.404,470.964,455.491,452.656,450.459,437.638,415.824,373.823,332.14,311.342,283.825,212.182,132.075,67.2076,14.7226,-10.5174,-26.1094,-35.2864,-33.4444,0.21464,42.4626,82.4036,113.595,117.174,115.394
PN_TUG_DC,2021-10-10,1163,False,7,391.661,295.271,170.636,121.527,360.258,660.676,885.292,1055.27,1114.76,1155.38,1238.62,1249.09,965.687,634.568,434.094,323.406,389.393,480.907,484.971,467.258,462.786,451.316,401.934,347.241,312.328,287.554,278.009,283.649,325.921,349.543,272.479,175.947,113.297,67.2551,43.9101,25.0861,0.04806,-2.35494,79.3901,169.423,204.096,231.01,286.807,339.356,351.586,359.7,394.147,437.252,483.151,510.45
PN_TUG_DC,2021-10-10,1228,False,6,439.182,448.93,583.723,1270.26,2034.9,2514.53,2824.83,2842.01,2880.74,3278.71,3532.64,2930.39,2182.51,1791.69,1555.26,1486.66,1381.87,989.655,622.964,632.22,716.891,684.293,629.465,617.794,615.719,602.656,581.883,545.725,502.572,450.443,390.738,314.188,250.939,250.185,258.643,236.063,194.957,122.019,66.4968,102.251,145.397,122.963,97.2148,126.042,161.848,166.48,152.83,107.862,63.8678,54.0858
PN_TUG_DC,2021-10-10,1237,False,6,3104.33,3596.68,3794.2,3940.87,4206.17,4476.84,4645.76,4805,5032.04,5223.72,5224.96,5180.47,5167.66,5112.09,4875.71,4584.16,4283.8,4008.09,3824.89,3664.37,3490.01,3329.02,3228.73,3147.64,3072.08,3000.66,2938.87,2896.28,2910.42,2938.81,2959.43,2963.83,2920.51,2867.87,2830.61,2793.88,2743.31,2690.52,2644.87,2634.92,2739.64,2819.78,2700.27,2515.91,2308.49,2111.68,1972.16,1810.53,1516.82,1253.01
PN_TUG_DC,2021-10-10,1465,False,4,531.003,529.347,545.797,539.431,523.082,496.89,515.924,700.379,915.141,1068.21,1168.19,1147.89,1099.34,1072.58,1031.59,918.819,786.166,657.57,560.353,566.973,605.404,650.008,700.618,765.942,811.42,774.323,738.832,791.044,847.802,831.884,791.795,741.965,706.317,729.188,782.242,880.441,971.285,992.36,1007.26,1070.99,1151.6,1240.46,1303.74,1271.11,1221.98,1211.85,1214.64,1222.52,1236.25,1264.97
PN_TUG_DC,2021-10-10,1500,False,7,1476.2,1922.19,2237.11,2568.08,3087.04,3648.85,4166.65,4549.82,4515.08,4426.16,4564.1,4624.23,4186.95,3652.84,3283.22,2955.37,2603.74,2246.41,1895.82,1606.15,1518.84,1446.31,1224.36,1031.69,1090.31,1191.74,1188.62,1154.16,1118.68,1115.4,1222.25,1307.06,1205.92,1062.03,958.07,896.776,940.685,979.29,895.39,804.394,812.317,855.651,920.83,966.405,923.624,873.974,889.04,920.017,940.438,951.549
PN_TUG_DC,2021-10-10,1542,False,6,889.46,804.194,746.656,883.231,1042.22,1083.39,1074.59,1014.29,1012.48,1260.62,1471.57,1305.39,1092.29,1095.28,1127.05,1037.96,855.21,474.026,138.127,155.576,251.562,264.292,263.772,302.622,325.592,253.85,159.647,83.1943,24.9523,11.0433,4.93034,-18.1167,-32.5667,0.01934,49.9033,112.05,165,174.452,178.794,209.377,259.715,350.872,419.593,370.835,313.201,342.313,382.031,370.816,346.114,326.435
PN_TUG_DC,2021-10-10,1842,False,-1,1454.67,1338.11,1288.55,1458.16,1644.19,1668.44,1669.33,1753.19,1872.97,2030.62,2118.67,1930.16,1706.1,1636.38,1625.27,1659.9,1694.87,1686.65,1676.85,1704.76,1731.89,1717.61,1665.53,1525.26,1388.08,1348.79,1312.15,1186.83,1063.9,1039.21,1067.61,1179.47,1278,1247.86,1188.21,1156.18,1141.92,1160.69,1195.26,1251.33,1302.05,1313.89,1347.57,1494.8,1640.53,1667.03,1653.1,1619.86,1595.45,1619.05
PN_TUG_DC,2021-10-10,1870,False,4,2171.52,2201.05,2290.23,2520.31,2751.16,2844.44,2905.9,2996.13,3099.08,3215.38,3299.99,3262.11,3192.69,3136.91,3085.06,3031.85,2963.6,2845.53,2740.76,2731.53,2739.96,2712.75,2646.38,2482.05,2326.74,2299.2,2263.36,2070.95,1855.26,1715.78,1562.95,1286.26,956.33,569.718,276.621,361.211,513.049,520.002,522.836,658.954,829.585,983.739,1080.1,994.905,880.196,845.132,838.509,849.216,867.159,893.451
PN_TUG_DC,2021-10-10,1894,False,-2,2841.04,3104.09,3359.56,3802.6,4290.34,4740.08,5048.97,4913.56,4761.44,4990.92,5142.34,4641.34,4027.88,3681.92,3440.99,3289.52,3122.93,2818.63,2555.5,2572.57,2657.42,2694.11,2674.91,2511.91,2268.09,1890.73,1561.03,1527.64,1549.07,1462.78,1352.56,1270.1,1217.35,1238.29,1264.73,1236.57,1185.5,1111.22,1061.43,1118.74,1194.34,1225.65,1237.12,1225.82,1234.32,1333.06,1435.05,1458.4,1477.6,1560.5
PN_TUG_DC,2021-10-10,1952,False,3,3349.23,3754.2,4125.16,4060.76,3858.77,3623.11,3534.05,3981.76,4584.03,5177.19,5531.04,5074.51,4507.2,4367.11,4333.21,4231.32,4042.79,3628.67,3247.62,3205.75,3257.95,3293.99,3315.54,3306.28,3312.18,3400.91,3506.66,3587.57,3639.76,3618.41,3584.76,3581.92,3584.86,3575.72,3534.17,3393.61,3249.1,3191.95,3245.74,3592.9,3956.22,4083.61,4181.08,4412.96,4674.03,4897.63,5024.62,4857.64,4656.69,4632.57
PN_TUG_DC,2021-10-10,1969,False,6,247.937,200.294,201.276,394.241,649.955,929.806,1199.35,1410.96,1622.66,1890.1,2067.46,1877.61,1582.81,1293.79,1032.47,858.416,711.35,570.806,452.103,402.588,358.994,266.833,165.599,82.2766,11.3276,-34.5724,-49.6094,17.2446,116.759,247.082,375.087,464.572,530.86,556.074,581.679,649.191,719.549,757.411,780.66,786.411,793.773,823.159,826.955,720.333,585.999,467.029,372.527,346.458,343.861,354.074
